[0m16:11:15.945219 [debug] [MainThread]: Got an exception trying to initialize tracking


============================== 16:11:15.961766 | c2190627-32bc-4002-8d4a-38bb3fda01d1 ==============================
[0m16:11:15.961766 [info ] [MainThread]: Running with dbt=1.10.13
[0m16:11:15.962400 [debug] [MainThread]: running dbt with arguments {'introspect': 'True', 'use_colors': 'True', 'quiet': 'False', 'cache_selected_only': 'False', 'no_print': 'None', 'static_parser': 'True', 'send_anonymous_usage_stats': 'True', 'fail_fast': 'False', 'warn_error': 'None', 'printer_width': '80', 'indirect_selection': 'eager', 'log_path': '/Users/adrianparsons/Documents/programming/empty-lots/empty.nyc/dbt/empty_lots/logs', 'empty': 'None', 'write_json': 'True', 'target_path': 'None', 'use_experimental_parser': 'False', 'invocation_command': 'dbt debug', 'debug': 'False', 'log_cache_events': 'False', 'profiles_dir': '/Users/adrianparsons/.dbt', 'version_check': 'True', 'log_format': 'default', 'partial_parse': 'True', 'warn_error_options': 'WarnErrorOptionsV2(error=[], warn=[], silence=[])'}
[0m16:11:15.971341 [info ] [MainThread]: dbt version: 1.10.13
[0m16:11:15.971620 [info ] [MainThread]: python version: 3.12.2
[0m16:11:15.971792 [info ] [MainThread]: python path: /Library/Frameworks/Python.framework/Versions/3.12/bin/python3.12
[0m16:11:15.971944 [info ] [MainThread]: os info: macOS-15.7.2-arm64-arm-64bit
[0m16:11:17.672174 [info ] [MainThread]: Using profiles dir at /Users/adrianparsons/.dbt
[0m16:11:17.672568 [info ] [MainThread]: Using profiles.yml file at /Users/adrianparsons/.dbt/profiles.yml
[0m16:11:17.672753 [info ] [MainThread]: Using dbt_project.yml file at /Users/adrianparsons/Documents/programming/empty-lots/empty.nyc/dbt/empty_lots/dbt_project.yml
[0m16:11:17.672923 [info ] [MainThread]: adapter type: bigquery
[0m16:11:17.673083 [info ] [MainThread]: adapter version: 1.10.2
[0m16:11:17.721842 [info ] [MainThread]: Configuration:
[0m16:11:17.722197 [info ] [MainThread]:   profiles.yml file [[32mOK found and valid[0m]
[0m16:11:17.722395 [info ] [MainThread]:   dbt_project.yml file [[32mOK found and valid[0m]
[0m16:11:17.722554 [info ] [MainThread]: Required dependencies:
[0m16:11:17.722778 [debug] [MainThread]: Executing "git --help"
[0m16:11:17.750254 [debug] [MainThread]: STDOUT: "b"usage: git [-v | --version] [-h | --help] [-C <path>] [-c <name>=<value>]\n           [--exec-path[=<path>]] [--html-path] [--man-path] [--info-path]\n           [-p | --paginate | -P | --no-pager] [--no-replace-objects] [--no-lazy-fetch]\n           [--no-optional-locks] [--no-advice] [--bare] [--git-dir=<path>]\n           [--work-tree=<path>] [--namespace=<name>] [--config-env=<name>=<envvar>]\n           <command> [<args>]\n\nThese are common Git commands used in various situations:\n\nstart a working area (see also: git help tutorial)\n   clone      Clone a repository into a new directory\n   init       Create an empty Git repository or reinitialize an existing one\n\nwork on the current change (see also: git help everyday)\n   add        Add file contents to the index\n   mv         Move or rename a file, a directory, or a symlink\n   restore    Restore working tree files\n   rm         Remove files from the working tree and from the index\n\nexamine the history and state (see also: git help revisions)\n   bisect     Use binary search to find the commit that introduced a bug\n   diff       Show changes between commits, commit and working tree, etc\n   grep       Print lines matching a pattern\n   log        Show commit logs\n   show       Show various types of objects\n   status     Show the working tree status\n\ngrow, mark and tweak your common history\n   backfill   Download missing objects in a partial clone\n   branch     List, create, or delete branches\n   commit     Record changes to the repository\n   merge      Join two or more development histories together\n   rebase     Reapply commits on top of another base tip\n   reset      Reset current HEAD to the specified state\n   switch     Switch branches\n   tag        Create, list, delete or verify a tag object signed with GPG\n\ncollaborate (see also: git help workflows)\n   fetch      Download objects and refs from another repository\n   pull       Fetch from and integrate with another repository or a local branch\n   push       Update remote refs along with associated objects\n\n'git help -a' and 'git help -g' list available subcommands and some\nconcept guides. See 'git help <command>' or 'git help <concept>'\nto read about a specific subcommand or concept.\nSee 'git help git' for an overview of the system.\n""
[0m16:11:17.750969 [debug] [MainThread]: STDERR: "b''"
[0m16:11:17.751193 [info ] [MainThread]:  - git [[32mOK found[0m]

[0m16:11:17.751409 [info ] [MainThread]: Connection:
[0m16:11:17.751663 [info ] [MainThread]:   method: service-account
[0m16:11:17.751829 [info ] [MainThread]:   database: empty-lots
[0m16:11:17.751978 [info ] [MainThread]:   execution_project: empty-lots
[0m16:11:17.752122 [info ] [MainThread]:   schema: nyc_empty_lots
[0m16:11:17.752261 [info ] [MainThread]:   location: US
[0m16:11:17.752456 [info ] [MainThread]:   priority: interactive
[0m16:11:17.752596 [info ] [MainThread]:   maximum_bytes_billed: None
[0m16:11:17.752735 [info ] [MainThread]:   impersonate_service_account: None
[0m16:11:17.752870 [info ] [MainThread]:   job_retry_deadline_seconds: None
[0m16:11:17.753001 [info ] [MainThread]:   job_retries: 1
[0m16:11:17.753135 [info ] [MainThread]:   job_creation_timeout_seconds: None
[0m16:11:17.753268 [info ] [MainThread]:   job_execution_timeout_seconds: 300
[0m16:11:17.753396 [info ] [MainThread]:   timeout_seconds: 300
[0m16:11:17.753528 [info ] [MainThread]:   client_id: None
[0m16:11:17.753656 [info ] [MainThread]:   token_uri: None
[0m16:11:17.753786 [info ] [MainThread]:   compute_region: None
[0m16:11:17.753916 [info ] [MainThread]:   dataproc_cluster_name: None
[0m16:11:17.754044 [info ] [MainThread]:   gcs_bucket: None
[0m16:11:17.754173 [info ] [MainThread]:   dataproc_batch: None
[0m16:11:17.754505 [info ] [MainThread]: Registered adapter: bigquery=1.10.2
[0m16:11:17.887696 [debug] [MainThread]: Acquiring new bigquery connection 'debug'
[0m16:11:17.888123 [debug] [MainThread]: On debug: select 1 as id
[0m16:11:17.888323 [debug] [MainThread]: Opening a new connection, currently in state init
[0m16:11:17.888593 [debug] [MainThread]: BigQuery adapter: Got an error when attempting to create a bigquery " "client: 'Extra data: line 1 column 2 (char 1)'
[0m16:11:17.888784 [debug] [MainThread]: BigQuery adapter: Unhandled error while running:
select 1 as id
[0m16:11:17.888933 [debug] [MainThread]: BigQuery adapter: Database Error
  Extra data: line 1 column 2 (char 1)
[0m16:11:17.889099 [info ] [MainThread]:   Connection test: [[31mERROR[0m]

[0m16:11:17.889274 [info ] [MainThread]: [31m1 check failed:[0m
[0m16:11:17.889429 [info ] [MainThread]: dbt was unable to connect to the specified database.
The database returned the following error:

  >'NoneType' object has no attribute 'close'

Check your database credentials and try again. For more information, visit:
https://docs.getdbt.com/docs/configure-your-profile


[0m16:11:17.892113 [debug] [MainThread]: Resource report: {"command_name": "debug", "command_success": false, "command_wall_clock_time": 1.9734281, "process_in_blocks": "0", "process_kernel_time": 0.405152, "process_mem_max_rss": "353058816", "process_out_blocks": "0", "process_user_time": 1.873826}
[0m16:11:17.892690 [debug] [MainThread]: Command `dbt debug` failed at 16:11:17.892619 after 1.97 seconds
[0m16:11:17.892941 [debug] [MainThread]: Flushing usage events
[0m16:16:10.157590 [debug] [MainThread]: Got an exception trying to initialize tracking


============================== 16:16:10.177360 | c5b6cf25-2e9a-4da9-8478-8c05416f81c3 ==============================
[0m16:16:10.177360 [info ] [MainThread]: Running with dbt=1.10.13
[0m16:16:10.178084 [debug] [MainThread]: running dbt with arguments {'send_anonymous_usage_stats': 'True', 'target_path': 'None', 'debug': 'False', 'use_colors': 'True', 'log_cache_events': 'False', 'no_print': 'None', 'warn_error': 'None', 'use_experimental_parser': 'False', 'quiet': 'False', 'invocation_command': 'dbt debug', 'printer_width': '80', 'partial_parse': 'True', 'write_json': 'True', 'cache_selected_only': 'False', 'version_check': 'True', 'introspect': 'True', 'indirect_selection': 'eager', 'empty': 'None', 'fail_fast': 'False', 'profiles_dir': '/Users/adrianparsons/.dbt', 'log_path': '/Users/adrianparsons/Documents/programming/empty-lots/empty.nyc/dbt/empty_lots/logs', 'static_parser': 'True', 'warn_error_options': 'WarnErrorOptionsV2(error=[], warn=[], silence=[])', 'log_format': 'default'}
[0m16:16:10.187785 [info ] [MainThread]: dbt version: 1.10.13
[0m16:16:10.188081 [info ] [MainThread]: python version: 3.12.2
[0m16:16:10.188255 [info ] [MainThread]: python path: /Library/Frameworks/Python.framework/Versions/3.12/bin/python3.12
[0m16:16:10.188412 [info ] [MainThread]: os info: macOS-15.7.2-arm64-arm-64bit
[0m16:16:11.955348 [info ] [MainThread]: Using profiles dir at /Users/adrianparsons/.dbt
[0m16:16:11.955729 [info ] [MainThread]: Using profiles.yml file at /Users/adrianparsons/.dbt/profiles.yml
[0m16:16:11.955918 [info ] [MainThread]: Using dbt_project.yml file at /Users/adrianparsons/Documents/programming/empty-lots/empty.nyc/dbt/empty_lots/dbt_project.yml
[0m16:16:11.956081 [info ] [MainThread]: adapter type: bigquery
[0m16:16:11.956234 [info ] [MainThread]: adapter version: 1.10.2
[0m16:16:12.005000 [info ] [MainThread]: Configuration:
[0m16:16:12.005363 [info ] [MainThread]:   profiles.yml file [[32mOK found and valid[0m]
[0m16:16:12.005550 [info ] [MainThread]:   dbt_project.yml file [[32mOK found and valid[0m]
[0m16:16:12.005709 [info ] [MainThread]: Required dependencies:
[0m16:16:12.005918 [debug] [MainThread]: Executing "git --help"
[0m16:16:12.058815 [debug] [MainThread]: STDOUT: "b"usage: git [-v | --version] [-h | --help] [-C <path>] [-c <name>=<value>]\n           [--exec-path[=<path>]] [--html-path] [--man-path] [--info-path]\n           [-p | --paginate | -P | --no-pager] [--no-replace-objects] [--no-lazy-fetch]\n           [--no-optional-locks] [--no-advice] [--bare] [--git-dir=<path>]\n           [--work-tree=<path>] [--namespace=<name>] [--config-env=<name>=<envvar>]\n           <command> [<args>]\n\nThese are common Git commands used in various situations:\n\nstart a working area (see also: git help tutorial)\n   clone      Clone a repository into a new directory\n   init       Create an empty Git repository or reinitialize an existing one\n\nwork on the current change (see also: git help everyday)\n   add        Add file contents to the index\n   mv         Move or rename a file, a directory, or a symlink\n   restore    Restore working tree files\n   rm         Remove files from the working tree and from the index\n\nexamine the history and state (see also: git help revisions)\n   bisect     Use binary search to find the commit that introduced a bug\n   diff       Show changes between commits, commit and working tree, etc\n   grep       Print lines matching a pattern\n   log        Show commit logs\n   show       Show various types of objects\n   status     Show the working tree status\n\ngrow, mark and tweak your common history\n   backfill   Download missing objects in a partial clone\n   branch     List, create, or delete branches\n   commit     Record changes to the repository\n   merge      Join two or more development histories together\n   rebase     Reapply commits on top of another base tip\n   reset      Reset current HEAD to the specified state\n   switch     Switch branches\n   tag        Create, list, delete or verify a tag object signed with GPG\n\ncollaborate (see also: git help workflows)\n   fetch      Download objects and refs from another repository\n   pull       Fetch from and integrate with another repository or a local branch\n   push       Update remote refs along with associated objects\n\n'git help -a' and 'git help -g' list available subcommands and some\nconcept guides. See 'git help <command>' or 'git help <concept>'\nto read about a specific subcommand or concept.\nSee 'git help git' for an overview of the system.\n""
[0m16:16:12.059407 [debug] [MainThread]: STDERR: "b''"
[0m16:16:12.059603 [info ] [MainThread]:  - git [[32mOK found[0m]

[0m16:16:12.059803 [info ] [MainThread]: Connection:
[0m16:16:12.060014 [info ] [MainThread]:   method: service-account
[0m16:16:12.060178 [info ] [MainThread]:   database: empty-lots
[0m16:16:12.060333 [info ] [MainThread]:   execution_project: empty-lots
[0m16:16:12.060476 [info ] [MainThread]:   schema: nyc_pluto_historical
[0m16:16:12.060614 [info ] [MainThread]:   location: US
[0m16:16:12.060752 [info ] [MainThread]:   priority: interactive
[0m16:16:12.060958 [info ] [MainThread]:   maximum_bytes_billed: None
[0m16:16:12.061202 [info ] [MainThread]:   impersonate_service_account: None
[0m16:16:12.061377 [info ] [MainThread]:   job_retry_deadline_seconds: None
[0m16:16:12.061532 [info ] [MainThread]:   job_retries: 1
[0m16:16:12.061676 [info ] [MainThread]:   job_creation_timeout_seconds: None
[0m16:16:12.061827 [info ] [MainThread]:   job_execution_timeout_seconds: 300
[0m16:16:12.061963 [info ] [MainThread]:   timeout_seconds: 300
[0m16:16:12.062099 [info ] [MainThread]:   client_id: None
[0m16:16:12.062235 [info ] [MainThread]:   token_uri: None
[0m16:16:12.062369 [info ] [MainThread]:   compute_region: None
[0m16:16:12.062500 [info ] [MainThread]:   dataproc_cluster_name: None
[0m16:16:12.062632 [info ] [MainThread]:   gcs_bucket: None
[0m16:16:12.062760 [info ] [MainThread]:   dataproc_batch: None
[0m16:16:12.063116 [info ] [MainThread]: Registered adapter: bigquery=1.10.2
[0m16:16:12.193528 [debug] [MainThread]: Acquiring new bigquery connection 'debug'
[0m16:16:12.194041 [debug] [MainThread]: On debug: select 1 as id
[0m16:16:12.194275 [debug] [MainThread]: Opening a new connection, currently in state init
[0m16:16:12.194561 [debug] [MainThread]: BigQuery adapter: Got an error when attempting to create a bigquery " "client: 'Extra data: line 1 column 2 (char 1)'
[0m16:16:12.194761 [debug] [MainThread]: BigQuery adapter: Unhandled error while running:
select 1 as id
[0m16:16:12.194921 [debug] [MainThread]: BigQuery adapter: Database Error
  Extra data: line 1 column 2 (char 1)
[0m16:16:12.195102 [info ] [MainThread]:   Connection test: [[31mERROR[0m]

[0m16:16:12.195317 [info ] [MainThread]: [31m1 check failed:[0m
[0m16:16:12.195475 [info ] [MainThread]: dbt was unable to connect to the specified database.
The database returned the following error:

  >'NoneType' object has no attribute 'close'

Check your database credentials and try again. For more information, visit:
https://docs.getdbt.com/docs/configure-your-profile


[0m16:16:12.199287 [debug] [MainThread]: Resource report: {"command_name": "debug", "command_success": false, "command_wall_clock_time": 2.0685372, "process_in_blocks": "0", "process_kernel_time": 0.427685, "process_mem_max_rss": "361807872", "process_out_blocks": "0", "process_user_time": 1.86898}
[0m16:16:12.200070 [debug] [MainThread]: Command `dbt debug` failed at 16:16:12.199978 after 2.07 seconds
[0m16:16:12.200355 [debug] [MainThread]: Flushing usage events
[0m16:17:38.473985 [debug] [MainThread]: Got an exception trying to initialize tracking


============================== 16:17:38.494944 | 473c9b98-fbba-4e9f-afd7-0ec162f2a72b ==============================
[0m16:17:38.494944 [info ] [MainThread]: Running with dbt=1.10.13
[0m16:17:38.495573 [debug] [MainThread]: running dbt with arguments {'static_parser': 'True', 'use_colors': 'True', 'empty': 'None', 'invocation_command': 'dbt debug', 'log_format': 'default', 'fail_fast': 'False', 'target_path': 'None', 'use_experimental_parser': 'False', 'log_path': '/Users/adrianparsons/Documents/programming/empty-lots/empty.nyc/dbt/empty_lots/logs', 'debug': 'False', 'indirect_selection': 'eager', 'partial_parse': 'True', 'printer_width': '80', 'introspect': 'True', 'version_check': 'True', 'warn_error_options': 'WarnErrorOptionsV2(error=[], warn=[], silence=[])', 'warn_error': 'None', 'cache_selected_only': 'False', 'profiles_dir': '/Users/adrianparsons/.dbt', 'log_cache_events': 'False', 'no_print': 'None', 'send_anonymous_usage_stats': 'True', 'write_json': 'True', 'quiet': 'False'}
[0m16:17:38.505308 [info ] [MainThread]: dbt version: 1.10.13
[0m16:17:38.505610 [info ] [MainThread]: python version: 3.12.2
[0m16:17:38.505794 [info ] [MainThread]: python path: /Library/Frameworks/Python.framework/Versions/3.12/bin/python3.12
[0m16:17:38.505956 [info ] [MainThread]: os info: macOS-15.7.2-arm64-arm-64bit
[0m16:17:40.231708 [info ] [MainThread]: Using profiles dir at /Users/adrianparsons/.dbt
[0m16:17:40.232096 [info ] [MainThread]: Using profiles.yml file at /Users/adrianparsons/.dbt/profiles.yml
[0m16:17:40.232286 [info ] [MainThread]: Using dbt_project.yml file at /Users/adrianparsons/Documents/programming/empty-lots/empty.nyc/dbt/empty_lots/dbt_project.yml
[0m16:17:40.232455 [info ] [MainThread]: adapter type: bigquery
[0m16:17:40.232603 [info ] [MainThread]: adapter version: 1.10.2
[0m16:17:40.280121 [info ] [MainThread]: Configuration:
[0m16:17:40.280486 [info ] [MainThread]:   profiles.yml file [[32mOK found and valid[0m]
[0m16:17:40.280667 [info ] [MainThread]:   dbt_project.yml file [[32mOK found and valid[0m]
[0m16:17:40.280828 [info ] [MainThread]: Required dependencies:
[0m16:17:40.281035 [debug] [MainThread]: Executing "git --help"
[0m16:17:40.307685 [debug] [MainThread]: STDOUT: "b"usage: git [-v | --version] [-h | --help] [-C <path>] [-c <name>=<value>]\n           [--exec-path[=<path>]] [--html-path] [--man-path] [--info-path]\n           [-p | --paginate | -P | --no-pager] [--no-replace-objects] [--no-lazy-fetch]\n           [--no-optional-locks] [--no-advice] [--bare] [--git-dir=<path>]\n           [--work-tree=<path>] [--namespace=<name>] [--config-env=<name>=<envvar>]\n           <command> [<args>]\n\nThese are common Git commands used in various situations:\n\nstart a working area (see also: git help tutorial)\n   clone      Clone a repository into a new directory\n   init       Create an empty Git repository or reinitialize an existing one\n\nwork on the current change (see also: git help everyday)\n   add        Add file contents to the index\n   mv         Move or rename a file, a directory, or a symlink\n   restore    Restore working tree files\n   rm         Remove files from the working tree and from the index\n\nexamine the history and state (see also: git help revisions)\n   bisect     Use binary search to find the commit that introduced a bug\n   diff       Show changes between commits, commit and working tree, etc\n   grep       Print lines matching a pattern\n   log        Show commit logs\n   show       Show various types of objects\n   status     Show the working tree status\n\ngrow, mark and tweak your common history\n   backfill   Download missing objects in a partial clone\n   branch     List, create, or delete branches\n   commit     Record changes to the repository\n   merge      Join two or more development histories together\n   rebase     Reapply commits on top of another base tip\n   reset      Reset current HEAD to the specified state\n   switch     Switch branches\n   tag        Create, list, delete or verify a tag object signed with GPG\n\ncollaborate (see also: git help workflows)\n   fetch      Download objects and refs from another repository\n   pull       Fetch from and integrate with another repository or a local branch\n   push       Update remote refs along with associated objects\n\n'git help -a' and 'git help -g' list available subcommands and some\nconcept guides. See 'git help <command>' or 'git help <concept>'\nto read about a specific subcommand or concept.\nSee 'git help git' for an overview of the system.\n""
[0m16:17:40.308304 [debug] [MainThread]: STDERR: "b''"
[0m16:17:40.308508 [info ] [MainThread]:  - git [[32mOK found[0m]

[0m16:17:40.308709 [info ] [MainThread]: Connection:
[0m16:17:40.308953 [info ] [MainThread]:   method: service-account
[0m16:17:40.309126 [info ] [MainThread]:   database: empty-lots
[0m16:17:40.309279 [info ] [MainThread]:   execution_project: empty-lots
[0m16:17:40.309424 [info ] [MainThread]:   schema: nyc_pluto_historical
[0m16:17:40.309562 [info ] [MainThread]:   location: US
[0m16:17:40.309699 [info ] [MainThread]:   priority: interactive
[0m16:17:40.309845 [info ] [MainThread]:   maximum_bytes_billed: None
[0m16:17:40.309977 [info ] [MainThread]:   impersonate_service_account: None
[0m16:17:40.310116 [info ] [MainThread]:   job_retry_deadline_seconds: None
[0m16:17:40.310252 [info ] [MainThread]:   job_retries: 1
[0m16:17:40.310384 [info ] [MainThread]:   job_creation_timeout_seconds: None
[0m16:17:40.310522 [info ] [MainThread]:   job_execution_timeout_seconds: 300
[0m16:17:40.310655 [info ] [MainThread]:   timeout_seconds: 300
[0m16:17:40.310792 [info ] [MainThread]:   client_id: None
[0m16:17:40.310922 [info ] [MainThread]:   token_uri: None
[0m16:17:40.311057 [info ] [MainThread]:   compute_region: None
[0m16:17:40.311186 [info ] [MainThread]:   dataproc_cluster_name: None
[0m16:17:40.311316 [info ] [MainThread]:   gcs_bucket: None
[0m16:17:40.311446 [info ] [MainThread]:   dataproc_batch: None
[0m16:17:40.311808 [info ] [MainThread]: Registered adapter: bigquery=1.10.2
[0m16:17:40.441250 [debug] [MainThread]: Acquiring new bigquery connection 'debug'
[0m16:17:40.441682 [debug] [MainThread]: On debug: select 1 as id
[0m16:17:40.441882 [debug] [MainThread]: Opening a new connection, currently in state init
[0m16:17:40.442147 [debug] [MainThread]: BigQuery adapter: Got an error when attempting to create a bigquery " "client: 'Extra data: line 1 column 2 (char 1)'
[0m16:17:40.442334 [debug] [MainThread]: BigQuery adapter: Unhandled error while running:
select 1 as id
[0m16:17:40.442485 [debug] [MainThread]: BigQuery adapter: Database Error
  Extra data: line 1 column 2 (char 1)
[0m16:17:40.442650 [info ] [MainThread]:   Connection test: [[31mERROR[0m]

[0m16:17:40.442825 [info ] [MainThread]: [31m1 check failed:[0m
[0m16:17:40.442979 [info ] [MainThread]: dbt was unable to connect to the specified database.
The database returned the following error:

  >'NoneType' object has no attribute 'close'

Check your database credentials and try again. For more information, visit:
https://docs.getdbt.com/docs/configure-your-profile


[0m16:17:40.445792 [debug] [MainThread]: Resource report: {"command_name": "debug", "command_success": false, "command_wall_clock_time": 1.9991374, "process_in_blocks": "0", "process_kernel_time": 0.421993, "process_mem_max_rss": "362659840", "process_out_blocks": "0", "process_user_time": 1.867675}
[0m16:17:40.446326 [debug] [MainThread]: Command `dbt debug` failed at 16:17:40.446267 after 2.00 seconds
[0m16:17:40.446550 [debug] [MainThread]: Flushing usage events
[0m16:19:27.229116 [debug] [MainThread]: Got an exception trying to initialize tracking


============================== 16:19:27.248153 | b15bffb6-5a20-416f-93b9-0ef41e5cb7f3 ==============================
[0m16:19:27.248153 [info ] [MainThread]: Running with dbt=1.10.13
[0m16:19:27.248833 [debug] [MainThread]: running dbt with arguments {'introspect': 'True', 'static_parser': 'True', 'indirect_selection': 'eager', 'warn_error': 'None', 'use_experimental_parser': 'False', 'no_print': 'None', 'profiles_dir': '/Users/adrianparsons/.dbt', 'debug': 'False', 'empty': 'None', 'cache_selected_only': 'False', 'version_check': 'True', 'log_path': '/Users/adrianparsons/Documents/programming/empty-lots/empty.nyc/dbt/empty_lots/logs', 'send_anonymous_usage_stats': 'True', 'fail_fast': 'False', 'invocation_command': 'dbt debug', 'log_cache_events': 'False', 'write_json': 'True', 'use_colors': 'True', 'printer_width': '80', 'target_path': 'None', 'warn_error_options': 'WarnErrorOptionsV2(error=[], warn=[], silence=[])', 'log_format': 'default', 'quiet': 'False', 'partial_parse': 'True'}
[0m16:19:27.258059 [info ] [MainThread]: dbt version: 1.10.13
[0m16:19:27.258295 [info ] [MainThread]: python version: 3.12.2
[0m16:19:27.258466 [info ] [MainThread]: python path: /Library/Frameworks/Python.framework/Versions/3.12/bin/python3.12
[0m16:19:27.258632 [info ] [MainThread]: os info: macOS-15.7.2-arm64-arm-64bit
[0m16:19:28.998604 [info ] [MainThread]: Using profiles dir at /Users/adrianparsons/.dbt
[0m16:19:28.998994 [info ] [MainThread]: Using profiles.yml file at /Users/adrianparsons/.dbt/profiles.yml
[0m16:19:28.999181 [info ] [MainThread]: Using dbt_project.yml file at /Users/adrianparsons/Documents/programming/empty-lots/empty.nyc/dbt/empty_lots/dbt_project.yml
[0m16:19:28.999351 [info ] [MainThread]: adapter type: bigquery
[0m16:19:28.999500 [info ] [MainThread]: adapter version: 1.10.2
[0m16:19:29.048101 [info ] [MainThread]: Configuration:
[0m16:19:29.048467 [info ] [MainThread]:   profiles.yml file [[32mOK found and valid[0m]
[0m16:19:29.048652 [info ] [MainThread]:   dbt_project.yml file [[32mOK found and valid[0m]
[0m16:19:29.048817 [info ] [MainThread]: Required dependencies:
[0m16:19:29.049027 [debug] [MainThread]: Executing "git --help"
[0m16:19:29.071747 [debug] [MainThread]: STDOUT: "b"usage: git [-v | --version] [-h | --help] [-C <path>] [-c <name>=<value>]\n           [--exec-path[=<path>]] [--html-path] [--man-path] [--info-path]\n           [-p | --paginate | -P | --no-pager] [--no-replace-objects] [--no-lazy-fetch]\n           [--no-optional-locks] [--no-advice] [--bare] [--git-dir=<path>]\n           [--work-tree=<path>] [--namespace=<name>] [--config-env=<name>=<envvar>]\n           <command> [<args>]\n\nThese are common Git commands used in various situations:\n\nstart a working area (see also: git help tutorial)\n   clone      Clone a repository into a new directory\n   init       Create an empty Git repository or reinitialize an existing one\n\nwork on the current change (see also: git help everyday)\n   add        Add file contents to the index\n   mv         Move or rename a file, a directory, or a symlink\n   restore    Restore working tree files\n   rm         Remove files from the working tree and from the index\n\nexamine the history and state (see also: git help revisions)\n   bisect     Use binary search to find the commit that introduced a bug\n   diff       Show changes between commits, commit and working tree, etc\n   grep       Print lines matching a pattern\n   log        Show commit logs\n   show       Show various types of objects\n   status     Show the working tree status\n\ngrow, mark and tweak your common history\n   backfill   Download missing objects in a partial clone\n   branch     List, create, or delete branches\n   commit     Record changes to the repository\n   merge      Join two or more development histories together\n   rebase     Reapply commits on top of another base tip\n   reset      Reset current HEAD to the specified state\n   switch     Switch branches\n   tag        Create, list, delete or verify a tag object signed with GPG\n\ncollaborate (see also: git help workflows)\n   fetch      Download objects and refs from another repository\n   pull       Fetch from and integrate with another repository or a local branch\n   push       Update remote refs along with associated objects\n\n'git help -a' and 'git help -g' list available subcommands and some\nconcept guides. See 'git help <command>' or 'git help <concept>'\nto read about a specific subcommand or concept.\nSee 'git help git' for an overview of the system.\n""
[0m16:19:29.072429 [debug] [MainThread]: STDERR: "b''"
[0m16:19:29.072642 [info ] [MainThread]:  - git [[32mOK found[0m]

[0m16:19:29.072850 [info ] [MainThread]: Connection:
[0m16:19:29.073128 [info ] [MainThread]:   method: service-account
[0m16:19:29.073298 [info ] [MainThread]:   database: empty-lots
[0m16:19:29.073444 [info ] [MainThread]:   execution_project: empty-lots
[0m16:19:29.073592 [info ] [MainThread]:   schema: nyc_pluto_historical
[0m16:19:29.073733 [info ] [MainThread]:   location: US
[0m16:19:29.073874 [info ] [MainThread]:   priority: interactive
[0m16:19:29.074017 [info ] [MainThread]:   maximum_bytes_billed: None
[0m16:19:29.074154 [info ] [MainThread]:   impersonate_service_account: None
[0m16:19:29.074343 [info ] [MainThread]:   job_retry_deadline_seconds: None
[0m16:19:29.074579 [info ] [MainThread]:   job_retries: 1
[0m16:19:29.074753 [info ] [MainThread]:   job_creation_timeout_seconds: None
[0m16:19:29.074926 [info ] [MainThread]:   job_execution_timeout_seconds: 300
[0m16:19:29.075073 [info ] [MainThread]:   timeout_seconds: 300
[0m16:19:29.075214 [info ] [MainThread]:   client_id: None
[0m16:19:29.075354 [info ] [MainThread]:   token_uri: None
[0m16:19:29.075491 [info ] [MainThread]:   compute_region: None
[0m16:19:29.075627 [info ] [MainThread]:   dataproc_cluster_name: None
[0m16:19:29.075762 [info ] [MainThread]:   gcs_bucket: None
[0m16:19:29.075895 [info ] [MainThread]:   dataproc_batch: None
[0m16:19:29.076287 [info ] [MainThread]: Registered adapter: bigquery=1.10.2
[0m16:19:29.211614 [debug] [MainThread]: Acquiring new bigquery connection 'debug'
[0m16:19:29.212019 [debug] [MainThread]: On debug: select 1 as id
[0m16:19:29.212213 [debug] [MainThread]: Opening a new connection, currently in state init
[0m16:19:29.895133 [debug] [MainThread]: BigQuery adapter: https://console.cloud.google.com/bigquery?project=empty-lots&j=bq:US:ab1a8aed-687a-4628-9e8e-89bc61080698&page=queryresults
[0m16:19:30.371636 [info ] [MainThread]:   Connection test: [[32mOK connection ok[0m]

[0m16:19:30.372899 [info ] [MainThread]: [32mAll checks passed![0m
[0m16:19:30.381640 [debug] [MainThread]: Resource report: {"command_name": "debug", "command_success": true, "command_wall_clock_time": 3.177967, "process_in_blocks": "0", "process_kernel_time": 0.464309, "process_mem_max_rss": "364724224", "process_out_blocks": "0", "process_user_time": 1.994419}
[0m16:19:30.384308 [debug] [MainThread]: Command `dbt debug` succeeded at 16:19:30.384099 after 3.18 seconds
[0m16:19:30.384903 [debug] [MainThread]: Connection 'debug' was properly closed.
[0m16:19:30.385468 [debug] [MainThread]: Flushing usage events
[0m16:37:40.435393 [debug] [MainThread]: Got an exception trying to initialize tracking


============================== 16:37:40.459386 | eafb4fab-a2f5-473d-a1c8-30523cc3c16a ==============================
[0m16:37:40.459386 [info ] [MainThread]: Running with dbt=1.10.13
[0m16:37:40.460093 [debug] [MainThread]: running dbt with arguments {'write_json': 'True', 'log_format': 'default', 'profiles_dir': '/Users/adrianparsons/.dbt', 'version_check': 'True', 'invocation_command': 'dbt docs generate', 'log_cache_events': 'False', 'debug': 'False', 'use_colors': 'True', 'no_print': 'None', 'partial_parse': 'True', 'log_path': '/Users/adrianparsons/Documents/programming/empty-lots/empty.nyc/dbt/empty_lots/logs', 'indirect_selection': 'eager', 'warn_error_options': 'WarnErrorOptionsV2(error=[], warn=[], silence=[])', 'cache_selected_only': 'False', 'use_experimental_parser': 'False', 'empty': 'None', 'printer_width': '80', 'warn_error': 'None', 'introspect': 'True', 'fail_fast': 'False', 'target_path': 'None', 'quiet': 'False', 'send_anonymous_usage_stats': 'True', 'static_parser': 'True'}
[0m16:37:42.332082 [info ] [MainThread]: Registered adapter: bigquery=1.10.2
[0m16:37:42.473199 [debug] [MainThread]: checksum: 9f0c81e2574b4ff463f3d16d080df83c6982fc0372c9feeacae0504ac9ea3ffe, vars: {}, profile: , target: , version: 1.10.13
[0m16:37:42.473852 [info ] [MainThread]: Unable to do partial parsing because saved manifest not found. Starting full parse.
[0m16:37:43.012399 [error] [MainThread]: Encountered an error:
Compilation Error
  dbt found two models with the name "my_first_dbt_model".
  
  Since these resources have the same name, dbt will be unable to find the correct resource
  when looking for ref("my_first_dbt_model").
  
  To fix this, change the name of one of these resources:
  - model.empty_lots.my_first_dbt_model (models/example/my_first_dbt_model.sql)
  - model.empty_lots.my_first_dbt_model (models/staging/my_first_dbt_model.sql)
[0m16:37:43.015832 [debug] [MainThread]: Resource report: {"command_name": "generate", "command_success": false, "command_wall_clock_time": 2.6069589, "process_in_blocks": "0", "process_kernel_time": 0.475921, "process_mem_max_rss": "360366080", "process_out_blocks": "0", "process_user_time": 2.426721}
[0m16:37:43.016308 [debug] [MainThread]: Command `dbt docs generate` failed at 16:37:43.016251 after 2.61 seconds
[0m16:37:43.016533 [debug] [MainThread]: Flushing usage events
[0m16:38:04.851644 [debug] [MainThread]: Got an exception trying to initialize tracking


============================== 16:38:04.868395 | 3e10e84b-95fa-4563-8214-8949c9a3eab3 ==============================
[0m16:38:04.868395 [info ] [MainThread]: Running with dbt=1.10.13
[0m16:38:04.869275 [debug] [MainThread]: running dbt with arguments {'fail_fast': 'False', 'debug': 'False', 'write_json': 'True', 'introspect': 'True', 'log_cache_events': 'False', 'log_path': '/Users/adrianparsons/Documents/programming/empty-lots/empty.nyc/dbt/empty_lots/logs', 'printer_width': '80', 'profiles_dir': '/Users/adrianparsons/.dbt', 'version_check': 'True', 'send_anonymous_usage_stats': 'True', 'log_format': 'default', 'warn_error': 'None', 'use_experimental_parser': 'False', 'partial_parse': 'True', 'no_print': 'None', 'quiet': 'False', 'empty': 'None', 'use_colors': 'True', 'invocation_command': 'dbt docs generate', 'static_parser': 'True', 'cache_selected_only': 'False', 'warn_error_options': 'WarnErrorOptionsV2(error=[], warn=[], silence=[])', 'indirect_selection': 'eager', 'target_path': 'None'}
[0m16:38:06.727286 [info ] [MainThread]: Registered adapter: bigquery=1.10.2
[0m16:38:06.874364 [debug] [MainThread]: checksum: 9f0c81e2574b4ff463f3d16d080df83c6982fc0372c9feeacae0504ac9ea3ffe, vars: {}, profile: , target: , version: 1.10.13
[0m16:38:06.874933 [info ] [MainThread]: Unable to do partial parsing because saved manifest not found. Starting full parse.
[0m16:38:07.566085 [info ] [MainThread]: Found 2 models, 4 data tests, 508 macros
[0m16:38:07.567235 [info ] [MainThread]: 
[0m16:38:07.567539 [info ] [MainThread]: Concurrency: 1 threads (target='dev')
[0m16:38:07.567736 [info ] [MainThread]: 
[0m16:38:07.568144 [debug] [MainThread]: Acquiring new bigquery connection 'master'
[0m16:38:07.570179 [debug] [ThreadPool]: Acquiring new bigquery connection 'list_empty-lots_nyc_pluto_historical'
[0m16:38:07.570406 [debug] [ThreadPool]: Opening a new connection, currently in state init
[0m16:38:08.011273 [debug] [MainThread]: Opening a new connection, currently in state init
[0m16:38:08.017861 [debug] [Thread-1 (]: Began running node model.empty_lots.my_first_dbt_model
[0m16:38:08.018812 [debug] [Thread-1 (]: Re-using an available connection from the pool (formerly list_empty-lots_nyc_pluto_historical, now model.empty_lots.my_first_dbt_model)
[0m16:38:08.019496 [debug] [Thread-1 (]: Began compiling node model.empty_lots.my_first_dbt_model
[0m16:38:08.031350 [debug] [Thread-1 (]: Writing injected SQL for node "model.empty_lots.my_first_dbt_model"
[0m16:38:08.033570 [debug] [Thread-1 (]: Began executing node model.empty_lots.my_first_dbt_model
[0m16:38:08.034320 [debug] [Thread-1 (]: Opening a new connection, currently in state closed
[0m16:38:08.039961 [debug] [Thread-1 (]: Finished running node model.empty_lots.my_first_dbt_model
[0m16:38:08.041652 [debug] [Thread-1 (]: Began running node model.empty_lots.my_second_dbt_model
[0m16:38:08.042323 [debug] [Thread-1 (]: Re-using an available connection from the pool (formerly model.empty_lots.my_first_dbt_model, now model.empty_lots.my_second_dbt_model)
[0m16:38:08.043041 [debug] [Thread-1 (]: Began compiling node model.empty_lots.my_second_dbt_model
[0m16:38:08.046626 [debug] [Thread-1 (]: Writing injected SQL for node "model.empty_lots.my_second_dbt_model"
[0m16:38:08.047525 [debug] [Thread-1 (]: Began executing node model.empty_lots.my_second_dbt_model
[0m16:38:08.047965 [debug] [Thread-1 (]: Opening a new connection, currently in state closed
[0m16:38:08.049817 [debug] [Thread-1 (]: Finished running node model.empty_lots.my_second_dbt_model
[0m16:38:08.050276 [debug] [Thread-1 (]: Began running node test.empty_lots.not_null_my_first_dbt_model_id.5fb22c2710
[0m16:38:08.050801 [debug] [Thread-1 (]: Re-using an available connection from the pool (formerly model.empty_lots.my_second_dbt_model, now test.empty_lots.not_null_my_first_dbt_model_id.5fb22c2710)
[0m16:38:08.051170 [debug] [Thread-1 (]: Began compiling node test.empty_lots.not_null_my_first_dbt_model_id.5fb22c2710
[0m16:38:08.061909 [debug] [Thread-1 (]: Writing injected SQL for node "test.empty_lots.not_null_my_first_dbt_model_id.5fb22c2710"
[0m16:38:08.062771 [debug] [Thread-1 (]: Began executing node test.empty_lots.not_null_my_first_dbt_model_id.5fb22c2710
[0m16:38:08.063111 [debug] [Thread-1 (]: Opening a new connection, currently in state closed
[0m16:38:08.064624 [debug] [Thread-1 (]: Finished running node test.empty_lots.not_null_my_first_dbt_model_id.5fb22c2710
[0m16:38:08.064940 [debug] [Thread-1 (]: Began running node test.empty_lots.unique_my_first_dbt_model_id.16e066b321
[0m16:38:08.065322 [debug] [Thread-1 (]: Re-using an available connection from the pool (formerly test.empty_lots.not_null_my_first_dbt_model_id.5fb22c2710, now test.empty_lots.unique_my_first_dbt_model_id.16e066b321)
[0m16:38:08.065736 [debug] [Thread-1 (]: Began compiling node test.empty_lots.unique_my_first_dbt_model_id.16e066b321
[0m16:38:08.070928 [debug] [Thread-1 (]: Writing injected SQL for node "test.empty_lots.unique_my_first_dbt_model_id.16e066b321"
[0m16:38:08.071721 [debug] [Thread-1 (]: Began executing node test.empty_lots.unique_my_first_dbt_model_id.16e066b321
[0m16:38:08.072053 [debug] [Thread-1 (]: Opening a new connection, currently in state closed
[0m16:38:08.073448 [debug] [Thread-1 (]: Finished running node test.empty_lots.unique_my_first_dbt_model_id.16e066b321
[0m16:38:08.073816 [debug] [Thread-1 (]: Began running node test.empty_lots.not_null_my_second_dbt_model_id.151b76d778
[0m16:38:08.074191 [debug] [Thread-1 (]: Re-using an available connection from the pool (formerly test.empty_lots.unique_my_first_dbt_model_id.16e066b321, now test.empty_lots.not_null_my_second_dbt_model_id.151b76d778)
[0m16:38:08.074480 [debug] [Thread-1 (]: Began compiling node test.empty_lots.not_null_my_second_dbt_model_id.151b76d778
[0m16:38:08.077372 [debug] [Thread-1 (]: Writing injected SQL for node "test.empty_lots.not_null_my_second_dbt_model_id.151b76d778"
[0m16:38:08.077848 [debug] [Thread-1 (]: Began executing node test.empty_lots.not_null_my_second_dbt_model_id.151b76d778
[0m16:38:08.078091 [debug] [Thread-1 (]: Opening a new connection, currently in state closed
[0m16:38:08.079237 [debug] [Thread-1 (]: Finished running node test.empty_lots.not_null_my_second_dbt_model_id.151b76d778
[0m16:38:08.079491 [debug] [Thread-1 (]: Began running node test.empty_lots.unique_my_second_dbt_model_id.57a0f8c493
[0m16:38:08.079749 [debug] [Thread-1 (]: Re-using an available connection from the pool (formerly test.empty_lots.not_null_my_second_dbt_model_id.151b76d778, now test.empty_lots.unique_my_second_dbt_model_id.57a0f8c493)
[0m16:38:08.079974 [debug] [Thread-1 (]: Began compiling node test.empty_lots.unique_my_second_dbt_model_id.57a0f8c493
[0m16:38:08.082667 [debug] [Thread-1 (]: Writing injected SQL for node "test.empty_lots.unique_my_second_dbt_model_id.57a0f8c493"
[0m16:38:08.083123 [debug] [Thread-1 (]: Began executing node test.empty_lots.unique_my_second_dbt_model_id.57a0f8c493
[0m16:38:08.083369 [debug] [Thread-1 (]: Opening a new connection, currently in state closed
[0m16:38:08.084408 [debug] [Thread-1 (]: Finished running node test.empty_lots.unique_my_second_dbt_model_id.57a0f8c493
[0m16:38:08.084909 [debug] [MainThread]: Connection 'master' was properly closed.
[0m16:38:08.085122 [debug] [MainThread]: Connection 'test.empty_lots.unique_my_second_dbt_model_id.57a0f8c493' was properly closed.
[0m16:38:08.085804 [debug] [MainThread]: Command end result
[0m16:38:08.127751 [debug] [MainThread]: Wrote artifact WritableManifest to /Users/adrianparsons/Documents/programming/empty-lots/empty.nyc/dbt/empty_lots/target/manifest.json
[0m16:38:08.129439 [debug] [MainThread]: Wrote artifact SemanticManifest to /Users/adrianparsons/Documents/programming/empty-lots/empty.nyc/dbt/empty_lots/target/semantic_manifest.json
[0m16:38:08.132731 [debug] [MainThread]: Wrote artifact RunExecutionResult to /Users/adrianparsons/Documents/programming/empty-lots/empty.nyc/dbt/empty_lots/target/run_results.json
[0m16:38:08.134422 [debug] [MainThread]: Acquiring new bigquery connection 'generate_catalog'
[0m16:38:08.134634 [info ] [MainThread]: Building catalog
[0m16:38:08.137402 [debug] [ThreadPool]: Acquiring new bigquery connection 'empty-lots.information_schema'
[0m16:38:08.147959 [debug] [ThreadPool]: On empty-lots.information_schema: /* {"app": "dbt", "dbt_version": "1.10.13", "profile_name": "empty_lots", "target_name": "dev", "connection_name": "empty-lots.information_schema"} */

    with
                table_shards_stage as (
    select
        tables.project_id as table_catalog,
        tables.dataset_id as table_schema,
        coalesce(REGEXP_EXTRACT(tables.table_id, '^(.+)[0-9]{8}$'), tables.table_id) as table_name,
        tables.table_id as shard_name,
        REGEXP_EXTRACT(tables.table_id, '^.+([0-9]{8})$') as shard_index,
        REGEXP_CONTAINS(tables.table_id, '^.+[0-9]{8}$') and tables.type = 1 as is_date_shard,
        case
            when materialized_views.table_name is not null then 'materialized view'
            when tables.type = 1 then 'table'
            when tables.type = 2 then 'view'
            else 'external'
        end as table_type,
        tables.type = 1 as is_table,
        JSON_VALUE(table_description.option_value) as table_comment,
        tables.size_bytes,
        tables.row_count
    from `empty-lots`.`nyc_pluto_historical`.__TABLES__ tables
    left join `empty-lots`.`nyc_pluto_historical`.INFORMATION_SCHEMA.MATERIALIZED_VIEWS materialized_views
        on materialized_views.table_catalog = tables.project_id
        and materialized_views.table_schema = tables.dataset_id
        and materialized_views.table_name = tables.table_id
    left join `empty-lots`.`nyc_pluto_historical`.INFORMATION_SCHEMA.TABLE_OPTIONS table_description
        on table_description.table_catalog = tables.project_id
        and table_description.table_schema = tables.dataset_id
        and table_description.table_name = tables.table_id
        and table_description.option_name = 'description'
),
                table_shards as (
                    select * from table_shards_stage
                    where ((
                                upper(table_schema) = upper('nyc_pluto_historical')
                            and upper(table_name) = upper('my_second_dbt_model')
                            ) or (
                                upper(table_schema) = upper('nyc_pluto_historical')
                            and upper(table_name) = upper('my_first_dbt_model')
                            ))
                ),
                tables as (
    select distinct
        table_catalog,
        table_schema,
        table_name,
        is_date_shard,
        table_type,
        is_table,
        table_comment
    from table_shards
),
                table_stats as (
    select
        table_catalog,
        table_schema,
        table_name,
        max(shard_name) as latest_shard_name,
        min(shard_index) as shard_min,
        max(shard_index) as shard_max,
        count(shard_index) as shard_count,
        sum(size_bytes) as size_bytes,
        sum(row_count) as row_count
    from table_shards
    group by 1, 2, 3
),

                columns as (
    select
        columns.table_catalog,
        columns.table_schema,
        columns.table_name as shard_name,
        coalesce(paths.field_path, '<unknown>') as column_name,
        -- invent a row number to account for nested fields
        -- BQ does not treat these nested properties as independent fields
        row_number() over (
            partition by
                columns.table_catalog,
                columns.table_schema,
                columns.table_name
            order by
                columns.ordinal_position,
                paths.field_path
        ) as column_index,
        coalesce(paths.data_type, '<unknown>') as column_type,
        paths.description as column_comment,
        case when columns.is_partitioning_column = 'YES' then 1 else 0 end as is_partitioning_column,
        case when columns.is_partitioning_column = 'YES' then paths.field_path end as partition_column,
        case when columns.clustering_ordinal_position is not null then 1 else 0 end as is_clustering_column,
        case when columns.clustering_ordinal_position is not null then paths.field_path end as cluster_column,
        columns.clustering_ordinal_position
    from `empty-lots`.`nyc_pluto_historical`.INFORMATION_SCHEMA.COLUMNS columns
    join `empty-lots`.`nyc_pluto_historical`.INFORMATION_SCHEMA.COLUMN_FIELD_PATHS paths
        on paths.table_catalog = columns.table_catalog
        and paths.table_schema = columns.table_schema
        and paths.table_name = columns.table_name
        and paths.column_name = columns.column_name
    where columns.ordinal_position is not null
),
                column_stats as (
    select
        table_catalog,
        table_schema,
        shard_name,
        max(is_partitioning_column) = 1 as is_partitioned,
        max(partition_column) as partition_column,
        max(is_clustering_column) = 1 as is_clustered,
        array_to_string(
            array_agg(
                cluster_column ignore nulls
                order by clustering_ordinal_position
            ), ', '
        ) as clustering_columns
    from columns
    group by 1, 2, 3
)

            
    select
        tables.table_catalog as table_database,
        tables.table_schema,
        case
            when tables.is_date_shard then concat(tables.table_name, '*')
            else tables.table_name
        end as table_name,
        tables.table_type,
        tables.table_comment,
        -- coalesce column metadata fields to ensure they are non-null for catalog generation
        -- external table columns are not present in COLUMN_FIELD_PATHS
        coalesce(columns.column_name, '<unknown>') as column_name,
        coalesce(columns.column_index, 1) as column_index,
        coalesce(columns.column_type, '<unknown>') as column_type,
        coalesce(columns.column_comment, '') as column_comment,

        'Shard count' as `stats__date_shards__label`,
        table_stats.shard_count as `stats__date_shards__value`,
        'The number of date shards in this table' as `stats__date_shards__description`,
        tables.is_date_shard as `stats__date_shards__include`,

        'Shard (min)' as `stats__date_shard_min__label`,
        table_stats.shard_min as `stats__date_shard_min__value`,
        'The first date shard in this table' as `stats__date_shard_min__description`,
        tables.is_date_shard as `stats__date_shard_min__include`,

        'Shard (max)' as `stats__date_shard_max__label`,
        table_stats.shard_max as `stats__date_shard_max__value`,
        'The last date shard in this table' as `stats__date_shard_max__description`,
        tables.is_date_shard as `stats__date_shard_max__include`,

        '# Rows' as `stats__num_rows__label`,
        table_stats.row_count as `stats__num_rows__value`,
        'Approximate count of rows in this table' as `stats__num_rows__description`,
        tables.is_table as `stats__num_rows__include`,

        'Approximate Size' as `stats__num_bytes__label`,
        table_stats.size_bytes as `stats__num_bytes__value`,
        'Approximate size of table as reported by BigQuery' as `stats__num_bytes__description`,
        tables.is_table as `stats__num_bytes__include`,

        'Partitioned By' as `stats__partitioning_type__label`,
        column_stats.partition_column as `stats__partitioning_type__value`,
        'The partitioning column for this table' as `stats__partitioning_type__description`,
        column_stats.is_partitioned as `stats__partitioning_type__include`,

        'Clustered By' as `stats__clustering_fields__label`,
        column_stats.clustering_columns as `stats__clustering_fields__value`,
        'The clustering columns for this table' as `stats__clustering_fields__description`,
        column_stats.is_clustered as `stats__clustering_fields__include`

    from tables
    join table_stats
        on table_stats.table_catalog = tables.table_catalog
        and table_stats.table_schema = tables.table_schema
        and table_stats.table_name = tables.table_name
    left join column_stats
        on column_stats.table_catalog = tables.table_catalog
        and column_stats.table_schema = tables.table_schema
        and column_stats.shard_name = table_stats.latest_shard_name
    left join columns
        on columns.table_catalog = tables.table_catalog
        and columns.table_schema = tables.table_schema
        and columns.shard_name = table_stats.latest_shard_name

  
[0m16:38:08.150981 [debug] [ThreadPool]: Opening a new connection, currently in state init
[0m16:38:08.670734 [debug] [ThreadPool]: BigQuery adapter: https://console.cloud.google.com/bigquery?project=empty-lots&j=bq:US:656af1da-41dc-4341-8f6a-e958f198ee5c&page=queryresults
[0m16:38:08.672561 [error] [ThreadPool]: BigQuery adapter: https://console.cloud.google.com/bigquery?project=empty-lots&j=bq:US:656af1da-41dc-4341-8f6a-e958f198ee5c&page=queryresults
[0m16:38:08.676116 [debug] [ThreadPool]: BigQuery adapter: Unhandled error while running:
macro get_catalog_relations
[0m16:38:08.677314 [debug] [ThreadPool]: BigQuery adapter: Database Error
  Not found: Dataset empty-lots:nyc_pluto_historical was not found in location US
[0m16:38:08.680784 [warn ] [MainThread]: Encountered an error while generating catalog: Database Error
  Not found: Dataset empty-lots:nyc_pluto_historical was not found in location US
[0m16:38:08.682382 [debug] [MainThread]: Opening a new connection, currently in state init
[0m16:38:08.690163 [debug] [MainThread]: Wrote artifact CatalogArtifact to /Users/adrianparsons/Documents/programming/empty-lots/empty.nyc/dbt/empty_lots/target/catalog.json
[0m16:38:08.718031 [debug] [MainThread]: Wrote artifact WritableManifest to /Users/adrianparsons/Documents/programming/empty-lots/empty.nyc/dbt/empty_lots/target/manifest.json
[0m16:38:08.720650 [debug] [MainThread]: Wrote artifact SemanticManifest to /Users/adrianparsons/Documents/programming/empty-lots/empty.nyc/dbt/empty_lots/target/semantic_manifest.json
[0m16:38:08.721059 [error] [MainThread]: dbt encountered 1 failure while writing the catalog
[0m16:38:08.721656 [info ] [MainThread]: Catalog written to /Users/adrianparsons/Documents/programming/empty-lots/empty.nyc/dbt/empty_lots/target/catalog.json
[0m16:38:08.726684 [debug] [MainThread]: Resource report: {"command_name": "generate", "command_success": false, "command_wall_clock_time": 3.901158, "process_in_blocks": "0", "process_kernel_time": 0.48968, "process_mem_max_rss": "364347392", "process_out_blocks": "0", "process_user_time": 2.94266}
[0m16:38:08.727321 [debug] [MainThread]: Command `dbt docs generate` failed at 16:38:08.727236 after 3.90 seconds
[0m16:38:08.727634 [debug] [MainThread]: Connection 'generate_catalog' was properly closed.
[0m16:38:08.727877 [debug] [MainThread]: Connection 'empty-lots.information_schema' was properly closed.
[0m16:38:08.728147 [debug] [MainThread]: Flushing usage events
[0m16:38:48.293614 [debug] [MainThread]: Got an exception trying to initialize tracking


============================== 16:38:48.315917 | e1c594a0-d9ca-4573-9ddf-980c3f984cb3 ==============================
[0m16:38:48.315917 [info ] [MainThread]: Running with dbt=1.10.13
[0m16:38:48.316580 [debug] [MainThread]: running dbt with arguments {'write_json': 'True', 'indirect_selection': 'eager', 'no_print': 'None', 'cache_selected_only': 'False', 'debug': 'False', 'log_format': 'default', 'log_path': '/Users/adrianparsons/Documents/programming/empty-lots/empty.nyc/dbt/empty_lots/logs', 'warn_error': 'None', 'use_colors': 'True', 'printer_width': '80', 'use_experimental_parser': 'False', 'fail_fast': 'False', 'introspect': 'True', 'empty': 'None', 'version_check': 'True', 'partial_parse': 'True', 'warn_error_options': 'WarnErrorOptionsV2(error=[], warn=[], silence=[])', 'log_cache_events': 'False', 'quiet': 'False', 'profiles_dir': '/Users/adrianparsons/.dbt', 'send_anonymous_usage_stats': 'True', 'invocation_command': 'dbt docs serve', 'static_parser': 'True', 'target_path': 'None'}
[0m16:40:23.199504 [error] [MainThread]: Encountered an error:

[0m16:40:23.223743 [error] [MainThread]: Traceback (most recent call last):
  File "/Library/Frameworks/Python.framework/Versions/3.12/lib/python3.12/site-packages/dbt/cli/requires.py", line 178, in wrapper
    result, success = func(*args, **kwargs)
                      ^^^^^^^^^^^^^^^^^^^^^
  File "/Library/Frameworks/Python.framework/Versions/3.12/lib/python3.12/site-packages/dbt/cli/requires.py", line 128, in wrapper
    return func(*args, **kwargs)
           ^^^^^^^^^^^^^^^^^^^^^
  File "/Library/Frameworks/Python.framework/Versions/3.12/lib/python3.12/site-packages/dbt/cli/requires.py", line 272, in wrapper
    return func(*args, **kwargs)
           ^^^^^^^^^^^^^^^^^^^^^
  File "/Library/Frameworks/Python.framework/Versions/3.12/lib/python3.12/site-packages/dbt/cli/requires.py", line 303, in wrapper
    return func(*args, **kwargs)
           ^^^^^^^^^^^^^^^^^^^^^
  File "/Library/Frameworks/Python.framework/Versions/3.12/lib/python3.12/site-packages/dbt/cli/requires.py", line 350, in wrapper
    return func(*args, **kwargs)
           ^^^^^^^^^^^^^^^^^^^^^
  File "/Library/Frameworks/Python.framework/Versions/3.12/lib/python3.12/site-packages/dbt/cli/main.py", line 307, in docs_serve
    results = task.run()
              ^^^^^^^^^^
  File "/Library/Frameworks/Python.framework/Versions/3.12/lib/python3.12/site-packages/dbt/task/docs/serve.py", line 29, in run
    httpd.serve_forever()
  File "/Library/Frameworks/Python.framework/Versions/3.12/lib/python3.12/socketserver.py", line 235, in serve_forever
    ready = selector.select(poll_interval)
            ^^^^^^^^^^^^^^^^^^^^^^^^^^^^^^
  File "/Library/Frameworks/Python.framework/Versions/3.12/lib/python3.12/selectors.py", line 415, in select
    fd_event_list = self._selector.poll(timeout)
                    ^^^^^^^^^^^^^^^^^^^^^^^^^^^^
KeyboardInterrupt

[0m16:40:23.249790 [debug] [MainThread]: Resource report: {"command_name": "serve", "command_success": false, "command_wall_clock_time": 94.98275, "process_in_blocks": "0", "process_kernel_time": 0.42339, "process_mem_max_rss": "355303424", "process_out_blocks": "0", "process_user_time": 1.868792}
[0m16:40:23.257561 [debug] [MainThread]: Command `dbt docs serve` failed at 16:40:23.257340 after 94.99 seconds
[0m16:40:23.258686 [debug] [MainThread]: Flushing usage events
[0m16:40:48.350353 [debug] [MainThread]: Got an exception trying to initialize tracking


============================== 16:40:48.370212 | ad30995d-31be-4b5d-b94c-26f245ab13dd ==============================
[0m16:40:48.370212 [info ] [MainThread]: Running with dbt=1.10.13
[0m16:40:48.371035 [debug] [MainThread]: running dbt with arguments {'no_print': 'None', 'quiet': 'False', 'indirect_selection': 'eager', 'log_path': '/Users/adrianparsons/Documents/programming/empty-lots/empty.nyc/dbt/empty_lots/logs', 'send_anonymous_usage_stats': 'True', 'use_experimental_parser': 'False', 'log_format': 'default', 'version_check': 'True', 'cache_selected_only': 'False', 'log_cache_events': 'False', 'profiles_dir': '/Users/adrianparsons/.dbt', 'empty': 'None', 'partial_parse': 'True', 'printer_width': '80', 'fail_fast': 'False', 'warn_error': 'None', 'invocation_command': 'dbt docs generate', 'use_colors': 'True', 'static_parser': 'True', 'debug': 'False', 'warn_error_options': 'WarnErrorOptionsV2(error=[], warn=[], silence=[])', 'introspect': 'True', 'target_path': 'None', 'write_json': 'True'}
[0m16:40:50.235752 [info ] [MainThread]: Registered adapter: bigquery=1.10.2
[0m16:40:50.379887 [debug] [MainThread]: checksum: 9f0c81e2574b4ff463f3d16d080df83c6982fc0372c9feeacae0504ac9ea3ffe, vars: {}, profile: , target: , version: 1.10.13
[0m16:40:50.536010 [debug] [MainThread]: Partial parsing enabled: 0 files deleted, 0 files added, 0 files changed.
[0m16:40:50.536324 [debug] [MainThread]: Partial parsing enabled, no changes found, skipping parsing
[0m16:40:50.566475 [info ] [MainThread]: Found 2 models, 4 data tests, 508 macros
[0m16:40:50.567482 [info ] [MainThread]: 
[0m16:40:50.567728 [info ] [MainThread]: Concurrency: 1 threads (target='dev')
[0m16:40:50.567906 [info ] [MainThread]: 
[0m16:40:50.568283 [debug] [MainThread]: Acquiring new bigquery connection 'master'
[0m16:40:50.570533 [debug] [ThreadPool]: Acquiring new bigquery connection 'list_empty-lots_nyc_pluto_historical'
[0m16:40:50.570785 [debug] [ThreadPool]: Opening a new connection, currently in state init
[0m16:40:51.032951 [debug] [MainThread]: Opening a new connection, currently in state init
[0m16:40:51.038734 [debug] [Thread-1 (]: Began running node model.empty_lots.my_first_dbt_model
[0m16:40:51.039633 [debug] [Thread-1 (]: Re-using an available connection from the pool (formerly list_empty-lots_nyc_pluto_historical, now model.empty_lots.my_first_dbt_model)
[0m16:40:51.040285 [debug] [Thread-1 (]: Began compiling node model.empty_lots.my_first_dbt_model
[0m16:40:51.051867 [debug] [Thread-1 (]: Writing injected SQL for node "model.empty_lots.my_first_dbt_model"
[0m16:40:51.053376 [debug] [Thread-1 (]: Began executing node model.empty_lots.my_first_dbt_model
[0m16:40:51.053929 [debug] [Thread-1 (]: Opening a new connection, currently in state closed
[0m16:40:51.056367 [debug] [Thread-1 (]: Finished running node model.empty_lots.my_first_dbt_model
[0m16:40:51.057328 [debug] [Thread-1 (]: Began running node model.empty_lots.my_second_dbt_model
[0m16:40:51.058188 [debug] [Thread-1 (]: Re-using an available connection from the pool (formerly model.empty_lots.my_first_dbt_model, now model.empty_lots.my_second_dbt_model)
[0m16:40:51.058623 [debug] [Thread-1 (]: Began compiling node model.empty_lots.my_second_dbt_model
[0m16:40:51.063002 [debug] [Thread-1 (]: Writing injected SQL for node "model.empty_lots.my_second_dbt_model"
[0m16:40:51.063939 [debug] [Thread-1 (]: Began executing node model.empty_lots.my_second_dbt_model
[0m16:40:51.064461 [debug] [Thread-1 (]: Opening a new connection, currently in state closed
[0m16:40:51.066471 [debug] [Thread-1 (]: Finished running node model.empty_lots.my_second_dbt_model
[0m16:40:51.066954 [debug] [Thread-1 (]: Began running node test.empty_lots.not_null_my_first_dbt_model_id.5fb22c2710
[0m16:40:51.067497 [debug] [Thread-1 (]: Re-using an available connection from the pool (formerly model.empty_lots.my_second_dbt_model, now test.empty_lots.not_null_my_first_dbt_model_id.5fb22c2710)
[0m16:40:51.067923 [debug] [Thread-1 (]: Began compiling node test.empty_lots.not_null_my_first_dbt_model_id.5fb22c2710
[0m16:40:51.079082 [debug] [Thread-1 (]: Writing injected SQL for node "test.empty_lots.not_null_my_first_dbt_model_id.5fb22c2710"
[0m16:40:51.079960 [debug] [Thread-1 (]: Began executing node test.empty_lots.not_null_my_first_dbt_model_id.5fb22c2710
[0m16:40:51.080315 [debug] [Thread-1 (]: Opening a new connection, currently in state closed
[0m16:40:51.081842 [debug] [Thread-1 (]: Finished running node test.empty_lots.not_null_my_first_dbt_model_id.5fb22c2710
[0m16:40:51.082157 [debug] [Thread-1 (]: Began running node test.empty_lots.unique_my_first_dbt_model_id.16e066b321
[0m16:40:51.082478 [debug] [Thread-1 (]: Re-using an available connection from the pool (formerly test.empty_lots.not_null_my_first_dbt_model_id.5fb22c2710, now test.empty_lots.unique_my_first_dbt_model_id.16e066b321)
[0m16:40:51.082751 [debug] [Thread-1 (]: Began compiling node test.empty_lots.unique_my_first_dbt_model_id.16e066b321
[0m16:40:51.087578 [debug] [Thread-1 (]: Writing injected SQL for node "test.empty_lots.unique_my_first_dbt_model_id.16e066b321"
[0m16:40:51.088202 [debug] [Thread-1 (]: Began executing node test.empty_lots.unique_my_first_dbt_model_id.16e066b321
[0m16:40:51.088480 [debug] [Thread-1 (]: Opening a new connection, currently in state closed
[0m16:40:51.089730 [debug] [Thread-1 (]: Finished running node test.empty_lots.unique_my_first_dbt_model_id.16e066b321
[0m16:40:51.090034 [debug] [Thread-1 (]: Began running node test.empty_lots.not_null_my_second_dbt_model_id.151b76d778
[0m16:40:51.090324 [debug] [Thread-1 (]: Re-using an available connection from the pool (formerly test.empty_lots.unique_my_first_dbt_model_id.16e066b321, now test.empty_lots.not_null_my_second_dbt_model_id.151b76d778)
[0m16:40:51.090572 [debug] [Thread-1 (]: Began compiling node test.empty_lots.not_null_my_second_dbt_model_id.151b76d778
[0m16:40:51.093401 [debug] [Thread-1 (]: Writing injected SQL for node "test.empty_lots.not_null_my_second_dbt_model_id.151b76d778"
[0m16:40:51.093914 [debug] [Thread-1 (]: Began executing node test.empty_lots.not_null_my_second_dbt_model_id.151b76d778
[0m16:40:51.094186 [debug] [Thread-1 (]: Opening a new connection, currently in state closed
[0m16:40:51.095363 [debug] [Thread-1 (]: Finished running node test.empty_lots.not_null_my_second_dbt_model_id.151b76d778
[0m16:40:51.095625 [debug] [Thread-1 (]: Began running node test.empty_lots.unique_my_second_dbt_model_id.57a0f8c493
[0m16:40:51.095881 [debug] [Thread-1 (]: Re-using an available connection from the pool (formerly test.empty_lots.not_null_my_second_dbt_model_id.151b76d778, now test.empty_lots.unique_my_second_dbt_model_id.57a0f8c493)
[0m16:40:51.096105 [debug] [Thread-1 (]: Began compiling node test.empty_lots.unique_my_second_dbt_model_id.57a0f8c493
[0m16:40:51.098728 [debug] [Thread-1 (]: Writing injected SQL for node "test.empty_lots.unique_my_second_dbt_model_id.57a0f8c493"
[0m16:40:51.099174 [debug] [Thread-1 (]: Began executing node test.empty_lots.unique_my_second_dbt_model_id.57a0f8c493
[0m16:40:51.099426 [debug] [Thread-1 (]: Opening a new connection, currently in state closed
[0m16:40:51.100523 [debug] [Thread-1 (]: Finished running node test.empty_lots.unique_my_second_dbt_model_id.57a0f8c493
[0m16:40:51.101081 [debug] [MainThread]: Connection 'master' was properly closed.
[0m16:40:51.101338 [debug] [MainThread]: Connection 'test.empty_lots.unique_my_second_dbt_model_id.57a0f8c493' was properly closed.
[0m16:40:51.102091 [debug] [MainThread]: Command end result
[0m16:40:51.143306 [debug] [MainThread]: Wrote artifact WritableManifest to /Users/adrianparsons/Documents/programming/empty-lots/empty.nyc/dbt/empty_lots/target/manifest.json
[0m16:40:51.144575 [debug] [MainThread]: Wrote artifact SemanticManifest to /Users/adrianparsons/Documents/programming/empty-lots/empty.nyc/dbt/empty_lots/target/semantic_manifest.json
[0m16:40:51.148005 [debug] [MainThread]: Wrote artifact RunExecutionResult to /Users/adrianparsons/Documents/programming/empty-lots/empty.nyc/dbt/empty_lots/target/run_results.json
[0m16:40:51.150408 [debug] [MainThread]: Acquiring new bigquery connection 'generate_catalog'
[0m16:40:51.150607 [info ] [MainThread]: Building catalog
[0m16:40:51.152962 [debug] [ThreadPool]: Acquiring new bigquery connection 'empty-lots.information_schema'
[0m16:40:51.162909 [debug] [ThreadPool]: On empty-lots.information_schema: /* {"app": "dbt", "dbt_version": "1.10.13", "profile_name": "empty_lots", "target_name": "dev", "connection_name": "empty-lots.information_schema"} */

    with
                table_shards_stage as (
    select
        tables.project_id as table_catalog,
        tables.dataset_id as table_schema,
        coalesce(REGEXP_EXTRACT(tables.table_id, '^(.+)[0-9]{8}$'), tables.table_id) as table_name,
        tables.table_id as shard_name,
        REGEXP_EXTRACT(tables.table_id, '^.+([0-9]{8})$') as shard_index,
        REGEXP_CONTAINS(tables.table_id, '^.+[0-9]{8}$') and tables.type = 1 as is_date_shard,
        case
            when materialized_views.table_name is not null then 'materialized view'
            when tables.type = 1 then 'table'
            when tables.type = 2 then 'view'
            else 'external'
        end as table_type,
        tables.type = 1 as is_table,
        JSON_VALUE(table_description.option_value) as table_comment,
        tables.size_bytes,
        tables.row_count
    from `empty-lots`.`nyc_pluto_historical`.__TABLES__ tables
    left join `empty-lots`.`nyc_pluto_historical`.INFORMATION_SCHEMA.MATERIALIZED_VIEWS materialized_views
        on materialized_views.table_catalog = tables.project_id
        and materialized_views.table_schema = tables.dataset_id
        and materialized_views.table_name = tables.table_id
    left join `empty-lots`.`nyc_pluto_historical`.INFORMATION_SCHEMA.TABLE_OPTIONS table_description
        on table_description.table_catalog = tables.project_id
        and table_description.table_schema = tables.dataset_id
        and table_description.table_name = tables.table_id
        and table_description.option_name = 'description'
),
                table_shards as (
                    select * from table_shards_stage
                    where ((
                                upper(table_schema) = upper('nyc_pluto_historical')
                            and upper(table_name) = upper('my_first_dbt_model')
                            ) or (
                                upper(table_schema) = upper('nyc_pluto_historical')
                            and upper(table_name) = upper('my_second_dbt_model')
                            ))
                ),
                tables as (
    select distinct
        table_catalog,
        table_schema,
        table_name,
        is_date_shard,
        table_type,
        is_table,
        table_comment
    from table_shards
),
                table_stats as (
    select
        table_catalog,
        table_schema,
        table_name,
        max(shard_name) as latest_shard_name,
        min(shard_index) as shard_min,
        max(shard_index) as shard_max,
        count(shard_index) as shard_count,
        sum(size_bytes) as size_bytes,
        sum(row_count) as row_count
    from table_shards
    group by 1, 2, 3
),

                columns as (
    select
        columns.table_catalog,
        columns.table_schema,
        columns.table_name as shard_name,
        coalesce(paths.field_path, '<unknown>') as column_name,
        -- invent a row number to account for nested fields
        -- BQ does not treat these nested properties as independent fields
        row_number() over (
            partition by
                columns.table_catalog,
                columns.table_schema,
                columns.table_name
            order by
                columns.ordinal_position,
                paths.field_path
        ) as column_index,
        coalesce(paths.data_type, '<unknown>') as column_type,
        paths.description as column_comment,
        case when columns.is_partitioning_column = 'YES' then 1 else 0 end as is_partitioning_column,
        case when columns.is_partitioning_column = 'YES' then paths.field_path end as partition_column,
        case when columns.clustering_ordinal_position is not null then 1 else 0 end as is_clustering_column,
        case when columns.clustering_ordinal_position is not null then paths.field_path end as cluster_column,
        columns.clustering_ordinal_position
    from `empty-lots`.`nyc_pluto_historical`.INFORMATION_SCHEMA.COLUMNS columns
    join `empty-lots`.`nyc_pluto_historical`.INFORMATION_SCHEMA.COLUMN_FIELD_PATHS paths
        on paths.table_catalog = columns.table_catalog
        and paths.table_schema = columns.table_schema
        and paths.table_name = columns.table_name
        and paths.column_name = columns.column_name
    where columns.ordinal_position is not null
),
                column_stats as (
    select
        table_catalog,
        table_schema,
        shard_name,
        max(is_partitioning_column) = 1 as is_partitioned,
        max(partition_column) as partition_column,
        max(is_clustering_column) = 1 as is_clustered,
        array_to_string(
            array_agg(
                cluster_column ignore nulls
                order by clustering_ordinal_position
            ), ', '
        ) as clustering_columns
    from columns
    group by 1, 2, 3
)

            
    select
        tables.table_catalog as table_database,
        tables.table_schema,
        case
            when tables.is_date_shard then concat(tables.table_name, '*')
            else tables.table_name
        end as table_name,
        tables.table_type,
        tables.table_comment,
        -- coalesce column metadata fields to ensure they are non-null for catalog generation
        -- external table columns are not present in COLUMN_FIELD_PATHS
        coalesce(columns.column_name, '<unknown>') as column_name,
        coalesce(columns.column_index, 1) as column_index,
        coalesce(columns.column_type, '<unknown>') as column_type,
        coalesce(columns.column_comment, '') as column_comment,

        'Shard count' as `stats__date_shards__label`,
        table_stats.shard_count as `stats__date_shards__value`,
        'The number of date shards in this table' as `stats__date_shards__description`,
        tables.is_date_shard as `stats__date_shards__include`,

        'Shard (min)' as `stats__date_shard_min__label`,
        table_stats.shard_min as `stats__date_shard_min__value`,
        'The first date shard in this table' as `stats__date_shard_min__description`,
        tables.is_date_shard as `stats__date_shard_min__include`,

        'Shard (max)' as `stats__date_shard_max__label`,
        table_stats.shard_max as `stats__date_shard_max__value`,
        'The last date shard in this table' as `stats__date_shard_max__description`,
        tables.is_date_shard as `stats__date_shard_max__include`,

        '# Rows' as `stats__num_rows__label`,
        table_stats.row_count as `stats__num_rows__value`,
        'Approximate count of rows in this table' as `stats__num_rows__description`,
        tables.is_table as `stats__num_rows__include`,

        'Approximate Size' as `stats__num_bytes__label`,
        table_stats.size_bytes as `stats__num_bytes__value`,
        'Approximate size of table as reported by BigQuery' as `stats__num_bytes__description`,
        tables.is_table as `stats__num_bytes__include`,

        'Partitioned By' as `stats__partitioning_type__label`,
        column_stats.partition_column as `stats__partitioning_type__value`,
        'The partitioning column for this table' as `stats__partitioning_type__description`,
        column_stats.is_partitioned as `stats__partitioning_type__include`,

        'Clustered By' as `stats__clustering_fields__label`,
        column_stats.clustering_columns as `stats__clustering_fields__value`,
        'The clustering columns for this table' as `stats__clustering_fields__description`,
        column_stats.is_clustered as `stats__clustering_fields__include`

    from tables
    join table_stats
        on table_stats.table_catalog = tables.table_catalog
        and table_stats.table_schema = tables.table_schema
        and table_stats.table_name = tables.table_name
    left join column_stats
        on column_stats.table_catalog = tables.table_catalog
        and column_stats.table_schema = tables.table_schema
        and column_stats.shard_name = table_stats.latest_shard_name
    left join columns
        on columns.table_catalog = tables.table_catalog
        and columns.table_schema = tables.table_schema
        and columns.shard_name = table_stats.latest_shard_name

  
[0m16:40:51.163446 [debug] [ThreadPool]: Opening a new connection, currently in state init
[0m16:40:51.677748 [debug] [ThreadPool]: BigQuery adapter: https://console.cloud.google.com/bigquery?project=empty-lots&j=bq:US:5546ce88-716d-4e3b-a881-e31d8c0cd8ee&page=queryresults
[0m16:40:51.679407 [error] [ThreadPool]: BigQuery adapter: https://console.cloud.google.com/bigquery?project=empty-lots&j=bq:US:5546ce88-716d-4e3b-a881-e31d8c0cd8ee&page=queryresults
[0m16:40:51.681476 [debug] [ThreadPool]: BigQuery adapter: Unhandled error while running:
macro get_catalog_relations
[0m16:40:51.682367 [debug] [ThreadPool]: BigQuery adapter: Database Error
  Not found: Dataset empty-lots:nyc_pluto_historical was not found in location US
[0m16:40:51.686810 [warn ] [MainThread]: Encountered an error while generating catalog: Database Error
  Not found: Dataset empty-lots:nyc_pluto_historical was not found in location US
[0m16:40:51.687977 [debug] [MainThread]: Opening a new connection, currently in state init
[0m16:40:51.695203 [debug] [MainThread]: Wrote artifact CatalogArtifact to /Users/adrianparsons/Documents/programming/empty-lots/empty.nyc/dbt/empty_lots/target/catalog.json
[0m16:40:51.722073 [debug] [MainThread]: Wrote artifact WritableManifest to /Users/adrianparsons/Documents/programming/empty-lots/empty.nyc/dbt/empty_lots/target/manifest.json
[0m16:40:51.723906 [debug] [MainThread]: Wrote artifact SemanticManifest to /Users/adrianparsons/Documents/programming/empty-lots/empty.nyc/dbt/empty_lots/target/semantic_manifest.json
[0m16:40:51.724230 [error] [MainThread]: dbt encountered 1 failure while writing the catalog
[0m16:40:51.724591 [info ] [MainThread]: Catalog written to /Users/adrianparsons/Documents/programming/empty-lots/empty.nyc/dbt/empty_lots/target/catalog.json
[0m16:40:51.728822 [debug] [MainThread]: Resource report: {"command_name": "generate", "command_success": false, "command_wall_clock_time": 3.4049828, "process_in_blocks": "0", "process_kernel_time": 0.498075, "process_mem_max_rss": "367263744", "process_out_blocks": "0", "process_user_time": 2.397161}
[0m16:40:51.729338 [debug] [MainThread]: Command `dbt docs generate` failed at 16:40:51.729260 after 3.41 seconds
[0m16:40:51.729632 [debug] [MainThread]: Connection 'generate_catalog' was properly closed.
[0m16:40:51.729869 [debug] [MainThread]: Connection 'empty-lots.information_schema' was properly closed.
[0m16:40:51.730125 [debug] [MainThread]: Flushing usage events
[0m16:41:07.677954 [debug] [MainThread]: Got an exception trying to initialize tracking


============================== 16:41:07.694507 | 03802cde-4996-4544-a8f4-cdfbaff8c31d ==============================
[0m16:41:07.694507 [info ] [MainThread]: Running with dbt=1.10.13
[0m16:41:07.695202 [debug] [MainThread]: running dbt with arguments {'profiles_dir': '/Users/adrianparsons/.dbt', 'debug': 'False', 'indirect_selection': 'eager', 'use_experimental_parser': 'False', 'fail_fast': 'False', 'invocation_command': 'dbt docs serve', 'quiet': 'False', 'target_path': 'None', 'use_colors': 'True', 'version_check': 'True', 'write_json': 'True', 'warn_error_options': 'WarnErrorOptionsV2(error=[], warn=[], silence=[])', 'empty': 'None', 'log_format': 'default', 'static_parser': 'True', 'partial_parse': 'True', 'send_anonymous_usage_stats': 'True', 'cache_selected_only': 'False', 'log_cache_events': 'False', 'introspect': 'True', 'log_path': '/Users/adrianparsons/Documents/programming/empty-lots/empty.nyc/dbt/empty_lots/logs', 'warn_error': 'None', 'no_print': 'None', 'printer_width': '80'}
[0m16:41:48.303709 [error] [MainThread]: Encountered an error:

[0m16:41:48.318404 [error] [MainThread]: Traceback (most recent call last):
  File "/Library/Frameworks/Python.framework/Versions/3.12/lib/python3.12/site-packages/dbt/cli/requires.py", line 178, in wrapper
    result, success = func(*args, **kwargs)
                      ^^^^^^^^^^^^^^^^^^^^^
  File "/Library/Frameworks/Python.framework/Versions/3.12/lib/python3.12/site-packages/dbt/cli/requires.py", line 128, in wrapper
    return func(*args, **kwargs)
           ^^^^^^^^^^^^^^^^^^^^^
  File "/Library/Frameworks/Python.framework/Versions/3.12/lib/python3.12/site-packages/dbt/cli/requires.py", line 272, in wrapper
    return func(*args, **kwargs)
           ^^^^^^^^^^^^^^^^^^^^^
  File "/Library/Frameworks/Python.framework/Versions/3.12/lib/python3.12/site-packages/dbt/cli/requires.py", line 303, in wrapper
    return func(*args, **kwargs)
           ^^^^^^^^^^^^^^^^^^^^^
  File "/Library/Frameworks/Python.framework/Versions/3.12/lib/python3.12/site-packages/dbt/cli/requires.py", line 350, in wrapper
    return func(*args, **kwargs)
           ^^^^^^^^^^^^^^^^^^^^^
  File "/Library/Frameworks/Python.framework/Versions/3.12/lib/python3.12/site-packages/dbt/cli/main.py", line 307, in docs_serve
    results = task.run()
              ^^^^^^^^^^
  File "/Library/Frameworks/Python.framework/Versions/3.12/lib/python3.12/site-packages/dbt/task/docs/serve.py", line 29, in run
    httpd.serve_forever()
  File "/Library/Frameworks/Python.framework/Versions/3.12/lib/python3.12/socketserver.py", line 235, in serve_forever
    ready = selector.select(poll_interval)
            ^^^^^^^^^^^^^^^^^^^^^^^^^^^^^^
  File "/Library/Frameworks/Python.framework/Versions/3.12/lib/python3.12/selectors.py", line 415, in select
    fd_event_list = self._selector.poll(timeout)
                    ^^^^^^^^^^^^^^^^^^^^^^^^^^^^
KeyboardInterrupt

[0m16:41:48.325852 [debug] [MainThread]: Resource report: {"command_name": "serve", "command_success": false, "command_wall_clock_time": 40.67473, "process_in_blocks": "0", "process_kernel_time": 0.378092, "process_mem_max_rss": "355008512", "process_out_blocks": "0", "process_user_time": 1.844665}
[0m16:41:48.328335 [debug] [MainThread]: Command `dbt docs serve` failed at 16:41:48.328149 after 40.68 seconds
[0m16:41:48.329392 [debug] [MainThread]: Flushing usage events
[0m16:42:47.646831 [debug] [MainThread]: Got an exception trying to initialize tracking


============================== 16:42:47.667204 | 81b7346a-35a6-4ffe-9ca4-94f5fabcd516 ==============================
[0m16:42:47.667204 [info ] [MainThread]: Running with dbt=1.10.13
[0m16:42:47.667980 [debug] [MainThread]: running dbt with arguments {'partial_parse': 'True', 'log_cache_events': 'False', 'warn_error': 'None', 'send_anonymous_usage_stats': 'True', 'write_json': 'True', 'profiles_dir': '/Users/adrianparsons/.dbt', 'target_path': 'None', 'indirect_selection': 'eager', 'empty': 'False', 'cache_selected_only': 'False', 'use_experimental_parser': 'False', 'log_path': '/Users/adrianparsons/Documents/programming/empty-lots/empty.nyc/dbt/empty_lots/logs', 'quiet': 'False', 'static_parser': 'True', 'printer_width': '80', 'use_colors': 'True', 'debug': 'False', 'warn_error_options': 'WarnErrorOptionsV2(error=[], warn=[], silence=[])', 'fail_fast': 'False', 'log_format': 'default', 'introspect': 'True', 'version_check': 'True', 'no_print': 'None', 'invocation_command': 'dbt run'}
[0m16:42:49.529926 [info ] [MainThread]: Registered adapter: bigquery=1.10.2
[0m16:42:49.671531 [debug] [MainThread]: checksum: 9f0c81e2574b4ff463f3d16d080df83c6982fc0372c9feeacae0504ac9ea3ffe, vars: {}, profile: , target: , version: 1.10.13
[0m16:42:49.827703 [debug] [MainThread]: Partial parsing enabled: 0 files deleted, 0 files added, 0 files changed.
[0m16:42:49.828005 [debug] [MainThread]: Partial parsing enabled, no changes found, skipping parsing
[0m16:42:49.883699 [debug] [MainThread]: Wrote artifact WritableManifest to /Users/adrianparsons/Documents/programming/empty-lots/empty.nyc/dbt/empty_lots/target/manifest.json
[0m16:42:49.885598 [debug] [MainThread]: Wrote artifact SemanticManifest to /Users/adrianparsons/Documents/programming/empty-lots/empty.nyc/dbt/empty_lots/target/semantic_manifest.json
[0m16:42:49.898002 [info ] [MainThread]: Found 2 models, 4 data tests, 508 macros
[0m16:42:49.899092 [info ] [MainThread]: 
[0m16:42:49.899519 [info ] [MainThread]: Concurrency: 1 threads (target='dev')
[0m16:42:49.899733 [info ] [MainThread]: 
[0m16:42:49.900053 [debug] [MainThread]: Acquiring new bigquery connection 'master'
[0m16:42:49.902049 [debug] [ThreadPool]: Acquiring new bigquery connection 'list_empty-lots'
[0m16:42:49.902318 [debug] [ThreadPool]: Opening a new connection, currently in state init
[0m16:42:50.400909 [debug] [ThreadPool]: Re-using an available connection from the pool (formerly list_empty-lots, now list_empty-lots_nyc_pluto_historical)
[0m16:42:50.401954 [debug] [ThreadPool]: Opening a new connection, currently in state closed
[0m16:42:50.787741 [debug] [MainThread]: Opening a new connection, currently in state init
[0m16:42:50.793747 [debug] [Thread-1 (]: Began running node model.empty_lots.my_first_dbt_model
[0m16:42:50.794761 [info ] [Thread-1 (]: 1 of 2 START sql table model nyc_pluto_historical.my_first_dbt_model ........... [RUN]
[0m16:42:50.795533 [debug] [Thread-1 (]: Re-using an available connection from the pool (formerly list_empty-lots_nyc_pluto_historical, now model.empty_lots.my_first_dbt_model)
[0m16:42:50.796575 [debug] [Thread-1 (]: Began compiling node model.empty_lots.my_first_dbt_model
[0m16:42:50.809394 [debug] [Thread-1 (]: Writing injected SQL for node "model.empty_lots.my_first_dbt_model"
[0m16:42:50.811251 [debug] [Thread-1 (]: Began executing node model.empty_lots.my_first_dbt_model
[0m16:42:50.849697 [debug] [Thread-1 (]: Writing runtime sql for node "model.empty_lots.my_first_dbt_model"
[0m16:42:50.851524 [debug] [Thread-1 (]: On model.empty_lots.my_first_dbt_model: /* {"app": "dbt", "dbt_version": "1.10.13", "profile_name": "empty_lots", "target_name": "dev", "node_id": "model.empty_lots.my_first_dbt_model"} */

  
    

    create or replace table `empty-lots`.`nyc_pluto_historical`.`my_first_dbt_model`
      
    
    

    
    OPTIONS()
    as (
      /*
    Welcome to your first dbt model!
    Did you know that you can also configure models directly within SQL files?
    This will override configurations stated in dbt_project.yml

    Try changing "table" to "view" below
*/



with source_data as (

    select 1 as id
    union all
    select null as id

)

select *
from source_data

/*
    Uncomment the line below to remove records with null `id` values
*/

-- where id is not null
    );
  
[0m16:42:50.851801 [debug] [Thread-1 (]: Opening a new connection, currently in state closed
[0m16:42:51.323544 [debug] [Thread-1 (]: BigQuery adapter: https://console.cloud.google.com/bigquery?project=empty-lots&j=bq:US:7c273228-1de5-442f-98f4-5a1098fda45c&page=queryresults
[0m16:42:51.325041 [error] [Thread-1 (]: BigQuery adapter: https://console.cloud.google.com/bigquery?project=empty-lots&j=bq:US:7c273228-1de5-442f-98f4-5a1098fda45c&page=queryresults
[0m16:42:51.342012 [debug] [Thread-1 (]: Database Error in model my_first_dbt_model (models/example/my_first_dbt_model.sql)
  Not found: Dataset empty-lots:nyc_pluto_historical was not found in location US
  compiled code at target/run/empty_lots/models/example/my_first_dbt_model.sql
[0m16:42:51.345172 [error] [Thread-1 (]: 1 of 2 ERROR creating sql table model nyc_pluto_historical.my_first_dbt_model .. [[31mERROR[0m in 0.55s]
[0m16:42:51.346106 [debug] [Thread-1 (]: Finished running node model.empty_lots.my_first_dbt_model
[0m16:42:51.346843 [debug] [Thread-4 (]: Marking all children of 'model.empty_lots.my_first_dbt_model' to be skipped because of status 'error'.  Reason: Database Error in model my_first_dbt_model (models/example/my_first_dbt_model.sql)
  Not found: Dataset empty-lots:nyc_pluto_historical was not found in location US
  compiled code at target/run/empty_lots/models/example/my_first_dbt_model.sql.
[0m16:42:51.348550 [debug] [Thread-1 (]: Began running node model.empty_lots.my_second_dbt_model
[0m16:42:51.349559 [info ] [Thread-1 (]: 2 of 2 SKIP relation nyc_pluto_historical.my_second_dbt_model .................. [[33mSKIP[0m]
[0m16:42:51.350163 [debug] [Thread-1 (]: Finished running node model.empty_lots.my_second_dbt_model
[0m16:42:51.351478 [debug] [MainThread]: Opening a new connection, currently in state closed
[0m16:42:51.353685 [debug] [MainThread]: Connection 'master' was properly closed.
[0m16:42:51.354134 [debug] [MainThread]: Connection 'model.empty_lots.my_first_dbt_model' was properly closed.
[0m16:42:51.354550 [info ] [MainThread]: 
[0m16:42:51.354909 [info ] [MainThread]: Finished running 1 table model, 1 view model in 0 hours 0 minutes and 1.45 seconds (1.45s).
[0m16:42:51.355636 [debug] [MainThread]: Command end result
[0m16:42:51.385034 [debug] [MainThread]: Wrote artifact WritableManifest to /Users/adrianparsons/Documents/programming/empty-lots/empty.nyc/dbt/empty_lots/target/manifest.json
[0m16:42:51.387308 [debug] [MainThread]: Wrote artifact SemanticManifest to /Users/adrianparsons/Documents/programming/empty-lots/empty.nyc/dbt/empty_lots/target/semantic_manifest.json
[0m16:42:51.392500 [debug] [MainThread]: Wrote artifact RunExecutionResult to /Users/adrianparsons/Documents/programming/empty-lots/empty.nyc/dbt/empty_lots/target/run_results.json
[0m16:42:51.392801 [info ] [MainThread]: 
[0m16:42:51.393136 [info ] [MainThread]: [31mCompleted with 1 error, 0 partial successes, and 0 warnings:[0m
[0m16:42:51.393525 [info ] [MainThread]: 
[0m16:42:51.393847 [error] [MainThread]: [31mFailure in model my_first_dbt_model (models/example/my_first_dbt_model.sql)[0m
[0m16:42:51.394159 [error] [MainThread]:   Database Error in model my_first_dbt_model (models/example/my_first_dbt_model.sql)
  Not found: Dataset empty-lots:nyc_pluto_historical was not found in location US
  compiled code at target/run/empty_lots/models/example/my_first_dbt_model.sql
[0m16:42:51.394445 [info ] [MainThread]: 
[0m16:42:51.394727 [info ] [MainThread]:   compiled code at target/compiled/empty_lots/models/example/my_first_dbt_model.sql
[0m16:42:51.394969 [info ] [MainThread]: 
[0m16:42:51.395234 [info ] [MainThread]: Done. PASS=0 WARN=0 ERROR=1 SKIP=1 NO-OP=0 TOTAL=2
[0m16:42:51.399338 [debug] [MainThread]: Resource report: {"command_name": "run", "command_success": false, "command_wall_clock_time": 3.7796047, "process_in_blocks": "0", "process_kernel_time": 0.493645, "process_mem_max_rss": "362233856", "process_out_blocks": "0", "process_user_time": 2.499177}
[0m16:42:51.399747 [debug] [MainThread]: Command `dbt run` failed at 16:42:51.399685 after 3.78 seconds
[0m16:42:51.400189 [debug] [MainThread]: Flushing usage events
[0m16:45:44.274128 [debug] [MainThread]: Got an exception trying to initialize tracking


============================== 16:45:44.298002 | c4f5b454-adc8-4676-80ac-2be406831b5d ==============================
[0m16:45:44.298002 [info ] [MainThread]: Running with dbt=1.10.13
[0m16:45:44.298757 [debug] [MainThread]: running dbt with arguments {'profiles_dir': '/Users/adrianparsons/.dbt', 'partial_parse': 'True', 'introspect': 'True', 'quiet': 'False', 'log_path': '/Users/adrianparsons/Documents/programming/empty-lots/empty.nyc/dbt/empty_lots/logs', 'use_experimental_parser': 'False', 'debug': 'False', 'static_parser': 'True', 'indirect_selection': 'eager', 'version_check': 'True', 'target_path': 'None', 'use_colors': 'True', 'warn_error': 'None', 'log_format': 'default', 'empty': 'False', 'no_print': 'None', 'printer_width': '80', 'log_cache_events': 'False', 'fail_fast': 'False', 'write_json': 'True', 'invocation_command': 'dbt compile', 'send_anonymous_usage_stats': 'True', 'warn_error_options': 'WarnErrorOptionsV2(error=[], warn=[], silence=[])', 'cache_selected_only': 'False'}
[0m16:45:46.128504 [info ] [MainThread]: Registered adapter: bigquery=1.10.2
[0m16:45:46.270036 [debug] [MainThread]: checksum: 9f0c81e2574b4ff463f3d16d080df83c6982fc0372c9feeacae0504ac9ea3ffe, vars: {}, profile: , target: , version: 1.10.13
[0m16:45:46.427833 [debug] [MainThread]: Partial parsing enabled: 0 files deleted, 3 files added, 0 files changed.
[0m16:45:46.428244 [debug] [MainThread]: Partial parsing: added file: empty_lots://models/staging/schema.yml
[0m16:45:46.428435 [debug] [MainThread]: Partial parsing: added file: empty_lots://models/staging/my_second_dbt_model.sql
[0m16:45:46.428600 [debug] [MainThread]: Partial parsing: added file: empty_lots://models/staging/my_first_dbt_model.sql
[0m16:45:46.520136 [error] [MainThread]: Encountered an error:
Compilation Error
  dbt found two models with the name "my_second_dbt_model".
  
  Since these resources have the same name, dbt will be unable to find the correct resource
  when looking for ref("my_second_dbt_model").
  
  To fix this, change the name of one of these resources:
  - model.empty_lots.my_second_dbt_model (models/staging/my_second_dbt_model.sql)
  - model.empty_lots.my_second_dbt_model (models/example/my_second_dbt_model.sql)
[0m16:45:46.523145 [debug] [MainThread]: Resource report: {"command_name": "compile", "command_success": false, "command_wall_clock_time": 2.2767954, "process_in_blocks": "0", "process_kernel_time": 0.456051, "process_mem_max_rss": "361906176", "process_out_blocks": "0", "process_user_time": 2.101307}
[0m16:45:46.523548 [debug] [MainThread]: Command `dbt compile` failed at 16:45:46.523489 after 2.28 seconds
[0m16:45:46.523771 [debug] [MainThread]: Flushing usage events
[0m16:47:52.756653 [debug] [MainThread]: Got an exception trying to initialize tracking


============================== 16:47:52.783045 | 77c38ed4-73b1-4689-ab72-37788e5e7665 ==============================
[0m16:47:52.783045 [info ] [MainThread]: Running with dbt=1.10.13
[0m16:47:52.784368 [debug] [MainThread]: running dbt with arguments {'introspect': 'True', 'log_path': '/Users/adrianparsons/Documents/programming/empty-lots/empty.nyc/dbt/empty_lots/logs', 'log_cache_events': 'False', 'log_format': 'default', 'use_experimental_parser': 'False', 'indirect_selection': 'eager', 'invocation_command': 'dbt compile', 'use_colors': 'True', 'empty': 'False', 'warn_error': 'None', 'partial_parse': 'True', 'target_path': 'None', 'send_anonymous_usage_stats': 'True', 'version_check': 'True', 'static_parser': 'True', 'cache_selected_only': 'False', 'fail_fast': 'False', 'no_print': 'None', 'debug': 'False', 'warn_error_options': 'WarnErrorOptionsV2(error=[], warn=[], silence=[])', 'printer_width': '80', 'quiet': 'False', 'profiles_dir': '/Users/adrianparsons/.dbt', 'write_json': 'True'}
[0m16:47:54.655244 [info ] [MainThread]: Registered adapter: bigquery=1.10.2
[0m16:47:54.805801 [debug] [MainThread]: checksum: 9f0c81e2574b4ff463f3d16d080df83c6982fc0372c9feeacae0504ac9ea3ffe, vars: {}, profile: , target: , version: 1.10.13
[0m16:47:54.966392 [debug] [MainThread]: Partial parsing enabled: 0 files deleted, 2 files added, 0 files changed.
[0m16:47:54.966807 [debug] [MainThread]: Partial parsing: added file: empty_lots://models/staging/schema.yml
[0m16:47:54.966997 [debug] [MainThread]: Partial parsing: added file: empty_lots://models/staging/stg_lots.sql
[0m16:47:55.087351 [error] [MainThread]: Encountered an error:
Compilation Error
  dbt found two schema.yml entries for the same resource named my_first_dbt_model. Resources and their associated columns may only be described a single time. To fix this, remove the resource entry for my_first_dbt_model in one of these files:
   - models/staging/schema.yml
  models/example/schema.yml
[0m16:47:55.090506 [debug] [MainThread]: Resource report: {"command_name": "compile", "command_success": false, "command_wall_clock_time": 2.3628154, "process_in_blocks": "0", "process_kernel_time": 0.46421, "process_mem_max_rss": "369246208", "process_out_blocks": "0", "process_user_time": 2.170076}
[0m16:47:55.090870 [debug] [MainThread]: Command `dbt compile` failed at 16:47:55.090820 after 2.36 seconds
[0m16:47:55.091089 [debug] [MainThread]: Flushing usage events
[0m16:48:39.520208 [debug] [MainThread]: Got an exception trying to initialize tracking


============================== 16:48:39.540605 | b24b3fd4-64b0-4660-9172-3db5d5e0ca40 ==============================
[0m16:48:39.540605 [info ] [MainThread]: Running with dbt=1.10.13
[0m16:48:39.541497 [debug] [MainThread]: running dbt with arguments {'introspect': 'True', 'use_colors': 'True', 'log_path': '/Users/adrianparsons/Documents/programming/empty-lots/empty.nyc/dbt/empty_lots/logs', 'quiet': 'False', 'empty': 'False', 'target_path': 'None', 'warn_error_options': 'WarnErrorOptionsV2(error=[], warn=[], silence=[])', 'cache_selected_only': 'False', 'fail_fast': 'False', 'debug': 'False', 'version_check': 'True', 'indirect_selection': 'eager', 'printer_width': '80', 'write_json': 'True', 'invocation_command': 'dbt compile', 'warn_error': 'None', 'log_cache_events': 'False', 'log_format': 'default', 'send_anonymous_usage_stats': 'True', 'use_experimental_parser': 'False', 'profiles_dir': '/Users/adrianparsons/.dbt', 'no_print': 'None', 'static_parser': 'True', 'partial_parse': 'True'}
[0m16:48:41.464983 [info ] [MainThread]: Registered adapter: bigquery=1.10.2
[0m16:48:41.606532 [debug] [MainThread]: checksum: 9f0c81e2574b4ff463f3d16d080df83c6982fc0372c9feeacae0504ac9ea3ffe, vars: {}, profile: , target: , version: 1.10.13
[0m16:48:41.771985 [debug] [MainThread]: Partial parsing enabled: 1 files deleted, 2 files added, 0 files changed.
[0m16:48:41.772388 [debug] [MainThread]: Partial parsing: added file: empty_lots://models/staging/stg_lots.sql
[0m16:48:41.772599 [debug] [MainThread]: Partial parsing: added file: empty_lots://models/staging/schema.yml
[0m16:48:42.003461 [debug] [MainThread]: Wrote artifact WritableManifest to /Users/adrianparsons/Documents/programming/empty-lots/empty.nyc/dbt/empty_lots/target/manifest.json
[0m16:48:42.005149 [debug] [MainThread]: Wrote artifact SemanticManifest to /Users/adrianparsons/Documents/programming/empty-lots/empty.nyc/dbt/empty_lots/target/semantic_manifest.json
[0m16:48:42.017287 [info ] [MainThread]: Found 3 models, 4 data tests, 508 macros
[0m16:48:42.018334 [info ] [MainThread]: 
[0m16:48:42.018598 [info ] [MainThread]: Concurrency: 1 threads (target='dev')
[0m16:48:42.018817 [info ] [MainThread]: 
[0m16:48:42.019104 [debug] [MainThread]: Acquiring new bigquery connection 'master'
[0m16:48:42.021039 [debug] [ThreadPool]: Acquiring new bigquery connection 'list_empty-lots_nyc_pluto_historical'
[0m16:48:42.021269 [debug] [ThreadPool]: Opening a new connection, currently in state init
[0m16:48:42.458643 [debug] [MainThread]: Opening a new connection, currently in state init
[0m16:48:42.464805 [debug] [Thread-1 (]: Began running node model.empty_lots.my_first_dbt_model
[0m16:48:42.465677 [debug] [Thread-1 (]: Re-using an available connection from the pool (formerly list_empty-lots_nyc_pluto_historical, now model.empty_lots.my_first_dbt_model)
[0m16:48:42.466299 [debug] [Thread-1 (]: Began compiling node model.empty_lots.my_first_dbt_model
[0m16:48:42.477101 [debug] [Thread-1 (]: Writing injected SQL for node "model.empty_lots.my_first_dbt_model"
[0m16:48:42.478427 [debug] [Thread-1 (]: Began executing node model.empty_lots.my_first_dbt_model
[0m16:48:42.478979 [debug] [Thread-1 (]: Opening a new connection, currently in state closed
[0m16:48:42.481908 [debug] [Thread-1 (]: Finished running node model.empty_lots.my_first_dbt_model
[0m16:48:42.482536 [debug] [Thread-1 (]: Began running node model.empty_lots.stg_lots
[0m16:48:42.483134 [debug] [Thread-1 (]: Re-using an available connection from the pool (formerly model.empty_lots.my_first_dbt_model, now model.empty_lots.stg_lots)
[0m16:48:42.483526 [debug] [Thread-1 (]: Began compiling node model.empty_lots.stg_lots
[0m16:48:42.486548 [debug] [Thread-1 (]: Writing injected SQL for node "model.empty_lots.stg_lots"
[0m16:48:42.487489 [debug] [Thread-1 (]: Began executing node model.empty_lots.stg_lots
[0m16:48:42.487904 [debug] [Thread-1 (]: Opening a new connection, currently in state closed
[0m16:48:42.489800 [debug] [Thread-1 (]: Finished running node model.empty_lots.stg_lots
[0m16:48:42.490209 [debug] [Thread-1 (]: Began running node model.empty_lots.my_second_dbt_model
[0m16:48:42.490697 [debug] [Thread-1 (]: Re-using an available connection from the pool (formerly model.empty_lots.stg_lots, now model.empty_lots.my_second_dbt_model)
[0m16:48:42.491177 [debug] [Thread-1 (]: Began compiling node model.empty_lots.my_second_dbt_model
[0m16:48:42.494193 [debug] [Thread-1 (]: Writing injected SQL for node "model.empty_lots.my_second_dbt_model"
[0m16:48:42.495171 [debug] [Thread-1 (]: Began executing node model.empty_lots.my_second_dbt_model
[0m16:48:42.495680 [debug] [Thread-1 (]: Opening a new connection, currently in state closed
[0m16:48:42.497665 [debug] [Thread-1 (]: Finished running node model.empty_lots.my_second_dbt_model
[0m16:48:42.498098 [debug] [Thread-1 (]: Began running node test.empty_lots.not_null_my_first_dbt_model_id.5fb22c2710
[0m16:48:42.498568 [debug] [Thread-1 (]: Re-using an available connection from the pool (formerly model.empty_lots.my_second_dbt_model, now test.empty_lots.not_null_my_first_dbt_model_id.5fb22c2710)
[0m16:48:42.498903 [debug] [Thread-1 (]: Began compiling node test.empty_lots.not_null_my_first_dbt_model_id.5fb22c2710
[0m16:48:42.509000 [debug] [Thread-1 (]: Writing injected SQL for node "test.empty_lots.not_null_my_first_dbt_model_id.5fb22c2710"
[0m16:48:42.509822 [debug] [Thread-1 (]: Began executing node test.empty_lots.not_null_my_first_dbt_model_id.5fb22c2710
[0m16:48:42.510148 [debug] [Thread-1 (]: Opening a new connection, currently in state closed
[0m16:48:42.511805 [debug] [Thread-1 (]: Finished running node test.empty_lots.not_null_my_first_dbt_model_id.5fb22c2710
[0m16:48:42.512185 [debug] [Thread-1 (]: Began running node test.empty_lots.unique_my_first_dbt_model_id.16e066b321
[0m16:48:42.512527 [debug] [Thread-1 (]: Re-using an available connection from the pool (formerly test.empty_lots.not_null_my_first_dbt_model_id.5fb22c2710, now test.empty_lots.unique_my_first_dbt_model_id.16e066b321)
[0m16:48:42.512810 [debug] [Thread-1 (]: Began compiling node test.empty_lots.unique_my_first_dbt_model_id.16e066b321
[0m16:48:42.517422 [debug] [Thread-1 (]: Writing injected SQL for node "test.empty_lots.unique_my_first_dbt_model_id.16e066b321"
[0m16:48:42.518052 [debug] [Thread-1 (]: Began executing node test.empty_lots.unique_my_first_dbt_model_id.16e066b321
[0m16:48:42.518328 [debug] [Thread-1 (]: Opening a new connection, currently in state closed
[0m16:48:42.519630 [debug] [Thread-1 (]: Finished running node test.empty_lots.unique_my_first_dbt_model_id.16e066b321
[0m16:48:42.519906 [debug] [Thread-1 (]: Began running node test.empty_lots.not_null_my_second_dbt_model_id.151b76d778
[0m16:48:42.520212 [debug] [Thread-1 (]: Re-using an available connection from the pool (formerly test.empty_lots.unique_my_first_dbt_model_id.16e066b321, now test.empty_lots.not_null_my_second_dbt_model_id.151b76d778)
[0m16:48:42.520502 [debug] [Thread-1 (]: Began compiling node test.empty_lots.not_null_my_second_dbt_model_id.151b76d778
[0m16:48:42.523195 [debug] [Thread-1 (]: Writing injected SQL for node "test.empty_lots.not_null_my_second_dbt_model_id.151b76d778"
[0m16:48:42.523684 [debug] [Thread-1 (]: Began executing node test.empty_lots.not_null_my_second_dbt_model_id.151b76d778
[0m16:48:42.523945 [debug] [Thread-1 (]: Opening a new connection, currently in state closed
[0m16:48:42.525117 [debug] [Thread-1 (]: Finished running node test.empty_lots.not_null_my_second_dbt_model_id.151b76d778
[0m16:48:42.525370 [debug] [Thread-1 (]: Began running node test.empty_lots.unique_my_second_dbt_model_id.57a0f8c493
[0m16:48:42.525640 [debug] [Thread-1 (]: Re-using an available connection from the pool (formerly test.empty_lots.not_null_my_second_dbt_model_id.151b76d778, now test.empty_lots.unique_my_second_dbt_model_id.57a0f8c493)
[0m16:48:42.525870 [debug] [Thread-1 (]: Began compiling node test.empty_lots.unique_my_second_dbt_model_id.57a0f8c493
[0m16:48:42.528600 [debug] [Thread-1 (]: Writing injected SQL for node "test.empty_lots.unique_my_second_dbt_model_id.57a0f8c493"
[0m16:48:42.529239 [debug] [Thread-1 (]: Began executing node test.empty_lots.unique_my_second_dbt_model_id.57a0f8c493
[0m16:48:42.529533 [debug] [Thread-1 (]: Opening a new connection, currently in state closed
[0m16:48:42.530746 [debug] [Thread-1 (]: Finished running node test.empty_lots.unique_my_second_dbt_model_id.57a0f8c493
[0m16:48:42.531516 [debug] [MainThread]: Connection 'master' was properly closed.
[0m16:48:42.531747 [debug] [MainThread]: Connection 'test.empty_lots.unique_my_second_dbt_model_id.57a0f8c493' was properly closed.
[0m16:48:42.532516 [debug] [MainThread]: Command end result
[0m16:48:42.546293 [debug] [MainThread]: Wrote artifact WritableManifest to /Users/adrianparsons/Documents/programming/empty-lots/empty.nyc/dbt/empty_lots/target/manifest.json
[0m16:48:42.547419 [debug] [MainThread]: Wrote artifact SemanticManifest to /Users/adrianparsons/Documents/programming/empty-lots/empty.nyc/dbt/empty_lots/target/semantic_manifest.json
[0m16:48:42.551033 [debug] [MainThread]: Wrote artifact RunExecutionResult to /Users/adrianparsons/Documents/programming/empty-lots/empty.nyc/dbt/empty_lots/target/run_results.json
[0m16:48:42.553944 [debug] [MainThread]: Resource report: {"command_name": "compile", "command_success": true, "command_wall_clock_time": 3.0594525, "process_in_blocks": "0", "process_kernel_time": 0.489719, "process_mem_max_rss": "372883456", "process_out_blocks": "0", "process_user_time": 2.481244}
[0m16:48:42.554249 [debug] [MainThread]: Command `dbt compile` succeeded at 16:48:42.554196 after 3.06 seconds
[0m16:48:42.554451 [debug] [MainThread]: Flushing usage events
[0m16:49:33.771024 [debug] [MainThread]: Got an exception trying to initialize tracking


============================== 16:49:33.791705 | edaa6a43-de74-463f-9687-eb0884ef9b8e ==============================
[0m16:49:33.791705 [info ] [MainThread]: Running with dbt=1.10.13
[0m16:49:33.792367 [debug] [MainThread]: running dbt with arguments {'printer_width': '80', 'invocation_command': 'dbt docs generate', 'write_json': 'True', 'target_path': 'None', 'log_cache_events': 'False', 'version_check': 'True', 'log_format': 'default', 'send_anonymous_usage_stats': 'True', 'debug': 'False', 'warn_error_options': 'WarnErrorOptionsV2(error=[], warn=[], silence=[])', 'static_parser': 'True', 'log_path': '/Users/adrianparsons/Documents/programming/empty-lots/empty.nyc/dbt/empty_lots/logs', 'quiet': 'False', 'partial_parse': 'True', 'cache_selected_only': 'False', 'introspect': 'True', 'no_print': 'None', 'profiles_dir': '/Users/adrianparsons/.dbt', 'fail_fast': 'False', 'empty': 'None', 'warn_error': 'None', 'use_colors': 'True', 'indirect_selection': 'eager', 'use_experimental_parser': 'False'}
[0m16:49:35.688476 [info ] [MainThread]: Registered adapter: bigquery=1.10.2
[0m16:49:35.832276 [debug] [MainThread]: checksum: 9f0c81e2574b4ff463f3d16d080df83c6982fc0372c9feeacae0504ac9ea3ffe, vars: {}, profile: , target: , version: 1.10.13
[0m16:49:35.987882 [debug] [MainThread]: Partial parsing enabled: 0 files deleted, 0 files added, 0 files changed.
[0m16:49:35.988189 [debug] [MainThread]: Partial parsing enabled, no changes found, skipping parsing
[0m16:49:36.019760 [info ] [MainThread]: Found 3 models, 4 data tests, 508 macros
[0m16:49:36.020795 [info ] [MainThread]: 
[0m16:49:36.021032 [info ] [MainThread]: Concurrency: 1 threads (target='dev')
[0m16:49:36.021264 [info ] [MainThread]: 
[0m16:49:36.021549 [debug] [MainThread]: Acquiring new bigquery connection 'master'
[0m16:49:36.023589 [debug] [ThreadPool]: Acquiring new bigquery connection 'list_empty-lots_nyc_pluto_historical'
[0m16:49:36.023811 [debug] [ThreadPool]: Opening a new connection, currently in state init
[0m16:49:36.395189 [debug] [MainThread]: Opening a new connection, currently in state init
[0m16:49:36.401060 [debug] [Thread-1 (]: Began running node model.empty_lots.my_first_dbt_model
[0m16:49:36.401844 [debug] [Thread-1 (]: Re-using an available connection from the pool (formerly list_empty-lots_nyc_pluto_historical, now model.empty_lots.my_first_dbt_model)
[0m16:49:36.402444 [debug] [Thread-1 (]: Began compiling node model.empty_lots.my_first_dbt_model
[0m16:49:36.414427 [debug] [Thread-1 (]: Writing injected SQL for node "model.empty_lots.my_first_dbt_model"
[0m16:49:36.416509 [debug] [Thread-1 (]: Began executing node model.empty_lots.my_first_dbt_model
[0m16:49:36.417091 [debug] [Thread-1 (]: Opening a new connection, currently in state closed
[0m16:49:36.419358 [debug] [Thread-1 (]: Finished running node model.empty_lots.my_first_dbt_model
[0m16:49:36.419822 [debug] [Thread-1 (]: Began running node model.empty_lots.stg_lots
[0m16:49:36.420322 [debug] [Thread-1 (]: Re-using an available connection from the pool (formerly model.empty_lots.my_first_dbt_model, now model.empty_lots.stg_lots)
[0m16:49:36.420800 [debug] [Thread-1 (]: Began compiling node model.empty_lots.stg_lots
[0m16:49:36.425357 [debug] [Thread-1 (]: Writing injected SQL for node "model.empty_lots.stg_lots"
[0m16:49:36.426842 [debug] [Thread-1 (]: Began executing node model.empty_lots.stg_lots
[0m16:49:36.427299 [debug] [Thread-1 (]: Opening a new connection, currently in state closed
[0m16:49:36.429310 [debug] [Thread-1 (]: Finished running node model.empty_lots.stg_lots
[0m16:49:36.429767 [debug] [Thread-1 (]: Began running node model.empty_lots.my_second_dbt_model
[0m16:49:36.430202 [debug] [Thread-1 (]: Re-using an available connection from the pool (formerly model.empty_lots.stg_lots, now model.empty_lots.my_second_dbt_model)
[0m16:49:36.430558 [debug] [Thread-1 (]: Began compiling node model.empty_lots.my_second_dbt_model
[0m16:49:36.433320 [debug] [Thread-1 (]: Writing injected SQL for node "model.empty_lots.my_second_dbt_model"
[0m16:49:36.434466 [debug] [Thread-1 (]: Began executing node model.empty_lots.my_second_dbt_model
[0m16:49:36.434818 [debug] [Thread-1 (]: Opening a new connection, currently in state closed
[0m16:49:36.436455 [debug] [Thread-1 (]: Finished running node model.empty_lots.my_second_dbt_model
[0m16:49:36.436836 [debug] [Thread-1 (]: Began running node test.empty_lots.not_null_my_first_dbt_model_id.5fb22c2710
[0m16:49:36.437277 [debug] [Thread-1 (]: Re-using an available connection from the pool (formerly model.empty_lots.my_second_dbt_model, now test.empty_lots.not_null_my_first_dbt_model_id.5fb22c2710)
[0m16:49:36.437581 [debug] [Thread-1 (]: Began compiling node test.empty_lots.not_null_my_first_dbt_model_id.5fb22c2710
[0m16:49:36.447707 [debug] [Thread-1 (]: Writing injected SQL for node "test.empty_lots.not_null_my_first_dbt_model_id.5fb22c2710"
[0m16:49:36.448845 [debug] [Thread-1 (]: Began executing node test.empty_lots.not_null_my_first_dbt_model_id.5fb22c2710
[0m16:49:36.449148 [debug] [Thread-1 (]: Opening a new connection, currently in state closed
[0m16:49:36.450490 [debug] [Thread-1 (]: Finished running node test.empty_lots.not_null_my_first_dbt_model_id.5fb22c2710
[0m16:49:36.450772 [debug] [Thread-1 (]: Began running node test.empty_lots.unique_my_first_dbt_model_id.16e066b321
[0m16:49:36.451064 [debug] [Thread-1 (]: Re-using an available connection from the pool (formerly test.empty_lots.not_null_my_first_dbt_model_id.5fb22c2710, now test.empty_lots.unique_my_first_dbt_model_id.16e066b321)
[0m16:49:36.451306 [debug] [Thread-1 (]: Began compiling node test.empty_lots.unique_my_first_dbt_model_id.16e066b321
[0m16:49:36.455755 [debug] [Thread-1 (]: Writing injected SQL for node "test.empty_lots.unique_my_first_dbt_model_id.16e066b321"
[0m16:49:36.456502 [debug] [Thread-1 (]: Began executing node test.empty_lots.unique_my_first_dbt_model_id.16e066b321
[0m16:49:36.456806 [debug] [Thread-1 (]: Opening a new connection, currently in state closed
[0m16:49:36.457998 [debug] [Thread-1 (]: Finished running node test.empty_lots.unique_my_first_dbt_model_id.16e066b321
[0m16:49:36.458274 [debug] [Thread-1 (]: Began running node test.empty_lots.not_null_my_second_dbt_model_id.151b76d778
[0m16:49:36.458547 [debug] [Thread-1 (]: Re-using an available connection from the pool (formerly test.empty_lots.unique_my_first_dbt_model_id.16e066b321, now test.empty_lots.not_null_my_second_dbt_model_id.151b76d778)
[0m16:49:36.458777 [debug] [Thread-1 (]: Began compiling node test.empty_lots.not_null_my_second_dbt_model_id.151b76d778
[0m16:49:36.461736 [debug] [Thread-1 (]: Writing injected SQL for node "test.empty_lots.not_null_my_second_dbt_model_id.151b76d778"
[0m16:49:36.462942 [debug] [Thread-1 (]: Began executing node test.empty_lots.not_null_my_second_dbt_model_id.151b76d778
[0m16:49:36.463223 [debug] [Thread-1 (]: Opening a new connection, currently in state closed
[0m16:49:36.464382 [debug] [Thread-1 (]: Finished running node test.empty_lots.not_null_my_second_dbt_model_id.151b76d778
[0m16:49:36.464639 [debug] [Thread-1 (]: Began running node test.empty_lots.unique_my_second_dbt_model_id.57a0f8c493
[0m16:49:36.464894 [debug] [Thread-1 (]: Re-using an available connection from the pool (formerly test.empty_lots.not_null_my_second_dbt_model_id.151b76d778, now test.empty_lots.unique_my_second_dbt_model_id.57a0f8c493)
[0m16:49:36.465108 [debug] [Thread-1 (]: Began compiling node test.empty_lots.unique_my_second_dbt_model_id.57a0f8c493
[0m16:49:36.467569 [debug] [Thread-1 (]: Writing injected SQL for node "test.empty_lots.unique_my_second_dbt_model_id.57a0f8c493"
[0m16:49:36.468118 [debug] [Thread-1 (]: Began executing node test.empty_lots.unique_my_second_dbt_model_id.57a0f8c493
[0m16:49:36.468345 [debug] [Thread-1 (]: Opening a new connection, currently in state closed
[0m16:49:36.469380 [debug] [Thread-1 (]: Finished running node test.empty_lots.unique_my_second_dbt_model_id.57a0f8c493
[0m16:49:36.470101 [debug] [MainThread]: Connection 'master' was properly closed.
[0m16:49:36.470292 [debug] [MainThread]: Connection 'test.empty_lots.unique_my_second_dbt_model_id.57a0f8c493' was properly closed.
[0m16:49:36.471011 [debug] [MainThread]: Command end result
[0m16:49:36.511812 [debug] [MainThread]: Wrote artifact WritableManifest to /Users/adrianparsons/Documents/programming/empty-lots/empty.nyc/dbt/empty_lots/target/manifest.json
[0m16:49:36.513840 [debug] [MainThread]: Wrote artifact SemanticManifest to /Users/adrianparsons/Documents/programming/empty-lots/empty.nyc/dbt/empty_lots/target/semantic_manifest.json
[0m16:49:36.517886 [debug] [MainThread]: Wrote artifact RunExecutionResult to /Users/adrianparsons/Documents/programming/empty-lots/empty.nyc/dbt/empty_lots/target/run_results.json
[0m16:49:36.521695 [debug] [MainThread]: Acquiring new bigquery connection 'generate_catalog'
[0m16:49:36.521926 [info ] [MainThread]: Building catalog
[0m16:49:36.524369 [debug] [ThreadPool]: Acquiring new bigquery connection 'empty-lots.information_schema'
[0m16:49:36.535144 [debug] [ThreadPool]: On empty-lots.information_schema: /* {"app": "dbt", "dbt_version": "1.10.13", "profile_name": "empty_lots", "target_name": "dev", "connection_name": "empty-lots.information_schema"} */

    with
                table_shards_stage as (
    select
        tables.project_id as table_catalog,
        tables.dataset_id as table_schema,
        coalesce(REGEXP_EXTRACT(tables.table_id, '^(.+)[0-9]{8}$'), tables.table_id) as table_name,
        tables.table_id as shard_name,
        REGEXP_EXTRACT(tables.table_id, '^.+([0-9]{8})$') as shard_index,
        REGEXP_CONTAINS(tables.table_id, '^.+[0-9]{8}$') and tables.type = 1 as is_date_shard,
        case
            when materialized_views.table_name is not null then 'materialized view'
            when tables.type = 1 then 'table'
            when tables.type = 2 then 'view'
            else 'external'
        end as table_type,
        tables.type = 1 as is_table,
        JSON_VALUE(table_description.option_value) as table_comment,
        tables.size_bytes,
        tables.row_count
    from `empty-lots`.`nyc_pluto_historical`.__TABLES__ tables
    left join `empty-lots`.`nyc_pluto_historical`.INFORMATION_SCHEMA.MATERIALIZED_VIEWS materialized_views
        on materialized_views.table_catalog = tables.project_id
        and materialized_views.table_schema = tables.dataset_id
        and materialized_views.table_name = tables.table_id
    left join `empty-lots`.`nyc_pluto_historical`.INFORMATION_SCHEMA.TABLE_OPTIONS table_description
        on table_description.table_catalog = tables.project_id
        and table_description.table_schema = tables.dataset_id
        and table_description.table_name = tables.table_id
        and table_description.option_name = 'description'
),
                table_shards as (
                    select * from table_shards_stage
                    where ((
                                upper(table_schema) = upper('nyc_pluto_historical')
                            and upper(table_name) = upper('my_second_dbt_model')
                            ) or (
                                upper(table_schema) = upper('nyc_pluto_historical')
                            and upper(table_name) = upper('my_first_dbt_model')
                            ) or (
                                upper(table_schema) = upper('nyc_pluto_historical')
                            and upper(table_name) = upper('stg_lots')
                            ))
                ),
                tables as (
    select distinct
        table_catalog,
        table_schema,
        table_name,
        is_date_shard,
        table_type,
        is_table,
        table_comment
    from table_shards
),
                table_stats as (
    select
        table_catalog,
        table_schema,
        table_name,
        max(shard_name) as latest_shard_name,
        min(shard_index) as shard_min,
        max(shard_index) as shard_max,
        count(shard_index) as shard_count,
        sum(size_bytes) as size_bytes,
        sum(row_count) as row_count
    from table_shards
    group by 1, 2, 3
),

                columns as (
    select
        columns.table_catalog,
        columns.table_schema,
        columns.table_name as shard_name,
        coalesce(paths.field_path, '<unknown>') as column_name,
        -- invent a row number to account for nested fields
        -- BQ does not treat these nested properties as independent fields
        row_number() over (
            partition by
                columns.table_catalog,
                columns.table_schema,
                columns.table_name
            order by
                columns.ordinal_position,
                paths.field_path
        ) as column_index,
        coalesce(paths.data_type, '<unknown>') as column_type,
        paths.description as column_comment,
        case when columns.is_partitioning_column = 'YES' then 1 else 0 end as is_partitioning_column,
        case when columns.is_partitioning_column = 'YES' then paths.field_path end as partition_column,
        case when columns.clustering_ordinal_position is not null then 1 else 0 end as is_clustering_column,
        case when columns.clustering_ordinal_position is not null then paths.field_path end as cluster_column,
        columns.clustering_ordinal_position
    from `empty-lots`.`nyc_pluto_historical`.INFORMATION_SCHEMA.COLUMNS columns
    join `empty-lots`.`nyc_pluto_historical`.INFORMATION_SCHEMA.COLUMN_FIELD_PATHS paths
        on paths.table_catalog = columns.table_catalog
        and paths.table_schema = columns.table_schema
        and paths.table_name = columns.table_name
        and paths.column_name = columns.column_name
    where columns.ordinal_position is not null
),
                column_stats as (
    select
        table_catalog,
        table_schema,
        shard_name,
        max(is_partitioning_column) = 1 as is_partitioned,
        max(partition_column) as partition_column,
        max(is_clustering_column) = 1 as is_clustered,
        array_to_string(
            array_agg(
                cluster_column ignore nulls
                order by clustering_ordinal_position
            ), ', '
        ) as clustering_columns
    from columns
    group by 1, 2, 3
)

            
    select
        tables.table_catalog as table_database,
        tables.table_schema,
        case
            when tables.is_date_shard then concat(tables.table_name, '*')
            else tables.table_name
        end as table_name,
        tables.table_type,
        tables.table_comment,
        -- coalesce column metadata fields to ensure they are non-null for catalog generation
        -- external table columns are not present in COLUMN_FIELD_PATHS
        coalesce(columns.column_name, '<unknown>') as column_name,
        coalesce(columns.column_index, 1) as column_index,
        coalesce(columns.column_type, '<unknown>') as column_type,
        coalesce(columns.column_comment, '') as column_comment,

        'Shard count' as `stats__date_shards__label`,
        table_stats.shard_count as `stats__date_shards__value`,
        'The number of date shards in this table' as `stats__date_shards__description`,
        tables.is_date_shard as `stats__date_shards__include`,

        'Shard (min)' as `stats__date_shard_min__label`,
        table_stats.shard_min as `stats__date_shard_min__value`,
        'The first date shard in this table' as `stats__date_shard_min__description`,
        tables.is_date_shard as `stats__date_shard_min__include`,

        'Shard (max)' as `stats__date_shard_max__label`,
        table_stats.shard_max as `stats__date_shard_max__value`,
        'The last date shard in this table' as `stats__date_shard_max__description`,
        tables.is_date_shard as `stats__date_shard_max__include`,

        '# Rows' as `stats__num_rows__label`,
        table_stats.row_count as `stats__num_rows__value`,
        'Approximate count of rows in this table' as `stats__num_rows__description`,
        tables.is_table as `stats__num_rows__include`,

        'Approximate Size' as `stats__num_bytes__label`,
        table_stats.size_bytes as `stats__num_bytes__value`,
        'Approximate size of table as reported by BigQuery' as `stats__num_bytes__description`,
        tables.is_table as `stats__num_bytes__include`,

        'Partitioned By' as `stats__partitioning_type__label`,
        column_stats.partition_column as `stats__partitioning_type__value`,
        'The partitioning column for this table' as `stats__partitioning_type__description`,
        column_stats.is_partitioned as `stats__partitioning_type__include`,

        'Clustered By' as `stats__clustering_fields__label`,
        column_stats.clustering_columns as `stats__clustering_fields__value`,
        'The clustering columns for this table' as `stats__clustering_fields__description`,
        column_stats.is_clustered as `stats__clustering_fields__include`

    from tables
    join table_stats
        on table_stats.table_catalog = tables.table_catalog
        and table_stats.table_schema = tables.table_schema
        and table_stats.table_name = tables.table_name
    left join column_stats
        on column_stats.table_catalog = tables.table_catalog
        and column_stats.table_schema = tables.table_schema
        and column_stats.shard_name = table_stats.latest_shard_name
    left join columns
        on columns.table_catalog = tables.table_catalog
        and columns.table_schema = tables.table_schema
        and columns.shard_name = table_stats.latest_shard_name

  
[0m16:49:36.535817 [debug] [ThreadPool]: Opening a new connection, currently in state init
[0m16:49:37.128399 [debug] [ThreadPool]: BigQuery adapter: https://console.cloud.google.com/bigquery?project=empty-lots&j=bq:US:6ed49165-d2aa-4954-99c1-7e9e4295e382&page=queryresults
[0m16:49:37.130377 [error] [ThreadPool]: BigQuery adapter: https://console.cloud.google.com/bigquery?project=empty-lots&j=bq:US:6ed49165-d2aa-4954-99c1-7e9e4295e382&page=queryresults
[0m16:49:37.131803 [debug] [ThreadPool]: BigQuery adapter: Unhandled error while running:
macro get_catalog_relations
[0m16:49:37.132563 [debug] [ThreadPool]: BigQuery adapter: Database Error
  Not found: Dataset empty-lots:nyc_pluto_historical was not found in location US
[0m16:49:37.137857 [warn ] [MainThread]: Encountered an error while generating catalog: Database Error
  Not found: Dataset empty-lots:nyc_pluto_historical was not found in location US
[0m16:49:37.139082 [debug] [MainThread]: Opening a new connection, currently in state init
[0m16:49:37.147549 [debug] [MainThread]: Wrote artifact CatalogArtifact to /Users/adrianparsons/Documents/programming/empty-lots/empty.nyc/dbt/empty_lots/target/catalog.json
[0m16:49:37.177548 [debug] [MainThread]: Wrote artifact WritableManifest to /Users/adrianparsons/Documents/programming/empty-lots/empty.nyc/dbt/empty_lots/target/manifest.json
[0m16:49:37.180123 [debug] [MainThread]: Wrote artifact SemanticManifest to /Users/adrianparsons/Documents/programming/empty-lots/empty.nyc/dbt/empty_lots/target/semantic_manifest.json
[0m16:49:37.180503 [error] [MainThread]: dbt encountered 1 failure while writing the catalog
[0m16:49:37.180827 [info ] [MainThread]: Catalog written to /Users/adrianparsons/Documents/programming/empty-lots/empty.nyc/dbt/empty_lots/target/catalog.json
[0m16:49:37.186236 [debug] [MainThread]: Resource report: {"command_name": "generate", "command_success": false, "command_wall_clock_time": 3.442342, "process_in_blocks": "0", "process_kernel_time": 0.48543, "process_mem_max_rss": "364036096", "process_out_blocks": "0", "process_user_time": 2.399437}
[0m16:49:37.186797 [debug] [MainThread]: Command `dbt docs generate` failed at 16:49:37.186700 after 3.44 seconds
[0m16:49:37.187144 [debug] [MainThread]: Connection 'generate_catalog' was properly closed.
[0m16:49:37.187403 [debug] [MainThread]: Connection 'empty-lots.information_schema' was properly closed.
[0m16:49:37.187690 [debug] [MainThread]: Flushing usage events
[0m16:51:32.464456 [debug] [MainThread]: Got an exception trying to initialize tracking


============================== 16:51:32.482698 | 12115344-c75a-4196-994e-a245df6bd7ab ==============================
[0m16:51:32.482698 [info ] [MainThread]: Running with dbt=1.10.13
[0m16:51:32.483383 [debug] [MainThread]: running dbt with arguments {'log_cache_events': 'False', 'debug': 'False', 'version_check': 'True', 'target_path': 'None', 'indirect_selection': 'eager', 'printer_width': '80', 'warn_error': 'None', 'profiles_dir': '/Users/adrianparsons/.dbt', 'warn_error_options': 'WarnErrorOptionsV2(error=[], warn=[], silence=[])', 'static_parser': 'True', 'partial_parse': 'True', 'cache_selected_only': 'False', 'log_path': '/Users/adrianparsons/Documents/programming/empty-lots/empty.nyc/dbt/empty_lots/logs', 'invocation_command': 'dbt compile', 'introspect': 'True', 'log_format': 'default', 'quiet': 'False', 'send_anonymous_usage_stats': 'True', 'no_print': 'None', 'use_colors': 'True', 'empty': 'False', 'use_experimental_parser': 'False', 'write_json': 'True', 'fail_fast': 'False'}
[0m16:51:34.355678 [info ] [MainThread]: Registered adapter: bigquery=1.10.2
[0m16:51:34.500013 [debug] [MainThread]: checksum: 9f0c81e2574b4ff463f3d16d080df83c6982fc0372c9feeacae0504ac9ea3ffe, vars: {}, profile: , target: , version: 1.10.13
[0m16:51:34.545433 [info ] [MainThread]: Unable to do partial parsing because profile has changed
[0m16:51:35.249616 [debug] [MainThread]: Wrote artifact WritableManifest to /Users/adrianparsons/Documents/programming/empty-lots/empty.nyc/dbt/empty_lots/target/manifest.json
[0m16:51:35.251234 [debug] [MainThread]: Wrote artifact SemanticManifest to /Users/adrianparsons/Documents/programming/empty-lots/empty.nyc/dbt/empty_lots/target/semantic_manifest.json
[0m16:51:35.263311 [info ] [MainThread]: Found 3 models, 4 data tests, 508 macros
[0m16:51:35.264346 [info ] [MainThread]: 
[0m16:51:35.264557 [info ] [MainThread]: Concurrency: 1 threads (target='dev')
[0m16:51:35.264725 [info ] [MainThread]: 
[0m16:51:35.264998 [debug] [MainThread]: Acquiring new bigquery connection 'master'
[0m16:51:35.266952 [debug] [ThreadPool]: Acquiring new bigquery connection 'list_empty-lots_nyc_pluto_historical'
[0m16:51:35.267177 [debug] [ThreadPool]: Opening a new connection, currently in state init
[0m16:51:35.634683 [debug] [MainThread]: Opening a new connection, currently in state init
[0m16:51:35.641078 [debug] [Thread-1 (]: Began running node model.empty_lots.my_first_dbt_model
[0m16:51:35.641998 [debug] [Thread-1 (]: Re-using an available connection from the pool (formerly list_empty-lots_nyc_pluto_historical, now model.empty_lots.my_first_dbt_model)
[0m16:51:35.642677 [debug] [Thread-1 (]: Began compiling node model.empty_lots.my_first_dbt_model
[0m16:51:35.653677 [debug] [Thread-1 (]: Writing injected SQL for node "model.empty_lots.my_first_dbt_model"
[0m16:51:35.655038 [debug] [Thread-1 (]: Began executing node model.empty_lots.my_first_dbt_model
[0m16:51:35.655580 [debug] [Thread-1 (]: Opening a new connection, currently in state closed
[0m16:51:35.658379 [debug] [Thread-1 (]: Finished running node model.empty_lots.my_first_dbt_model
[0m16:51:35.658937 [debug] [Thread-1 (]: Began running node model.empty_lots.stg_lots
[0m16:51:35.659705 [debug] [Thread-1 (]: Re-using an available connection from the pool (formerly model.empty_lots.my_first_dbt_model, now model.empty_lots.stg_lots)
[0m16:51:35.660219 [debug] [Thread-1 (]: Began compiling node model.empty_lots.stg_lots
[0m16:51:35.664774 [debug] [Thread-1 (]: Writing injected SQL for node "model.empty_lots.stg_lots"
[0m16:51:35.666097 [debug] [Thread-1 (]: Began executing node model.empty_lots.stg_lots
[0m16:51:35.666579 [debug] [Thread-1 (]: Opening a new connection, currently in state closed
[0m16:51:35.668577 [debug] [Thread-1 (]: Finished running node model.empty_lots.stg_lots
[0m16:51:35.669018 [debug] [Thread-1 (]: Began running node model.empty_lots.my_second_dbt_model
[0m16:51:35.669513 [debug] [Thread-1 (]: Re-using an available connection from the pool (formerly model.empty_lots.stg_lots, now model.empty_lots.my_second_dbt_model)
[0m16:51:35.669887 [debug] [Thread-1 (]: Began compiling node model.empty_lots.my_second_dbt_model
[0m16:51:35.672637 [debug] [Thread-1 (]: Writing injected SQL for node "model.empty_lots.my_second_dbt_model"
[0m16:51:35.673662 [debug] [Thread-1 (]: Began executing node model.empty_lots.my_second_dbt_model
[0m16:51:35.674072 [debug] [Thread-1 (]: Opening a new connection, currently in state closed
[0m16:51:35.675810 [debug] [Thread-1 (]: Finished running node model.empty_lots.my_second_dbt_model
[0m16:51:35.676219 [debug] [Thread-1 (]: Began running node test.empty_lots.not_null_my_first_dbt_model_id.5fb22c2710
[0m16:51:35.676823 [debug] [Thread-1 (]: Re-using an available connection from the pool (formerly model.empty_lots.my_second_dbt_model, now test.empty_lots.not_null_my_first_dbt_model_id.5fb22c2710)
[0m16:51:35.677348 [debug] [Thread-1 (]: Began compiling node test.empty_lots.not_null_my_first_dbt_model_id.5fb22c2710
[0m16:51:35.687694 [debug] [Thread-1 (]: Writing injected SQL for node "test.empty_lots.not_null_my_first_dbt_model_id.5fb22c2710"
[0m16:51:35.688955 [debug] [Thread-1 (]: Began executing node test.empty_lots.not_null_my_first_dbt_model_id.5fb22c2710
[0m16:51:35.689264 [debug] [Thread-1 (]: Opening a new connection, currently in state closed
[0m16:51:35.690780 [debug] [Thread-1 (]: Finished running node test.empty_lots.not_null_my_first_dbt_model_id.5fb22c2710
[0m16:51:35.691126 [debug] [Thread-1 (]: Began running node test.empty_lots.unique_my_first_dbt_model_id.16e066b321
[0m16:51:35.691468 [debug] [Thread-1 (]: Re-using an available connection from the pool (formerly test.empty_lots.not_null_my_first_dbt_model_id.5fb22c2710, now test.empty_lots.unique_my_first_dbt_model_id.16e066b321)
[0m16:51:35.692028 [debug] [Thread-1 (]: Began compiling node test.empty_lots.unique_my_first_dbt_model_id.16e066b321
[0m16:51:35.697053 [debug] [Thread-1 (]: Writing injected SQL for node "test.empty_lots.unique_my_first_dbt_model_id.16e066b321"
[0m16:51:35.698117 [debug] [Thread-1 (]: Began executing node test.empty_lots.unique_my_first_dbt_model_id.16e066b321
[0m16:51:35.698388 [debug] [Thread-1 (]: Opening a new connection, currently in state closed
[0m16:51:35.699679 [debug] [Thread-1 (]: Finished running node test.empty_lots.unique_my_first_dbt_model_id.16e066b321
[0m16:51:35.699952 [debug] [Thread-1 (]: Began running node test.empty_lots.not_null_my_second_dbt_model_id.151b76d778
[0m16:51:35.700232 [debug] [Thread-1 (]: Re-using an available connection from the pool (formerly test.empty_lots.unique_my_first_dbt_model_id.16e066b321, now test.empty_lots.not_null_my_second_dbt_model_id.151b76d778)
[0m16:51:35.700470 [debug] [Thread-1 (]: Began compiling node test.empty_lots.not_null_my_second_dbt_model_id.151b76d778
[0m16:51:35.703531 [debug] [Thread-1 (]: Writing injected SQL for node "test.empty_lots.not_null_my_second_dbt_model_id.151b76d778"
[0m16:51:35.704174 [debug] [Thread-1 (]: Began executing node test.empty_lots.not_null_my_second_dbt_model_id.151b76d778
[0m16:51:35.704432 [debug] [Thread-1 (]: Opening a new connection, currently in state closed
[0m16:51:35.705651 [debug] [Thread-1 (]: Finished running node test.empty_lots.not_null_my_second_dbt_model_id.151b76d778
[0m16:51:35.705915 [debug] [Thread-1 (]: Began running node test.empty_lots.unique_my_second_dbt_model_id.57a0f8c493
[0m16:51:35.706171 [debug] [Thread-1 (]: Re-using an available connection from the pool (formerly test.empty_lots.not_null_my_second_dbt_model_id.151b76d778, now test.empty_lots.unique_my_second_dbt_model_id.57a0f8c493)
[0m16:51:35.706531 [debug] [Thread-1 (]: Began compiling node test.empty_lots.unique_my_second_dbt_model_id.57a0f8c493
[0m16:51:35.710170 [debug] [Thread-1 (]: Writing injected SQL for node "test.empty_lots.unique_my_second_dbt_model_id.57a0f8c493"
[0m16:51:35.710830 [debug] [Thread-1 (]: Began executing node test.empty_lots.unique_my_second_dbt_model_id.57a0f8c493
[0m16:51:35.711076 [debug] [Thread-1 (]: Opening a new connection, currently in state closed
[0m16:51:35.712235 [debug] [Thread-1 (]: Finished running node test.empty_lots.unique_my_second_dbt_model_id.57a0f8c493
[0m16:51:35.713077 [debug] [MainThread]: Connection 'master' was properly closed.
[0m16:51:35.713336 [debug] [MainThread]: Connection 'test.empty_lots.unique_my_second_dbt_model_id.57a0f8c493' was properly closed.
[0m16:51:35.714146 [debug] [MainThread]: Command end result
[0m16:51:35.729205 [debug] [MainThread]: Wrote artifact WritableManifest to /Users/adrianparsons/Documents/programming/empty-lots/empty.nyc/dbt/empty_lots/target/manifest.json
[0m16:51:35.730448 [debug] [MainThread]: Wrote artifact SemanticManifest to /Users/adrianparsons/Documents/programming/empty-lots/empty.nyc/dbt/empty_lots/target/semantic_manifest.json
[0m16:51:35.734080 [debug] [MainThread]: Wrote artifact RunExecutionResult to /Users/adrianparsons/Documents/programming/empty-lots/empty.nyc/dbt/empty_lots/target/run_results.json
[0m16:51:35.737130 [debug] [MainThread]: Resource report: {"command_name": "compile", "command_success": true, "command_wall_clock_time": 3.2998347, "process_in_blocks": "0", "process_kernel_time": 0.472899, "process_mem_max_rss": "368984064", "process_out_blocks": "0", "process_user_time": 2.789631}
[0m16:51:35.737435 [debug] [MainThread]: Command `dbt compile` succeeded at 16:51:35.737386 after 3.30 seconds
[0m16:51:35.737640 [debug] [MainThread]: Flushing usage events
[0m16:51:39.613761 [debug] [MainThread]: Got an exception trying to initialize tracking


============================== 16:51:39.630207 | 5139f8f3-90ed-45eb-95e5-9bd759ee9ac1 ==============================
[0m16:51:39.630207 [info ] [MainThread]: Running with dbt=1.10.13
[0m16:51:39.630867 [debug] [MainThread]: running dbt with arguments {'use_colors': 'True', 'log_format': 'default', 'log_path': '/Users/adrianparsons/Documents/programming/empty-lots/empty.nyc/dbt/empty_lots/logs', 'write_json': 'True', 'use_experimental_parser': 'False', 'cache_selected_only': 'False', 'warn_error': 'None', 'profiles_dir': '/Users/adrianparsons/.dbt', 'log_cache_events': 'False', 'introspect': 'True', 'invocation_command': 'dbt run', 'send_anonymous_usage_stats': 'True', 'version_check': 'True', 'empty': 'False', 'indirect_selection': 'eager', 'warn_error_options': 'WarnErrorOptionsV2(error=[], warn=[], silence=[])', 'no_print': 'None', 'partial_parse': 'True', 'printer_width': '80', 'debug': 'False', 'target_path': 'None', 'quiet': 'False', 'fail_fast': 'False', 'static_parser': 'True'}
[0m16:51:41.204784 [info ] [MainThread]: Registered adapter: bigquery=1.10.2
[0m16:51:41.346153 [debug] [MainThread]: checksum: 9f0c81e2574b4ff463f3d16d080df83c6982fc0372c9feeacae0504ac9ea3ffe, vars: {}, profile: , target: , version: 1.10.13
[0m16:51:41.497575 [debug] [MainThread]: Partial parsing enabled: 0 files deleted, 0 files added, 0 files changed.
[0m16:51:41.497882 [debug] [MainThread]: Partial parsing enabled, no changes found, skipping parsing
[0m16:51:41.551947 [debug] [MainThread]: Wrote artifact WritableManifest to /Users/adrianparsons/Documents/programming/empty-lots/empty.nyc/dbt/empty_lots/target/manifest.json
[0m16:51:41.553231 [debug] [MainThread]: Wrote artifact SemanticManifest to /Users/adrianparsons/Documents/programming/empty-lots/empty.nyc/dbt/empty_lots/target/semantic_manifest.json
[0m16:51:41.564962 [info ] [MainThread]: Found 3 models, 4 data tests, 508 macros
[0m16:51:41.565957 [info ] [MainThread]: 
[0m16:51:41.566181 [info ] [MainThread]: Concurrency: 1 threads (target='dev')
[0m16:51:41.566359 [info ] [MainThread]: 
[0m16:51:41.566639 [debug] [MainThread]: Acquiring new bigquery connection 'master'
[0m16:51:41.568672 [debug] [ThreadPool]: Acquiring new bigquery connection 'list_empty-lots'
[0m16:51:41.568917 [debug] [ThreadPool]: Opening a new connection, currently in state init
[0m16:51:42.044028 [debug] [ThreadPool]: Re-using an available connection from the pool (formerly list_empty-lots, now list_empty-lots_nyc_pluto_historical)
[0m16:51:42.045859 [debug] [ThreadPool]: Opening a new connection, currently in state closed
[0m16:51:42.429023 [debug] [MainThread]: Opening a new connection, currently in state init
[0m16:51:42.436103 [debug] [Thread-1 (]: Began running node model.empty_lots.my_first_dbt_model
[0m16:51:42.437185 [info ] [Thread-1 (]: 1 of 3 START sql table model nyc_pluto_historical.my_first_dbt_model ........... [RUN]
[0m16:51:42.437973 [debug] [Thread-1 (]: Re-using an available connection from the pool (formerly list_empty-lots_nyc_pluto_historical, now model.empty_lots.my_first_dbt_model)
[0m16:51:42.438558 [debug] [Thread-1 (]: Began compiling node model.empty_lots.my_first_dbt_model
[0m16:51:42.451425 [debug] [Thread-1 (]: Writing injected SQL for node "model.empty_lots.my_first_dbt_model"
[0m16:51:42.452826 [debug] [Thread-1 (]: Began executing node model.empty_lots.my_first_dbt_model
[0m16:51:42.492031 [debug] [Thread-1 (]: Writing runtime sql for node "model.empty_lots.my_first_dbt_model"
[0m16:51:42.493071 [debug] [Thread-1 (]: On model.empty_lots.my_first_dbt_model: /* {"app": "dbt", "dbt_version": "1.10.13", "profile_name": "empty_lots", "target_name": "dev", "node_id": "model.empty_lots.my_first_dbt_model"} */

  
    

    create or replace table `empty-lots`.`nyc_pluto_historical`.`my_first_dbt_model`
      
    
    

    
    OPTIONS()
    as (
      /*
    Welcome to your first dbt model!
    Did you know that you can also configure models directly within SQL files?
    This will override configurations stated in dbt_project.yml

    Try changing "table" to "view" below
*/



with source_data as (

    select 1 as id
    union all
    select null as id

)

select *
from source_data

/*
    Uncomment the line below to remove records with null `id` values
*/

-- where id is not null
    );
  
[0m16:51:42.493509 [debug] [Thread-1 (]: Opening a new connection, currently in state closed
[0m16:51:42.679626 [error] [Thread-1 (]: BigQuery adapter: https://console.cloud.google.com/bigquery?project=empty-lots&j=bq:us-east-4:556e0fc4-dfe9-4aed-92fb-f4f254cd8462&page=queryresults
[0m16:51:42.690780 [debug] [Thread-1 (]: Database Error in model my_first_dbt_model (models/example/my_first_dbt_model.sql)
  Location us-east-4 does not support this operation.
  compiled code at target/run/empty_lots/models/example/my_first_dbt_model.sql
[0m16:51:42.692662 [error] [Thread-1 (]: 1 of 3 ERROR creating sql table model nyc_pluto_historical.my_first_dbt_model .. [[31mERROR[0m in 0.25s]
[0m16:51:42.693261 [debug] [Thread-1 (]: Finished running node model.empty_lots.my_first_dbt_model
[0m16:51:42.693563 [debug] [Thread-1 (]: Began running node model.empty_lots.stg_lots
[0m16:51:42.693880 [debug] [Thread-4 (]: Marking all children of 'model.empty_lots.my_first_dbt_model' to be skipped because of status 'error'.  Reason: Database Error in model my_first_dbt_model (models/example/my_first_dbt_model.sql)
  Location us-east-4 does not support this operation.
  compiled code at target/run/empty_lots/models/example/my_first_dbt_model.sql.
[0m16:51:42.694278 [info ] [Thread-1 (]: 2 of 3 START sql table model nyc_pluto_historical.stg_lots ..................... [RUN]
[0m16:51:42.695771 [debug] [Thread-1 (]: Re-using an available connection from the pool (formerly model.empty_lots.my_first_dbt_model, now model.empty_lots.stg_lots)
[0m16:51:42.697459 [debug] [Thread-1 (]: Began compiling node model.empty_lots.stg_lots
[0m16:51:42.699490 [debug] [Thread-1 (]: Writing injected SQL for node "model.empty_lots.stg_lots"
[0m16:51:42.700107 [debug] [Thread-1 (]: Began executing node model.empty_lots.stg_lots
[0m16:51:42.701998 [debug] [Thread-1 (]: Writing runtime sql for node "model.empty_lots.stg_lots"
[0m16:51:42.702724 [debug] [Thread-1 (]: On model.empty_lots.stg_lots: /* {"app": "dbt", "dbt_version": "1.10.13", "profile_name": "empty_lots", "target_name": "dev", "node_id": "model.empty_lots.stg_lots"} */

  
    

    create or replace table `empty-lots`.`nyc_pluto_historical`.`stg_lots`
      
    
    

    
    OPTIONS()
    as (
      /*
    Welcome to your first dbt model!
    Did you know that you can also configure models directly within SQL files?
    This will override configurations stated in dbt_project.yml

    Try changing "table" to "view" below
*/



with source_data as (

    select 1 as id
    union all
    select null as id

)

select *
from source_data

/*
    Uncomment the line below to remove records with null `id` values
*/

-- where id is not null
    );
  
[0m16:51:42.703074 [debug] [Thread-1 (]: Opening a new connection, currently in state closed
[0m16:51:42.924263 [error] [Thread-1 (]: BigQuery adapter: https://console.cloud.google.com/bigquery?project=empty-lots&j=bq:us-east-4:b062d7af-402e-4901-9fbc-06bd7be4fecd&page=queryresults
[0m16:51:42.929529 [debug] [Thread-1 (]: Database Error in model stg_lots (models/staging/stg_lots.sql)
  Location us-east-4 does not support this operation.
  compiled code at target/run/empty_lots/models/staging/stg_lots.sql
[0m16:51:42.930350 [error] [Thread-1 (]: 2 of 3 ERROR creating sql table model nyc_pluto_historical.stg_lots ............ [[31mERROR[0m in 0.23s]
[0m16:51:42.930905 [debug] [Thread-1 (]: Finished running node model.empty_lots.stg_lots
[0m16:51:42.931283 [debug] [Thread-1 (]: Began running node model.empty_lots.my_second_dbt_model
[0m16:51:42.931724 [debug] [Thread-4 (]: Marking all children of 'model.empty_lots.stg_lots' to be skipped because of status 'error'.  Reason: Database Error in model stg_lots (models/staging/stg_lots.sql)
  Location us-east-4 does not support this operation.
  compiled code at target/run/empty_lots/models/staging/stg_lots.sql.
[0m16:51:42.932206 [info ] [Thread-1 (]: 3 of 3 SKIP relation nyc_pluto_historical.my_second_dbt_model .................. [[33mSKIP[0m]
[0m16:51:42.932757 [debug] [Thread-1 (]: Finished running node model.empty_lots.my_second_dbt_model
[0m16:51:42.933700 [debug] [MainThread]: Opening a new connection, currently in state closed
[0m16:51:42.935040 [debug] [MainThread]: Connection 'master' was properly closed.
[0m16:51:42.935302 [debug] [MainThread]: Connection 'model.empty_lots.stg_lots' was properly closed.
[0m16:51:42.935594 [info ] [MainThread]: 
[0m16:51:42.935856 [info ] [MainThread]: Finished running 2 table models, 1 view model in 0 hours 0 minutes and 1.37 seconds (1.37s).
[0m16:51:42.936480 [debug] [MainThread]: Command end result
[0m16:51:42.954060 [debug] [MainThread]: Wrote artifact WritableManifest to /Users/adrianparsons/Documents/programming/empty-lots/empty.nyc/dbt/empty_lots/target/manifest.json
[0m16:51:42.955300 [debug] [MainThread]: Wrote artifact SemanticManifest to /Users/adrianparsons/Documents/programming/empty-lots/empty.nyc/dbt/empty_lots/target/semantic_manifest.json
[0m16:51:42.959092 [debug] [MainThread]: Wrote artifact RunExecutionResult to /Users/adrianparsons/Documents/programming/empty-lots/empty.nyc/dbt/empty_lots/target/run_results.json
[0m16:51:42.959337 [info ] [MainThread]: 
[0m16:51:42.959571 [info ] [MainThread]: [31mCompleted with 2 errors, 0 partial successes, and 0 warnings:[0m
[0m16:51:42.959775 [info ] [MainThread]: 
[0m16:51:42.960013 [error] [MainThread]: [31mFailure in model my_first_dbt_model (models/example/my_first_dbt_model.sql)[0m
[0m16:51:42.960281 [error] [MainThread]:   Database Error in model my_first_dbt_model (models/example/my_first_dbt_model.sql)
  Location us-east-4 does not support this operation.
  compiled code at target/run/empty_lots/models/example/my_first_dbt_model.sql
[0m16:51:42.960688 [info ] [MainThread]: 
[0m16:51:42.960928 [info ] [MainThread]:   compiled code at target/compiled/empty_lots/models/example/my_first_dbt_model.sql
[0m16:51:42.961116 [info ] [MainThread]: 
[0m16:51:42.961327 [error] [MainThread]: [31mFailure in model stg_lots (models/staging/stg_lots.sql)[0m
[0m16:51:42.961537 [error] [MainThread]:   Database Error in model stg_lots (models/staging/stg_lots.sql)
  Location us-east-4 does not support this operation.
  compiled code at target/run/empty_lots/models/staging/stg_lots.sql
[0m16:51:42.961717 [info ] [MainThread]: 
[0m16:51:42.961913 [info ] [MainThread]:   compiled code at target/compiled/empty_lots/models/staging/stg_lots.sql
[0m16:51:42.962079 [info ] [MainThread]: 
[0m16:51:42.962271 [info ] [MainThread]: Done. PASS=0 WARN=0 ERROR=2 SKIP=1 NO-OP=0 TOTAL=3
[0m16:51:42.965159 [debug] [MainThread]: Resource report: {"command_name": "run", "command_success": false, "command_wall_clock_time": 3.3779943, "process_in_blocks": "0", "process_kernel_time": 0.406127, "process_mem_max_rss": "362856448", "process_out_blocks": "0", "process_user_time": 2.556025}
[0m16:51:42.965517 [debug] [MainThread]: Command `dbt run` failed at 16:51:42.965460 after 3.38 seconds
[0m16:51:42.965750 [debug] [MainThread]: Flushing usage events
[0m16:52:06.310025 [debug] [MainThread]: Got an exception trying to initialize tracking


============================== 16:52:06.326171 | 7e3d25aa-c427-4427-ab1c-3d84de180857 ==============================
[0m16:52:06.326171 [info ] [MainThread]: Running with dbt=1.10.13
[0m16:52:06.326810 [debug] [MainThread]: running dbt with arguments {'cache_selected_only': 'False', 'warn_error_options': 'WarnErrorOptionsV2(error=[], warn=[], silence=[])', 'empty': 'None', 'partial_parse': 'True', 'static_parser': 'True', 'use_experimental_parser': 'False', 'log_path': '/Users/adrianparsons/Documents/programming/empty-lots/empty.nyc/dbt/empty_lots/logs', 'printer_width': '80', 'introspect': 'True', 'quiet': 'False', 'warn_error': 'None', 'no_print': 'None', 'write_json': 'True', 'debug': 'False', 'send_anonymous_usage_stats': 'True', 'profiles_dir': '/Users/adrianparsons/.dbt', 'fail_fast': 'False', 'use_colors': 'True', 'version_check': 'True', 'log_format': 'default', 'target_path': 'None', 'invocation_command': 'dbt docs generate', 'indirect_selection': 'eager', 'log_cache_events': 'False'}
[0m16:52:08.167413 [info ] [MainThread]: Registered adapter: bigquery=1.10.2
[0m16:52:08.309521 [debug] [MainThread]: checksum: 9f0c81e2574b4ff463f3d16d080df83c6982fc0372c9feeacae0504ac9ea3ffe, vars: {}, profile: , target: , version: 1.10.13
[0m16:52:08.460887 [debug] [MainThread]: Partial parsing enabled: 0 files deleted, 0 files added, 0 files changed.
[0m16:52:08.461199 [debug] [MainThread]: Partial parsing enabled, no changes found, skipping parsing
[0m16:52:08.490456 [info ] [MainThread]: Found 3 models, 4 data tests, 508 macros
[0m16:52:08.491495 [info ] [MainThread]: 
[0m16:52:08.491726 [info ] [MainThread]: Concurrency: 1 threads (target='dev')
[0m16:52:08.491897 [info ] [MainThread]: 
[0m16:52:08.492159 [debug] [MainThread]: Acquiring new bigquery connection 'master'
[0m16:52:08.494238 [debug] [ThreadPool]: Acquiring new bigquery connection 'list_empty-lots_nyc_pluto_historical'
[0m16:52:08.494476 [debug] [ThreadPool]: Opening a new connection, currently in state init
[0m16:52:08.872618 [debug] [MainThread]: Opening a new connection, currently in state init
[0m16:52:08.878668 [debug] [Thread-1 (]: Began running node model.empty_lots.my_first_dbt_model
[0m16:52:08.879491 [debug] [Thread-1 (]: Re-using an available connection from the pool (formerly list_empty-lots_nyc_pluto_historical, now model.empty_lots.my_first_dbt_model)
[0m16:52:08.880109 [debug] [Thread-1 (]: Began compiling node model.empty_lots.my_first_dbt_model
[0m16:52:08.892612 [debug] [Thread-1 (]: Writing injected SQL for node "model.empty_lots.my_first_dbt_model"
[0m16:52:08.893697 [debug] [Thread-1 (]: Began executing node model.empty_lots.my_first_dbt_model
[0m16:52:08.894215 [debug] [Thread-1 (]: Opening a new connection, currently in state closed
[0m16:52:08.896311 [debug] [Thread-1 (]: Finished running node model.empty_lots.my_first_dbt_model
[0m16:52:08.896763 [debug] [Thread-1 (]: Began running node model.empty_lots.stg_lots
[0m16:52:08.897386 [debug] [Thread-1 (]: Re-using an available connection from the pool (formerly model.empty_lots.my_first_dbt_model, now model.empty_lots.stg_lots)
[0m16:52:08.897901 [debug] [Thread-1 (]: Began compiling node model.empty_lots.stg_lots
[0m16:52:08.902373 [debug] [Thread-1 (]: Writing injected SQL for node "model.empty_lots.stg_lots"
[0m16:52:08.903251 [debug] [Thread-1 (]: Began executing node model.empty_lots.stg_lots
[0m16:52:08.903668 [debug] [Thread-1 (]: Opening a new connection, currently in state closed
[0m16:52:08.905455 [debug] [Thread-1 (]: Finished running node model.empty_lots.stg_lots
[0m16:52:08.905818 [debug] [Thread-1 (]: Began running node model.empty_lots.my_second_dbt_model
[0m16:52:08.906182 [debug] [Thread-1 (]: Re-using an available connection from the pool (formerly model.empty_lots.stg_lots, now model.empty_lots.my_second_dbt_model)
[0m16:52:08.906497 [debug] [Thread-1 (]: Began compiling node model.empty_lots.my_second_dbt_model
[0m16:52:08.909054 [debug] [Thread-1 (]: Writing injected SQL for node "model.empty_lots.my_second_dbt_model"
[0m16:52:08.909756 [debug] [Thread-1 (]: Began executing node model.empty_lots.my_second_dbt_model
[0m16:52:08.910111 [debug] [Thread-1 (]: Opening a new connection, currently in state closed
[0m16:52:08.911777 [debug] [Thread-1 (]: Finished running node model.empty_lots.my_second_dbt_model
[0m16:52:08.912166 [debug] [Thread-1 (]: Began running node test.empty_lots.not_null_my_first_dbt_model_id.5fb22c2710
[0m16:52:08.912603 [debug] [Thread-1 (]: Re-using an available connection from the pool (formerly model.empty_lots.my_second_dbt_model, now test.empty_lots.not_null_my_first_dbt_model_id.5fb22c2710)
[0m16:52:08.912921 [debug] [Thread-1 (]: Began compiling node test.empty_lots.not_null_my_first_dbt_model_id.5fb22c2710
[0m16:52:08.922754 [debug] [Thread-1 (]: Writing injected SQL for node "test.empty_lots.not_null_my_first_dbt_model_id.5fb22c2710"
[0m16:52:08.923387 [debug] [Thread-1 (]: Began executing node test.empty_lots.not_null_my_first_dbt_model_id.5fb22c2710
[0m16:52:08.923705 [debug] [Thread-1 (]: Opening a new connection, currently in state closed
[0m16:52:08.925069 [debug] [Thread-1 (]: Finished running node test.empty_lots.not_null_my_first_dbt_model_id.5fb22c2710
[0m16:52:08.925358 [debug] [Thread-1 (]: Began running node test.empty_lots.unique_my_first_dbt_model_id.16e066b321
[0m16:52:08.925640 [debug] [Thread-1 (]: Re-using an available connection from the pool (formerly test.empty_lots.not_null_my_first_dbt_model_id.5fb22c2710, now test.empty_lots.unique_my_first_dbt_model_id.16e066b321)
[0m16:52:08.925886 [debug] [Thread-1 (]: Began compiling node test.empty_lots.unique_my_first_dbt_model_id.16e066b321
[0m16:52:08.930259 [debug] [Thread-1 (]: Writing injected SQL for node "test.empty_lots.unique_my_first_dbt_model_id.16e066b321"
[0m16:52:08.930805 [debug] [Thread-1 (]: Began executing node test.empty_lots.unique_my_first_dbt_model_id.16e066b321
[0m16:52:08.931079 [debug] [Thread-1 (]: Opening a new connection, currently in state closed
[0m16:52:08.932330 [debug] [Thread-1 (]: Finished running node test.empty_lots.unique_my_first_dbt_model_id.16e066b321
[0m16:52:08.932600 [debug] [Thread-1 (]: Began running node test.empty_lots.not_null_my_second_dbt_model_id.151b76d778
[0m16:52:08.932860 [debug] [Thread-1 (]: Re-using an available connection from the pool (formerly test.empty_lots.unique_my_first_dbt_model_id.16e066b321, now test.empty_lots.not_null_my_second_dbt_model_id.151b76d778)
[0m16:52:08.933138 [debug] [Thread-1 (]: Began compiling node test.empty_lots.not_null_my_second_dbt_model_id.151b76d778
[0m16:52:08.935903 [debug] [Thread-1 (]: Writing injected SQL for node "test.empty_lots.not_null_my_second_dbt_model_id.151b76d778"
[0m16:52:08.936392 [debug] [Thread-1 (]: Began executing node test.empty_lots.not_null_my_second_dbt_model_id.151b76d778
[0m16:52:08.936644 [debug] [Thread-1 (]: Opening a new connection, currently in state closed
[0m16:52:08.937786 [debug] [Thread-1 (]: Finished running node test.empty_lots.not_null_my_second_dbt_model_id.151b76d778
[0m16:52:08.938050 [debug] [Thread-1 (]: Began running node test.empty_lots.unique_my_second_dbt_model_id.57a0f8c493
[0m16:52:08.938313 [debug] [Thread-1 (]: Re-using an available connection from the pool (formerly test.empty_lots.not_null_my_second_dbt_model_id.151b76d778, now test.empty_lots.unique_my_second_dbt_model_id.57a0f8c493)
[0m16:52:08.938547 [debug] [Thread-1 (]: Began compiling node test.empty_lots.unique_my_second_dbt_model_id.57a0f8c493
[0m16:52:08.940992 [debug] [Thread-1 (]: Writing injected SQL for node "test.empty_lots.unique_my_second_dbt_model_id.57a0f8c493"
[0m16:52:08.941405 [debug] [Thread-1 (]: Began executing node test.empty_lots.unique_my_second_dbt_model_id.57a0f8c493
[0m16:52:08.941631 [debug] [Thread-1 (]: Opening a new connection, currently in state closed
[0m16:52:08.942665 [debug] [Thread-1 (]: Finished running node test.empty_lots.unique_my_second_dbt_model_id.57a0f8c493
[0m16:52:08.943466 [debug] [MainThread]: Connection 'master' was properly closed.
[0m16:52:08.943679 [debug] [MainThread]: Connection 'test.empty_lots.unique_my_second_dbt_model_id.57a0f8c493' was properly closed.
[0m16:52:08.944399 [debug] [MainThread]: Command end result
[0m16:52:08.983666 [debug] [MainThread]: Wrote artifact WritableManifest to /Users/adrianparsons/Documents/programming/empty-lots/empty.nyc/dbt/empty_lots/target/manifest.json
[0m16:52:08.985046 [debug] [MainThread]: Wrote artifact SemanticManifest to /Users/adrianparsons/Documents/programming/empty-lots/empty.nyc/dbt/empty_lots/target/semantic_manifest.json
[0m16:52:08.988315 [debug] [MainThread]: Wrote artifact RunExecutionResult to /Users/adrianparsons/Documents/programming/empty-lots/empty.nyc/dbt/empty_lots/target/run_results.json
[0m16:52:08.991455 [debug] [MainThread]: Acquiring new bigquery connection 'generate_catalog'
[0m16:52:08.991651 [info ] [MainThread]: Building catalog
[0m16:52:08.994159 [debug] [ThreadPool]: Acquiring new bigquery connection 'empty-lots.information_schema'
[0m16:52:09.004296 [debug] [ThreadPool]: On empty-lots.information_schema: /* {"app": "dbt", "dbt_version": "1.10.13", "profile_name": "empty_lots", "target_name": "dev", "connection_name": "empty-lots.information_schema"} */

    with
                table_shards_stage as (
    select
        tables.project_id as table_catalog,
        tables.dataset_id as table_schema,
        coalesce(REGEXP_EXTRACT(tables.table_id, '^(.+)[0-9]{8}$'), tables.table_id) as table_name,
        tables.table_id as shard_name,
        REGEXP_EXTRACT(tables.table_id, '^.+([0-9]{8})$') as shard_index,
        REGEXP_CONTAINS(tables.table_id, '^.+[0-9]{8}$') and tables.type = 1 as is_date_shard,
        case
            when materialized_views.table_name is not null then 'materialized view'
            when tables.type = 1 then 'table'
            when tables.type = 2 then 'view'
            else 'external'
        end as table_type,
        tables.type = 1 as is_table,
        JSON_VALUE(table_description.option_value) as table_comment,
        tables.size_bytes,
        tables.row_count
    from `empty-lots`.`nyc_pluto_historical`.__TABLES__ tables
    left join `empty-lots`.`nyc_pluto_historical`.INFORMATION_SCHEMA.MATERIALIZED_VIEWS materialized_views
        on materialized_views.table_catalog = tables.project_id
        and materialized_views.table_schema = tables.dataset_id
        and materialized_views.table_name = tables.table_id
    left join `empty-lots`.`nyc_pluto_historical`.INFORMATION_SCHEMA.TABLE_OPTIONS table_description
        on table_description.table_catalog = tables.project_id
        and table_description.table_schema = tables.dataset_id
        and table_description.table_name = tables.table_id
        and table_description.option_name = 'description'
),
                table_shards as (
                    select * from table_shards_stage
                    where ((
                                upper(table_schema) = upper('nyc_pluto_historical')
                            and upper(table_name) = upper('my_first_dbt_model')
                            ) or (
                                upper(table_schema) = upper('nyc_pluto_historical')
                            and upper(table_name) = upper('my_second_dbt_model')
                            ) or (
                                upper(table_schema) = upper('nyc_pluto_historical')
                            and upper(table_name) = upper('stg_lots')
                            ))
                ),
                tables as (
    select distinct
        table_catalog,
        table_schema,
        table_name,
        is_date_shard,
        table_type,
        is_table,
        table_comment
    from table_shards
),
                table_stats as (
    select
        table_catalog,
        table_schema,
        table_name,
        max(shard_name) as latest_shard_name,
        min(shard_index) as shard_min,
        max(shard_index) as shard_max,
        count(shard_index) as shard_count,
        sum(size_bytes) as size_bytes,
        sum(row_count) as row_count
    from table_shards
    group by 1, 2, 3
),

                columns as (
    select
        columns.table_catalog,
        columns.table_schema,
        columns.table_name as shard_name,
        coalesce(paths.field_path, '<unknown>') as column_name,
        -- invent a row number to account for nested fields
        -- BQ does not treat these nested properties as independent fields
        row_number() over (
            partition by
                columns.table_catalog,
                columns.table_schema,
                columns.table_name
            order by
                columns.ordinal_position,
                paths.field_path
        ) as column_index,
        coalesce(paths.data_type, '<unknown>') as column_type,
        paths.description as column_comment,
        case when columns.is_partitioning_column = 'YES' then 1 else 0 end as is_partitioning_column,
        case when columns.is_partitioning_column = 'YES' then paths.field_path end as partition_column,
        case when columns.clustering_ordinal_position is not null then 1 else 0 end as is_clustering_column,
        case when columns.clustering_ordinal_position is not null then paths.field_path end as cluster_column,
        columns.clustering_ordinal_position
    from `empty-lots`.`nyc_pluto_historical`.INFORMATION_SCHEMA.COLUMNS columns
    join `empty-lots`.`nyc_pluto_historical`.INFORMATION_SCHEMA.COLUMN_FIELD_PATHS paths
        on paths.table_catalog = columns.table_catalog
        and paths.table_schema = columns.table_schema
        and paths.table_name = columns.table_name
        and paths.column_name = columns.column_name
    where columns.ordinal_position is not null
),
                column_stats as (
    select
        table_catalog,
        table_schema,
        shard_name,
        max(is_partitioning_column) = 1 as is_partitioned,
        max(partition_column) as partition_column,
        max(is_clustering_column) = 1 as is_clustered,
        array_to_string(
            array_agg(
                cluster_column ignore nulls
                order by clustering_ordinal_position
            ), ', '
        ) as clustering_columns
    from columns
    group by 1, 2, 3
)

            
    select
        tables.table_catalog as table_database,
        tables.table_schema,
        case
            when tables.is_date_shard then concat(tables.table_name, '*')
            else tables.table_name
        end as table_name,
        tables.table_type,
        tables.table_comment,
        -- coalesce column metadata fields to ensure they are non-null for catalog generation
        -- external table columns are not present in COLUMN_FIELD_PATHS
        coalesce(columns.column_name, '<unknown>') as column_name,
        coalesce(columns.column_index, 1) as column_index,
        coalesce(columns.column_type, '<unknown>') as column_type,
        coalesce(columns.column_comment, '') as column_comment,

        'Shard count' as `stats__date_shards__label`,
        table_stats.shard_count as `stats__date_shards__value`,
        'The number of date shards in this table' as `stats__date_shards__description`,
        tables.is_date_shard as `stats__date_shards__include`,

        'Shard (min)' as `stats__date_shard_min__label`,
        table_stats.shard_min as `stats__date_shard_min__value`,
        'The first date shard in this table' as `stats__date_shard_min__description`,
        tables.is_date_shard as `stats__date_shard_min__include`,

        'Shard (max)' as `stats__date_shard_max__label`,
        table_stats.shard_max as `stats__date_shard_max__value`,
        'The last date shard in this table' as `stats__date_shard_max__description`,
        tables.is_date_shard as `stats__date_shard_max__include`,

        '# Rows' as `stats__num_rows__label`,
        table_stats.row_count as `stats__num_rows__value`,
        'Approximate count of rows in this table' as `stats__num_rows__description`,
        tables.is_table as `stats__num_rows__include`,

        'Approximate Size' as `stats__num_bytes__label`,
        table_stats.size_bytes as `stats__num_bytes__value`,
        'Approximate size of table as reported by BigQuery' as `stats__num_bytes__description`,
        tables.is_table as `stats__num_bytes__include`,

        'Partitioned By' as `stats__partitioning_type__label`,
        column_stats.partition_column as `stats__partitioning_type__value`,
        'The partitioning column for this table' as `stats__partitioning_type__description`,
        column_stats.is_partitioned as `stats__partitioning_type__include`,

        'Clustered By' as `stats__clustering_fields__label`,
        column_stats.clustering_columns as `stats__clustering_fields__value`,
        'The clustering columns for this table' as `stats__clustering_fields__description`,
        column_stats.is_clustered as `stats__clustering_fields__include`

    from tables
    join table_stats
        on table_stats.table_catalog = tables.table_catalog
        and table_stats.table_schema = tables.table_schema
        and table_stats.table_name = tables.table_name
    left join column_stats
        on column_stats.table_catalog = tables.table_catalog
        and column_stats.table_schema = tables.table_schema
        and column_stats.shard_name = table_stats.latest_shard_name
    left join columns
        on columns.table_catalog = tables.table_catalog
        and columns.table_schema = tables.table_schema
        and columns.shard_name = table_stats.latest_shard_name

  
[0m16:52:09.004840 [debug] [ThreadPool]: Opening a new connection, currently in state init
[0m16:52:09.218784 [error] [ThreadPool]: BigQuery adapter: https://console.cloud.google.com/bigquery?project=empty-lots&j=bq:us-east-4:4cc7225a-1764-4c6e-b736-303d11a77d6c&page=queryresults
[0m16:52:09.219424 [debug] [ThreadPool]: BigQuery adapter: Unhandled error while running:
macro get_catalog_relations
[0m16:52:09.219741 [debug] [ThreadPool]: BigQuery adapter: Database Error
  Location us-east-4 does not support this operation.
[0m16:52:09.220891 [warn ] [MainThread]: Encountered an error while generating catalog: Database Error
  Location us-east-4 does not support this operation.
[0m16:52:09.221496 [debug] [MainThread]: Opening a new connection, currently in state init
[0m16:52:09.226178 [debug] [MainThread]: Wrote artifact CatalogArtifact to /Users/adrianparsons/Documents/programming/empty-lots/empty.nyc/dbt/empty_lots/target/catalog.json
[0m16:52:09.243399 [debug] [MainThread]: Wrote artifact WritableManifest to /Users/adrianparsons/Documents/programming/empty-lots/empty.nyc/dbt/empty_lots/target/manifest.json
[0m16:52:09.244548 [debug] [MainThread]: Wrote artifact SemanticManifest to /Users/adrianparsons/Documents/programming/empty-lots/empty.nyc/dbt/empty_lots/target/semantic_manifest.json
[0m16:52:09.244768 [error] [MainThread]: dbt encountered 1 failure while writing the catalog
[0m16:52:09.244985 [info ] [MainThread]: Catalog written to /Users/adrianparsons/Documents/programming/empty-lots/empty.nyc/dbt/empty_lots/target/catalog.json
[0m16:52:09.251058 [debug] [MainThread]: Resource report: {"command_name": "generate", "command_success": false, "command_wall_clock_time": 2.9668145, "process_in_blocks": "0", "process_kernel_time": 0.458771, "process_mem_max_rss": "361988096", "process_out_blocks": "0", "process_user_time": 2.34673}
[0m16:52:09.251459 [debug] [MainThread]: Command `dbt docs generate` failed at 16:52:09.251399 after 2.97 seconds
[0m16:52:09.251702 [debug] [MainThread]: Connection 'generate_catalog' was properly closed.
[0m16:52:09.251886 [debug] [MainThread]: Connection 'empty-lots.information_schema' was properly closed.
[0m16:52:09.252080 [debug] [MainThread]: Flushing usage events
[0m16:52:13.982982 [debug] [MainThread]: Got an exception trying to initialize tracking


============================== 16:52:13.999892 | e122879d-fca5-43cd-b8c0-c245fa3aa3b4 ==============================
[0m16:52:13.999892 [info ] [MainThread]: Running with dbt=1.10.13
[0m16:52:14.000642 [debug] [MainThread]: running dbt with arguments {'printer_width': '80', 'profiles_dir': '/Users/adrianparsons/.dbt', 'use_experimental_parser': 'False', 'invocation_command': 'dbt docs serve', 'static_parser': 'True', 'log_format': 'default', 'fail_fast': 'False', 'write_json': 'True', 'empty': 'None', 'partial_parse': 'True', 'warn_error': 'None', 'no_print': 'None', 'cache_selected_only': 'False', 'log_path': '/Users/adrianparsons/Documents/programming/empty-lots/empty.nyc/dbt/empty_lots/logs', 'quiet': 'False', 'log_cache_events': 'False', 'send_anonymous_usage_stats': 'True', 'introspect': 'True', 'use_colors': 'True', 'version_check': 'True', 'indirect_selection': 'eager', 'target_path': 'None', 'debug': 'False', 'warn_error_options': 'WarnErrorOptionsV2(error=[], warn=[], silence=[])'}
[0m16:53:00.440998 [error] [MainThread]: Encountered an error:

[0m16:53:00.459902 [error] [MainThread]: Traceback (most recent call last):
  File "/Library/Frameworks/Python.framework/Versions/3.12/lib/python3.12/site-packages/dbt/cli/requires.py", line 178, in wrapper
    result, success = func(*args, **kwargs)
                      ^^^^^^^^^^^^^^^^^^^^^
  File "/Library/Frameworks/Python.framework/Versions/3.12/lib/python3.12/site-packages/dbt/cli/requires.py", line 128, in wrapper
    return func(*args, **kwargs)
           ^^^^^^^^^^^^^^^^^^^^^
  File "/Library/Frameworks/Python.framework/Versions/3.12/lib/python3.12/site-packages/dbt/cli/requires.py", line 272, in wrapper
    return func(*args, **kwargs)
           ^^^^^^^^^^^^^^^^^^^^^
  File "/Library/Frameworks/Python.framework/Versions/3.12/lib/python3.12/site-packages/dbt/cli/requires.py", line 303, in wrapper
    return func(*args, **kwargs)
           ^^^^^^^^^^^^^^^^^^^^^
  File "/Library/Frameworks/Python.framework/Versions/3.12/lib/python3.12/site-packages/dbt/cli/requires.py", line 350, in wrapper
    return func(*args, **kwargs)
           ^^^^^^^^^^^^^^^^^^^^^
  File "/Library/Frameworks/Python.framework/Versions/3.12/lib/python3.12/site-packages/dbt/cli/main.py", line 307, in docs_serve
    results = task.run()
              ^^^^^^^^^^
  File "/Library/Frameworks/Python.framework/Versions/3.12/lib/python3.12/site-packages/dbt/task/docs/serve.py", line 29, in run
    httpd.serve_forever()
  File "/Library/Frameworks/Python.framework/Versions/3.12/lib/python3.12/socketserver.py", line 235, in serve_forever
    ready = selector.select(poll_interval)
            ^^^^^^^^^^^^^^^^^^^^^^^^^^^^^^
  File "/Library/Frameworks/Python.framework/Versions/3.12/lib/python3.12/selectors.py", line 415, in select
    fd_event_list = self._selector.poll(timeout)
                    ^^^^^^^^^^^^^^^^^^^^^^^^^^^^
KeyboardInterrupt

[0m16:53:00.489900 [debug] [MainThread]: Resource report: {"command_name": "serve", "command_success": false, "command_wall_clock_time": 46.533478, "process_in_blocks": "0", "process_kernel_time": 0.338298, "process_mem_max_rss": "354107392", "process_out_blocks": "0", "process_user_time": 1.844223}
[0m16:53:00.492145 [debug] [MainThread]: Command `dbt docs serve` failed at 16:53:00.491987 after 46.54 seconds
[0m16:53:00.493211 [debug] [MainThread]: Flushing usage events
[0m16:57:51.210402 [debug] [MainThread]: Got an exception trying to initialize tracking


============================== 16:57:51.228123 | 27b34385-10e5-426e-aa9b-d9e2f0d7a928 ==============================
[0m16:57:51.228123 [info ] [MainThread]: Running with dbt=1.10.13
[0m16:57:51.228786 [debug] [MainThread]: running dbt with arguments {'target_path': 'None', 'indirect_selection': 'eager', 'invocation_command': 'dbt debug', 'printer_width': '80', 'use_colors': 'True', 'no_print': 'None', 'log_path': '/Users/adrianparsons/Documents/programming/empty-lots/empty.nyc/dbt/empty_lots/logs', 'write_json': 'True', 'log_cache_events': 'False', 'introspect': 'True', 'cache_selected_only': 'False', 'empty': 'None', 'debug': 'False', 'warn_error_options': 'WarnErrorOptionsV2(error=[], warn=[], silence=[])', 'partial_parse': 'True', 'quiet': 'False', 'profiles_dir': '/Users/adrianparsons/.dbt', 'use_experimental_parser': 'False', 'fail_fast': 'False', 'send_anonymous_usage_stats': 'True', 'version_check': 'True', 'warn_error': 'None', 'static_parser': 'True', 'log_format': 'default'}
[0m16:57:51.236818 [info ] [MainThread]: dbt version: 1.10.13
[0m16:57:51.237089 [info ] [MainThread]: python version: 3.12.2
[0m16:57:51.237261 [info ] [MainThread]: python path: /Library/Frameworks/Python.framework/Versions/3.12/bin/python3.12
[0m16:57:51.237420 [info ] [MainThread]: os info: macOS-15.7.2-arm64-arm-64bit
[0m16:57:52.893907 [info ] [MainThread]: Using profiles dir at /Users/adrianparsons/.dbt
[0m16:57:52.894282 [info ] [MainThread]: Using profiles.yml file at /Users/adrianparsons/.dbt/profiles.yml
[0m16:57:52.894468 [info ] [MainThread]: Using dbt_project.yml file at /Users/adrianparsons/Documents/programming/empty-lots/empty.nyc/dbt/empty_lots/dbt_project.yml
[0m16:57:52.894636 [info ] [MainThread]: adapter type: bigquery
[0m16:57:52.894791 [info ] [MainThread]: adapter version: 1.10.2
[0m16:57:52.943459 [info ] [MainThread]: Configuration:
[0m16:57:52.943813 [info ] [MainThread]:   profiles.yml file [[32mOK found and valid[0m]
[0m16:57:52.943997 [info ] [MainThread]:   dbt_project.yml file [[32mOK found and valid[0m]
[0m16:57:52.944162 [info ] [MainThread]: Required dependencies:
[0m16:57:52.944374 [debug] [MainThread]: Executing "git --help"
[0m16:57:52.967031 [debug] [MainThread]: STDOUT: "b"usage: git [-v | --version] [-h | --help] [-C <path>] [-c <name>=<value>]\n           [--exec-path[=<path>]] [--html-path] [--man-path] [--info-path]\n           [-p | --paginate | -P | --no-pager] [--no-replace-objects] [--no-lazy-fetch]\n           [--no-optional-locks] [--no-advice] [--bare] [--git-dir=<path>]\n           [--work-tree=<path>] [--namespace=<name>] [--config-env=<name>=<envvar>]\n           <command> [<args>]\n\nThese are common Git commands used in various situations:\n\nstart a working area (see also: git help tutorial)\n   clone      Clone a repository into a new directory\n   init       Create an empty Git repository or reinitialize an existing one\n\nwork on the current change (see also: git help everyday)\n   add        Add file contents to the index\n   mv         Move or rename a file, a directory, or a symlink\n   restore    Restore working tree files\n   rm         Remove files from the working tree and from the index\n\nexamine the history and state (see also: git help revisions)\n   bisect     Use binary search to find the commit that introduced a bug\n   diff       Show changes between commits, commit and working tree, etc\n   grep       Print lines matching a pattern\n   log        Show commit logs\n   show       Show various types of objects\n   status     Show the working tree status\n\ngrow, mark and tweak your common history\n   backfill   Download missing objects in a partial clone\n   branch     List, create, or delete branches\n   commit     Record changes to the repository\n   merge      Join two or more development histories together\n   rebase     Reapply commits on top of another base tip\n   reset      Reset current HEAD to the specified state\n   switch     Switch branches\n   tag        Create, list, delete or verify a tag object signed with GPG\n\ncollaborate (see also: git help workflows)\n   fetch      Download objects and refs from another repository\n   pull       Fetch from and integrate with another repository or a local branch\n   push       Update remote refs along with associated objects\n\n'git help -a' and 'git help -g' list available subcommands and some\nconcept guides. See 'git help <command>' or 'git help <concept>'\nto read about a specific subcommand or concept.\nSee 'git help git' for an overview of the system.\n""
[0m16:57:52.967663 [debug] [MainThread]: STDERR: "b''"
[0m16:57:52.967909 [info ] [MainThread]:  - git [[32mOK found[0m]

[0m16:57:52.968135 [info ] [MainThread]: Connection:
[0m16:57:52.968380 [info ] [MainThread]:   method: service-account
[0m16:57:52.968547 [info ] [MainThread]:   database: empty-lots
[0m16:57:52.968711 [info ] [MainThread]:   execution_project: empty-lots
[0m16:57:52.968854 [info ] [MainThread]:   schema: nyc_pluto_historical
[0m16:57:52.968999 [info ] [MainThread]:   location: us-east-4
[0m16:57:52.969143 [info ] [MainThread]:   priority: interactive
[0m16:57:52.969291 [info ] [MainThread]:   maximum_bytes_billed: None
[0m16:57:52.969431 [info ] [MainThread]:   impersonate_service_account: None
[0m16:57:52.969569 [info ] [MainThread]:   job_retry_deadline_seconds: None
[0m16:57:52.969705 [info ] [MainThread]:   job_retries: 1
[0m16:57:52.969837 [info ] [MainThread]:   job_creation_timeout_seconds: None
[0m16:57:52.969975 [info ] [MainThread]:   job_execution_timeout_seconds: 300
[0m16:57:52.970112 [info ] [MainThread]:   timeout_seconds: 300
[0m16:57:52.970246 [info ] [MainThread]:   client_id: None
[0m16:57:52.970380 [info ] [MainThread]:   token_uri: None
[0m16:57:52.970516 [info ] [MainThread]:   compute_region: None
[0m16:57:52.970647 [info ] [MainThread]:   dataproc_cluster_name: None
[0m16:57:52.970780 [info ] [MainThread]:   gcs_bucket: None
[0m16:57:52.970912 [info ] [MainThread]:   dataproc_batch: None
[0m16:57:52.971263 [info ] [MainThread]: Registered adapter: bigquery=1.10.2
[0m16:57:53.104465 [debug] [MainThread]: Acquiring new bigquery connection 'debug'
[0m16:57:53.104889 [debug] [MainThread]: On debug: select 1 as id
[0m16:57:53.105087 [debug] [MainThread]: Opening a new connection, currently in state init
[0m16:57:53.382425 [error] [MainThread]: BigQuery adapter: https://console.cloud.google.com/bigquery?project=empty-lots&j=bq:us-east-4:0dbe0550-2d25-4355-a563-92f1ecdb42b9&page=queryresults
[0m16:57:53.384085 [info ] [MainThread]:   Connection test: [[31mERROR[0m]

[0m16:57:53.384450 [info ] [MainThread]: [31m1 check failed:[0m
[0m16:57:53.384742 [info ] [MainThread]: dbt was unable to connect to the specified database.
The database returned the following error:

  >Database Error
  Location us-east-4 does not support this operation.

Check your database credentials and try again. For more information, visit:
https://docs.getdbt.com/docs/configure-your-profile


[0m16:57:53.389073 [debug] [MainThread]: Resource report: {"command_name": "debug", "command_success": false, "command_wall_clock_time": 2.2046986, "process_in_blocks": "0", "process_kernel_time": 0.386163, "process_mem_max_rss": "357646336", "process_out_blocks": "0", "process_user_time": 1.961938}
[0m16:57:53.389715 [debug] [MainThread]: Command `dbt debug` failed at 16:57:53.389613 after 2.21 seconds
[0m16:57:53.390064 [debug] [MainThread]: Connection 'debug' was properly closed.
[0m16:57:53.390355 [debug] [MainThread]: Flushing usage events
[0m16:58:10.202973 [debug] [MainThread]: Got an exception trying to initialize tracking


============================== 16:58:10.219373 | 5a54ef73-4c93-4ea8-b27b-3882583f4a83 ==============================
[0m16:58:10.219373 [info ] [MainThread]: Running with dbt=1.10.13
[0m16:58:10.220000 [debug] [MainThread]: running dbt with arguments {'version_check': 'True', 'quiet': 'False', 'partial_parse': 'True', 'fail_fast': 'False', 'write_json': 'True', 'indirect_selection': 'eager', 'use_colors': 'True', 'send_anonymous_usage_stats': 'True', 'introspect': 'True', 'empty': 'False', 'use_experimental_parser': 'False', 'debug': 'False', 'profiles_dir': '/Users/adrianparsons/.dbt', 'warn_error_options': 'WarnErrorOptionsV2(error=[], warn=[], silence=[])', 'warn_error': 'None', 'no_print': 'None', 'static_parser': 'True', 'invocation_command': 'dbt compile', 'printer_width': '80', 'target_path': 'None', 'log_cache_events': 'False', 'log_format': 'default', 'cache_selected_only': 'False', 'log_path': '/Users/adrianparsons/Documents/programming/empty-lots/empty.nyc/dbt/empty_lots/logs'}
[0m16:58:12.027535 [info ] [MainThread]: Registered adapter: bigquery=1.10.2
[0m16:58:12.168143 [debug] [MainThread]: checksum: 9f0c81e2574b4ff463f3d16d080df83c6982fc0372c9feeacae0504ac9ea3ffe, vars: {}, profile: , target: , version: 1.10.13
[0m16:58:12.324630 [debug] [MainThread]: Partial parsing enabled: 3 files deleted, 0 files added, 1 files changed.
[0m16:58:12.325136 [debug] [MainThread]: Partial parsing: updated file: empty_lots://models/staging/schema.yml
[0m16:58:12.325319 [debug] [MainThread]: Partial parsing: deleted file: empty_lots://models/example/my_second_dbt_model.sql
[0m16:58:12.325473 [debug] [MainThread]: Partial parsing: deleted file: empty_lots://models/staging/stg_lots.sql
[0m16:58:12.325612 [debug] [MainThread]: Partial parsing: deleted file: empty_lots://models/example/my_first_dbt_model.sql
[0m16:58:12.360863 [warn ] [MainThread]: [[33mWARNING[0m]: Did not find matching node for patch with name 'staging_vacant_lots' in the 'models' section of file 'models/staging/schema.yml'
[0m16:58:12.377850 [warn ] [MainThread]: [[33mWARNING[0m]: Configuration paths exist in your dbt_project.yml file which do not apply to any resources.
There are 1 unused configuration paths:
- models.empty_lots.example
[0m16:58:12.403717 [debug] [MainThread]: Wrote artifact WritableManifest to /Users/adrianparsons/Documents/programming/empty-lots/empty.nyc/dbt/empty_lots/target/manifest.json
[0m16:58:12.405126 [debug] [MainThread]: Wrote artifact SemanticManifest to /Users/adrianparsons/Documents/programming/empty-lots/empty.nyc/dbt/empty_lots/target/semantic_manifest.json
[0m16:58:12.417459 [info ] [MainThread]: Found 508 macros
[0m16:58:12.418329 [warn ] [MainThread]: Nothing to do. Try checking your model configs and model specification args
[0m16:58:12.418664 [debug] [MainThread]: Command end result
[0m16:58:12.429567 [debug] [MainThread]: Wrote artifact WritableManifest to /Users/adrianparsons/Documents/programming/empty-lots/empty.nyc/dbt/empty_lots/target/manifest.json
[0m16:58:12.430571 [debug] [MainThread]: Wrote artifact SemanticManifest to /Users/adrianparsons/Documents/programming/empty-lots/empty.nyc/dbt/empty_lots/target/semantic_manifest.json
[0m16:58:12.432333 [debug] [MainThread]: Wrote artifact RunExecutionResult to /Users/adrianparsons/Documents/programming/empty-lots/empty.nyc/dbt/empty_lots/target/run_results.json
[0m16:58:12.435205 [debug] [MainThread]: Resource report: {"command_name": "compile", "command_success": true, "command_wall_clock_time": 2.2576437, "process_in_blocks": "0", "process_kernel_time": 0.429142, "process_mem_max_rss": "363577344", "process_out_blocks": "0", "process_user_time": 2.129884}
[0m16:58:12.435648 [debug] [MainThread]: Command `dbt compile` succeeded at 16:58:12.435593 after 2.26 seconds
[0m16:58:12.435868 [debug] [MainThread]: Flushing usage events
[0m17:11:32.165849 [debug] [MainThread]: Got an exception trying to initialize tracking


============================== 17:11:32.187536 | cc4a1fbe-dc1f-4914-a065-6981442f7eb3 ==============================
[0m17:11:32.187536 [info ] [MainThread]: Running with dbt=1.10.13
[0m17:11:32.188294 [debug] [MainThread]: running dbt with arguments {'log_path': '/Users/adrianparsons/Documents/programming/empty-lots/empty.nyc/dbt/empty_lots/logs', 'no_print': 'None', 'debug': 'False', 'log_format': 'default', 'fail_fast': 'False', 'invocation_command': 'dbt compile', 'target_path': 'None', 'send_anonymous_usage_stats': 'True', 'introspect': 'True', 'partial_parse': 'True', 'cache_selected_only': 'False', 'empty': 'False', 'quiet': 'False', 'static_parser': 'True', 'write_json': 'True', 'printer_width': '80', 'use_colors': 'True', 'warn_error': 'None', 'version_check': 'True', 'warn_error_options': 'WarnErrorOptionsV2(error=[], warn=[], silence=[])', 'use_experimental_parser': 'False', 'profiles_dir': '/Users/adrianparsons/.dbt', 'indirect_selection': 'eager', 'log_cache_events': 'False'}
[0m17:11:34.018659 [info ] [MainThread]: Registered adapter: bigquery=1.10.2
[0m17:11:34.161267 [debug] [MainThread]: checksum: 9f0c81e2574b4ff463f3d16d080df83c6982fc0372c9feeacae0504ac9ea3ffe, vars: {}, profile: , target: , version: 1.10.13
[0m17:11:34.201417 [info ] [MainThread]: Unable to do partial parsing because profile has changed
[0m17:11:34.686603 [warn ] [MainThread]: [[33mWARNING[0m]: Did not find matching node for patch with name 'staging_vacant_lots' in the 'models' section of file 'models/staging/schema.yml'
[0m17:11:34.721753 [warn ] [MainThread]: [[33mWARNING[0m]: Configuration paths exist in your dbt_project.yml file which do not apply to any resources.
There are 1 unused configuration paths:
- models.empty_lots.example
[0m17:11:34.746630 [debug] [MainThread]: Wrote artifact WritableManifest to /Users/adrianparsons/Documents/programming/empty-lots/empty.nyc/dbt/empty_lots/target/manifest.json
[0m17:11:34.748385 [debug] [MainThread]: Wrote artifact SemanticManifest to /Users/adrianparsons/Documents/programming/empty-lots/empty.nyc/dbt/empty_lots/target/semantic_manifest.json
[0m17:11:34.761463 [info ] [MainThread]: Found 508 macros
[0m17:11:34.762287 [warn ] [MainThread]: Nothing to do. Try checking your model configs and model specification args
[0m17:11:34.762622 [debug] [MainThread]: Command end result
[0m17:11:34.774161 [debug] [MainThread]: Wrote artifact WritableManifest to /Users/adrianparsons/Documents/programming/empty-lots/empty.nyc/dbt/empty_lots/target/manifest.json
[0m17:11:34.775112 [debug] [MainThread]: Wrote artifact SemanticManifest to /Users/adrianparsons/Documents/programming/empty-lots/empty.nyc/dbt/empty_lots/target/semantic_manifest.json
[0m17:11:34.777006 [debug] [MainThread]: Wrote artifact RunExecutionResult to /Users/adrianparsons/Documents/programming/empty-lots/empty.nyc/dbt/empty_lots/target/run_results.json
[0m17:11:34.780007 [debug] [MainThread]: Resource report: {"command_name": "compile", "command_success": true, "command_wall_clock_time": 2.640941, "process_in_blocks": "0", "process_kernel_time": 0.465824, "process_mem_max_rss": "371752960", "process_out_blocks": "0", "process_user_time": 2.447142}
[0m17:11:34.780394 [debug] [MainThread]: Command `dbt compile` succeeded at 17:11:34.780348 after 2.64 seconds
[0m17:11:34.780582 [debug] [MainThread]: Flushing usage events
[0m17:13:13.995944 [debug] [MainThread]: Got an exception trying to initialize tracking


============================== 17:13:14.016320 | 7665f633-fc1f-47be-98b0-f9ea35d6d879 ==============================
[0m17:13:14.016320 [info ] [MainThread]: Running with dbt=1.10.13
[0m17:13:14.017129 [debug] [MainThread]: running dbt with arguments {'cache_selected_only': 'False', 'use_experimental_parser': 'False', 'write_json': 'True', 'debug': 'False', 'log_path': '/Users/adrianparsons/Documents/programming/empty-lots/empty.nyc/dbt/empty_lots/logs', 'log_cache_events': 'False', 'invocation_command': 'dbt run', 'warn_error': 'None', 'empty': 'False', 'use_colors': 'True', 'introspect': 'True', 'static_parser': 'True', 'quiet': 'False', 'version_check': 'True', 'target_path': 'None', 'profiles_dir': '/Users/adrianparsons/.dbt', 'send_anonymous_usage_stats': 'True', 'partial_parse': 'True', 'warn_error_options': 'WarnErrorOptionsV2(error=[], warn=[], silence=[])', 'fail_fast': 'False', 'no_print': 'None', 'printer_width': '80', 'log_format': 'default', 'indirect_selection': 'eager'}
[0m17:13:15.862502 [info ] [MainThread]: Registered adapter: bigquery=1.10.2
[0m17:13:16.009929 [debug] [MainThread]: checksum: 9f0c81e2574b4ff463f3d16d080df83c6982fc0372c9feeacae0504ac9ea3ffe, vars: {}, profile: , target: , version: 1.10.13
[0m17:13:16.890407 [debug] [MainThread]: Partial parsing enabled: 0 files deleted, 0 files added, 0 files changed.
[0m17:13:16.890727 [debug] [MainThread]: Partial parsing enabled, no changes found, skipping parsing
[0m17:13:16.891135 [warn ] [MainThread]: [[33mWARNING[0m]: Configuration paths exist in your dbt_project.yml file which do not apply to any resources.
There are 1 unused configuration paths:
- models.empty_lots.example
[0m17:13:17.651828 [debug] [MainThread]: Wrote artifact WritableManifest to /Users/adrianparsons/Documents/programming/empty-lots/empty.nyc/dbt/empty_lots/target/manifest.json
[0m17:13:17.655384 [debug] [MainThread]: Wrote artifact SemanticManifest to /Users/adrianparsons/Documents/programming/empty-lots/empty.nyc/dbt/empty_lots/target/semantic_manifest.json
[0m17:13:18.946751 [info ] [MainThread]: Found 508 macros
[0m17:13:18.955288 [warn ] [MainThread]: Nothing to do. Try checking your model configs and model specification args
[0m17:13:18.958803 [debug] [MainThread]: Command end result
[0m17:13:18.978735 [debug] [MainThread]: Wrote artifact WritableManifest to /Users/adrianparsons/Documents/programming/empty-lots/empty.nyc/dbt/empty_lots/target/manifest.json
[0m17:13:18.984620 [debug] [MainThread]: Wrote artifact SemanticManifest to /Users/adrianparsons/Documents/programming/empty-lots/empty.nyc/dbt/empty_lots/target/semantic_manifest.json
[0m17:13:18.988367 [debug] [MainThread]: Wrote artifact RunExecutionResult to /Users/adrianparsons/Documents/programming/empty-lots/empty.nyc/dbt/empty_lots/target/run_results.json
[0m17:13:18.991930 [debug] [MainThread]: Resource report: {"command_name": "run", "command_success": true, "command_wall_clock_time": 6.2062197, "process_in_blocks": "0", "process_kernel_time": 0.484868, "process_mem_max_rss": "357613568", "process_out_blocks": "0", "process_user_time": 2.091935}
[0m17:13:18.992601 [debug] [MainThread]: Command `dbt run` succeeded at 17:13:18.992507 after 6.21 seconds
[0m17:13:18.993024 [debug] [MainThread]: Flushing usage events
[0m17:14:38.675457 [debug] [MainThread]: Got an exception trying to initialize tracking


============================== 17:14:38.692824 | 905ddfe4-2559-44f4-b93f-f1f32dd70305 ==============================
[0m17:14:38.692824 [info ] [MainThread]: Running with dbt=1.10.13
[0m17:14:38.693505 [debug] [MainThread]: running dbt with arguments {'use_colors': 'True', 'warn_error': 'None', 'log_cache_events': 'False', 'log_format': 'default', 'no_print': 'None', 'indirect_selection': 'eager', 'invocation_command': 'dbt debug', 'static_parser': 'True', 'quiet': 'False', 'version_check': 'True', 'profiles_dir': '/Users/adrianparsons/.dbt', 'cache_selected_only': 'False', 'fail_fast': 'False', 'empty': 'None', 'partial_parse': 'True', 'send_anonymous_usage_stats': 'True', 'printer_width': '80', 'use_experimental_parser': 'False', 'log_path': '/Users/adrianparsons/Documents/programming/empty-lots/empty.nyc/dbt/empty_lots/logs', 'debug': 'False', 'target_path': 'None', 'write_json': 'True', 'introspect': 'True', 'warn_error_options': 'WarnErrorOptionsV2(error=[], warn=[], silence=[])'}
[0m17:14:38.702292 [info ] [MainThread]: dbt version: 1.10.13
[0m17:14:38.702609 [info ] [MainThread]: python version: 3.12.2
[0m17:14:38.702784 [info ] [MainThread]: python path: /Library/Frameworks/Python.framework/Versions/3.12/bin/python3.12
[0m17:14:38.702943 [info ] [MainThread]: os info: macOS-15.7.2-arm64-arm-64bit
[0m17:14:40.327615 [info ] [MainThread]: Using profiles dir at /Users/adrianparsons/.dbt
[0m17:14:40.327974 [info ] [MainThread]: Using profiles.yml file at /Users/adrianparsons/.dbt/profiles.yml
[0m17:14:40.328166 [info ] [MainThread]: Using dbt_project.yml file at /Users/adrianparsons/Documents/programming/empty-lots/empty.nyc/dbt/empty_lots/dbt_project.yml
[0m17:14:40.328334 [info ] [MainThread]: adapter type: bigquery
[0m17:14:40.328486 [info ] [MainThread]: adapter version: 1.10.2
[0m17:14:40.376329 [info ] [MainThread]: Configuration:
[0m17:14:40.376686 [info ] [MainThread]:   profiles.yml file [[32mOK found and valid[0m]
[0m17:14:40.376882 [info ] [MainThread]:   dbt_project.yml file [[32mOK found and valid[0m]
[0m17:14:40.377052 [info ] [MainThread]: Required dependencies:
[0m17:14:40.377262 [debug] [MainThread]: Executing "git --help"
[0m17:14:40.400652 [debug] [MainThread]: STDOUT: "b"usage: git [-v | --version] [-h | --help] [-C <path>] [-c <name>=<value>]\n           [--exec-path[=<path>]] [--html-path] [--man-path] [--info-path]\n           [-p | --paginate | -P | --no-pager] [--no-replace-objects] [--no-lazy-fetch]\n           [--no-optional-locks] [--no-advice] [--bare] [--git-dir=<path>]\n           [--work-tree=<path>] [--namespace=<name>] [--config-env=<name>=<envvar>]\n           <command> [<args>]\n\nThese are common Git commands used in various situations:\n\nstart a working area (see also: git help tutorial)\n   clone      Clone a repository into a new directory\n   init       Create an empty Git repository or reinitialize an existing one\n\nwork on the current change (see also: git help everyday)\n   add        Add file contents to the index\n   mv         Move or rename a file, a directory, or a symlink\n   restore    Restore working tree files\n   rm         Remove files from the working tree and from the index\n\nexamine the history and state (see also: git help revisions)\n   bisect     Use binary search to find the commit that introduced a bug\n   diff       Show changes between commits, commit and working tree, etc\n   grep       Print lines matching a pattern\n   log        Show commit logs\n   show       Show various types of objects\n   status     Show the working tree status\n\ngrow, mark and tweak your common history\n   backfill   Download missing objects in a partial clone\n   branch     List, create, or delete branches\n   commit     Record changes to the repository\n   merge      Join two or more development histories together\n   rebase     Reapply commits on top of another base tip\n   reset      Reset current HEAD to the specified state\n   switch     Switch branches\n   tag        Create, list, delete or verify a tag object signed with GPG\n\ncollaborate (see also: git help workflows)\n   fetch      Download objects and refs from another repository\n   pull       Fetch from and integrate with another repository or a local branch\n   push       Update remote refs along with associated objects\n\n'git help -a' and 'git help -g' list available subcommands and some\nconcept guides. See 'git help <command>' or 'git help <concept>'\nto read about a specific subcommand or concept.\nSee 'git help git' for an overview of the system.\n""
[0m17:14:40.401255 [debug] [MainThread]: STDERR: "b''"
[0m17:14:40.401490 [info ] [MainThread]:  - git [[32mOK found[0m]

[0m17:14:40.401690 [info ] [MainThread]: Connection:
[0m17:14:40.401943 [info ] [MainThread]:   method: service-account
[0m17:14:40.402102 [info ] [MainThread]:   database: empty-lots
[0m17:14:40.402251 [info ] [MainThread]:   execution_project: empty-lots
[0m17:14:40.402515 [info ] [MainThread]:   schema: nyc_pluto_historical
[0m17:14:40.402659 [info ] [MainThread]:   location: us-east4
[0m17:14:40.402880 [info ] [MainThread]:   priority: interactive
[0m17:14:40.403125 [info ] [MainThread]:   maximum_bytes_billed: None
[0m17:14:40.403299 [info ] [MainThread]:   impersonate_service_account: None
[0m17:14:40.403461 [info ] [MainThread]:   job_retry_deadline_seconds: None
[0m17:14:40.403616 [info ] [MainThread]:   job_retries: 1
[0m17:14:40.403764 [info ] [MainThread]:   job_creation_timeout_seconds: None
[0m17:14:40.403918 [info ] [MainThread]:   job_execution_timeout_seconds: 300
[0m17:14:40.404055 [info ] [MainThread]:   timeout_seconds: 300
[0m17:14:40.404196 [info ] [MainThread]:   client_id: None
[0m17:14:40.404332 [info ] [MainThread]:   token_uri: None
[0m17:14:40.404468 [info ] [MainThread]:   compute_region: None
[0m17:14:40.404605 [info ] [MainThread]:   dataproc_cluster_name: None
[0m17:14:40.404737 [info ] [MainThread]:   gcs_bucket: None
[0m17:14:40.404868 [info ] [MainThread]:   dataproc_batch: None
[0m17:14:40.405231 [info ] [MainThread]: Registered adapter: bigquery=1.10.2
[0m17:14:40.535958 [debug] [MainThread]: Acquiring new bigquery connection 'debug'
[0m17:14:40.536512 [debug] [MainThread]: On debug: select 1 as id
[0m17:14:40.536739 [debug] [MainThread]: Opening a new connection, currently in state init
[0m17:14:42.139798 [debug] [MainThread]: BigQuery adapter: https://console.cloud.google.com/bigquery?project=empty-lots&j=bq:us-east4:06b8720f-2a2d-4eb4-8d1c-4c22ddd16d2c&page=queryresults
[0m17:14:42.457987 [info ] [MainThread]:   Connection test: [[32mOK connection ok[0m]

[0m17:14:42.458950 [info ] [MainThread]: [32mAll checks passed![0m
[0m17:14:42.467147 [debug] [MainThread]: Resource report: {"command_name": "debug", "command_success": true, "command_wall_clock_time": 3.8174684, "process_in_blocks": "0", "process_kernel_time": 0.439476, "process_mem_max_rss": "365379584", "process_out_blocks": "0", "process_user_time": 1.98223}
[0m17:14:42.468182 [debug] [MainThread]: Command `dbt debug` succeeded at 17:14:42.468035 after 3.82 seconds
[0m17:14:42.468667 [debug] [MainThread]: Connection 'debug' was properly closed.
[0m17:14:42.469128 [debug] [MainThread]: Flushing usage events
[0m17:14:46.336445 [debug] [MainThread]: Got an exception trying to initialize tracking


============================== 17:14:46.350628 | 2f37468b-c2cb-4f66-b1bc-c7451db46a3a ==============================
[0m17:14:46.350628 [info ] [MainThread]: Running with dbt=1.10.13
[0m17:14:46.351270 [debug] [MainThread]: running dbt with arguments {'profiles_dir': '/Users/adrianparsons/.dbt', 'use_experimental_parser': 'False', 'quiet': 'False', 'use_colors': 'True', 'fail_fast': 'False', 'printer_width': '80', 'log_cache_events': 'False', 'warn_error': 'None', 'debug': 'False', 'indirect_selection': 'eager', 'target_path': 'None', 'log_path': '/Users/adrianparsons/Documents/programming/empty-lots/empty.nyc/dbt/empty_lots/logs', 'invocation_command': 'dbt compile', 'warn_error_options': 'WarnErrorOptionsV2(error=[], warn=[], silence=[])', 'write_json': 'True', 'empty': 'False', 'send_anonymous_usage_stats': 'True', 'log_format': 'default', 'no_print': 'None', 'version_check': 'True', 'introspect': 'True', 'partial_parse': 'True', 'cache_selected_only': 'False', 'static_parser': 'True'}
[0m17:14:47.892345 [info ] [MainThread]: Registered adapter: bigquery=1.10.2
[0m17:14:48.031430 [debug] [MainThread]: checksum: 9f0c81e2574b4ff463f3d16d080df83c6982fc0372c9feeacae0504ac9ea3ffe, vars: {}, profile: , target: , version: 1.10.13
[0m17:14:48.166292 [debug] [MainThread]: Partial parsing enabled: 0 files deleted, 0 files added, 0 files changed.
[0m17:14:48.166594 [debug] [MainThread]: Partial parsing enabled, no changes found, skipping parsing
[0m17:14:48.166993 [warn ] [MainThread]: [[33mWARNING[0m]: Configuration paths exist in your dbt_project.yml file which do not apply to any resources.
There are 1 unused configuration paths:
- models.empty_lots.example
[0m17:14:48.191099 [debug] [MainThread]: Wrote artifact WritableManifest to /Users/adrianparsons/Documents/programming/empty-lots/empty.nyc/dbt/empty_lots/target/manifest.json
[0m17:14:48.192568 [debug] [MainThread]: Wrote artifact SemanticManifest to /Users/adrianparsons/Documents/programming/empty-lots/empty.nyc/dbt/empty_lots/target/semantic_manifest.json
[0m17:14:48.205146 [info ] [MainThread]: Found 508 macros
[0m17:14:48.205974 [warn ] [MainThread]: Nothing to do. Try checking your model configs and model specification args
[0m17:14:48.207066 [debug] [MainThread]: Command end result
[0m17:14:48.218369 [debug] [MainThread]: Wrote artifact WritableManifest to /Users/adrianparsons/Documents/programming/empty-lots/empty.nyc/dbt/empty_lots/target/manifest.json
[0m17:14:48.219401 [debug] [MainThread]: Wrote artifact SemanticManifest to /Users/adrianparsons/Documents/programming/empty-lots/empty.nyc/dbt/empty_lots/target/semantic_manifest.json
[0m17:14:48.221703 [debug] [MainThread]: Wrote artifact RunExecutionResult to /Users/adrianparsons/Documents/programming/empty-lots/empty.nyc/dbt/empty_lots/target/run_results.json
[0m17:14:48.224386 [debug] [MainThread]: Resource report: {"command_name": "compile", "command_success": true, "command_wall_clock_time": 1.9132059, "process_in_blocks": "0", "process_kernel_time": 0.381349, "process_mem_max_rss": "357777408", "process_out_blocks": "0", "process_user_time": 2.062392}
[0m17:14:48.224822 [debug] [MainThread]: Command `dbt compile` succeeded at 17:14:48.224769 after 1.91 seconds
[0m17:14:48.225039 [debug] [MainThread]: Flushing usage events
[0m17:14:50.948813 [debug] [MainThread]: Got an exception trying to initialize tracking


============================== 17:14:50.963610 | 65ddbc24-5812-4208-9a4f-0a67f52f8f95 ==============================
[0m17:14:50.963610 [info ] [MainThread]: Running with dbt=1.10.13
[0m17:14:50.964248 [debug] [MainThread]: running dbt with arguments {'cache_selected_only': 'False', 'partial_parse': 'True', 'invocation_command': 'dbt run', 'send_anonymous_usage_stats': 'True', 'fail_fast': 'False', 'quiet': 'False', 'log_cache_events': 'False', 'use_experimental_parser': 'False', 'empty': 'False', 'no_print': 'None', 'target_path': 'None', 'warn_error': 'None', 'debug': 'False', 'profiles_dir': '/Users/adrianparsons/.dbt', 'indirect_selection': 'eager', 'write_json': 'True', 'static_parser': 'True', 'printer_width': '80', 'warn_error_options': 'WarnErrorOptionsV2(error=[], warn=[], silence=[])', 'log_path': '/Users/adrianparsons/Documents/programming/empty-lots/empty.nyc/dbt/empty_lots/logs', 'version_check': 'True', 'use_colors': 'True', 'log_format': 'default', 'introspect': 'True'}
[0m17:14:52.473006 [info ] [MainThread]: Registered adapter: bigquery=1.10.2
[0m17:14:52.609378 [debug] [MainThread]: checksum: 9f0c81e2574b4ff463f3d16d080df83c6982fc0372c9feeacae0504ac9ea3ffe, vars: {}, profile: , target: , version: 1.10.13
[0m17:14:52.742785 [debug] [MainThread]: Partial parsing enabled: 0 files deleted, 0 files added, 0 files changed.
[0m17:14:52.743099 [debug] [MainThread]: Partial parsing enabled, no changes found, skipping parsing
[0m17:14:52.743494 [warn ] [MainThread]: [[33mWARNING[0m]: Configuration paths exist in your dbt_project.yml file which do not apply to any resources.
There are 1 unused configuration paths:
- models.empty_lots.example
[0m17:14:52.767588 [debug] [MainThread]: Wrote artifact WritableManifest to /Users/adrianparsons/Documents/programming/empty-lots/empty.nyc/dbt/empty_lots/target/manifest.json
[0m17:14:52.768650 [debug] [MainThread]: Wrote artifact SemanticManifest to /Users/adrianparsons/Documents/programming/empty-lots/empty.nyc/dbt/empty_lots/target/semantic_manifest.json
[0m17:14:52.780815 [info ] [MainThread]: Found 508 macros
[0m17:14:52.781701 [warn ] [MainThread]: Nothing to do. Try checking your model configs and model specification args
[0m17:14:52.782827 [debug] [MainThread]: Command end result
[0m17:14:52.794721 [debug] [MainThread]: Wrote artifact WritableManifest to /Users/adrianparsons/Documents/programming/empty-lots/empty.nyc/dbt/empty_lots/target/manifest.json
[0m17:14:52.796555 [debug] [MainThread]: Wrote artifact SemanticManifest to /Users/adrianparsons/Documents/programming/empty-lots/empty.nyc/dbt/empty_lots/target/semantic_manifest.json
[0m17:14:52.798544 [debug] [MainThread]: Wrote artifact RunExecutionResult to /Users/adrianparsons/Documents/programming/empty-lots/empty.nyc/dbt/empty_lots/target/run_results.json
[0m17:14:52.802137 [debug] [MainThread]: Resource report: {"command_name": "run", "command_success": true, "command_wall_clock_time": 1.8793446, "process_in_blocks": "0", "process_kernel_time": 0.370813, "process_mem_max_rss": "356466688", "process_out_blocks": "0", "process_user_time": 2.040446}
[0m17:14:52.805442 [debug] [MainThread]: Command `dbt run` succeeded at 17:14:52.805311 after 1.88 seconds
[0m17:14:52.806055 [debug] [MainThread]: Flushing usage events
[0m17:15:29.410729 [debug] [MainThread]: Got an exception trying to initialize tracking


============================== 17:15:29.435453 | 8c3e5584-8e6e-472c-9c57-ab4c1a7ff11e ==============================
[0m17:15:29.435453 [info ] [MainThread]: Running with dbt=1.10.13
[0m17:15:29.436283 [debug] [MainThread]: running dbt with arguments {'indirect_selection': 'eager', 'cache_selected_only': 'False', 'log_cache_events': 'False', 'log_format': 'default', 'static_parser': 'True', 'version_check': 'True', 'printer_width': '80', 'introspect': 'True', 'quiet': 'False', 'debug': 'False', 'use_colors': 'True', 'no_print': 'None', 'warn_error': 'None', 'invocation_command': 'dbt docs generate', 'profiles_dir': '/Users/adrianparsons/.dbt', 'partial_parse': 'True', 'warn_error_options': 'WarnErrorOptionsV2(error=[], warn=[], silence=[])', 'send_anonymous_usage_stats': 'True', 'use_experimental_parser': 'False', 'target_path': 'None', 'log_path': '/Users/adrianparsons/Documents/programming/empty-lots/empty.nyc/dbt/empty_lots/logs', 'fail_fast': 'False', 'write_json': 'True', 'empty': 'None'}
[0m17:15:31.377072 [info ] [MainThread]: Registered adapter: bigquery=1.10.2
[0m17:15:31.515306 [debug] [MainThread]: checksum: 9f0c81e2574b4ff463f3d16d080df83c6982fc0372c9feeacae0504ac9ea3ffe, vars: {}, profile: , target: , version: 1.10.13
[0m17:15:31.647815 [debug] [MainThread]: Partial parsing enabled: 0 files deleted, 0 files added, 0 files changed.
[0m17:15:31.648113 [debug] [MainThread]: Partial parsing enabled, no changes found, skipping parsing
[0m17:15:31.648487 [warn ] [MainThread]: [[33mWARNING[0m]: Configuration paths exist in your dbt_project.yml file which do not apply to any resources.
There are 1 unused configuration paths:
- models.empty_lots.example
[0m17:15:31.662687 [info ] [MainThread]: Found 508 macros
[0m17:15:31.663453 [warn ] [MainThread]: Nothing to do. Try checking your model configs and model specification args
[0m17:15:31.664467 [debug] [MainThread]: Command end result
[0m17:15:31.687966 [debug] [MainThread]: Wrote artifact WritableManifest to /Users/adrianparsons/Documents/programming/empty-lots/empty.nyc/dbt/empty_lots/target/manifest.json
[0m17:15:31.689497 [debug] [MainThread]: Wrote artifact SemanticManifest to /Users/adrianparsons/Documents/programming/empty-lots/empty.nyc/dbt/empty_lots/target/semantic_manifest.json
[0m17:15:31.691179 [debug] [MainThread]: Wrote artifact RunExecutionResult to /Users/adrianparsons/Documents/programming/empty-lots/empty.nyc/dbt/empty_lots/target/run_results.json
[0m17:15:32.898660 [debug] [MainThread]: Acquiring new bigquery connection 'generate_catalog'
[0m17:15:32.900092 [info ] [MainThread]: Building catalog
[0m17:15:32.946205 [debug] [MainThread]: Opening a new connection, currently in state init
[0m17:15:32.952837 [debug] [MainThread]: Wrote artifact CatalogArtifact to /Users/adrianparsons/Documents/programming/empty-lots/empty.nyc/dbt/empty_lots/target/catalog.json
[0m17:15:32.965271 [debug] [MainThread]: Wrote artifact WritableManifest to /Users/adrianparsons/Documents/programming/empty-lots/empty.nyc/dbt/empty_lots/target/manifest.json
[0m17:15:32.967050 [debug] [MainThread]: Wrote artifact SemanticManifest to /Users/adrianparsons/Documents/programming/empty-lots/empty.nyc/dbt/empty_lots/target/semantic_manifest.json
[0m17:15:32.967247 [info ] [MainThread]: Catalog written to /Users/adrianparsons/Documents/programming/empty-lots/empty.nyc/dbt/empty_lots/target/catalog.json
[0m17:15:32.970676 [debug] [MainThread]: Resource report: {"command_name": "generate", "command_success": true, "command_wall_clock_time": 3.5869288, "process_in_blocks": "0", "process_kernel_time": 0.484142, "process_mem_max_rss": "359333888", "process_out_blocks": "0", "process_user_time": 2.093789}
[0m17:15:32.971426 [debug] [MainThread]: Command `dbt docs generate` succeeded at 17:15:32.971339 after 3.59 seconds
[0m17:15:32.971663 [debug] [MainThread]: Connection 'generate_catalog' was properly closed.
[0m17:15:32.971937 [debug] [MainThread]: Flushing usage events
[0m17:15:38.396033 [debug] [MainThread]: Got an exception trying to initialize tracking


============================== 17:15:38.414266 | 5b165eb8-7fb1-43db-9202-f86999fc8384 ==============================
[0m17:15:38.414266 [info ] [MainThread]: Running with dbt=1.10.13
[0m17:15:38.414962 [debug] [MainThread]: running dbt with arguments {'send_anonymous_usage_stats': 'True', 'printer_width': '80', 'use_colors': 'True', 'write_json': 'True', 'partial_parse': 'True', 'profiles_dir': '/Users/adrianparsons/.dbt', 'introspect': 'True', 'warn_error_options': 'WarnErrorOptionsV2(error=[], warn=[], silence=[])', 'indirect_selection': 'eager', 'cache_selected_only': 'False', 'no_print': 'None', 'version_check': 'True', 'debug': 'False', 'invocation_command': 'dbt docs serve', 'log_format': 'default', 'quiet': 'False', 'fail_fast': 'False', 'warn_error': 'None', 'log_path': '/Users/adrianparsons/Documents/programming/empty-lots/empty.nyc/dbt/empty_lots/logs', 'target_path': 'None', 'log_cache_events': 'False', 'static_parser': 'True', 'use_experimental_parser': 'False', 'empty': 'None'}
[0m17:15:50.401085 [error] [MainThread]: Encountered an error:

[0m17:15:50.418341 [error] [MainThread]: Traceback (most recent call last):
  File "/Library/Frameworks/Python.framework/Versions/3.12/lib/python3.12/site-packages/dbt/cli/requires.py", line 178, in wrapper
    result, success = func(*args, **kwargs)
                      ^^^^^^^^^^^^^^^^^^^^^
  File "/Library/Frameworks/Python.framework/Versions/3.12/lib/python3.12/site-packages/dbt/cli/requires.py", line 128, in wrapper
    return func(*args, **kwargs)
           ^^^^^^^^^^^^^^^^^^^^^
  File "/Library/Frameworks/Python.framework/Versions/3.12/lib/python3.12/site-packages/dbt/cli/requires.py", line 272, in wrapper
    return func(*args, **kwargs)
           ^^^^^^^^^^^^^^^^^^^^^
  File "/Library/Frameworks/Python.framework/Versions/3.12/lib/python3.12/site-packages/dbt/cli/requires.py", line 303, in wrapper
    return func(*args, **kwargs)
           ^^^^^^^^^^^^^^^^^^^^^
  File "/Library/Frameworks/Python.framework/Versions/3.12/lib/python3.12/site-packages/dbt/cli/requires.py", line 350, in wrapper
    return func(*args, **kwargs)
           ^^^^^^^^^^^^^^^^^^^^^
  File "/Library/Frameworks/Python.framework/Versions/3.12/lib/python3.12/site-packages/dbt/cli/main.py", line 307, in docs_serve
    results = task.run()
              ^^^^^^^^^^
  File "/Library/Frameworks/Python.framework/Versions/3.12/lib/python3.12/site-packages/dbt/task/docs/serve.py", line 29, in run
    httpd.serve_forever()
  File "/Library/Frameworks/Python.framework/Versions/3.12/lib/python3.12/socketserver.py", line 235, in serve_forever
    ready = selector.select(poll_interval)
            ^^^^^^^^^^^^^^^^^^^^^^^^^^^^^^
  File "/Library/Frameworks/Python.framework/Versions/3.12/lib/python3.12/selectors.py", line 415, in select
    fd_event_list = self._selector.poll(timeout)
                    ^^^^^^^^^^^^^^^^^^^^^^^^^^^^
KeyboardInterrupt

[0m17:15:50.443487 [debug] [MainThread]: Resource report: {"command_name": "serve", "command_success": false, "command_wall_clock_time": 12.07335, "process_in_blocks": "0", "process_kernel_time": 0.380354, "process_mem_max_rss": "357154816", "process_out_blocks": "0", "process_user_time": 1.851948}
[0m17:15:50.445380 [debug] [MainThread]: Command `dbt docs serve` failed at 17:15:50.445259 after 12.08 seconds
[0m17:15:50.446061 [debug] [MainThread]: Flushing usage events
[0m17:17:42.403750 [debug] [MainThread]: Got an exception trying to initialize tracking


============================== 17:17:42.425742 | 8f6ec1cf-b36a-40a3-9b70-9e258dbf8ae3 ==============================
[0m17:17:42.425742 [info ] [MainThread]: Running with dbt=1.10.13
[0m17:17:42.426422 [debug] [MainThread]: running dbt with arguments {'use_colors': 'True', 'use_experimental_parser': 'False', 'static_parser': 'True', 'target_path': 'None', 'cache_selected_only': 'False', 'warn_error': 'None', 'version_check': 'True', 'warn_error_options': 'WarnErrorOptionsV2(error=[], warn=[], silence=[])', 'send_anonymous_usage_stats': 'True', 'fail_fast': 'False', 'indirect_selection': 'eager', 'introspect': 'True', 'log_cache_events': 'False', 'log_path': '/Users/adrianparsons/Documents/programming/empty-lots/empty.nyc/dbt/empty_lots/logs', 'no_print': 'None', 'printer_width': '80', 'empty': 'None', 'partial_parse': 'True', 'quiet': 'False', 'write_json': 'True', 'debug': 'False', 'invocation_command': 'dbt debug', 'log_format': 'default', 'profiles_dir': '/Users/adrianparsons/.dbt'}
[0m17:17:42.436171 [info ] [MainThread]: dbt version: 1.10.13
[0m17:17:42.436494 [info ] [MainThread]: python version: 3.12.2
[0m17:17:42.436728 [info ] [MainThread]: python path: /Library/Frameworks/Python.framework/Versions/3.12/bin/python3.12
[0m17:17:42.437085 [info ] [MainThread]: os info: macOS-15.7.2-arm64-arm-64bit
[0m17:17:44.199307 [info ] [MainThread]: Using profiles dir at /Users/adrianparsons/.dbt
[0m17:17:44.199772 [info ] [MainThread]: Using profiles.yml file at /Users/adrianparsons/.dbt/profiles.yml
[0m17:17:44.200002 [info ] [MainThread]: Using dbt_project.yml file at /Users/adrianparsons/Documents/programming/empty-lots/empty.nyc/dbt/empty_lots/dbt_project.yml
[0m17:17:44.200174 [info ] [MainThread]: adapter type: bigquery
[0m17:17:44.200329 [info ] [MainThread]: adapter version: 1.10.2
[0m17:17:44.251518 [info ] [MainThread]: Configuration:
[0m17:17:44.251872 [info ] [MainThread]:   profiles.yml file [[32mOK found and valid[0m]
[0m17:17:44.252054 [info ] [MainThread]:   dbt_project.yml file [[32mOK found and valid[0m]
[0m17:17:44.252215 [info ] [MainThread]: Required dependencies:
[0m17:17:44.252420 [debug] [MainThread]: Executing "git --help"
[0m17:17:44.277710 [debug] [MainThread]: STDOUT: "b"usage: git [-v | --version] [-h | --help] [-C <path>] [-c <name>=<value>]\n           [--exec-path[=<path>]] [--html-path] [--man-path] [--info-path]\n           [-p | --paginate | -P | --no-pager] [--no-replace-objects] [--no-lazy-fetch]\n           [--no-optional-locks] [--no-advice] [--bare] [--git-dir=<path>]\n           [--work-tree=<path>] [--namespace=<name>] [--config-env=<name>=<envvar>]\n           <command> [<args>]\n\nThese are common Git commands used in various situations:\n\nstart a working area (see also: git help tutorial)\n   clone      Clone a repository into a new directory\n   init       Create an empty Git repository or reinitialize an existing one\n\nwork on the current change (see also: git help everyday)\n   add        Add file contents to the index\n   mv         Move or rename a file, a directory, or a symlink\n   restore    Restore working tree files\n   rm         Remove files from the working tree and from the index\n\nexamine the history and state (see also: git help revisions)\n   bisect     Use binary search to find the commit that introduced a bug\n   diff       Show changes between commits, commit and working tree, etc\n   grep       Print lines matching a pattern\n   log        Show commit logs\n   show       Show various types of objects\n   status     Show the working tree status\n\ngrow, mark and tweak your common history\n   backfill   Download missing objects in a partial clone\n   branch     List, create, or delete branches\n   commit     Record changes to the repository\n   merge      Join two or more development histories together\n   rebase     Reapply commits on top of another base tip\n   reset      Reset current HEAD to the specified state\n   switch     Switch branches\n   tag        Create, list, delete or verify a tag object signed with GPG\n\ncollaborate (see also: git help workflows)\n   fetch      Download objects and refs from another repository\n   pull       Fetch from and integrate with another repository or a local branch\n   push       Update remote refs along with associated objects\n\n'git help -a' and 'git help -g' list available subcommands and some\nconcept guides. See 'git help <command>' or 'git help <concept>'\nto read about a specific subcommand or concept.\nSee 'git help git' for an overview of the system.\n""
[0m17:17:44.278336 [debug] [MainThread]: STDERR: "b''"
[0m17:17:44.278546 [info ] [MainThread]:  - git [[32mOK found[0m]

[0m17:17:44.278738 [info ] [MainThread]: Connection:
[0m17:17:44.278975 [info ] [MainThread]:   method: service-account
[0m17:17:44.279136 [info ] [MainThread]:   database: empty-lots
[0m17:17:44.279283 [info ] [MainThread]:   execution_project: empty-lots
[0m17:17:44.279424 [info ] [MainThread]:   schema: nyc_pluto_historical
[0m17:17:44.279563 [info ] [MainThread]:   location: us-east4
[0m17:17:44.279709 [info ] [MainThread]:   priority: interactive
[0m17:17:44.279856 [info ] [MainThread]:   maximum_bytes_billed: None
[0m17:17:44.279998 [info ] [MainThread]:   impersonate_service_account: None
[0m17:17:44.280148 [info ] [MainThread]:   job_retry_deadline_seconds: None
[0m17:17:44.280287 [info ] [MainThread]:   job_retries: 1
[0m17:17:44.280423 [info ] [MainThread]:   job_creation_timeout_seconds: None
[0m17:17:44.280565 [info ] [MainThread]:   job_execution_timeout_seconds: 300
[0m17:17:44.280757 [info ] [MainThread]:   timeout_seconds: 300
[0m17:17:44.280898 [info ] [MainThread]:   client_id: None
[0m17:17:44.281032 [info ] [MainThread]:   token_uri: None
[0m17:17:44.281166 [info ] [MainThread]:   compute_region: None
[0m17:17:44.281310 [info ] [MainThread]:   dataproc_cluster_name: None
[0m17:17:44.281446 [info ] [MainThread]:   gcs_bucket: None
[0m17:17:44.281582 [info ] [MainThread]:   dataproc_batch: None
[0m17:17:44.281933 [info ] [MainThread]: Registered adapter: bigquery=1.10.2
[0m17:17:44.413400 [debug] [MainThread]: Acquiring new bigquery connection 'debug'
[0m17:17:44.413819 [debug] [MainThread]: On debug: select 1 as id
[0m17:17:44.414017 [debug] [MainThread]: Opening a new connection, currently in state init
[0m17:17:44.888857 [debug] [MainThread]: BigQuery adapter: https://console.cloud.google.com/bigquery?project=empty-lots&j=bq:us-east4:fe66ec37-d303-4ca4-a326-1cb71c1a9d45&page=queryresults
[0m17:17:45.254063 [info ] [MainThread]:   Connection test: [[32mOK connection ok[0m]

[0m17:17:45.255115 [info ] [MainThread]: [32mAll checks passed![0m
[0m17:17:45.263539 [debug] [MainThread]: Resource report: {"command_name": "debug", "command_success": true, "command_wall_clock_time": 2.8864207, "process_in_blocks": "0", "process_kernel_time": 0.525135, "process_mem_max_rss": "366772224", "process_out_blocks": "0", "process_user_time": 2.183581}
[0m17:17:45.264517 [debug] [MainThread]: Command `dbt debug` succeeded at 17:17:45.264339 after 2.89 seconds
[0m17:17:45.265095 [debug] [MainThread]: Connection 'debug' was properly closed.
[0m17:17:45.265622 [debug] [MainThread]: Flushing usage events
[0m17:17:49.002805 [debug] [MainThread]: Got an exception trying to initialize tracking


============================== 17:17:49.018970 | ce95ea41-8727-477c-9f2d-ec43a2b52f38 ==============================
[0m17:17:49.018970 [info ] [MainThread]: Running with dbt=1.10.13
[0m17:17:49.019872 [debug] [MainThread]: running dbt with arguments {'send_anonymous_usage_stats': 'True', 'profiles_dir': '/Users/adrianparsons/.dbt', 'indirect_selection': 'eager', 'log_format': 'default', 'log_path': '/Users/adrianparsons/Documents/programming/empty-lots/empty.nyc/dbt/empty_lots/logs', 'version_check': 'True', 'partial_parse': 'True', 'warn_error_options': 'WarnErrorOptionsV2(error=[], warn=[], silence=[])', 'quiet': 'False', 'cache_selected_only': 'False', 'use_experimental_parser': 'False', 'introspect': 'True', 'debug': 'False', 'use_colors': 'True', 'write_json': 'True', 'invocation_command': 'dbt compile', 'target_path': 'None', 'warn_error': 'None', 'no_print': 'None', 'log_cache_events': 'False', 'fail_fast': 'False', 'static_parser': 'True', 'empty': 'False', 'printer_width': '80'}
[0m17:17:50.644730 [info ] [MainThread]: Registered adapter: bigquery=1.10.2
[0m17:17:50.784712 [debug] [MainThread]: checksum: 9f0c81e2574b4ff463f3d16d080df83c6982fc0372c9feeacae0504ac9ea3ffe, vars: {}, profile: , target: , version: 1.10.13
[0m17:17:50.922841 [debug] [MainThread]: Partial parsing enabled: 0 files deleted, 1 files added, 0 files changed.
[0m17:17:50.923240 [debug] [MainThread]: Partial parsing: added file: empty_lots://models/staging/sources.yml
[0m17:17:51.003514 [warn ] [MainThread]: [[33mWARNING[0m]: Configuration paths exist in your dbt_project.yml file which do not apply to any resources.
There are 1 unused configuration paths:
- models.empty_lots.example
[0m17:17:51.039590 [debug] [MainThread]: Wrote artifact WritableManifest to /Users/adrianparsons/Documents/programming/empty-lots/empty.nyc/dbt/empty_lots/target/manifest.json
[0m17:17:51.041909 [debug] [MainThread]: Wrote artifact SemanticManifest to /Users/adrianparsons/Documents/programming/empty-lots/empty.nyc/dbt/empty_lots/target/semantic_manifest.json
[0m17:17:51.054549 [info ] [MainThread]: Found 1 source, 508 macros
[0m17:17:51.056252 [warn ] [MainThread]: Nothing to do. Try checking your model configs and model specification args
[0m17:17:51.056817 [debug] [MainThread]: Command end result
[0m17:17:51.069542 [debug] [MainThread]: Wrote artifact WritableManifest to /Users/adrianparsons/Documents/programming/empty-lots/empty.nyc/dbt/empty_lots/target/manifest.json
[0m17:17:51.070631 [debug] [MainThread]: Wrote artifact SemanticManifest to /Users/adrianparsons/Documents/programming/empty-lots/empty.nyc/dbt/empty_lots/target/semantic_manifest.json
[0m17:17:51.072692 [debug] [MainThread]: Wrote artifact RunExecutionResult to /Users/adrianparsons/Documents/programming/empty-lots/empty.nyc/dbt/empty_lots/target/run_results.json
[0m17:17:51.075802 [debug] [MainThread]: Resource report: {"command_name": "compile", "command_success": true, "command_wall_clock_time": 2.0988402, "process_in_blocks": "0", "process_kernel_time": 0.397563, "process_mem_max_rss": "365068288", "process_out_blocks": "0", "process_user_time": 2.176396}
[0m17:17:51.076215 [debug] [MainThread]: Command `dbt compile` succeeded at 17:17:51.076164 after 2.10 seconds
[0m17:17:51.076522 [debug] [MainThread]: Flushing usage events
[0m17:17:56.506871 [debug] [MainThread]: Got an exception trying to initialize tracking


============================== 17:17:56.524130 | c90ff7ca-bee7-47af-b34e-eb36e77e97eb ==============================
[0m17:17:56.524130 [info ] [MainThread]: Running with dbt=1.10.13
[0m17:17:56.524774 [debug] [MainThread]: running dbt with arguments {'version_check': 'True', 'send_anonymous_usage_stats': 'True', 'log_cache_events': 'False', 'log_path': '/Users/adrianparsons/Documents/programming/empty-lots/empty.nyc/dbt/empty_lots/logs', 'use_colors': 'True', 'profiles_dir': '/Users/adrianparsons/.dbt', 'log_format': 'default', 'partial_parse': 'True', 'introspect': 'True', 'static_parser': 'True', 'warn_error_options': 'WarnErrorOptionsV2(error=[], warn=[], silence=[])', 'warn_error': 'None', 'use_experimental_parser': 'False', 'empty': 'False', 'invocation_command': 'dbt run', 'cache_selected_only': 'False', 'target_path': 'None', 'write_json': 'True', 'debug': 'False', 'indirect_selection': 'eager', 'quiet': 'False', 'no_print': 'None', 'fail_fast': 'False', 'printer_width': '80'}
[0m17:17:58.075220 [info ] [MainThread]: Registered adapter: bigquery=1.10.2
[0m17:17:58.216677 [debug] [MainThread]: checksum: 9f0c81e2574b4ff463f3d16d080df83c6982fc0372c9feeacae0504ac9ea3ffe, vars: {}, profile: , target: , version: 1.10.13
[0m17:17:58.360754 [debug] [MainThread]: Partial parsing enabled: 0 files deleted, 0 files added, 0 files changed.
[0m17:17:58.361075 [debug] [MainThread]: Partial parsing enabled, no changes found, skipping parsing
[0m17:17:58.361488 [warn ] [MainThread]: [[33mWARNING[0m]: Configuration paths exist in your dbt_project.yml file which do not apply to any resources.
There are 1 unused configuration paths:
- models.empty_lots.example
[0m17:17:58.400570 [debug] [MainThread]: Wrote artifact WritableManifest to /Users/adrianparsons/Documents/programming/empty-lots/empty.nyc/dbt/empty_lots/target/manifest.json
[0m17:17:58.402950 [debug] [MainThread]: Wrote artifact SemanticManifest to /Users/adrianparsons/Documents/programming/empty-lots/empty.nyc/dbt/empty_lots/target/semantic_manifest.json
[0m17:17:58.416943 [info ] [MainThread]: Found 1 source, 508 macros
[0m17:17:58.417810 [warn ] [MainThread]: Nothing to do. Try checking your model configs and model specification args
[0m17:17:58.418909 [debug] [MainThread]: Command end result
[0m17:17:58.434528 [debug] [MainThread]: Wrote artifact WritableManifest to /Users/adrianparsons/Documents/programming/empty-lots/empty.nyc/dbt/empty_lots/target/manifest.json
[0m17:17:58.437166 [debug] [MainThread]: Wrote artifact SemanticManifest to /Users/adrianparsons/Documents/programming/empty-lots/empty.nyc/dbt/empty_lots/target/semantic_manifest.json
[0m17:17:58.439460 [debug] [MainThread]: Wrote artifact RunExecutionResult to /Users/adrianparsons/Documents/programming/empty-lots/empty.nyc/dbt/empty_lots/target/run_results.json
[0m17:17:58.442429 [debug] [MainThread]: Resource report: {"command_name": "run", "command_success": true, "command_wall_clock_time": 1.9619128, "process_in_blocks": "0", "process_kernel_time": 0.380405, "process_mem_max_rss": "357023744", "process_out_blocks": "0", "process_user_time": 2.087973}
[0m17:17:58.443070 [debug] [MainThread]: Command `dbt run` succeeded at 17:17:58.443007 after 1.96 seconds
[0m17:17:58.443297 [debug] [MainThread]: Flushing usage events
[0m17:20:20.089916 [debug] [MainThread]: Got an exception trying to initialize tracking


============================== 17:20:20.112847 | bbbf7677-cad5-4afa-9165-e9f4fab1c8c0 ==============================
[0m17:20:20.112847 [info ] [MainThread]: Running with dbt=1.10.13
[0m17:20:20.113487 [debug] [MainThread]: running dbt with arguments {'debug': 'False', 'profiles_dir': '/Users/adrianparsons/.dbt', 'introspect': 'True', 'use_colors': 'True', 'static_parser': 'True', 'cache_selected_only': 'False', 'write_json': 'True', 'fail_fast': 'False', 'log_cache_events': 'False', 'printer_width': '80', 'send_anonymous_usage_stats': 'True', 'partial_parse': 'True', 'log_path': '/Users/adrianparsons/Documents/programming/empty-lots/empty.nyc/dbt/empty_lots/logs', 'use_experimental_parser': 'False', 'version_check': 'True', 'quiet': 'False', 'warn_error_options': 'WarnErrorOptionsV2(error=[], warn=[], silence=[])', 'indirect_selection': 'eager', 'no_print': 'None', 'warn_error': 'None', 'target_path': 'None', 'invocation_command': 'dbt debug', 'log_format': 'default', 'empty': 'None'}
[0m17:20:20.123502 [info ] [MainThread]: dbt version: 1.10.13
[0m17:20:20.123817 [info ] [MainThread]: python version: 3.12.2
[0m17:20:20.124002 [info ] [MainThread]: python path: /Library/Frameworks/Python.framework/Versions/3.12/bin/python3.12
[0m17:20:20.124169 [info ] [MainThread]: os info: macOS-15.7.2-arm64-arm-64bit
[0m17:20:21.854693 [info ] [MainThread]: Using profiles dir at /Users/adrianparsons/.dbt
[0m17:20:21.855076 [info ] [MainThread]: Using profiles.yml file at /Users/adrianparsons/.dbt/profiles.yml
[0m17:20:21.855265 [info ] [MainThread]: Using dbt_project.yml file at /Users/adrianparsons/Documents/programming/empty-lots/empty.nyc/dbt/empty_lots/dbt_project.yml
[0m17:20:21.855437 [info ] [MainThread]: adapter type: bigquery
[0m17:20:21.855588 [info ] [MainThread]: adapter version: 1.10.2
[0m17:20:21.903026 [info ] [MainThread]: Configuration:
[0m17:20:21.903590 [info ] [MainThread]:   profiles.yml file [[32mOK found and valid[0m]
[0m17:20:21.903833 [info ] [MainThread]:   dbt_project.yml file [[32mOK found and valid[0m]
[0m17:20:21.904012 [info ] [MainThread]: Required dependencies:
[0m17:20:21.904229 [debug] [MainThread]: Executing "git --help"
[0m17:20:21.924418 [debug] [MainThread]: STDOUT: "b"usage: git [-v | --version] [-h | --help] [-C <path>] [-c <name>=<value>]\n           [--exec-path[=<path>]] [--html-path] [--man-path] [--info-path]\n           [-p | --paginate | -P | --no-pager] [--no-replace-objects] [--no-lazy-fetch]\n           [--no-optional-locks] [--no-advice] [--bare] [--git-dir=<path>]\n           [--work-tree=<path>] [--namespace=<name>] [--config-env=<name>=<envvar>]\n           <command> [<args>]\n\nThese are common Git commands used in various situations:\n\nstart a working area (see also: git help tutorial)\n   clone      Clone a repository into a new directory\n   init       Create an empty Git repository or reinitialize an existing one\n\nwork on the current change (see also: git help everyday)\n   add        Add file contents to the index\n   mv         Move or rename a file, a directory, or a symlink\n   restore    Restore working tree files\n   rm         Remove files from the working tree and from the index\n\nexamine the history and state (see also: git help revisions)\n   bisect     Use binary search to find the commit that introduced a bug\n   diff       Show changes between commits, commit and working tree, etc\n   grep       Print lines matching a pattern\n   log        Show commit logs\n   show       Show various types of objects\n   status     Show the working tree status\n\ngrow, mark and tweak your common history\n   backfill   Download missing objects in a partial clone\n   branch     List, create, or delete branches\n   commit     Record changes to the repository\n   merge      Join two or more development histories together\n   rebase     Reapply commits on top of another base tip\n   reset      Reset current HEAD to the specified state\n   switch     Switch branches\n   tag        Create, list, delete or verify a tag object signed with GPG\n\ncollaborate (see also: git help workflows)\n   fetch      Download objects and refs from another repository\n   pull       Fetch from and integrate with another repository or a local branch\n   push       Update remote refs along with associated objects\n\n'git help -a' and 'git help -g' list available subcommands and some\nconcept guides. See 'git help <command>' or 'git help <concept>'\nto read about a specific subcommand or concept.\nSee 'git help git' for an overview of the system.\n""
[0m17:20:21.925027 [debug] [MainThread]: STDERR: "b''"
[0m17:20:21.925229 [info ] [MainThread]:  - git [[32mOK found[0m]

[0m17:20:21.925463 [info ] [MainThread]: Connection:
[0m17:20:21.925680 [info ] [MainThread]:   method: service-account
[0m17:20:21.925855 [info ] [MainThread]:   database: empty-lots
[0m17:20:21.926004 [info ] [MainThread]:   execution_project: empty-lots
[0m17:20:21.926148 [info ] [MainThread]:   schema: nyc_pluto_historical
[0m17:20:21.926290 [info ] [MainThread]:   location: us-east4
[0m17:20:21.926428 [info ] [MainThread]:   priority: interactive
[0m17:20:21.926568 [info ] [MainThread]:   maximum_bytes_billed: None
[0m17:20:21.926704 [info ] [MainThread]:   impersonate_service_account: None
[0m17:20:21.926841 [info ] [MainThread]:   job_retry_deadline_seconds: None
[0m17:20:21.926976 [info ] [MainThread]:   job_retries: 1
[0m17:20:21.927116 [info ] [MainThread]:   job_creation_timeout_seconds: None
[0m17:20:21.927258 [info ] [MainThread]:   job_execution_timeout_seconds: 300
[0m17:20:21.927391 [info ] [MainThread]:   timeout_seconds: 300
[0m17:20:21.927529 [info ] [MainThread]:   client_id: None
[0m17:20:21.927662 [info ] [MainThread]:   token_uri: None
[0m17:20:21.927795 [info ] [MainThread]:   compute_region: None
[0m17:20:21.927928 [info ] [MainThread]:   dataproc_cluster_name: None
[0m17:20:21.928063 [info ] [MainThread]:   gcs_bucket: None
[0m17:20:21.928196 [info ] [MainThread]:   dataproc_batch: None
[0m17:20:21.928544 [info ] [MainThread]: Registered adapter: bigquery=1.10.2
[0m17:20:22.059105 [debug] [MainThread]: Acquiring new bigquery connection 'debug'
[0m17:20:22.059571 [debug] [MainThread]: On debug: select 1 as id
[0m17:20:22.059774 [debug] [MainThread]: Opening a new connection, currently in state init
[0m17:20:22.523754 [debug] [MainThread]: BigQuery adapter: https://console.cloud.google.com/bigquery?project=empty-lots&j=bq:us-east4:58c87f6f-b6fe-4dd0-bef1-bd1146281575&page=queryresults
[0m17:20:22.860194 [info ] [MainThread]:   Connection test: [[32mOK connection ok[0m]

[0m17:20:22.860901 [info ] [MainThread]: [32mAll checks passed![0m
[0m17:20:22.867573 [debug] [MainThread]: Resource report: {"command_name": "debug", "command_success": true, "command_wall_clock_time": 2.8051147, "process_in_blocks": "0", "process_kernel_time": 0.47907, "process_mem_max_rss": "364560384", "process_out_blocks": "0", "process_user_time": 1.977661}
[0m17:20:22.868275 [debug] [MainThread]: Command `dbt debug` succeeded at 17:20:22.868144 after 2.81 seconds
[0m17:20:22.868695 [debug] [MainThread]: Connection 'debug' was properly closed.
[0m17:20:22.869075 [debug] [MainThread]: Flushing usage events
[0m17:20:25.886265 [debug] [MainThread]: Got an exception trying to initialize tracking


============================== 17:20:25.900671 | 5e70e85b-e5ae-4b18-aec4-ca11a9acbaf0 ==============================
[0m17:20:25.900671 [info ] [MainThread]: Running with dbt=1.10.13
[0m17:20:25.901851 [debug] [MainThread]: running dbt with arguments {'fail_fast': 'False', 'empty': 'False', 'static_parser': 'True', 'write_json': 'True', 'log_path': '/Users/adrianparsons/Documents/programming/empty-lots/empty.nyc/dbt/empty_lots/logs', 'no_print': 'None', 'send_anonymous_usage_stats': 'True', 'indirect_selection': 'eager', 'cache_selected_only': 'False', 'debug': 'False', 'partial_parse': 'True', 'use_colors': 'True', 'version_check': 'True', 'quiet': 'False', 'introspect': 'True', 'invocation_command': 'dbt compile', 'use_experimental_parser': 'False', 'warn_error': 'None', 'profiles_dir': '/Users/adrianparsons/.dbt', 'log_cache_events': 'False', 'warn_error_options': 'WarnErrorOptionsV2(error=[], warn=[], silence=[])', 'printer_width': '80', 'target_path': 'None', 'log_format': 'default'}
[0m17:20:27.488290 [info ] [MainThread]: Registered adapter: bigquery=1.10.2
[0m17:20:27.627947 [debug] [MainThread]: checksum: 9f0c81e2574b4ff463f3d16d080df83c6982fc0372c9feeacae0504ac9ea3ffe, vars: {}, profile: , target: , version: 1.10.13
[0m17:20:27.776675 [debug] [MainThread]: Partial parsing enabled: 0 files deleted, 1 files added, 2 files changed.
[0m17:20:27.777601 [debug] [MainThread]: Partial parsing: added file: empty_lots://models/staging/stg_lots.sql
[0m17:20:27.777869 [debug] [MainThread]: Partial parsing: updated file: empty_lots://models/staging/sources.yml
[0m17:20:27.778093 [debug] [MainThread]: Partial parsing: updated file: empty_lots://models/staging/schema.yml
[0m17:20:27.946200 [warn ] [MainThread]: [[33mWARNING[0m]: Did not find matching node for patch with name 'staging_lots' in the 'models' section of file 'models/staging/schema.yml'
[0m17:20:27.982868 [warn ] [MainThread]: [[33mWARNING[0m]: Configuration paths exist in your dbt_project.yml file which do not apply to any resources.
There are 1 unused configuration paths:
- models.empty_lots.example
[0m17:20:28.030817 [debug] [MainThread]: Wrote artifact WritableManifest to /Users/adrianparsons/Documents/programming/empty-lots/empty.nyc/dbt/empty_lots/target/manifest.json
[0m17:20:28.032830 [debug] [MainThread]: Wrote artifact SemanticManifest to /Users/adrianparsons/Documents/programming/empty-lots/empty.nyc/dbt/empty_lots/target/semantic_manifest.json
[0m17:20:28.047377 [info ] [MainThread]: Found 1 model, 1 source, 508 macros
[0m17:20:28.048670 [info ] [MainThread]: 
[0m17:20:28.048989 [info ] [MainThread]: Concurrency: 1 threads (target='dev')
[0m17:20:28.049173 [info ] [MainThread]: 
[0m17:20:28.049462 [debug] [MainThread]: Acquiring new bigquery connection 'master'
[0m17:20:28.049927 [debug] [ThreadPool]: Acquiring new bigquery connection 'list_empty-lots_nyc_pluto_historical'
[0m17:20:28.050147 [debug] [ThreadPool]: Opening a new connection, currently in state init
[0m17:20:28.408256 [debug] [MainThread]: Opening a new connection, currently in state init
[0m17:20:28.413957 [debug] [Thread-1 (]: Began running node model.empty_lots.stg_lots
[0m17:20:28.414691 [debug] [Thread-1 (]: Re-using an available connection from the pool (formerly list_empty-lots_nyc_pluto_historical, now model.empty_lots.stg_lots)
[0m17:20:28.415313 [debug] [Thread-1 (]: Began compiling node model.empty_lots.stg_lots
[0m17:20:28.426321 [debug] [Thread-1 (]: Writing injected SQL for node "model.empty_lots.stg_lots"
[0m17:20:28.428308 [debug] [Thread-1 (]: Began executing node model.empty_lots.stg_lots
[0m17:20:28.428851 [debug] [Thread-1 (]: Opening a new connection, currently in state closed
[0m17:20:28.431196 [debug] [Thread-1 (]: Finished running node model.empty_lots.stg_lots
[0m17:20:28.432318 [debug] [MainThread]: Connection 'master' was properly closed.
[0m17:20:28.432658 [debug] [MainThread]: Connection 'model.empty_lots.stg_lots' was properly closed.
[0m17:20:28.433304 [debug] [MainThread]: Command end result
[0m17:20:28.455919 [debug] [MainThread]: Wrote artifact WritableManifest to /Users/adrianparsons/Documents/programming/empty-lots/empty.nyc/dbt/empty_lots/target/manifest.json
[0m17:20:28.457591 [debug] [MainThread]: Wrote artifact SemanticManifest to /Users/adrianparsons/Documents/programming/empty-lots/empty.nyc/dbt/empty_lots/target/semantic_manifest.json
[0m17:20:28.462871 [debug] [MainThread]: Wrote artifact RunExecutionResult to /Users/adrianparsons/Documents/programming/empty-lots/empty.nyc/dbt/empty_lots/target/run_results.json
[0m17:20:28.466401 [debug] [MainThread]: Resource report: {"command_name": "compile", "command_success": true, "command_wall_clock_time": 2.6081774, "process_in_blocks": "0", "process_kernel_time": 0.400408, "process_mem_max_rss": "366379008", "process_out_blocks": "0", "process_user_time": 2.426605}
[0m17:20:28.466860 [debug] [MainThread]: Command `dbt compile` succeeded at 17:20:28.466782 after 2.61 seconds
[0m17:20:28.467149 [debug] [MainThread]: Flushing usage events
[0m17:21:34.875918 [debug] [MainThread]: Got an exception trying to initialize tracking


============================== 17:21:34.901260 | c35bd0a6-877e-44df-b6c9-674068bf6b1c ==============================
[0m17:21:34.901260 [info ] [MainThread]: Running with dbt=1.10.13
[0m17:21:34.902332 [debug] [MainThread]: running dbt with arguments {'write_json': 'True', 'send_anonymous_usage_stats': 'True', 'warn_error_options': 'WarnErrorOptionsV2(error=[], warn=[], silence=[])', 'debug': 'False', 'version_check': 'True', 'log_cache_events': 'False', 'cache_selected_only': 'False', 'use_experimental_parser': 'False', 'printer_width': '80', 'profiles_dir': '/Users/adrianparsons/.dbt', 'empty': 'False', 'no_print': 'None', 'use_colors': 'True', 'invocation_command': 'dbt run', 'static_parser': 'True', 'warn_error': 'None', 'partial_parse': 'True', 'introspect': 'True', 'log_format': 'default', 'fail_fast': 'False', 'indirect_selection': 'eager', 'log_path': '/Users/adrianparsons/Documents/programming/empty-lots/empty.nyc/dbt/empty_lots/logs', 'quiet': 'False', 'target_path': 'None'}
[0m17:21:36.734572 [info ] [MainThread]: Registered adapter: bigquery=1.10.2
[0m17:21:36.876611 [debug] [MainThread]: checksum: 9f0c81e2574b4ff463f3d16d080df83c6982fc0372c9feeacae0504ac9ea3ffe, vars: {}, profile: , target: , version: 1.10.13
[0m17:21:37.031668 [debug] [MainThread]: Partial parsing enabled: 0 files deleted, 0 files added, 0 files changed.
[0m17:21:37.031965 [debug] [MainThread]: Partial parsing enabled, no changes found, skipping parsing
[0m17:21:37.034732 [warn ] [MainThread]: [[33mWARNING[0m]: Configuration paths exist in your dbt_project.yml file which do not apply to any resources.
There are 1 unused configuration paths:
- models.empty_lots.example
[0m17:21:37.087896 [debug] [MainThread]: Wrote artifact WritableManifest to /Users/adrianparsons/Documents/programming/empty-lots/empty.nyc/dbt/empty_lots/target/manifest.json
[0m17:21:37.089896 [debug] [MainThread]: Wrote artifact SemanticManifest to /Users/adrianparsons/Documents/programming/empty-lots/empty.nyc/dbt/empty_lots/target/semantic_manifest.json
[0m17:21:37.101767 [info ] [MainThread]: Found 1 model, 1 source, 508 macros
[0m17:21:37.102764 [info ] [MainThread]: 
[0m17:21:37.103198 [info ] [MainThread]: Concurrency: 1 threads (target='dev')
[0m17:21:37.103694 [info ] [MainThread]: 
[0m17:21:37.104051 [debug] [MainThread]: Acquiring new bigquery connection 'master'
[0m17:21:37.104575 [debug] [ThreadPool]: Acquiring new bigquery connection 'list_empty-lots'
[0m17:21:37.104795 [debug] [ThreadPool]: Opening a new connection, currently in state init
[0m17:21:37.531413 [debug] [ThreadPool]: Re-using an available connection from the pool (formerly list_empty-lots, now list_empty-lots_nyc_pluto_historical)
[0m17:21:37.532595 [debug] [ThreadPool]: Opening a new connection, currently in state closed
[0m17:21:37.886488 [debug] [MainThread]: Opening a new connection, currently in state init
[0m17:21:37.892204 [debug] [Thread-1 (]: Began running node model.empty_lots.stg_lots
[0m17:21:37.893146 [info ] [Thread-1 (]: 1 of 1 START sql table model nyc_pluto_historical.stg_lots ..................... [RUN]
[0m17:21:37.893852 [debug] [Thread-1 (]: Re-using an available connection from the pool (formerly list_empty-lots_nyc_pluto_historical, now model.empty_lots.stg_lots)
[0m17:21:37.894753 [debug] [Thread-1 (]: Began compiling node model.empty_lots.stg_lots
[0m17:21:37.907483 [debug] [Thread-1 (]: Writing injected SQL for node "model.empty_lots.stg_lots"
[0m17:21:37.909472 [debug] [Thread-1 (]: Began executing node model.empty_lots.stg_lots
[0m17:21:37.948040 [debug] [Thread-1 (]: Writing runtime sql for node "model.empty_lots.stg_lots"
[0m17:21:38.770238 [debug] [Thread-1 (]: On model.empty_lots.stg_lots: /* {"app": "dbt", "dbt_version": "1.10.13", "profile_name": "empty_lots", "target_name": "dev", "node_id": "model.empty_lots.stg_lots"} */

  
    

    create or replace table `empty-lots`.`nyc_pluto_historical`.`stg_lots`
      
    
    

    
    OPTIONS()
    as (
      /*
    Welcome to your first dbt model!
    Did you know that you can also configure models directly within SQL files?
    This will override configurations stated in dbt_project.yml

    Try changing "table" to "view" below
*/




select *
from `empty-lots`.`empty_lots_2025`.`pluto`

/*
    Uncomment the line below to remove records with null `id` values
*/

-- where id is not null
    );
  
[0m17:21:38.771131 [debug] [Thread-1 (]: Opening a new connection, currently in state closed
[0m17:21:39.251446 [debug] [Thread-1 (]: BigQuery adapter: https://console.cloud.google.com/bigquery?project=empty-lots&j=bq:us-east4:fbeec00f-0c8d-4da9-8ab6-902f682e543c&page=queryresults
[0m17:21:39.252936 [error] [Thread-1 (]: BigQuery adapter: https://console.cloud.google.com/bigquery?project=empty-lots&j=bq:us-east4:fbeec00f-0c8d-4da9-8ab6-902f682e543c&page=queryresults
[0m17:21:39.270843 [debug] [Thread-1 (]: Database Error in model stg_lots (models/staging/stg_lots.sql)
  Not found: Dataset empty-lots:empty_lots_2025 was not found in location us-east4
  compiled code at target/run/empty_lots/models/staging/stg_lots.sql
[0m17:21:39.274011 [error] [Thread-1 (]: 1 of 1 ERROR creating sql table model nyc_pluto_historical.stg_lots ............ [[31mERROR[0m in 1.38s]
[0m17:21:39.274907 [debug] [Thread-1 (]: Finished running node model.empty_lots.stg_lots
[0m17:21:39.275582 [debug] [Thread-4 (]: Marking all children of 'model.empty_lots.stg_lots' to be skipped because of status 'error'.  Reason: Database Error in model stg_lots (models/staging/stg_lots.sql)
  Not found: Dataset empty-lots:empty_lots_2025 was not found in location us-east4
  compiled code at target/run/empty_lots/models/staging/stg_lots.sql.
[0m17:21:39.278082 [debug] [MainThread]: Opening a new connection, currently in state closed
[0m17:21:39.280324 [debug] [MainThread]: Connection 'master' was properly closed.
[0m17:21:39.280692 [debug] [MainThread]: Connection 'model.empty_lots.stg_lots' was properly closed.
[0m17:21:39.281067 [info ] [MainThread]: 
[0m17:21:39.281420 [info ] [MainThread]: Finished running 1 table model in 0 hours 0 minutes and 2.18 seconds (2.18s).
[0m17:21:39.282144 [debug] [MainThread]: Command end result
[0m17:21:39.303407 [debug] [MainThread]: Wrote artifact WritableManifest to /Users/adrianparsons/Documents/programming/empty-lots/empty.nyc/dbt/empty_lots/target/manifest.json
[0m17:21:39.305894 [debug] [MainThread]: Wrote artifact SemanticManifest to /Users/adrianparsons/Documents/programming/empty-lots/empty.nyc/dbt/empty_lots/target/semantic_manifest.json
[0m17:21:39.311104 [debug] [MainThread]: Wrote artifact RunExecutionResult to /Users/adrianparsons/Documents/programming/empty-lots/empty.nyc/dbt/empty_lots/target/run_results.json
[0m17:21:39.311411 [info ] [MainThread]: 
[0m17:21:39.311720 [info ] [MainThread]: [31mCompleted with 1 error, 0 partial successes, and 0 warnings:[0m
[0m17:21:39.311964 [info ] [MainThread]: 
[0m17:21:39.312247 [error] [MainThread]: [31mFailure in model stg_lots (models/staging/stg_lots.sql)[0m
[0m17:21:39.312517 [error] [MainThread]:   Database Error in model stg_lots (models/staging/stg_lots.sql)
  Not found: Dataset empty-lots:empty_lots_2025 was not found in location us-east4
  compiled code at target/run/empty_lots/models/staging/stg_lots.sql
[0m17:21:39.312719 [info ] [MainThread]: 
[0m17:21:39.312952 [info ] [MainThread]:   compiled code at target/compiled/empty_lots/models/staging/stg_lots.sql
[0m17:21:39.313153 [info ] [MainThread]: 
[0m17:21:39.313383 [info ] [MainThread]: Done. PASS=0 WARN=0 ERROR=1 SKIP=0 NO-OP=0 TOTAL=1
[0m17:21:39.317320 [debug] [MainThread]: Resource report: {"command_name": "run", "command_success": false, "command_wall_clock_time": 4.469011, "process_in_blocks": "0", "process_kernel_time": 0.472191, "process_mem_max_rss": "359170048", "process_out_blocks": "0", "process_user_time": 2.532031}
[0m17:21:39.317743 [debug] [MainThread]: Command `dbt run` failed at 17:21:39.317680 after 4.47 seconds
[0m17:21:39.318023 [debug] [MainThread]: Flushing usage events
[0m17:23:10.769284 [debug] [MainThread]: Got an exception trying to initialize tracking


============================== 17:23:10.792026 | c695489d-2bee-4bbc-b1d9-afa669f367b7 ==============================
[0m17:23:10.792026 [info ] [MainThread]: Running with dbt=1.10.13
[0m17:23:10.792709 [debug] [MainThread]: running dbt with arguments {'no_print': 'None', 'invocation_command': 'dbt debug', 'log_format': 'default', 'indirect_selection': 'eager', 'printer_width': '80', 'debug': 'False', 'version_check': 'True', 'log_path': '/Users/adrianparsons/Documents/programming/empty-lots/empty.nyc/dbt/empty_lots/logs', 'partial_parse': 'True', 'introspect': 'True', 'warn_error': 'None', 'static_parser': 'True', 'fail_fast': 'False', 'warn_error_options': 'WarnErrorOptionsV2(error=[], warn=[], silence=[])', 'send_anonymous_usage_stats': 'True', 'empty': 'None', 'profiles_dir': '/Users/adrianparsons/.dbt', 'use_colors': 'True', 'log_cache_events': 'False', 'write_json': 'True', 'use_experimental_parser': 'False', 'cache_selected_only': 'False', 'target_path': 'None', 'quiet': 'False'}
[0m17:23:10.802525 [info ] [MainThread]: dbt version: 1.10.13
[0m17:23:10.802886 [info ] [MainThread]: python version: 3.12.2
[0m17:23:10.803299 [info ] [MainThread]: python path: /Library/Frameworks/Python.framework/Versions/3.12/bin/python3.12
[0m17:23:10.803485 [info ] [MainThread]: os info: macOS-15.7.2-arm64-arm-64bit
[0m17:23:12.544752 [info ] [MainThread]: Using profiles dir at /Users/adrianparsons/.dbt
[0m17:23:12.545179 [info ] [MainThread]: Using profiles.yml file at /Users/adrianparsons/.dbt/profiles.yml
[0m17:23:12.545373 [info ] [MainThread]: Using dbt_project.yml file at /Users/adrianparsons/Documents/programming/empty-lots/empty.nyc/dbt/empty_lots/dbt_project.yml
[0m17:23:12.545547 [info ] [MainThread]: adapter type: bigquery
[0m17:23:12.545702 [info ] [MainThread]: adapter version: 1.10.2
[0m17:23:12.594194 [info ] [MainThread]: Configuration:
[0m17:23:12.594567 [info ] [MainThread]:   profiles.yml file [[32mOK found and valid[0m]
[0m17:23:12.594751 [info ] [MainThread]:   dbt_project.yml file [[32mOK found and valid[0m]
[0m17:23:12.594906 [info ] [MainThread]: Required dependencies:
[0m17:23:12.595131 [debug] [MainThread]: Executing "git --help"
[0m17:23:12.637066 [debug] [MainThread]: STDOUT: "b"usage: git [-v | --version] [-h | --help] [-C <path>] [-c <name>=<value>]\n           [--exec-path[=<path>]] [--html-path] [--man-path] [--info-path]\n           [-p | --paginate | -P | --no-pager] [--no-replace-objects] [--no-lazy-fetch]\n           [--no-optional-locks] [--no-advice] [--bare] [--git-dir=<path>]\n           [--work-tree=<path>] [--namespace=<name>] [--config-env=<name>=<envvar>]\n           <command> [<args>]\n\nThese are common Git commands used in various situations:\n\nstart a working area (see also: git help tutorial)\n   clone      Clone a repository into a new directory\n   init       Create an empty Git repository or reinitialize an existing one\n\nwork on the current change (see also: git help everyday)\n   add        Add file contents to the index\n   mv         Move or rename a file, a directory, or a symlink\n   restore    Restore working tree files\n   rm         Remove files from the working tree and from the index\n\nexamine the history and state (see also: git help revisions)\n   bisect     Use binary search to find the commit that introduced a bug\n   diff       Show changes between commits, commit and working tree, etc\n   grep       Print lines matching a pattern\n   log        Show commit logs\n   show       Show various types of objects\n   status     Show the working tree status\n\ngrow, mark and tweak your common history\n   backfill   Download missing objects in a partial clone\n   branch     List, create, or delete branches\n   commit     Record changes to the repository\n   merge      Join two or more development histories together\n   rebase     Reapply commits on top of another base tip\n   reset      Reset current HEAD to the specified state\n   switch     Switch branches\n   tag        Create, list, delete or verify a tag object signed with GPG\n\ncollaborate (see also: git help workflows)\n   fetch      Download objects and refs from another repository\n   pull       Fetch from and integrate with another repository or a local branch\n   push       Update remote refs along with associated objects\n\n'git help -a' and 'git help -g' list available subcommands and some\nconcept guides. See 'git help <command>' or 'git help <concept>'\nto read about a specific subcommand or concept.\nSee 'git help git' for an overview of the system.\n""
[0m17:23:12.637699 [debug] [MainThread]: STDERR: "b''"
[0m17:23:12.637920 [info ] [MainThread]:  - git [[32mOK found[0m]

[0m17:23:12.638117 [info ] [MainThread]: Connection:
[0m17:23:12.638353 [info ] [MainThread]:   method: service-account
[0m17:23:12.638507 [info ] [MainThread]:   database: empty-lots
[0m17:23:12.638652 [info ] [MainThread]:   execution_project: empty-lots
[0m17:23:12.638790 [info ] [MainThread]:   schema: nyc_pluto_historical
[0m17:23:12.638925 [info ] [MainThread]:   location: us-east4
[0m17:23:12.639064 [info ] [MainThread]:   priority: interactive
[0m17:23:12.639209 [info ] [MainThread]:   maximum_bytes_billed: None
[0m17:23:12.639344 [info ] [MainThread]:   impersonate_service_account: None
[0m17:23:12.639478 [info ] [MainThread]:   job_retry_deadline_seconds: None
[0m17:23:12.639614 [info ] [MainThread]:   job_retries: 1
[0m17:23:12.639751 [info ] [MainThread]:   job_creation_timeout_seconds: None
[0m17:23:12.639959 [info ] [MainThread]:   job_execution_timeout_seconds: 300
[0m17:23:12.640221 [info ] [MainThread]:   timeout_seconds: 300
[0m17:23:12.640395 [info ] [MainThread]:   client_id: None
[0m17:23:12.640553 [info ] [MainThread]:   token_uri: None
[0m17:23:12.640702 [info ] [MainThread]:   compute_region: None
[0m17:23:12.640846 [info ] [MainThread]:   dataproc_cluster_name: None
[0m17:23:12.640992 [info ] [MainThread]:   gcs_bucket: None
[0m17:23:12.641134 [info ] [MainThread]:   dataproc_batch: None
[0m17:23:12.641487 [info ] [MainThread]: Registered adapter: bigquery=1.10.2
[0m17:23:12.774912 [debug] [MainThread]: Acquiring new bigquery connection 'debug'
[0m17:23:12.775353 [debug] [MainThread]: On debug: select 1 as id
[0m17:23:12.775549 [debug] [MainThread]: Opening a new connection, currently in state init
[0m17:23:13.282707 [debug] [MainThread]: BigQuery adapter: https://console.cloud.google.com/bigquery?project=empty-lots&j=bq:us-east4:9c5105c5-0130-49dc-9b91-791a0df2d9a1&page=queryresults
[0m17:23:13.667849 [info ] [MainThread]:   Connection test: [[32mOK connection ok[0m]

[0m17:23:13.668799 [info ] [MainThread]: [32mAll checks passed![0m
[0m17:23:13.676549 [debug] [MainThread]: Resource report: {"command_name": "debug", "command_success": true, "command_wall_clock_time": 2.934451, "process_in_blocks": "0", "process_kernel_time": 0.462065, "process_mem_max_rss": "362905600", "process_out_blocks": "0", "process_user_time": 2.038781}
[0m17:23:13.677553 [debug] [MainThread]: Command `dbt debug` succeeded at 17:23:13.677372 after 2.94 seconds
[0m17:23:13.678134 [debug] [MainThread]: Connection 'debug' was properly closed.
[0m17:23:13.678587 [debug] [MainThread]: Flushing usage events
[0m17:23:16.983516 [debug] [MainThread]: Got an exception trying to initialize tracking


============================== 17:23:17.000519 | 57ab86c4-6dbd-4293-a6ea-2aa2a0c982fd ==============================
[0m17:23:17.000519 [info ] [MainThread]: Running with dbt=1.10.13
[0m17:23:17.001473 [debug] [MainThread]: running dbt with arguments {'cache_selected_only': 'False', 'write_json': 'True', 'use_experimental_parser': 'False', 'quiet': 'False', 'fail_fast': 'False', 'log_cache_events': 'False', 'send_anonymous_usage_stats': 'True', 'no_print': 'None', 'invocation_command': 'dbt debug', 'target_path': 'None', 'log_format': 'default', 'introspect': 'True', 'version_check': 'True', 'profiles_dir': '/Users/adrianparsons/.dbt', 'warn_error': 'None', 'empty': 'None', 'warn_error_options': 'WarnErrorOptionsV2(error=[], warn=[], silence=[])', 'log_path': '/Users/adrianparsons/Documents/programming/empty-lots/empty.nyc/dbt/empty_lots/logs', 'partial_parse': 'True', 'static_parser': 'True', 'indirect_selection': 'eager', 'use_colors': 'True', 'printer_width': '80', 'debug': 'False'}
[0m17:23:17.010136 [info ] [MainThread]: dbt version: 1.10.13
[0m17:23:17.010416 [info ] [MainThread]: python version: 3.12.2
[0m17:23:17.010592 [info ] [MainThread]: python path: /Library/Frameworks/Python.framework/Versions/3.12/bin/python3.12
[0m17:23:17.010756 [info ] [MainThread]: os info: macOS-15.7.2-arm64-arm-64bit
[0m17:23:18.507531 [info ] [MainThread]: Using profiles dir at /Users/adrianparsons/.dbt
[0m17:23:18.508285 [info ] [MainThread]: Using profiles.yml file at /Users/adrianparsons/.dbt/profiles.yml
[0m17:23:18.508485 [info ] [MainThread]: Using dbt_project.yml file at /Users/adrianparsons/Documents/programming/empty-lots/empty.nyc/dbt/empty_lots/dbt_project.yml
[0m17:23:18.508651 [info ] [MainThread]: adapter type: bigquery
[0m17:23:18.508801 [info ] [MainThread]: adapter version: 1.10.2
[0m17:23:18.556948 [info ] [MainThread]: Configuration:
[0m17:23:18.557307 [info ] [MainThread]:   profiles.yml file [[32mOK found and valid[0m]
[0m17:23:18.557499 [info ] [MainThread]:   dbt_project.yml file [[32mOK found and valid[0m]
[0m17:23:18.557657 [info ] [MainThread]: Required dependencies:
[0m17:23:18.557872 [debug] [MainThread]: Executing "git --help"
[0m17:23:18.581633 [debug] [MainThread]: STDOUT: "b"usage: git [-v | --version] [-h | --help] [-C <path>] [-c <name>=<value>]\n           [--exec-path[=<path>]] [--html-path] [--man-path] [--info-path]\n           [-p | --paginate | -P | --no-pager] [--no-replace-objects] [--no-lazy-fetch]\n           [--no-optional-locks] [--no-advice] [--bare] [--git-dir=<path>]\n           [--work-tree=<path>] [--namespace=<name>] [--config-env=<name>=<envvar>]\n           <command> [<args>]\n\nThese are common Git commands used in various situations:\n\nstart a working area (see also: git help tutorial)\n   clone      Clone a repository into a new directory\n   init       Create an empty Git repository or reinitialize an existing one\n\nwork on the current change (see also: git help everyday)\n   add        Add file contents to the index\n   mv         Move or rename a file, a directory, or a symlink\n   restore    Restore working tree files\n   rm         Remove files from the working tree and from the index\n\nexamine the history and state (see also: git help revisions)\n   bisect     Use binary search to find the commit that introduced a bug\n   diff       Show changes between commits, commit and working tree, etc\n   grep       Print lines matching a pattern\n   log        Show commit logs\n   show       Show various types of objects\n   status     Show the working tree status\n\ngrow, mark and tweak your common history\n   backfill   Download missing objects in a partial clone\n   branch     List, create, or delete branches\n   commit     Record changes to the repository\n   merge      Join two or more development histories together\n   rebase     Reapply commits on top of another base tip\n   reset      Reset current HEAD to the specified state\n   switch     Switch branches\n   tag        Create, list, delete or verify a tag object signed with GPG\n\ncollaborate (see also: git help workflows)\n   fetch      Download objects and refs from another repository\n   pull       Fetch from and integrate with another repository or a local branch\n   push       Update remote refs along with associated objects\n\n'git help -a' and 'git help -g' list available subcommands and some\nconcept guides. See 'git help <command>' or 'git help <concept>'\nto read about a specific subcommand or concept.\nSee 'git help git' for an overview of the system.\n""
[0m17:23:18.582865 [debug] [MainThread]: STDERR: "b''"
[0m17:23:18.583093 [info ] [MainThread]:  - git [[32mOK found[0m]

[0m17:23:18.583317 [info ] [MainThread]: Connection:
[0m17:23:18.583621 [info ] [MainThread]:   method: service-account
[0m17:23:18.583785 [info ] [MainThread]:   database: empty-lots
[0m17:23:18.584015 [info ] [MainThread]:   execution_project: empty-lots
[0m17:23:18.584427 [info ] [MainThread]:   schema: nyc_pluto_historical
[0m17:23:18.584741 [info ] [MainThread]:   location: us-east4
[0m17:23:18.584902 [info ] [MainThread]:   priority: interactive
[0m17:23:18.585055 [info ] [MainThread]:   maximum_bytes_billed: None
[0m17:23:18.585201 [info ] [MainThread]:   impersonate_service_account: None
[0m17:23:18.585412 [info ] [MainThread]:   job_retry_deadline_seconds: None
[0m17:23:18.585573 [info ] [MainThread]:   job_retries: 1
[0m17:23:18.585725 [info ] [MainThread]:   job_creation_timeout_seconds: None
[0m17:23:18.585873 [info ] [MainThread]:   job_execution_timeout_seconds: 300
[0m17:23:18.586017 [info ] [MainThread]:   timeout_seconds: 300
[0m17:23:18.586158 [info ] [MainThread]:   client_id: None
[0m17:23:18.586298 [info ] [MainThread]:   token_uri: None
[0m17:23:18.586432 [info ] [MainThread]:   compute_region: None
[0m17:23:18.586565 [info ] [MainThread]:   dataproc_cluster_name: None
[0m17:23:18.586699 [info ] [MainThread]:   gcs_bucket: None
[0m17:23:18.586835 [info ] [MainThread]:   dataproc_batch: None
[0m17:23:18.587190 [info ] [MainThread]: Registered adapter: bigquery=1.10.2
[0m17:23:18.714928 [debug] [MainThread]: Acquiring new bigquery connection 'debug'
[0m17:23:18.715359 [debug] [MainThread]: On debug: select 1 as id
[0m17:23:18.715814 [debug] [MainThread]: Opening a new connection, currently in state init
[0m17:23:19.088639 [debug] [MainThread]: BigQuery adapter: https://console.cloud.google.com/bigquery?project=empty-lots&j=bq:us-east4:1dbebc19-0b23-422c-b5cd-242c5815e763&page=queryresults
[0m17:23:19.399965 [info ] [MainThread]:   Connection test: [[32mOK connection ok[0m]

[0m17:23:19.401136 [info ] [MainThread]: [32mAll checks passed![0m
[0m17:23:19.408633 [debug] [MainThread]: Resource report: {"command_name": "debug", "command_success": true, "command_wall_clock_time": 2.450735, "process_in_blocks": "0", "process_kernel_time": 0.40265, "process_mem_max_rss": "363823104", "process_out_blocks": "0", "process_user_time": 2.018852}
[0m17:23:19.409728 [debug] [MainThread]: Command `dbt debug` succeeded at 17:23:19.409540 after 2.45 seconds
[0m17:23:19.410341 [debug] [MainThread]: Connection 'debug' was properly closed.
[0m17:23:19.410884 [debug] [MainThread]: Flushing usage events
[0m17:23:21.846369 [debug] [MainThread]: Got an exception trying to initialize tracking


============================== 17:23:21.861339 | b80ec000-081a-4c8e-95c7-a460c6904bd1 ==============================
[0m17:23:21.861339 [info ] [MainThread]: Running with dbt=1.10.13
[0m17:23:21.862021 [debug] [MainThread]: running dbt with arguments {'empty': 'False', 'printer_width': '80', 'indirect_selection': 'eager', 'target_path': 'None', 'log_format': 'default', 'fail_fast': 'False', 'warn_error_options': 'WarnErrorOptionsV2(error=[], warn=[], silence=[])', 'cache_selected_only': 'False', 'write_json': 'True', 'no_print': 'None', 'profiles_dir': '/Users/adrianparsons/.dbt', 'partial_parse': 'True', 'use_colors': 'True', 'introspect': 'True', 'invocation_command': 'dbt run', 'quiet': 'False', 'warn_error': 'None', 'use_experimental_parser': 'False', 'static_parser': 'True', 'log_cache_events': 'False', 'version_check': 'True', 'debug': 'False', 'log_path': '/Users/adrianparsons/Documents/programming/empty-lots/empty.nyc/dbt/empty_lots/logs', 'send_anonymous_usage_stats': 'True'}
[0m17:23:23.175107 [info ] [MainThread]: Registered adapter: bigquery=1.10.2
[0m17:23:23.314323 [debug] [MainThread]: checksum: 9f0c81e2574b4ff463f3d16d080df83c6982fc0372c9feeacae0504ac9ea3ffe, vars: {}, profile: , target: , version: 1.10.13
[0m17:23:23.470041 [debug] [MainThread]: Partial parsing enabled: 0 files deleted, 0 files added, 1 files changed.
[0m17:23:23.470562 [debug] [MainThread]: Partial parsing: updated file: empty_lots://models/staging/sources.yml
[0m17:23:23.642170 [warn ] [MainThread]: [[33mWARNING[0m]: Configuration paths exist in your dbt_project.yml file which do not apply to any resources.
There are 1 unused configuration paths:
- models.empty_lots.example
[0m17:23:23.686469 [debug] [MainThread]: Wrote artifact WritableManifest to /Users/adrianparsons/Documents/programming/empty-lots/empty.nyc/dbt/empty_lots/target/manifest.json
[0m17:23:23.688722 [debug] [MainThread]: Wrote artifact SemanticManifest to /Users/adrianparsons/Documents/programming/empty-lots/empty.nyc/dbt/empty_lots/target/semantic_manifest.json
[0m17:23:23.705883 [info ] [MainThread]: Found 1 model, 1 source, 508 macros
[0m17:23:23.707000 [info ] [MainThread]: 
[0m17:23:23.707330 [info ] [MainThread]: Concurrency: 1 threads (target='dev')
[0m17:23:23.707562 [info ] [MainThread]: 
[0m17:23:23.707883 [debug] [MainThread]: Acquiring new bigquery connection 'master'
[0m17:23:23.708485 [debug] [ThreadPool]: Acquiring new bigquery connection 'list_empty-lots'
[0m17:23:23.708745 [debug] [ThreadPool]: Opening a new connection, currently in state init
[0m17:23:24.328023 [debug] [ThreadPool]: Re-using an available connection from the pool (formerly list_empty-lots, now list_empty-lots_nyc_pluto_historical)
[0m17:23:24.328953 [debug] [ThreadPool]: Opening a new connection, currently in state closed
[0m17:23:24.693857 [debug] [MainThread]: Opening a new connection, currently in state init
[0m17:23:24.700266 [debug] [Thread-1 (]: Began running node model.empty_lots.stg_lots
[0m17:23:24.701347 [info ] [Thread-1 (]: 1 of 1 START sql table model nyc_pluto_historical.stg_lots ..................... [RUN]
[0m17:23:24.702196 [debug] [Thread-1 (]: Re-using an available connection from the pool (formerly list_empty-lots_nyc_pluto_historical, now model.empty_lots.stg_lots)
[0m17:23:24.702950 [debug] [Thread-1 (]: Began compiling node model.empty_lots.stg_lots
[0m17:23:24.714933 [debug] [Thread-1 (]: Writing injected SQL for node "model.empty_lots.stg_lots"
[0m17:23:24.716758 [debug] [Thread-1 (]: Began executing node model.empty_lots.stg_lots
[0m17:23:24.757588 [debug] [Thread-1 (]: Writing runtime sql for node "model.empty_lots.stg_lots"
[0m17:23:24.758995 [debug] [Thread-1 (]: On model.empty_lots.stg_lots: /* {"app": "dbt", "dbt_version": "1.10.13", "profile_name": "empty_lots", "target_name": "dev", "node_id": "model.empty_lots.stg_lots"} */

  
    

    create or replace table `empty-lots`.`nyc_pluto_historical`.`stg_lots`
      
    
    

    
    OPTIONS()
    as (
      /*
    Welcome to your first dbt model!
    Did you know that you can also configure models directly within SQL files?
    This will override configurations stated in dbt_project.yml

    Try changing "table" to "view" below
*/




select *
from `empty-lots`.`nyc_pluto_historical`.`pluto`

/*
    Uncomment the line below to remove records with null `id` values
*/

-- where id is not null
    );
  
[0m17:23:24.759961 [debug] [Thread-1 (]: Opening a new connection, currently in state closed
[0m17:23:25.302320 [debug] [Thread-1 (]: BigQuery adapter: https://console.cloud.google.com/bigquery?project=empty-lots&j=bq:us-east4:eaf018a2-cb35-4b91-af1a-118d4db3b6da&page=queryresults
[0m17:23:30.257632 [info ] [Thread-1 (]: 1 of 1 OK created sql table model nyc_pluto_historical.stg_lots ................ [[32mCREATE TABLE (6.9m rows, 3.6 GiB processed)[0m in 5.55s]
[0m17:23:30.259944 [debug] [Thread-1 (]: Finished running node model.empty_lots.stg_lots
[0m17:23:30.261567 [debug] [MainThread]: Opening a new connection, currently in state closed
[0m17:23:30.263889 [debug] [MainThread]: Connection 'master' was properly closed.
[0m17:23:30.264203 [debug] [MainThread]: Connection 'model.empty_lots.stg_lots' was properly closed.
[0m17:23:30.264522 [info ] [MainThread]: 
[0m17:23:30.264832 [info ] [MainThread]: Finished running 1 table model in 0 hours 0 minutes and 6.56 seconds (6.56s).
[0m17:23:30.265680 [debug] [MainThread]: Command end result
[0m17:23:30.286110 [debug] [MainThread]: Wrote artifact WritableManifest to /Users/adrianparsons/Documents/programming/empty-lots/empty.nyc/dbt/empty_lots/target/manifest.json
[0m17:23:30.289994 [debug] [MainThread]: Wrote artifact SemanticManifest to /Users/adrianparsons/Documents/programming/empty-lots/empty.nyc/dbt/empty_lots/target/semantic_manifest.json
[0m17:23:30.294140 [debug] [MainThread]: Wrote artifact RunExecutionResult to /Users/adrianparsons/Documents/programming/empty-lots/empty.nyc/dbt/empty_lots/target/run_results.json
[0m17:23:30.294398 [info ] [MainThread]: 
[0m17:23:30.294711 [info ] [MainThread]: [32mCompleted successfully[0m
[0m17:23:30.294938 [info ] [MainThread]: 
[0m17:23:30.295194 [info ] [MainThread]: Done. PASS=1 WARN=0 ERROR=0 SKIP=0 NO-OP=0 TOTAL=1
[0m17:23:30.298870 [debug] [MainThread]: Resource report: {"command_name": "run", "command_success": true, "command_wall_clock_time": 8.479006, "process_in_blocks": "0", "process_kernel_time": 0.431651, "process_mem_max_rss": "366428160", "process_out_blocks": "0", "process_user_time": 2.638617}
[0m17:23:30.299376 [debug] [MainThread]: Command `dbt run` succeeded at 17:23:30.299312 after 8.48 seconds
[0m17:23:30.299701 [debug] [MainThread]: Flushing usage events
[0m17:23:42.477471 [debug] [MainThread]: Got an exception trying to initialize tracking


============================== 17:23:42.496621 | ced4d355-1b5d-4ed7-8be0-e0d26e9305cc ==============================
[0m17:23:42.496621 [info ] [MainThread]: Running with dbt=1.10.13
[0m17:23:42.497286 [debug] [MainThread]: running dbt with arguments {'use_colors': 'True', 'log_format': 'default', 'quiet': 'False', 'printer_width': '80', 'send_anonymous_usage_stats': 'True', 'log_cache_events': 'False', 'cache_selected_only': 'False', 'partial_parse': 'True', 'static_parser': 'True', 'invocation_command': 'dbt docs generate', 'log_path': '/Users/adrianparsons/Documents/programming/empty-lots/empty.nyc/dbt/empty_lots/logs', 'empty': 'None', 'target_path': 'None', 'introspect': 'True', 'fail_fast': 'False', 'profiles_dir': '/Users/adrianparsons/.dbt', 'version_check': 'True', 'warn_error': 'None', 'warn_error_options': 'WarnErrorOptionsV2(error=[], warn=[], silence=[])', 'use_experimental_parser': 'False', 'no_print': 'None', 'debug': 'False', 'write_json': 'True', 'indirect_selection': 'eager'}
[0m17:23:44.255903 [info ] [MainThread]: Registered adapter: bigquery=1.10.2
[0m17:23:44.398330 [debug] [MainThread]: checksum: 9f0c81e2574b4ff463f3d16d080df83c6982fc0372c9feeacae0504ac9ea3ffe, vars: {}, profile: , target: , version: 1.10.13
[0m17:23:44.552889 [debug] [MainThread]: Partial parsing enabled: 0 files deleted, 0 files added, 0 files changed.
[0m17:23:44.553217 [debug] [MainThread]: Partial parsing enabled, no changes found, skipping parsing
[0m17:23:44.555991 [warn ] [MainThread]: [[33mWARNING[0m]: Configuration paths exist in your dbt_project.yml file which do not apply to any resources.
There are 1 unused configuration paths:
- models.empty_lots.example
[0m17:23:44.582506 [info ] [MainThread]: Found 1 model, 1 source, 508 macros
[0m17:23:44.583423 [info ] [MainThread]: 
[0m17:23:44.583644 [info ] [MainThread]: Concurrency: 1 threads (target='dev')
[0m17:23:44.583814 [info ] [MainThread]: 
[0m17:23:44.584078 [debug] [MainThread]: Acquiring new bigquery connection 'master'
[0m17:23:44.584501 [debug] [ThreadPool]: Acquiring new bigquery connection 'list_empty-lots_nyc_pluto_historical'
[0m17:23:44.584735 [debug] [ThreadPool]: Opening a new connection, currently in state init
[0m17:23:44.903968 [debug] [MainThread]: Opening a new connection, currently in state init
[0m17:23:44.907358 [debug] [Thread-1 (]: Began running node model.empty_lots.stg_lots
[0m17:23:44.907761 [debug] [Thread-1 (]: Re-using an available connection from the pool (formerly list_empty-lots_nyc_pluto_historical, now model.empty_lots.stg_lots)
[0m17:23:44.908080 [debug] [Thread-1 (]: Began compiling node model.empty_lots.stg_lots
[0m17:23:44.916265 [debug] [Thread-1 (]: Writing injected SQL for node "model.empty_lots.stg_lots"
[0m17:23:44.918259 [debug] [Thread-1 (]: Began executing node model.empty_lots.stg_lots
[0m17:23:44.918726 [debug] [Thread-1 (]: Opening a new connection, currently in state closed
[0m17:23:44.920778 [debug] [Thread-1 (]: Finished running node model.empty_lots.stg_lots
[0m17:23:44.922047 [debug] [MainThread]: Connection 'master' was properly closed.
[0m17:23:44.922458 [debug] [MainThread]: Connection 'model.empty_lots.stg_lots' was properly closed.
[0m17:23:44.923156 [debug] [MainThread]: Command end result
[0m17:23:44.984626 [debug] [MainThread]: Wrote artifact WritableManifest to /Users/adrianparsons/Documents/programming/empty-lots/empty.nyc/dbt/empty_lots/target/manifest.json
[0m17:23:44.986235 [debug] [MainThread]: Wrote artifact SemanticManifest to /Users/adrianparsons/Documents/programming/empty-lots/empty.nyc/dbt/empty_lots/target/semantic_manifest.json
[0m17:23:44.990128 [debug] [MainThread]: Wrote artifact RunExecutionResult to /Users/adrianparsons/Documents/programming/empty-lots/empty.nyc/dbt/empty_lots/target/run_results.json
[0m17:23:44.992557 [debug] [MainThread]: Acquiring new bigquery connection 'generate_catalog'
[0m17:23:44.992802 [info ] [MainThread]: Building catalog
[0m17:23:44.995808 [debug] [ThreadPool]: Acquiring new bigquery connection 'empty-lots.information_schema'
[0m17:23:45.007399 [debug] [ThreadPool]: On empty-lots.information_schema: /* {"app": "dbt", "dbt_version": "1.10.13", "profile_name": "empty_lots", "target_name": "dev", "connection_name": "empty-lots.information_schema"} */

    with
                table_shards_stage as (
    select
        tables.project_id as table_catalog,
        tables.dataset_id as table_schema,
        coalesce(REGEXP_EXTRACT(tables.table_id, '^(.+)[0-9]{8}$'), tables.table_id) as table_name,
        tables.table_id as shard_name,
        REGEXP_EXTRACT(tables.table_id, '^.+([0-9]{8})$') as shard_index,
        REGEXP_CONTAINS(tables.table_id, '^.+[0-9]{8}$') and tables.type = 1 as is_date_shard,
        case
            when materialized_views.table_name is not null then 'materialized view'
            when tables.type = 1 then 'table'
            when tables.type = 2 then 'view'
            else 'external'
        end as table_type,
        tables.type = 1 as is_table,
        JSON_VALUE(table_description.option_value) as table_comment,
        tables.size_bytes,
        tables.row_count
    from `empty-lots`.`nyc_pluto_historical`.__TABLES__ tables
    left join `empty-lots`.`nyc_pluto_historical`.INFORMATION_SCHEMA.MATERIALIZED_VIEWS materialized_views
        on materialized_views.table_catalog = tables.project_id
        and materialized_views.table_schema = tables.dataset_id
        and materialized_views.table_name = tables.table_id
    left join `empty-lots`.`nyc_pluto_historical`.INFORMATION_SCHEMA.TABLE_OPTIONS table_description
        on table_description.table_catalog = tables.project_id
        and table_description.table_schema = tables.dataset_id
        and table_description.table_name = tables.table_id
        and table_description.option_name = 'description'
),
                table_shards as (
                    select * from table_shards_stage
                    where ((
                                upper(table_schema) = upper('nyc_pluto_historical')
                            and upper(table_name) = upper('pluto')
                            ) or (
                                upper(table_schema) = upper('nyc_pluto_historical')
                            and upper(table_name) = upper('stg_lots')
                            ))
                ),
                tables as (
    select distinct
        table_catalog,
        table_schema,
        table_name,
        is_date_shard,
        table_type,
        is_table,
        table_comment
    from table_shards
),
                table_stats as (
    select
        table_catalog,
        table_schema,
        table_name,
        max(shard_name) as latest_shard_name,
        min(shard_index) as shard_min,
        max(shard_index) as shard_max,
        count(shard_index) as shard_count,
        sum(size_bytes) as size_bytes,
        sum(row_count) as row_count
    from table_shards
    group by 1, 2, 3
),

                columns as (
    select
        columns.table_catalog,
        columns.table_schema,
        columns.table_name as shard_name,
        coalesce(paths.field_path, '<unknown>') as column_name,
        -- invent a row number to account for nested fields
        -- BQ does not treat these nested properties as independent fields
        row_number() over (
            partition by
                columns.table_catalog,
                columns.table_schema,
                columns.table_name
            order by
                columns.ordinal_position,
                paths.field_path
        ) as column_index,
        coalesce(paths.data_type, '<unknown>') as column_type,
        paths.description as column_comment,
        case when columns.is_partitioning_column = 'YES' then 1 else 0 end as is_partitioning_column,
        case when columns.is_partitioning_column = 'YES' then paths.field_path end as partition_column,
        case when columns.clustering_ordinal_position is not null then 1 else 0 end as is_clustering_column,
        case when columns.clustering_ordinal_position is not null then paths.field_path end as cluster_column,
        columns.clustering_ordinal_position
    from `empty-lots`.`nyc_pluto_historical`.INFORMATION_SCHEMA.COLUMNS columns
    join `empty-lots`.`nyc_pluto_historical`.INFORMATION_SCHEMA.COLUMN_FIELD_PATHS paths
        on paths.table_catalog = columns.table_catalog
        and paths.table_schema = columns.table_schema
        and paths.table_name = columns.table_name
        and paths.column_name = columns.column_name
    where columns.ordinal_position is not null
),
                column_stats as (
    select
        table_catalog,
        table_schema,
        shard_name,
        max(is_partitioning_column) = 1 as is_partitioned,
        max(partition_column) as partition_column,
        max(is_clustering_column) = 1 as is_clustered,
        array_to_string(
            array_agg(
                cluster_column ignore nulls
                order by clustering_ordinal_position
            ), ', '
        ) as clustering_columns
    from columns
    group by 1, 2, 3
)

            
    select
        tables.table_catalog as table_database,
        tables.table_schema,
        case
            when tables.is_date_shard then concat(tables.table_name, '*')
            else tables.table_name
        end as table_name,
        tables.table_type,
        tables.table_comment,
        -- coalesce column metadata fields to ensure they are non-null for catalog generation
        -- external table columns are not present in COLUMN_FIELD_PATHS
        coalesce(columns.column_name, '<unknown>') as column_name,
        coalesce(columns.column_index, 1) as column_index,
        coalesce(columns.column_type, '<unknown>') as column_type,
        coalesce(columns.column_comment, '') as column_comment,

        'Shard count' as `stats__date_shards__label`,
        table_stats.shard_count as `stats__date_shards__value`,
        'The number of date shards in this table' as `stats__date_shards__description`,
        tables.is_date_shard as `stats__date_shards__include`,

        'Shard (min)' as `stats__date_shard_min__label`,
        table_stats.shard_min as `stats__date_shard_min__value`,
        'The first date shard in this table' as `stats__date_shard_min__description`,
        tables.is_date_shard as `stats__date_shard_min__include`,

        'Shard (max)' as `stats__date_shard_max__label`,
        table_stats.shard_max as `stats__date_shard_max__value`,
        'The last date shard in this table' as `stats__date_shard_max__description`,
        tables.is_date_shard as `stats__date_shard_max__include`,

        '# Rows' as `stats__num_rows__label`,
        table_stats.row_count as `stats__num_rows__value`,
        'Approximate count of rows in this table' as `stats__num_rows__description`,
        tables.is_table as `stats__num_rows__include`,

        'Approximate Size' as `stats__num_bytes__label`,
        table_stats.size_bytes as `stats__num_bytes__value`,
        'Approximate size of table as reported by BigQuery' as `stats__num_bytes__description`,
        tables.is_table as `stats__num_bytes__include`,

        'Partitioned By' as `stats__partitioning_type__label`,
        column_stats.partition_column as `stats__partitioning_type__value`,
        'The partitioning column for this table' as `stats__partitioning_type__description`,
        column_stats.is_partitioned as `stats__partitioning_type__include`,

        'Clustered By' as `stats__clustering_fields__label`,
        column_stats.clustering_columns as `stats__clustering_fields__value`,
        'The clustering columns for this table' as `stats__clustering_fields__description`,
        column_stats.is_clustered as `stats__clustering_fields__include`

    from tables
    join table_stats
        on table_stats.table_catalog = tables.table_catalog
        and table_stats.table_schema = tables.table_schema
        and table_stats.table_name = tables.table_name
    left join column_stats
        on column_stats.table_catalog = tables.table_catalog
        and column_stats.table_schema = tables.table_schema
        and column_stats.shard_name = table_stats.latest_shard_name
    left join columns
        on columns.table_catalog = tables.table_catalog
        and columns.table_schema = tables.table_schema
        and columns.shard_name = table_stats.latest_shard_name

  
[0m17:23:45.008111 [debug] [ThreadPool]: Opening a new connection, currently in state init
[0m17:23:45.480127 [debug] [ThreadPool]: BigQuery adapter: https://console.cloud.google.com/bigquery?project=empty-lots&j=bq:us-east4:bae99b4d-12e6-4941-bbd8-cbccdee536cb&page=queryresults
[0m17:23:46.583917 [debug] [MainThread]: Opening a new connection, currently in state init
[0m17:23:46.598010 [debug] [MainThread]: Wrote artifact CatalogArtifact to /Users/adrianparsons/Documents/programming/empty-lots/empty.nyc/dbt/empty_lots/target/catalog.json
[0m17:23:46.616879 [debug] [MainThread]: Wrote artifact WritableManifest to /Users/adrianparsons/Documents/programming/empty-lots/empty.nyc/dbt/empty_lots/target/manifest.json
[0m17:23:46.625295 [debug] [MainThread]: Wrote artifact SemanticManifest to /Users/adrianparsons/Documents/programming/empty-lots/empty.nyc/dbt/empty_lots/target/semantic_manifest.json
[0m17:23:46.626052 [info ] [MainThread]: Catalog written to /Users/adrianparsons/Documents/programming/empty-lots/empty.nyc/dbt/empty_lots/target/catalog.json
[0m17:23:46.637615 [debug] [MainThread]: Resource report: {"command_name": "generate", "command_success": true, "command_wall_clock_time": 4.1865797, "process_in_blocks": "0", "process_kernel_time": 0.476732, "process_mem_max_rss": "363986944", "process_out_blocks": "0", "process_user_time": 2.453429}
[0m17:23:46.639659 [debug] [MainThread]: Command `dbt docs generate` succeeded at 17:23:46.638763 after 4.19 seconds
[0m17:23:46.641904 [debug] [MainThread]: Connection 'generate_catalog' was properly closed.
[0m17:23:46.642370 [debug] [MainThread]: Connection 'empty-lots.information_schema' was properly closed.
[0m17:23:46.643303 [debug] [MainThread]: Flushing usage events
[0m17:24:01.556496 [debug] [MainThread]: Got an exception trying to initialize tracking


============================== 17:24:01.573195 | 65f06a66-3f0f-4539-b154-501f54f88d79 ==============================
[0m17:24:01.573195 [info ] [MainThread]: Running with dbt=1.10.13
[0m17:24:01.573858 [debug] [MainThread]: running dbt with arguments {'empty': 'None', 'log_format': 'default', 'warn_error_options': 'WarnErrorOptionsV2(error=[], warn=[], silence=[])', 'use_colors': 'True', 'printer_width': '80', 'quiet': 'False', 'introspect': 'True', 'target_path': 'None', 'log_path': '/Users/adrianparsons/Documents/programming/empty-lots/empty.nyc/dbt/empty_lots/logs', 'write_json': 'True', 'use_experimental_parser': 'False', 'log_cache_events': 'False', 'fail_fast': 'False', 'debug': 'False', 'partial_parse': 'True', 'send_anonymous_usage_stats': 'True', 'static_parser': 'True', 'warn_error': 'None', 'profiles_dir': '/Users/adrianparsons/.dbt', 'version_check': 'True', 'no_print': 'None', 'invocation_command': 'dbt docs serve', 'cache_selected_only': 'False', 'indirect_selection': 'eager'}
[0m13:59:07.075024 [error] [MainThread]: Encountered an error:

[0m13:59:07.183923 [error] [MainThread]: Traceback (most recent call last):
  File "/Library/Frameworks/Python.framework/Versions/3.12/lib/python3.12/site-packages/dbt/cli/requires.py", line 178, in wrapper
    result, success = func(*args, **kwargs)
                      ^^^^^^^^^^^^^^^^^^^^^
  File "/Library/Frameworks/Python.framework/Versions/3.12/lib/python3.12/site-packages/dbt/cli/requires.py", line 128, in wrapper
    return func(*args, **kwargs)
           ^^^^^^^^^^^^^^^^^^^^^
  File "/Library/Frameworks/Python.framework/Versions/3.12/lib/python3.12/site-packages/dbt/cli/requires.py", line 272, in wrapper
    return func(*args, **kwargs)
           ^^^^^^^^^^^^^^^^^^^^^
  File "/Library/Frameworks/Python.framework/Versions/3.12/lib/python3.12/site-packages/dbt/cli/requires.py", line 303, in wrapper
    return func(*args, **kwargs)
           ^^^^^^^^^^^^^^^^^^^^^
  File "/Library/Frameworks/Python.framework/Versions/3.12/lib/python3.12/site-packages/dbt/cli/requires.py", line 350, in wrapper
    return func(*args, **kwargs)
           ^^^^^^^^^^^^^^^^^^^^^
  File "/Library/Frameworks/Python.framework/Versions/3.12/lib/python3.12/site-packages/dbt/cli/main.py", line 307, in docs_serve
    results = task.run()
              ^^^^^^^^^^
  File "/Library/Frameworks/Python.framework/Versions/3.12/lib/python3.12/site-packages/dbt/task/docs/serve.py", line 29, in run
    httpd.serve_forever()
  File "/Library/Frameworks/Python.framework/Versions/3.12/lib/python3.12/socketserver.py", line 235, in serve_forever
    ready = selector.select(poll_interval)
            ^^^^^^^^^^^^^^^^^^^^^^^^^^^^^^
  File "/Library/Frameworks/Python.framework/Versions/3.12/lib/python3.12/selectors.py", line 415, in select
    fd_event_list = self._selector.poll(timeout)
                    ^^^^^^^^^^^^^^^^^^^^^^^^^^^^
KeyboardInterrupt

[0m13:59:07.405024 [debug] [MainThread]: Resource report: {"command_name": "serve", "command_success": false, "command_wall_clock_time": 3791.5344, "process_in_blocks": "0", "process_kernel_time": 0.807859, "process_mem_max_rss": "355778560", "process_out_blocks": "0", "process_user_time": 2.135964}
[0m13:59:07.432060 [debug] [MainThread]: Command `dbt docs serve` failed at 13:59:07.431385 after 3791.56 seconds
[0m13:59:07.436174 [debug] [MainThread]: Flushing usage events
[0m14:00:00.456708 [debug] [MainThread]: Got an exception trying to initialize tracking


============================== 14:00:00.485980 | d96b4bcb-75c1-41b2-bff8-1789253e415c ==============================
[0m14:00:00.485980 [info ] [MainThread]: Running with dbt=1.10.13
[0m14:00:00.486697 [debug] [MainThread]: running dbt with arguments {'target_path': 'None', 'indirect_selection': 'eager', 'warn_error_options': 'WarnErrorOptionsV2(error=[], warn=[], silence=[])', 'warn_error': 'None', 'log_format': 'default', 'write_json': 'True', 'quiet': 'False', 'log_cache_events': 'False', 'no_print': 'None', 'log_path': '/Users/adrianparsons/Documents/programming/empty-lots/empty.nyc/dbt/logs', 'version_check': 'True', 'use_colors': 'True', 'empty': 'None', 'use_experimental_parser': 'False', 'cache_selected_only': 'False', 'invocation_command': 'dbt debug', 'static_parser': 'True', 'profiles_dir': '/Users/adrianparsons/.dbt', 'introspect': 'True', 'partial_parse': 'True', 'printer_width': '80', 'debug': 'False', 'send_anonymous_usage_stats': 'True', 'fail_fast': 'False'}
[0m14:00:00.496352 [info ] [MainThread]: dbt version: 1.10.13
[0m14:00:00.496594 [info ] [MainThread]: python version: 3.12.2
[0m14:00:00.496765 [info ] [MainThread]: python path: /Library/Frameworks/Python.framework/Versions/3.12/bin/python3.12
[0m14:00:00.496918 [info ] [MainThread]: os info: macOS-15.7.2-arm64-arm-64bit
[0m14:00:02.283481 [info ] [MainThread]: Using profiles dir at /Users/adrianparsons/.dbt
[0m14:00:02.283841 [info ] [MainThread]: Using profiles.yml file at /Users/adrianparsons/.dbt/profiles.yml
[0m14:00:02.284027 [info ] [MainThread]: Using dbt_project.yml file at /Users/adrianparsons/Documents/programming/empty-lots/empty.nyc/dbt/dbt_project.yml
[0m14:00:02.284192 [info ] [MainThread]: adapter type: bigquery
[0m14:00:02.284343 [info ] [MainThread]: adapter version: 1.10.2
[0m14:00:02.330414 [info ] [MainThread]: Configuration:
[0m14:00:02.330741 [info ] [MainThread]:   profiles.yml file [[32mOK found and valid[0m]
[0m14:00:02.330919 [info ] [MainThread]:   dbt_project.yml file [[32mOK found and valid[0m]
[0m14:00:02.331078 [info ] [MainThread]: Required dependencies:
[0m14:00:02.331279 [debug] [MainThread]: Executing "git --help"
[0m14:00:02.357574 [debug] [MainThread]: STDOUT: "b"usage: git [-v | --version] [-h | --help] [-C <path>] [-c <name>=<value>]\n           [--exec-path[=<path>]] [--html-path] [--man-path] [--info-path]\n           [-p | --paginate | -P | --no-pager] [--no-replace-objects] [--no-lazy-fetch]\n           [--no-optional-locks] [--no-advice] [--bare] [--git-dir=<path>]\n           [--work-tree=<path>] [--namespace=<name>] [--config-env=<name>=<envvar>]\n           <command> [<args>]\n\nThese are common Git commands used in various situations:\n\nstart a working area (see also: git help tutorial)\n   clone      Clone a repository into a new directory\n   init       Create an empty Git repository or reinitialize an existing one\n\nwork on the current change (see also: git help everyday)\n   add        Add file contents to the index\n   mv         Move or rename a file, a directory, or a symlink\n   restore    Restore working tree files\n   rm         Remove files from the working tree and from the index\n\nexamine the history and state (see also: git help revisions)\n   bisect     Use binary search to find the commit that introduced a bug\n   diff       Show changes between commits, commit and working tree, etc\n   grep       Print lines matching a pattern\n   log        Show commit logs\n   show       Show various types of objects\n   status     Show the working tree status\n\ngrow, mark and tweak your common history\n   backfill   Download missing objects in a partial clone\n   branch     List, create, or delete branches\n   commit     Record changes to the repository\n   merge      Join two or more development histories together\n   rebase     Reapply commits on top of another base tip\n   reset      Reset current HEAD to the specified state\n   switch     Switch branches\n   tag        Create, list, delete or verify a tag object signed with GPG\n\ncollaborate (see also: git help workflows)\n   fetch      Download objects and refs from another repository\n   pull       Fetch from and integrate with another repository or a local branch\n   push       Update remote refs along with associated objects\n\n'git help -a' and 'git help -g' list available subcommands and some\nconcept guides. See 'git help <command>' or 'git help <concept>'\nto read about a specific subcommand or concept.\nSee 'git help git' for an overview of the system.\n""
[0m14:00:02.358196 [debug] [MainThread]: STDERR: "b''"
[0m14:00:02.358396 [info ] [MainThread]:  - git [[32mOK found[0m]

[0m14:00:02.358602 [info ] [MainThread]: Connection:
[0m14:00:02.358932 [info ] [MainThread]:   method: service-account
[0m14:00:02.359143 [info ] [MainThread]:   database: empty-lots
[0m14:00:02.359312 [info ] [MainThread]:   execution_project: empty-lots
[0m14:00:02.359461 [info ] [MainThread]:   schema: nyc_pluto_historical
[0m14:00:02.359606 [info ] [MainThread]:   location: us-east4
[0m14:00:02.359876 [info ] [MainThread]:   priority: interactive
[0m14:00:02.360171 [info ] [MainThread]:   maximum_bytes_billed: None
[0m14:00:02.360408 [info ] [MainThread]:   impersonate_service_account: None
[0m14:00:02.360584 [info ] [MainThread]:   job_retry_deadline_seconds: None
[0m14:00:02.360739 [info ] [MainThread]:   job_retries: 1
[0m14:00:02.360884 [info ] [MainThread]:   job_creation_timeout_seconds: None
[0m14:00:02.361032 [info ] [MainThread]:   job_execution_timeout_seconds: 300
[0m14:00:02.361170 [info ] [MainThread]:   timeout_seconds: 300
[0m14:00:02.361307 [info ] [MainThread]:   client_id: None
[0m14:00:02.361442 [info ] [MainThread]:   token_uri: None
[0m14:00:02.361575 [info ] [MainThread]:   compute_region: None
[0m14:00:02.361710 [info ] [MainThread]:   dataproc_cluster_name: None
[0m14:00:02.361842 [info ] [MainThread]:   gcs_bucket: None
[0m14:00:02.361972 [info ] [MainThread]:   dataproc_batch: None
[0m14:00:02.362331 [info ] [MainThread]: Registered adapter: bigquery=1.10.2
[0m14:00:02.491774 [debug] [MainThread]: Acquiring new bigquery connection 'debug'
[0m14:00:02.492214 [debug] [MainThread]: On debug: select 1 as id
[0m14:00:02.492407 [debug] [MainThread]: Opening a new connection, currently in state init
[0m14:00:03.110618 [debug] [MainThread]: BigQuery adapter: https://console.cloud.google.com/bigquery?project=empty-lots&j=bq:us-east4:9162aa88-e24f-4c2b-9459-f45c04861057&page=queryresults
[0m14:00:03.468456 [info ] [MainThread]:   Connection test: [[32mOK connection ok[0m]

[0m14:00:03.469170 [info ] [MainThread]: [32mAll checks passed![0m
[0m14:00:03.475522 [debug] [MainThread]: Resource report: {"command_name": "debug", "command_success": true, "command_wall_clock_time": 3.0471764, "process_in_blocks": "0", "process_kernel_time": 0.503812, "process_mem_max_rss": "365690880", "process_out_blocks": "0", "process_user_time": 1.962089}
[0m14:00:03.476234 [debug] [MainThread]: Command `dbt debug` succeeded at 14:00:03.476099 after 3.05 seconds
[0m14:00:03.476697 [debug] [MainThread]: Connection 'debug' was properly closed.
[0m14:00:03.477153 [debug] [MainThread]: Flushing usage events
[0m14:01:10.575885 [debug] [MainThread]: Got an exception trying to initialize tracking


============================== 14:01:10.601806 | 726db579-8338-498a-b28c-2a16804aac2c ==============================
[0m14:01:10.601806 [info ] [MainThread]: Running with dbt=1.10.13
[0m14:01:10.602468 [debug] [MainThread]: running dbt with arguments {'cache_selected_only': 'False', 'printer_width': '80', 'target_path': 'None', 'indirect_selection': 'eager', 'log_path': '/Users/adrianparsons/Documents/programming/empty-lots/empty.nyc/dbt/logs', 'use_colors': 'True', 'debug': 'False', 'warn_error_options': 'WarnErrorOptionsV2(error=[], warn=[], silence=[])', 'partial_parse': 'True', 'profiles_dir': '/Users/adrianparsons/.dbt', 'invocation_command': 'dbt run', 'log_format': 'default', 'introspect': 'True', 'version_check': 'True', 'log_cache_events': 'False', 'write_json': 'True', 'warn_error': 'None', 'use_experimental_parser': 'False', 'quiet': 'False', 'static_parser': 'True', 'fail_fast': 'False', 'empty': 'False', 'no_print': 'None', 'send_anonymous_usage_stats': 'True'}
[0m14:01:12.430255 [info ] [MainThread]: Registered adapter: bigquery=1.10.2
[0m14:01:12.574292 [debug] [MainThread]: checksum: 9f0c81e2574b4ff463f3d16d080df83c6982fc0372c9feeacae0504ac9ea3ffe, vars: {}, profile: , target: , version: 1.10.13
[0m14:01:12.727307 [debug] [MainThread]: Partial parsing enabled: 0 files deleted, 0 files added, 0 files changed.
[0m14:01:12.727609 [debug] [MainThread]: Partial parsing enabled, no changes found, skipping parsing
[0m14:01:12.730325 [warn ] [MainThread]: [[33mWARNING[0m]: Configuration paths exist in your dbt_project.yml file which do not apply to any resources.
There are 1 unused configuration paths:
- models.empty_lots.example
[0m14:01:12.781953 [debug] [MainThread]: Wrote artifact WritableManifest to /Users/adrianparsons/Documents/programming/empty-lots/empty.nyc/dbt/target/manifest.json
[0m14:01:12.784945 [debug] [MainThread]: Wrote artifact SemanticManifest to /Users/adrianparsons/Documents/programming/empty-lots/empty.nyc/dbt/target/semantic_manifest.json
[0m14:01:12.797220 [info ] [MainThread]: Found 1 model, 1 source, 508 macros
[0m14:01:12.798074 [info ] [MainThread]: 
[0m14:01:12.798297 [info ] [MainThread]: Concurrency: 1 threads (target='dev')
[0m14:01:12.798464 [info ] [MainThread]: 
[0m14:01:12.798740 [debug] [MainThread]: Acquiring new bigquery connection 'master'
[0m14:01:12.799181 [debug] [ThreadPool]: Acquiring new bigquery connection 'list_empty-lots'
[0m14:01:12.799402 [debug] [ThreadPool]: Opening a new connection, currently in state init
[0m14:01:13.283840 [debug] [ThreadPool]: Re-using an available connection from the pool (formerly list_empty-lots, now list_empty-lots_nyc_pluto_historical)
[0m14:01:13.285064 [debug] [ThreadPool]: Opening a new connection, currently in state closed
[0m14:01:13.683937 [debug] [MainThread]: Opening a new connection, currently in state init
[0m14:01:13.689173 [debug] [Thread-1 (]: Began running node model.empty_lots.stg_lots
[0m14:01:13.689837 [info ] [Thread-1 (]: 1 of 1 START sql table model nyc_pluto_historical.stg_lots ..................... [RUN]
[0m14:01:13.690537 [debug] [Thread-1 (]: Re-using an available connection from the pool (formerly list_empty-lots_nyc_pluto_historical, now model.empty_lots.stg_lots)
[0m14:01:13.690957 [debug] [Thread-1 (]: Began compiling node model.empty_lots.stg_lots
[0m14:01:13.703677 [debug] [Thread-1 (]: Writing injected SQL for node "model.empty_lots.stg_lots"
[0m14:01:13.705532 [debug] [Thread-1 (]: Began executing node model.empty_lots.stg_lots
[0m14:01:13.721244 [debug] [Thread-1 (]: Opening a new connection, currently in state closed
[0m14:01:14.120218 [debug] [Thread-1 (]: Writing runtime sql for node "model.empty_lots.stg_lots"
[0m14:01:14.121848 [debug] [Thread-1 (]: On model.empty_lots.stg_lots: /* {"app": "dbt", "dbt_version": "1.10.13", "profile_name": "empty_lots", "target_name": "dev", "node_id": "model.empty_lots.stg_lots"} */

  
    

    create or replace table `empty-lots`.`nyc_pluto_historical`.`stg_lots`
      
    
    

    
    OPTIONS()
    as (
      /*
    Welcome to your first dbt model!
    Did you know that you can also configure models directly within SQL files?
    This will override configurations stated in dbt_project.yml

    Try changing "table" to "view" below
*/




select *
from `empty-lots`.`nyc_pluto_historical`.`pluto`

/*
    Uncomment the line below to remove records with null `id` values
*/

-- where id is not null
    );
  
[0m14:01:14.523842 [debug] [Thread-1 (]: BigQuery adapter: https://console.cloud.google.com/bigquery?project=empty-lots&j=bq:us-east4:7475623b-6147-4a34-acea-5ac24ac0727d&page=queryresults
[0m14:01:19.282062 [info ] [Thread-1 (]: 1 of 1 OK created sql table model nyc_pluto_historical.stg_lots ................ [[32mCREATE TABLE (6.9m rows, 3.6 GiB processed)[0m in 5.58s]
[0m14:01:19.286125 [debug] [Thread-1 (]: Finished running node model.empty_lots.stg_lots
[0m14:01:19.287800 [debug] [MainThread]: Opening a new connection, currently in state closed
[0m14:01:19.290142 [debug] [MainThread]: Connection 'master' was properly closed.
[0m14:01:19.290424 [debug] [MainThread]: Connection 'model.empty_lots.stg_lots' was properly closed.
[0m14:01:19.290746 [info ] [MainThread]: 
[0m14:01:19.291020 [info ] [MainThread]: Finished running 1 table model in 0 hours 0 minutes and 6.49 seconds (6.49s).
[0m14:01:19.291651 [debug] [MainThread]: Command end result
[0m14:01:19.308198 [debug] [MainThread]: Wrote artifact WritableManifest to /Users/adrianparsons/Documents/programming/empty-lots/empty.nyc/dbt/target/manifest.json
[0m14:01:19.310612 [debug] [MainThread]: Wrote artifact SemanticManifest to /Users/adrianparsons/Documents/programming/empty-lots/empty.nyc/dbt/target/semantic_manifest.json
[0m14:01:19.319947 [debug] [MainThread]: Wrote artifact RunExecutionResult to /Users/adrianparsons/Documents/programming/empty-lots/empty.nyc/dbt/target/run_results.json
[0m14:01:19.320225 [info ] [MainThread]: 
[0m14:01:19.320523 [info ] [MainThread]: [32mCompleted successfully[0m
[0m14:01:19.320723 [info ] [MainThread]: 
[0m14:01:19.320925 [info ] [MainThread]: Done. PASS=1 WARN=0 ERROR=0 SKIP=0 NO-OP=0 TOTAL=1
[0m14:01:19.330552 [debug] [MainThread]: Resource report: {"command_name": "run", "command_success": true, "command_wall_clock_time": 8.780455, "process_in_blocks": "0", "process_kernel_time": 0.519091, "process_mem_max_rss": "361857024", "process_out_blocks": "0", "process_user_time": 2.483327}
[0m14:01:19.330906 [debug] [MainThread]: Command `dbt run` succeeded at 14:01:19.330856 after 8.78 seconds
[0m14:01:19.331192 [debug] [MainThread]: Flushing usage events
[0m14:01:32.034747 [debug] [MainThread]: Got an exception trying to initialize tracking


============================== 14:01:32.050787 | a784588c-5e3a-414e-91d9-39a93a2b2b5e ==============================
[0m14:01:32.050787 [info ] [MainThread]: Running with dbt=1.10.13
[0m14:01:32.051455 [debug] [MainThread]: running dbt with arguments {'cache_selected_only': 'False', 'invocation_command': 'dbt docs generate', 'quiet': 'False', 'use_colors': 'True', 'introspect': 'True', 'log_format': 'default', 'no_print': 'None', 'version_check': 'True', 'static_parser': 'True', 'debug': 'False', 'warn_error_options': 'WarnErrorOptionsV2(error=[], warn=[], silence=[])', 'printer_width': '80', 'use_experimental_parser': 'False', 'partial_parse': 'True', 'warn_error': 'None', 'log_path': '/Users/adrianparsons/Documents/programming/empty-lots/empty.nyc/dbt/logs', 'empty': 'None', 'target_path': 'None', 'log_cache_events': 'False', 'indirect_selection': 'eager', 'write_json': 'True', 'fail_fast': 'False', 'send_anonymous_usage_stats': 'True', 'profiles_dir': '/Users/adrianparsons/.dbt'}
[0m14:01:33.779098 [info ] [MainThread]: Registered adapter: bigquery=1.10.2
[0m14:01:33.918324 [debug] [MainThread]: checksum: 9f0c81e2574b4ff463f3d16d080df83c6982fc0372c9feeacae0504ac9ea3ffe, vars: {}, profile: , target: , version: 1.10.13
[0m14:01:34.064434 [debug] [MainThread]: Partial parsing enabled: 0 files deleted, 0 files added, 0 files changed.
[0m14:01:34.064731 [debug] [MainThread]: Partial parsing enabled, no changes found, skipping parsing
[0m14:01:34.067357 [warn ] [MainThread]: [[33mWARNING[0m]: Configuration paths exist in your dbt_project.yml file which do not apply to any resources.
There are 1 unused configuration paths:
- models.empty_lots.example
[0m14:01:34.092878 [info ] [MainThread]: Found 1 model, 1 source, 508 macros
[0m14:01:34.093763 [info ] [MainThread]: 
[0m14:01:34.094024 [info ] [MainThread]: Concurrency: 1 threads (target='dev')
[0m14:01:34.094227 [info ] [MainThread]: 
[0m14:01:34.094500 [debug] [MainThread]: Acquiring new bigquery connection 'master'
[0m14:01:34.094946 [debug] [ThreadPool]: Acquiring new bigquery connection 'list_empty-lots_nyc_pluto_historical'
[0m14:01:34.095188 [debug] [ThreadPool]: Opening a new connection, currently in state init
[0m14:01:34.440721 [debug] [MainThread]: Opening a new connection, currently in state init
[0m14:01:34.446466 [debug] [Thread-1 (]: Began running node model.empty_lots.stg_lots
[0m14:01:34.447157 [debug] [Thread-1 (]: Re-using an available connection from the pool (formerly list_empty-lots_nyc_pluto_historical, now model.empty_lots.stg_lots)
[0m14:01:34.447744 [debug] [Thread-1 (]: Began compiling node model.empty_lots.stg_lots
[0m14:01:34.461058 [debug] [Thread-1 (]: Writing injected SQL for node "model.empty_lots.stg_lots"
[0m14:01:34.462593 [debug] [Thread-1 (]: Began executing node model.empty_lots.stg_lots
[0m14:01:34.463146 [debug] [Thread-1 (]: Opening a new connection, currently in state closed
[0m14:01:34.465467 [debug] [Thread-1 (]: Finished running node model.empty_lots.stg_lots
[0m14:01:34.466830 [debug] [MainThread]: Connection 'master' was properly closed.
[0m14:01:34.467289 [debug] [MainThread]: Connection 'model.empty_lots.stg_lots' was properly closed.
[0m14:01:34.468057 [debug] [MainThread]: Command end result
[0m14:01:34.527009 [debug] [MainThread]: Wrote artifact WritableManifest to /Users/adrianparsons/Documents/programming/empty-lots/empty.nyc/dbt/target/manifest.json
[0m14:01:34.528316 [debug] [MainThread]: Wrote artifact SemanticManifest to /Users/adrianparsons/Documents/programming/empty-lots/empty.nyc/dbt/target/semantic_manifest.json
[0m14:01:34.531772 [debug] [MainThread]: Wrote artifact RunExecutionResult to /Users/adrianparsons/Documents/programming/empty-lots/empty.nyc/dbt/target/run_results.json
[0m14:01:34.533939 [debug] [MainThread]: Acquiring new bigquery connection 'generate_catalog'
[0m14:01:34.534125 [info ] [MainThread]: Building catalog
[0m14:01:34.537064 [debug] [ThreadPool]: Acquiring new bigquery connection 'empty-lots.information_schema'
[0m14:01:34.547713 [debug] [ThreadPool]: On empty-lots.information_schema: /* {"app": "dbt", "dbt_version": "1.10.13", "profile_name": "empty_lots", "target_name": "dev", "connection_name": "empty-lots.information_schema"} */

    with
                table_shards_stage as (
    select
        tables.project_id as table_catalog,
        tables.dataset_id as table_schema,
        coalesce(REGEXP_EXTRACT(tables.table_id, '^(.+)[0-9]{8}$'), tables.table_id) as table_name,
        tables.table_id as shard_name,
        REGEXP_EXTRACT(tables.table_id, '^.+([0-9]{8})$') as shard_index,
        REGEXP_CONTAINS(tables.table_id, '^.+[0-9]{8}$') and tables.type = 1 as is_date_shard,
        case
            when materialized_views.table_name is not null then 'materialized view'
            when tables.type = 1 then 'table'
            when tables.type = 2 then 'view'
            else 'external'
        end as table_type,
        tables.type = 1 as is_table,
        JSON_VALUE(table_description.option_value) as table_comment,
        tables.size_bytes,
        tables.row_count
    from `empty-lots`.`nyc_pluto_historical`.__TABLES__ tables
    left join `empty-lots`.`nyc_pluto_historical`.INFORMATION_SCHEMA.MATERIALIZED_VIEWS materialized_views
        on materialized_views.table_catalog = tables.project_id
        and materialized_views.table_schema = tables.dataset_id
        and materialized_views.table_name = tables.table_id
    left join `empty-lots`.`nyc_pluto_historical`.INFORMATION_SCHEMA.TABLE_OPTIONS table_description
        on table_description.table_catalog = tables.project_id
        and table_description.table_schema = tables.dataset_id
        and table_description.table_name = tables.table_id
        and table_description.option_name = 'description'
),
                table_shards as (
                    select * from table_shards_stage
                    where ((
                                upper(table_schema) = upper('nyc_pluto_historical')
                            and upper(table_name) = upper('pluto')
                            ) or (
                                upper(table_schema) = upper('nyc_pluto_historical')
                            and upper(table_name) = upper('stg_lots')
                            ))
                ),
                tables as (
    select distinct
        table_catalog,
        table_schema,
        table_name,
        is_date_shard,
        table_type,
        is_table,
        table_comment
    from table_shards
),
                table_stats as (
    select
        table_catalog,
        table_schema,
        table_name,
        max(shard_name) as latest_shard_name,
        min(shard_index) as shard_min,
        max(shard_index) as shard_max,
        count(shard_index) as shard_count,
        sum(size_bytes) as size_bytes,
        sum(row_count) as row_count
    from table_shards
    group by 1, 2, 3
),

                columns as (
    select
        columns.table_catalog,
        columns.table_schema,
        columns.table_name as shard_name,
        coalesce(paths.field_path, '<unknown>') as column_name,
        -- invent a row number to account for nested fields
        -- BQ does not treat these nested properties as independent fields
        row_number() over (
            partition by
                columns.table_catalog,
                columns.table_schema,
                columns.table_name
            order by
                columns.ordinal_position,
                paths.field_path
        ) as column_index,
        coalesce(paths.data_type, '<unknown>') as column_type,
        paths.description as column_comment,
        case when columns.is_partitioning_column = 'YES' then 1 else 0 end as is_partitioning_column,
        case when columns.is_partitioning_column = 'YES' then paths.field_path end as partition_column,
        case when columns.clustering_ordinal_position is not null then 1 else 0 end as is_clustering_column,
        case when columns.clustering_ordinal_position is not null then paths.field_path end as cluster_column,
        columns.clustering_ordinal_position
    from `empty-lots`.`nyc_pluto_historical`.INFORMATION_SCHEMA.COLUMNS columns
    join `empty-lots`.`nyc_pluto_historical`.INFORMATION_SCHEMA.COLUMN_FIELD_PATHS paths
        on paths.table_catalog = columns.table_catalog
        and paths.table_schema = columns.table_schema
        and paths.table_name = columns.table_name
        and paths.column_name = columns.column_name
    where columns.ordinal_position is not null
),
                column_stats as (
    select
        table_catalog,
        table_schema,
        shard_name,
        max(is_partitioning_column) = 1 as is_partitioned,
        max(partition_column) as partition_column,
        max(is_clustering_column) = 1 as is_clustered,
        array_to_string(
            array_agg(
                cluster_column ignore nulls
                order by clustering_ordinal_position
            ), ', '
        ) as clustering_columns
    from columns
    group by 1, 2, 3
)

            
    select
        tables.table_catalog as table_database,
        tables.table_schema,
        case
            when tables.is_date_shard then concat(tables.table_name, '*')
            else tables.table_name
        end as table_name,
        tables.table_type,
        tables.table_comment,
        -- coalesce column metadata fields to ensure they are non-null for catalog generation
        -- external table columns are not present in COLUMN_FIELD_PATHS
        coalesce(columns.column_name, '<unknown>') as column_name,
        coalesce(columns.column_index, 1) as column_index,
        coalesce(columns.column_type, '<unknown>') as column_type,
        coalesce(columns.column_comment, '') as column_comment,

        'Shard count' as `stats__date_shards__label`,
        table_stats.shard_count as `stats__date_shards__value`,
        'The number of date shards in this table' as `stats__date_shards__description`,
        tables.is_date_shard as `stats__date_shards__include`,

        'Shard (min)' as `stats__date_shard_min__label`,
        table_stats.shard_min as `stats__date_shard_min__value`,
        'The first date shard in this table' as `stats__date_shard_min__description`,
        tables.is_date_shard as `stats__date_shard_min__include`,

        'Shard (max)' as `stats__date_shard_max__label`,
        table_stats.shard_max as `stats__date_shard_max__value`,
        'The last date shard in this table' as `stats__date_shard_max__description`,
        tables.is_date_shard as `stats__date_shard_max__include`,

        '# Rows' as `stats__num_rows__label`,
        table_stats.row_count as `stats__num_rows__value`,
        'Approximate count of rows in this table' as `stats__num_rows__description`,
        tables.is_table as `stats__num_rows__include`,

        'Approximate Size' as `stats__num_bytes__label`,
        table_stats.size_bytes as `stats__num_bytes__value`,
        'Approximate size of table as reported by BigQuery' as `stats__num_bytes__description`,
        tables.is_table as `stats__num_bytes__include`,

        'Partitioned By' as `stats__partitioning_type__label`,
        column_stats.partition_column as `stats__partitioning_type__value`,
        'The partitioning column for this table' as `stats__partitioning_type__description`,
        column_stats.is_partitioned as `stats__partitioning_type__include`,

        'Clustered By' as `stats__clustering_fields__label`,
        column_stats.clustering_columns as `stats__clustering_fields__value`,
        'The clustering columns for this table' as `stats__clustering_fields__description`,
        column_stats.is_clustered as `stats__clustering_fields__include`

    from tables
    join table_stats
        on table_stats.table_catalog = tables.table_catalog
        and table_stats.table_schema = tables.table_schema
        and table_stats.table_name = tables.table_name
    left join column_stats
        on column_stats.table_catalog = tables.table_catalog
        and column_stats.table_schema = tables.table_schema
        and column_stats.shard_name = table_stats.latest_shard_name
    left join columns
        on columns.table_catalog = tables.table_catalog
        and columns.table_schema = tables.table_schema
        and columns.shard_name = table_stats.latest_shard_name

  
[0m14:01:34.548288 [debug] [ThreadPool]: Opening a new connection, currently in state init
[0m14:01:35.030262 [debug] [ThreadPool]: BigQuery adapter: https://console.cloud.google.com/bigquery?project=empty-lots&j=bq:us-east4:8bac537f-25b5-4170-9972-d79d884e2d28&page=queryresults
[0m14:01:36.302165 [debug] [MainThread]: Opening a new connection, currently in state init
[0m14:01:36.315791 [debug] [MainThread]: Wrote artifact CatalogArtifact to /Users/adrianparsons/Documents/programming/empty-lots/empty.nyc/dbt/target/catalog.json
[0m14:01:36.331019 [debug] [MainThread]: Wrote artifact WritableManifest to /Users/adrianparsons/Documents/programming/empty-lots/empty.nyc/dbt/target/manifest.json
[0m14:01:36.334386 [debug] [MainThread]: Wrote artifact SemanticManifest to /Users/adrianparsons/Documents/programming/empty-lots/empty.nyc/dbt/target/semantic_manifest.json
[0m14:01:36.334664 [info ] [MainThread]: Catalog written to /Users/adrianparsons/Documents/programming/empty-lots/empty.nyc/dbt/target/catalog.json
[0m14:01:36.339253 [debug] [MainThread]: Resource report: {"command_name": "generate", "command_success": true, "command_wall_clock_time": 4.329994, "process_in_blocks": "0", "process_kernel_time": 0.461759, "process_mem_max_rss": "363347968", "process_out_blocks": "0", "process_user_time": 2.385035}
[0m14:01:36.339812 [debug] [MainThread]: Command `dbt docs generate` succeeded at 14:01:36.339724 after 4.33 seconds
[0m14:01:36.340066 [debug] [MainThread]: Connection 'generate_catalog' was properly closed.
[0m14:01:36.340232 [debug] [MainThread]: Connection 'empty-lots.information_schema' was properly closed.
[0m14:01:36.340488 [debug] [MainThread]: Flushing usage events
[0m14:01:50.464334 [debug] [MainThread]: Got an exception trying to initialize tracking


============================== 14:01:50.480947 | d76decf1-4b35-42d1-9526-56dc5c94d699 ==============================
[0m14:01:50.480947 [info ] [MainThread]: Running with dbt=1.10.13
[0m14:01:50.481626 [debug] [MainThread]: running dbt with arguments {'invocation_command': 'dbt docs serve', 'debug': 'False', 'use_colors': 'True', 'fail_fast': 'False', 'send_anonymous_usage_stats': 'True', 'cache_selected_only': 'False', 'static_parser': 'True', 'warn_error_options': 'WarnErrorOptionsV2(error=[], warn=[], silence=[])', 'empty': 'None', 'partial_parse': 'True', 'log_cache_events': 'False', 'warn_error': 'None', 'log_format': 'default', 'version_check': 'True', 'write_json': 'True', 'log_path': '/Users/adrianparsons/Documents/programming/empty-lots/empty.nyc/dbt/logs', 'target_path': 'None', 'indirect_selection': 'eager', 'quiet': 'False', 'no_print': 'None', 'introspect': 'True', 'use_experimental_parser': 'False', 'printer_width': '80', 'profiles_dir': '/Users/adrianparsons/.dbt'}
[0m14:12:55.352506 [debug] [MainThread]: Got an exception trying to initialize tracking


============================== 14:12:55.369807 | b333a443-a636-4c80-b552-2f16891a4f18 ==============================
[0m14:12:55.369807 [info ] [MainThread]: Running with dbt=1.10.13
[0m14:12:55.370539 [debug] [MainThread]: running dbt with arguments {'fail_fast': 'False', 'debug': 'False', 'version_check': 'True', 'empty': 'None', 'cache_selected_only': 'False', 'log_path': '/Users/adrianparsons/Documents/programming/empty-lots/empty.nyc/dbt/logs', 'static_parser': 'True', 'profiles_dir': '/Users/adrianparsons/.dbt', 'printer_width': '80', 'warn_error': 'None', 'use_experimental_parser': 'False', 'partial_parse': 'True', 'write_json': 'True', 'quiet': 'False', 'log_format': 'default', 'use_colors': 'True', 'invocation_command': 'dbt debug', 'indirect_selection': 'eager', 'send_anonymous_usage_stats': 'True', 'log_cache_events': 'False', 'introspect': 'True', 'warn_error_options': 'WarnErrorOptionsV2(error=[], warn=[], silence=[])', 'no_print': 'None', 'target_path': 'None'}
[0m14:12:55.379794 [info ] [MainThread]: dbt version: 1.10.13
[0m14:12:55.380041 [info ] [MainThread]: python version: 3.12.2
[0m14:12:55.380214 [info ] [MainThread]: python path: /Library/Frameworks/Python.framework/Versions/3.12/bin/python3.12
[0m14:12:55.380374 [info ] [MainThread]: os info: macOS-15.7.2-arm64-arm-64bit
[0m14:12:57.097513 [info ] [MainThread]: Using profiles dir at /Users/adrianparsons/.dbt
[0m14:12:57.097850 [info ] [MainThread]: Using profiles.yml file at /Users/adrianparsons/.dbt/profiles.yml
[0m14:12:57.098050 [info ] [MainThread]: Using dbt_project.yml file at /Users/adrianparsons/Documents/programming/empty-lots/empty.nyc/dbt/dbt_project.yml
[0m14:12:57.098215 [info ] [MainThread]: adapter type: bigquery
[0m14:12:57.098367 [info ] [MainThread]: adapter version: 1.10.2
[0m14:12:57.144465 [info ] [MainThread]: Configuration:
[0m14:12:57.144795 [info ] [MainThread]:   profiles.yml file [[32mOK found and valid[0m]
[0m14:12:57.144986 [info ] [MainThread]:   dbt_project.yml file [[32mOK found and valid[0m]
[0m14:12:57.145148 [info ] [MainThread]: Required dependencies:
[0m14:12:57.145362 [debug] [MainThread]: Executing "git --help"
[0m14:12:57.172503 [debug] [MainThread]: STDOUT: "b"usage: git [-v | --version] [-h | --help] [-C <path>] [-c <name>=<value>]\n           [--exec-path[=<path>]] [--html-path] [--man-path] [--info-path]\n           [-p | --paginate | -P | --no-pager] [--no-replace-objects] [--no-lazy-fetch]\n           [--no-optional-locks] [--no-advice] [--bare] [--git-dir=<path>]\n           [--work-tree=<path>] [--namespace=<name>] [--config-env=<name>=<envvar>]\n           <command> [<args>]\n\nThese are common Git commands used in various situations:\n\nstart a working area (see also: git help tutorial)\n   clone      Clone a repository into a new directory\n   init       Create an empty Git repository or reinitialize an existing one\n\nwork on the current change (see also: git help everyday)\n   add        Add file contents to the index\n   mv         Move or rename a file, a directory, or a symlink\n   restore    Restore working tree files\n   rm         Remove files from the working tree and from the index\n\nexamine the history and state (see also: git help revisions)\n   bisect     Use binary search to find the commit that introduced a bug\n   diff       Show changes between commits, commit and working tree, etc\n   grep       Print lines matching a pattern\n   log        Show commit logs\n   show       Show various types of objects\n   status     Show the working tree status\n\ngrow, mark and tweak your common history\n   backfill   Download missing objects in a partial clone\n   branch     List, create, or delete branches\n   commit     Record changes to the repository\n   merge      Join two or more development histories together\n   rebase     Reapply commits on top of another base tip\n   reset      Reset current HEAD to the specified state\n   switch     Switch branches\n   tag        Create, list, delete or verify a tag object signed with GPG\n\ncollaborate (see also: git help workflows)\n   fetch      Download objects and refs from another repository\n   pull       Fetch from and integrate with another repository or a local branch\n   push       Update remote refs along with associated objects\n\n'git help -a' and 'git help -g' list available subcommands and some\nconcept guides. See 'git help <command>' or 'git help <concept>'\nto read about a specific subcommand or concept.\nSee 'git help git' for an overview of the system.\n""
[0m14:12:57.173094 [debug] [MainThread]: STDERR: "b''"
[0m14:12:57.173293 [info ] [MainThread]:  - git [[32mOK found[0m]

[0m14:12:57.173490 [info ] [MainThread]: Connection:
[0m14:12:57.173719 [info ] [MainThread]:   method: service-account
[0m14:12:57.173887 [info ] [MainThread]:   database: empty-lots
[0m14:12:57.174035 [info ] [MainThread]:   execution_project: empty-lots
[0m14:12:57.174179 [info ] [MainThread]:   schema: nyc_pluto_historical
[0m14:12:57.174321 [info ] [MainThread]:   location: us-east4
[0m14:12:57.174483 [info ] [MainThread]:   priority: interactive
[0m14:12:57.174627 [info ] [MainThread]:   maximum_bytes_billed: None
[0m14:12:57.174774 [info ] [MainThread]:   impersonate_service_account: None
[0m14:12:57.174914 [info ] [MainThread]:   job_retry_deadline_seconds: None
[0m14:12:57.175048 [info ] [MainThread]:   job_retries: 1
[0m14:12:57.175184 [info ] [MainThread]:   job_creation_timeout_seconds: None
[0m14:12:57.175321 [info ] [MainThread]:   job_execution_timeout_seconds: 300
[0m14:12:57.175455 [info ] [MainThread]:   timeout_seconds: 300
[0m14:12:57.175597 [info ] [MainThread]:   client_id: None
[0m14:12:57.175735 [info ] [MainThread]:   token_uri: None
[0m14:12:57.175870 [info ] [MainThread]:   compute_region: None
[0m14:12:57.176002 [info ] [MainThread]:   dataproc_cluster_name: None
[0m14:12:57.176139 [info ] [MainThread]:   gcs_bucket: None
[0m14:12:57.176269 [info ] [MainThread]:   dataproc_batch: None
[0m14:12:57.176607 [info ] [MainThread]: Registered adapter: bigquery=1.10.2
[0m14:12:57.304139 [debug] [MainThread]: Acquiring new bigquery connection 'debug'
[0m14:12:57.304566 [debug] [MainThread]: On debug: select 1 as id
[0m14:12:57.304772 [debug] [MainThread]: Opening a new connection, currently in state init
[0m14:12:57.867804 [debug] [MainThread]: BigQuery adapter: https://console.cloud.google.com/bigquery?project=empty-lots&j=bq:us-east4:890b8b98-cbe8-49b6-a3e2-2f93fec3cbd4&page=queryresults
[0m14:12:58.225916 [info ] [MainThread]:   Connection test: [[32mOK connection ok[0m]

[0m14:12:58.226920 [info ] [MainThread]: [32mAll checks passed![0m
[0m14:12:58.234216 [debug] [MainThread]: Resource report: {"command_name": "debug", "command_success": true, "command_wall_clock_time": 2.9070733, "process_in_blocks": "0", "process_kernel_time": 0.465999, "process_mem_max_rss": "355500032", "process_out_blocks": "0", "process_user_time": 1.920204}
[0m14:12:58.235116 [debug] [MainThread]: Command `dbt debug` succeeded at 14:12:58.234945 after 2.91 seconds
[0m14:12:58.235765 [debug] [MainThread]: Connection 'debug' was properly closed.
[0m14:12:58.236252 [debug] [MainThread]: Flushing usage events
[0m14:13:02.150908 [debug] [MainThread]: Got an exception trying to initialize tracking


============================== 14:13:02.166306 | ad9d4249-366b-4ca6-97d8-d290a48e149b ==============================
[0m14:13:02.166306 [info ] [MainThread]: Running with dbt=1.10.13
[0m14:13:02.167025 [debug] [MainThread]: running dbt with arguments {'log_cache_events': 'False', 'printer_width': '80', 'warn_error': 'None', 'send_anonymous_usage_stats': 'True', 'invocation_command': 'dbt run', 'static_parser': 'True', 'partial_parse': 'True', 'fail_fast': 'False', 'quiet': 'False', 'profiles_dir': '/Users/adrianparsons/.dbt', 'indirect_selection': 'eager', 'log_path': '/Users/adrianparsons/Documents/programming/empty-lots/empty.nyc/dbt/logs', 'version_check': 'True', 'warn_error_options': 'WarnErrorOptionsV2(error=[], warn=[], silence=[])', 'empty': 'False', 'debug': 'False', 'use_experimental_parser': 'False', 'introspect': 'True', 'use_colors': 'True', 'write_json': 'True', 'target_path': 'None', 'cache_selected_only': 'False', 'log_format': 'default', 'no_print': 'None'}
[0m14:13:03.697453 [info ] [MainThread]: Registered adapter: bigquery=1.10.2
[0m14:13:03.833584 [debug] [MainThread]: checksum: 9f0c81e2574b4ff463f3d16d080df83c6982fc0372c9feeacae0504ac9ea3ffe, vars: {}, profile: , target: , version: 1.10.13
[0m14:13:03.985315 [debug] [MainThread]: Partial parsing enabled: 0 files deleted, 0 files added, 1 files changed.
[0m14:13:03.985766 [debug] [MainThread]: Partial parsing: updated file: empty_lots://models/staging/stg_lots.sql
[0m14:13:04.105023 [warn ] [MainThread]: [[33mWARNING[0m]: Configuration paths exist in your dbt_project.yml file which do not apply to any resources.
There are 1 unused configuration paths:
- models.empty_lots.example
[0m14:13:04.147719 [debug] [MainThread]: Wrote artifact WritableManifest to /Users/adrianparsons/Documents/programming/empty-lots/empty.nyc/dbt/target/manifest.json
[0m14:13:04.149354 [debug] [MainThread]: Wrote artifact SemanticManifest to /Users/adrianparsons/Documents/programming/empty-lots/empty.nyc/dbt/target/semantic_manifest.json
[0m14:13:04.162175 [info ] [MainThread]: Found 1 model, 1 source, 508 macros
[0m14:13:04.163033 [info ] [MainThread]: 
[0m14:13:04.163243 [info ] [MainThread]: Concurrency: 1 threads (target='dev')
[0m14:13:04.163411 [info ] [MainThread]: 
[0m14:13:04.163675 [debug] [MainThread]: Acquiring new bigquery connection 'master'
[0m14:13:04.164102 [debug] [ThreadPool]: Acquiring new bigquery connection 'list_empty-lots'
[0m14:13:04.164325 [debug] [ThreadPool]: Opening a new connection, currently in state init
[0m14:13:04.589399 [debug] [ThreadPool]: Re-using an available connection from the pool (formerly list_empty-lots, now list_empty-lots_nyc_pluto_historical)
[0m14:13:04.590466 [debug] [ThreadPool]: Opening a new connection, currently in state closed
[0m14:13:04.971155 [debug] [MainThread]: Opening a new connection, currently in state init
[0m14:13:04.977275 [debug] [Thread-1 (]: Began running node model.empty_lots.stg_lots
[0m14:13:04.978221 [info ] [Thread-1 (]: 1 of 1 START sql table model nyc_pluto_historical.stg_lots ..................... [RUN]
[0m14:13:04.978990 [debug] [Thread-1 (]: Re-using an available connection from the pool (formerly list_empty-lots_nyc_pluto_historical, now model.empty_lots.stg_lots)
[0m14:13:04.979586 [debug] [Thread-1 (]: Began compiling node model.empty_lots.stg_lots
[0m14:13:04.990159 [debug] [Thread-1 (]: Writing injected SQL for node "model.empty_lots.stg_lots"
[0m14:13:04.991865 [debug] [Thread-1 (]: Began executing node model.empty_lots.stg_lots
[0m14:13:05.007286 [debug] [Thread-1 (]: Opening a new connection, currently in state closed
[0m14:13:05.397740 [debug] [Thread-1 (]: Writing runtime sql for node "model.empty_lots.stg_lots"
[0m14:13:05.400525 [debug] [Thread-1 (]: On model.empty_lots.stg_lots: /* {"app": "dbt", "dbt_version": "1.10.13", "profile_name": "empty_lots", "target_name": "dev", "node_id": "model.empty_lots.stg_lots"} */

  
    

    create or replace table `empty-lots`.`nyc_pluto_historical`.`stg_lots`
      
    
    

    
    OPTIONS()
    as (
      /*
    Welcome to your first dbt model!
    Did you know that you can also configure models directly within SQL files?
    This will override configurations stated in dbt_project.yml

    Try changing "table" to "view" below
*/




select *
from `empty-lots`.`nyc_pluto_historical`.`pluto`
where address is not null
and address ~ '^[0-9]'

/*
    Uncomment the line below to remove records with null `id` values
*/

-- where id is not null
    );
  
[0m14:13:05.506969 [debug] [Thread-1 (]: BigQuery adapter: https://console.cloud.google.com/bigquery?project=empty-lots&j=bq:us-east4:3469e7c5-a99a-4260-ba46-55a3d20f4528&page=queryresults
[0m14:13:05.508325 [error] [Thread-1 (]: BigQuery adapter: https://console.cloud.google.com/bigquery?project=empty-lots&j=bq:us-east4:3469e7c5-a99a-4260-ba46-55a3d20f4528&page=queryresults
[0m14:13:05.520674 [debug] [Thread-1 (]: Database Error in model stg_lots (models/staging/stg_lots.sql)
  Syntax error: Expected ")" but got "~" at [28:13]
  compiled code at target/run/empty_lots/models/staging/stg_lots.sql
[0m14:13:05.522823 [error] [Thread-1 (]: 1 of 1 ERROR creating sql table model nyc_pluto_historical.stg_lots ............ [[31mERROR[0m in 0.54s]
[0m14:13:05.524963 [debug] [Thread-1 (]: Finished running node model.empty_lots.stg_lots
[0m14:13:05.527532 [debug] [Thread-4 (]: Marking all children of 'model.empty_lots.stg_lots' to be skipped because of status 'error'.  Reason: Database Error in model stg_lots (models/staging/stg_lots.sql)
  Syntax error: Expected ")" but got "~" at [28:13]
  compiled code at target/run/empty_lots/models/staging/stg_lots.sql.
[0m14:13:05.531355 [debug] [MainThread]: Opening a new connection, currently in state closed
[0m14:13:05.532872 [debug] [MainThread]: Connection 'master' was properly closed.
[0m14:13:05.533163 [debug] [MainThread]: Connection 'model.empty_lots.stg_lots' was properly closed.
[0m14:13:05.533406 [info ] [MainThread]: 
[0m14:13:05.538133 [info ] [MainThread]: Finished running 1 table model in 0 hours 0 minutes and 1.37 seconds (1.37s).
[0m14:13:05.542365 [debug] [MainThread]: Command end result
[0m14:13:05.589532 [debug] [MainThread]: Wrote artifact WritableManifest to /Users/adrianparsons/Documents/programming/empty-lots/empty.nyc/dbt/target/manifest.json
[0m14:13:05.591089 [debug] [MainThread]: Wrote artifact SemanticManifest to /Users/adrianparsons/Documents/programming/empty-lots/empty.nyc/dbt/target/semantic_manifest.json
[0m14:13:05.595438 [debug] [MainThread]: Wrote artifact RunExecutionResult to /Users/adrianparsons/Documents/programming/empty-lots/empty.nyc/dbt/target/run_results.json
[0m14:13:05.595680 [info ] [MainThread]: 
[0m14:13:05.595941 [info ] [MainThread]: [31mCompleted with 1 error, 0 partial successes, and 0 warnings:[0m
[0m14:13:05.596139 [info ] [MainThread]: 
[0m14:13:05.596378 [error] [MainThread]: [31mFailure in model stg_lots (models/staging/stg_lots.sql)[0m
[0m14:13:05.596603 [error] [MainThread]:   Database Error in model stg_lots (models/staging/stg_lots.sql)
  Syntax error: Expected ")" but got "~" at [28:13]
  compiled code at target/run/empty_lots/models/staging/stg_lots.sql
[0m14:13:05.596781 [info ] [MainThread]: 
[0m14:13:05.596986 [info ] [MainThread]:   compiled code at target/compiled/empty_lots/models/staging/stg_lots.sql
[0m14:13:05.597156 [info ] [MainThread]: 
[0m14:13:05.597352 [info ] [MainThread]: Done. PASS=0 WARN=0 ERROR=1 SKIP=0 NO-OP=0 TOTAL=1
[0m14:13:05.600886 [debug] [MainThread]: Resource report: {"command_name": "run", "command_success": false, "command_wall_clock_time": 3.4751096, "process_in_blocks": "0", "process_kernel_time": 0.376763, "process_mem_max_rss": "363544576", "process_out_blocks": "0", "process_user_time": 2.527549}
[0m14:13:05.601345 [debug] [MainThread]: Command `dbt run` failed at 14:13:05.601280 after 3.48 seconds
[0m14:13:05.601674 [debug] [MainThread]: Flushing usage events
[0m14:15:35.744137 [debug] [MainThread]: Got an exception trying to initialize tracking


============================== 14:15:35.770530 | b4d9a82e-8d96-49f8-887c-63c1a7db22b0 ==============================
[0m14:15:35.770530 [info ] [MainThread]: Running with dbt=1.10.13
[0m14:15:35.771280 [debug] [MainThread]: running dbt with arguments {'introspect': 'True', 'static_parser': 'True', 'fail_fast': 'False', 'indirect_selection': 'eager', 'cache_selected_only': 'False', 'use_colors': 'True', 'no_print': 'None', 'warn_error_options': 'WarnErrorOptionsV2(error=[], warn=[], silence=[])', 'log_path': '/Users/adrianparsons/Documents/programming/empty-lots/empty.nyc/dbt/logs', 'log_format': 'default', 'use_experimental_parser': 'False', 'invocation_command': 'dbt debug', 'printer_width': '80', 'profiles_dir': '/Users/adrianparsons/.dbt', 'target_path': 'None', 'quiet': 'False', 'empty': 'None', 'debug': 'False', 'write_json': 'True', 'version_check': 'True', 'log_cache_events': 'False', 'send_anonymous_usage_stats': 'True', 'partial_parse': 'True', 'warn_error': 'None'}
[0m14:15:35.781333 [info ] [MainThread]: dbt version: 1.10.13
[0m14:15:35.781581 [info ] [MainThread]: python version: 3.12.2
[0m14:15:35.781755 [info ] [MainThread]: python path: /Library/Frameworks/Python.framework/Versions/3.12/bin/python3.12
[0m14:15:35.781912 [info ] [MainThread]: os info: macOS-15.7.2-arm64-arm-64bit
[0m14:15:37.287047 [info ] [MainThread]: Using profiles dir at /Users/adrianparsons/.dbt
[0m14:15:37.287398 [info ] [MainThread]: Using profiles.yml file at /Users/adrianparsons/.dbt/profiles.yml
[0m14:15:37.287586 [info ] [MainThread]: Using dbt_project.yml file at /Users/adrianparsons/Documents/programming/empty-lots/empty.nyc/dbt/dbt_project.yml
[0m14:15:37.287754 [info ] [MainThread]: adapter type: bigquery
[0m14:15:37.287917 [info ] [MainThread]: adapter version: 1.10.2
[0m14:15:37.333832 [info ] [MainThread]: Configuration:
[0m14:15:37.334145 [info ] [MainThread]:   profiles.yml file [[32mOK found and valid[0m]
[0m14:15:37.334326 [info ] [MainThread]:   dbt_project.yml file [[32mOK found and valid[0m]
[0m14:15:37.334482 [info ] [MainThread]: Required dependencies:
[0m14:15:37.334694 [debug] [MainThread]: Executing "git --help"
[0m14:15:37.372628 [debug] [MainThread]: STDOUT: "b"usage: git [-v | --version] [-h | --help] [-C <path>] [-c <name>=<value>]\n           [--exec-path[=<path>]] [--html-path] [--man-path] [--info-path]\n           [-p | --paginate | -P | --no-pager] [--no-replace-objects] [--no-lazy-fetch]\n           [--no-optional-locks] [--no-advice] [--bare] [--git-dir=<path>]\n           [--work-tree=<path>] [--namespace=<name>] [--config-env=<name>=<envvar>]\n           <command> [<args>]\n\nThese are common Git commands used in various situations:\n\nstart a working area (see also: git help tutorial)\n   clone      Clone a repository into a new directory\n   init       Create an empty Git repository or reinitialize an existing one\n\nwork on the current change (see also: git help everyday)\n   add        Add file contents to the index\n   mv         Move or rename a file, a directory, or a symlink\n   restore    Restore working tree files\n   rm         Remove files from the working tree and from the index\n\nexamine the history and state (see also: git help revisions)\n   bisect     Use binary search to find the commit that introduced a bug\n   diff       Show changes between commits, commit and working tree, etc\n   grep       Print lines matching a pattern\n   log        Show commit logs\n   show       Show various types of objects\n   status     Show the working tree status\n\ngrow, mark and tweak your common history\n   backfill   Download missing objects in a partial clone\n   branch     List, create, or delete branches\n   commit     Record changes to the repository\n   merge      Join two or more development histories together\n   rebase     Reapply commits on top of another base tip\n   reset      Reset current HEAD to the specified state\n   switch     Switch branches\n   tag        Create, list, delete or verify a tag object signed with GPG\n\ncollaborate (see also: git help workflows)\n   fetch      Download objects and refs from another repository\n   pull       Fetch from and integrate with another repository or a local branch\n   push       Update remote refs along with associated objects\n\n'git help -a' and 'git help -g' list available subcommands and some\nconcept guides. See 'git help <command>' or 'git help <concept>'\nto read about a specific subcommand or concept.\nSee 'git help git' for an overview of the system.\n""
[0m14:15:37.373257 [debug] [MainThread]: STDERR: "b''"
[0m14:15:37.373461 [info ] [MainThread]:  - git [[32mOK found[0m]

[0m14:15:37.373655 [info ] [MainThread]: Connection:
[0m14:15:37.373886 [info ] [MainThread]:   method: service-account
[0m14:15:37.374046 [info ] [MainThread]:   database: empty-lots
[0m14:15:37.374192 [info ] [MainThread]:   execution_project: empty-lots
[0m14:15:37.374334 [info ] [MainThread]:   schema: nyc_pluto_historical
[0m14:15:37.374475 [info ] [MainThread]:   location: us-east4
[0m14:15:37.374614 [info ] [MainThread]:   priority: interactive
[0m14:15:37.374755 [info ] [MainThread]:   maximum_bytes_billed: None
[0m14:15:37.374996 [info ] [MainThread]:   impersonate_service_account: None
[0m14:15:37.375208 [info ] [MainThread]:   job_retry_deadline_seconds: None
[0m14:15:37.375368 [info ] [MainThread]:   job_retries: 1
[0m14:15:37.375515 [info ] [MainThread]:   job_creation_timeout_seconds: None
[0m14:15:37.375665 [info ] [MainThread]:   job_execution_timeout_seconds: 300
[0m14:15:37.375806 [info ] [MainThread]:   timeout_seconds: 300
[0m14:15:37.375945 [info ] [MainThread]:   client_id: None
[0m14:15:37.376085 [info ] [MainThread]:   token_uri: None
[0m14:15:37.376224 [info ] [MainThread]:   compute_region: None
[0m14:15:37.376358 [info ] [MainThread]:   dataproc_cluster_name: None
[0m14:15:37.376495 [info ] [MainThread]:   gcs_bucket: None
[0m14:15:37.376633 [info ] [MainThread]:   dataproc_batch: None
[0m14:15:37.376979 [info ] [MainThread]: Registered adapter: bigquery=1.10.2
[0m14:15:37.534789 [debug] [MainThread]: Acquiring new bigquery connection 'debug'
[0m14:15:37.535327 [debug] [MainThread]: On debug: select 1 as id
[0m14:15:37.535546 [debug] [MainThread]: Opening a new connection, currently in state init
[0m14:15:37.985702 [debug] [MainThread]: BigQuery adapter: https://console.cloud.google.com/bigquery?project=empty-lots&j=bq:us-east4:1721633c-0327-4ca2-ad92-dfb742696d16&page=queryresults
[0m14:15:38.287715 [info ] [MainThread]:   Connection test: [[32mOK connection ok[0m]

[0m14:15:38.288603 [info ] [MainThread]: [32mAll checks passed![0m
[0m14:15:38.296332 [debug] [MainThread]: Resource report: {"command_name": "debug", "command_success": true, "command_wall_clock_time": 2.578156, "process_in_blocks": "0", "process_kernel_time": 0.411915, "process_mem_max_rss": "350945280", "process_out_blocks": "0", "process_user_time": 1.93743}
[0m14:15:38.297114 [debug] [MainThread]: Command `dbt debug` succeeded at 14:15:38.296972 after 2.58 seconds
[0m14:15:38.297625 [debug] [MainThread]: Connection 'debug' was properly closed.
[0m14:15:38.298085 [debug] [MainThread]: Flushing usage events
[0m14:15:41.196017 [debug] [MainThread]: Got an exception trying to initialize tracking


============================== 14:15:41.210161 | df77d02d-243d-4d19-ac13-9609ebdebfc8 ==============================
[0m14:15:41.210161 [info ] [MainThread]: Running with dbt=1.10.13
[0m14:15:41.210833 [debug] [MainThread]: running dbt with arguments {'log_cache_events': 'False', 'invocation_command': 'dbt run', 'no_print': 'None', 'use_colors': 'True', 'fail_fast': 'False', 'write_json': 'True', 'quiet': 'False', 'cache_selected_only': 'False', 'printer_width': '80', 'indirect_selection': 'eager', 'version_check': 'True', 'warn_error_options': 'WarnErrorOptionsV2(error=[], warn=[], silence=[])', 'log_path': '/Users/adrianparsons/Documents/programming/empty-lots/empty.nyc/dbt/logs', 'warn_error': 'None', 'send_anonymous_usage_stats': 'True', 'introspect': 'True', 'use_experimental_parser': 'False', 'log_format': 'default', 'static_parser': 'True', 'debug': 'False', 'empty': 'False', 'profiles_dir': '/Users/adrianparsons/.dbt', 'target_path': 'None', 'partial_parse': 'True'}
[0m14:15:43.190477 [info ] [MainThread]: Registered adapter: bigquery=1.10.2
[0m14:15:43.333070 [debug] [MainThread]: checksum: 9f0c81e2574b4ff463f3d16d080df83c6982fc0372c9feeacae0504ac9ea3ffe, vars: {}, profile: , target: , version: 1.10.13
[0m14:15:43.487760 [debug] [MainThread]: Partial parsing enabled: 0 files deleted, 0 files added, 0 files changed.
[0m14:15:43.488053 [debug] [MainThread]: Partial parsing enabled, no changes found, skipping parsing
[0m14:15:43.490726 [warn ] [MainThread]: [[33mWARNING[0m]: Configuration paths exist in your dbt_project.yml file which do not apply to any resources.
There are 1 unused configuration paths:
- models.empty_lots.example
[0m14:15:43.541809 [debug] [MainThread]: Wrote artifact WritableManifest to /Users/adrianparsons/Documents/programming/empty-lots/empty.nyc/dbt/target/manifest.json
[0m14:15:43.543246 [debug] [MainThread]: Wrote artifact SemanticManifest to /Users/adrianparsons/Documents/programming/empty-lots/empty.nyc/dbt/target/semantic_manifest.json
[0m14:15:43.554116 [info ] [MainThread]: Found 1 model, 1 source, 508 macros
[0m14:15:43.554979 [info ] [MainThread]: 
[0m14:15:43.555198 [info ] [MainThread]: Concurrency: 1 threads (target='dev')
[0m14:15:43.555364 [info ] [MainThread]: 
[0m14:15:43.555635 [debug] [MainThread]: Acquiring new bigquery connection 'master'
[0m14:15:43.556089 [debug] [ThreadPool]: Acquiring new bigquery connection 'list_empty-lots'
[0m14:15:43.556293 [debug] [ThreadPool]: Opening a new connection, currently in state init
[0m14:15:43.971178 [debug] [ThreadPool]: Re-using an available connection from the pool (formerly list_empty-lots, now list_empty-lots_nyc_pluto_historical)
[0m14:15:43.972236 [debug] [ThreadPool]: Opening a new connection, currently in state closed
[0m14:15:44.361156 [debug] [MainThread]: Opening a new connection, currently in state init
[0m14:15:44.366675 [debug] [Thread-1 (]: Began running node model.empty_lots.stg_lots
[0m14:15:44.367555 [info ] [Thread-1 (]: 1 of 1 START sql table model nyc_pluto_historical.stg_lots ..................... [RUN]
[0m14:15:44.368495 [debug] [Thread-1 (]: Re-using an available connection from the pool (formerly list_empty-lots_nyc_pluto_historical, now model.empty_lots.stg_lots)
[0m14:15:44.369085 [debug] [Thread-1 (]: Began compiling node model.empty_lots.stg_lots
[0m14:15:44.382430 [debug] [Thread-1 (]: Writing injected SQL for node "model.empty_lots.stg_lots"
[0m14:15:44.383975 [debug] [Thread-1 (]: Began executing node model.empty_lots.stg_lots
[0m14:15:44.399240 [debug] [Thread-1 (]: Opening a new connection, currently in state closed
[0m14:15:44.749154 [debug] [Thread-1 (]: Writing runtime sql for node "model.empty_lots.stg_lots"
[0m14:15:44.750666 [debug] [Thread-1 (]: On model.empty_lots.stg_lots: /* {"app": "dbt", "dbt_version": "1.10.13", "profile_name": "empty_lots", "target_name": "dev", "node_id": "model.empty_lots.stg_lots"} */

  
    

    create or replace table `empty-lots`.`nyc_pluto_historical`.`stg_lots`
      
    
    

    
    OPTIONS()
    as (
      /*
    Welcome to your first dbt model!
    Did you know that you can also configure models directly within SQL files?
    This will override configurations stated in dbt_project.yml

    Try changing "table" to "view" below
*/




select *
from `empty-lots`.`nyc_pluto_historical`.`pluto`
where address is not null
and address ~ '^[0-9]'

/*
    Uncomment the line below to remove records with null `id` values
*/

-- where id is not null
    );
  
[0m14:15:44.920894 [debug] [Thread-1 (]: BigQuery adapter: https://console.cloud.google.com/bigquery?project=empty-lots&j=bq:us-east4:07655cfb-bae1-479e-91c2-ea7591592f8f&page=queryresults
[0m14:15:44.922932 [error] [Thread-1 (]: BigQuery adapter: https://console.cloud.google.com/bigquery?project=empty-lots&j=bq:us-east4:07655cfb-bae1-479e-91c2-ea7591592f8f&page=queryresults
[0m14:15:44.938434 [debug] [Thread-1 (]: Database Error in model stg_lots (models/staging/stg_lots.sql)
  Syntax error: Expected ")" but got "~" at [28:13]
  compiled code at target/run/empty_lots/models/staging/stg_lots.sql
[0m14:15:44.940994 [error] [Thread-1 (]: 1 of 1 ERROR creating sql table model nyc_pluto_historical.stg_lots ............ [[31mERROR[0m in 0.57s]
[0m14:15:44.941778 [debug] [Thread-1 (]: Finished running node model.empty_lots.stg_lots
[0m14:15:44.942395 [debug] [Thread-4 (]: Marking all children of 'model.empty_lots.stg_lots' to be skipped because of status 'error'.  Reason: Database Error in model stg_lots (models/staging/stg_lots.sql)
  Syntax error: Expected ")" but got "~" at [28:13]
  compiled code at target/run/empty_lots/models/staging/stg_lots.sql.
[0m14:15:44.944280 [debug] [MainThread]: Opening a new connection, currently in state closed
[0m14:15:44.946258 [debug] [MainThread]: Connection 'master' was properly closed.
[0m14:15:44.946647 [debug] [MainThread]: Connection 'model.empty_lots.stg_lots' was properly closed.
[0m14:15:44.947005 [info ] [MainThread]: 
[0m14:15:44.947377 [info ] [MainThread]: Finished running 1 table model in 0 hours 0 minutes and 1.39 seconds (1.39s).
[0m14:15:44.948120 [debug] [MainThread]: Command end result
[0m14:15:44.971635 [debug] [MainThread]: Wrote artifact WritableManifest to /Users/adrianparsons/Documents/programming/empty-lots/empty.nyc/dbt/target/manifest.json
[0m14:15:44.973263 [debug] [MainThread]: Wrote artifact SemanticManifest to /Users/adrianparsons/Documents/programming/empty-lots/empty.nyc/dbt/target/semantic_manifest.json
[0m14:15:44.978871 [debug] [MainThread]: Wrote artifact RunExecutionResult to /Users/adrianparsons/Documents/programming/empty-lots/empty.nyc/dbt/target/run_results.json
[0m14:15:44.979309 [info ] [MainThread]: 
[0m14:15:44.979660 [info ] [MainThread]: [31mCompleted with 1 error, 0 partial successes, and 0 warnings:[0m
[0m14:15:44.980568 [info ] [MainThread]: 
[0m14:15:44.981480 [error] [MainThread]: [31mFailure in model stg_lots (models/staging/stg_lots.sql)[0m
[0m14:15:44.981940 [error] [MainThread]:   Database Error in model stg_lots (models/staging/stg_lots.sql)
  Syntax error: Expected ")" but got "~" at [28:13]
  compiled code at target/run/empty_lots/models/staging/stg_lots.sql
[0m14:15:44.982200 [info ] [MainThread]: 
[0m14:15:44.982464 [info ] [MainThread]:   compiled code at target/compiled/empty_lots/models/staging/stg_lots.sql
[0m14:15:44.982900 [info ] [MainThread]: 
[0m14:15:44.983279 [info ] [MainThread]: Done. PASS=0 WARN=0 ERROR=1 SKIP=0 NO-OP=0 TOTAL=1
[0m14:15:44.988057 [debug] [MainThread]: Resource report: {"command_name": "run", "command_success": false, "command_wall_clock_time": 3.8168406, "process_in_blocks": "0", "process_kernel_time": 0.457119, "process_mem_max_rss": "354844672", "process_out_blocks": "0", "process_user_time": 2.560557}
[0m14:15:44.988659 [debug] [MainThread]: Command `dbt run` failed at 14:15:44.988582 after 3.82 seconds
[0m14:15:44.988964 [debug] [MainThread]: Flushing usage events
[0m14:15:51.740680 [debug] [MainThread]: Got an exception trying to initialize tracking


============================== 14:15:51.759965 | f722ed17-21fe-4d02-a1bf-b83068609fdd ==============================
[0m14:15:51.759965 [info ] [MainThread]: Running with dbt=1.10.13
[0m14:15:51.760602 [debug] [MainThread]: running dbt with arguments {'profiles_dir': '/Users/adrianparsons/.dbt', 'static_parser': 'True', 'warn_error': 'None', 'printer_width': '80', 'log_path': '/Users/adrianparsons/Documents/programming/empty-lots/empty.nyc/dbt/logs', 'write_json': 'True', 'warn_error_options': 'WarnErrorOptionsV2(error=[], warn=[], silence=[])', 'empty': 'False', 'log_format': 'default', 'quiet': 'False', 'send_anonymous_usage_stats': 'True', 'fail_fast': 'False', 'partial_parse': 'True', 'debug': 'False', 'target_path': 'None', 'no_print': 'None', 'invocation_command': 'dbt run', 'cache_selected_only': 'False', 'indirect_selection': 'eager', 'log_cache_events': 'False', 'introspect': 'True', 'use_experimental_parser': 'False', 'use_colors': 'True', 'version_check': 'True'}
[0m14:15:53.358441 [info ] [MainThread]: Registered adapter: bigquery=1.10.2
[0m14:15:53.511536 [debug] [MainThread]: checksum: 9f0c81e2574b4ff463f3d16d080df83c6982fc0372c9feeacae0504ac9ea3ffe, vars: {}, profile: , target: , version: 1.10.13
[0m14:15:53.692297 [debug] [MainThread]: Partial parsing enabled: 0 files deleted, 0 files added, 1 files changed.
[0m14:15:53.692728 [debug] [MainThread]: Partial parsing: updated file: empty_lots://models/staging/stg_lots.sql
[0m14:15:53.805186 [warn ] [MainThread]: [[33mWARNING[0m]: Configuration paths exist in your dbt_project.yml file which do not apply to any resources.
There are 1 unused configuration paths:
- models.empty_lots.example
[0m14:15:53.851256 [debug] [MainThread]: Wrote artifact WritableManifest to /Users/adrianparsons/Documents/programming/empty-lots/empty.nyc/dbt/target/manifest.json
[0m14:15:53.852434 [debug] [MainThread]: Wrote artifact SemanticManifest to /Users/adrianparsons/Documents/programming/empty-lots/empty.nyc/dbt/target/semantic_manifest.json
[0m14:15:53.864106 [info ] [MainThread]: Found 1 model, 1 source, 508 macros
[0m14:15:53.864972 [info ] [MainThread]: 
[0m14:15:53.865192 [info ] [MainThread]: Concurrency: 1 threads (target='dev')
[0m14:15:53.865353 [info ] [MainThread]: 
[0m14:15:53.865621 [debug] [MainThread]: Acquiring new bigquery connection 'master'
[0m14:15:53.866056 [debug] [ThreadPool]: Acquiring new bigquery connection 'list_empty-lots'
[0m14:15:53.866288 [debug] [ThreadPool]: Opening a new connection, currently in state init
[0m14:15:54.271322 [debug] [ThreadPool]: Re-using an available connection from the pool (formerly list_empty-lots, now list_empty-lots_nyc_pluto_historical)
[0m14:15:54.272273 [debug] [ThreadPool]: Opening a new connection, currently in state closed
[0m14:15:54.620827 [debug] [MainThread]: Opening a new connection, currently in state init
[0m14:15:54.626343 [debug] [Thread-1 (]: Began running node model.empty_lots.stg_lots
[0m14:15:54.627251 [info ] [Thread-1 (]: 1 of 1 START sql table model nyc_pluto_historical.stg_lots ..................... [RUN]
[0m14:15:54.627974 [debug] [Thread-1 (]: Re-using an available connection from the pool (formerly list_empty-lots_nyc_pluto_historical, now model.empty_lots.stg_lots)
[0m14:15:54.628553 [debug] [Thread-1 (]: Began compiling node model.empty_lots.stg_lots
[0m14:15:54.638946 [debug] [Thread-1 (]: Writing injected SQL for node "model.empty_lots.stg_lots"
[0m14:15:54.640036 [debug] [Thread-1 (]: Began executing node model.empty_lots.stg_lots
[0m14:15:54.655310 [debug] [Thread-1 (]: Opening a new connection, currently in state closed
[0m14:15:55.021507 [debug] [Thread-1 (]: Writing runtime sql for node "model.empty_lots.stg_lots"
[0m14:15:55.023022 [debug] [Thread-1 (]: On model.empty_lots.stg_lots: /* {"app": "dbt", "dbt_version": "1.10.13", "profile_name": "empty_lots", "target_name": "dev", "node_id": "model.empty_lots.stg_lots"} */

  
    

    create or replace table `empty-lots`.`nyc_pluto_historical`.`stg_lots`
      
    
    

    
    OPTIONS()
    as (
      /*
    Welcome to your first dbt model!
    Did you know that you can also configure models directly within SQL files?
    This will override configurations stated in dbt_project.yml

    Try changing "table" to "view" below
*/




select *
from `empty-lots`.`nyc_pluto_historical`.`pluto`
where address is not null


/*
    Uncomment the line below to remove records with null `id` values
*/

-- where id is not null
    );
  
[0m14:15:55.428986 [debug] [Thread-1 (]: BigQuery adapter: https://console.cloud.google.com/bigquery?project=empty-lots&j=bq:us-east4:1e02b05e-d741-47a3-81f1-7597dc86827c&page=queryresults
[0m14:16:09.862566 [info ] [Thread-1 (]: 1 of 1 OK created sql table model nyc_pluto_historical.stg_lots ................ [[32mCREATE TABLE (6.9m rows, 3.6 GiB processed)[0m in 15.23s]
[0m14:16:09.863979 [debug] [Thread-1 (]: Finished running node model.empty_lots.stg_lots
[0m14:16:09.865585 [debug] [MainThread]: Opening a new connection, currently in state closed
[0m14:16:09.872137 [debug] [MainThread]: Connection 'master' was properly closed.
[0m14:16:09.872649 [debug] [MainThread]: Connection 'model.empty_lots.stg_lots' was properly closed.
[0m14:16:09.873351 [info ] [MainThread]: 
[0m14:16:09.873727 [info ] [MainThread]: Finished running 1 table model in 0 hours 0 minutes and 16.01 seconds (16.01s).
[0m14:16:09.874807 [debug] [MainThread]: Command end result
[0m14:16:09.893386 [debug] [MainThread]: Wrote artifact WritableManifest to /Users/adrianparsons/Documents/programming/empty-lots/empty.nyc/dbt/target/manifest.json
[0m14:16:09.895727 [debug] [MainThread]: Wrote artifact SemanticManifest to /Users/adrianparsons/Documents/programming/empty-lots/empty.nyc/dbt/target/semantic_manifest.json
[0m14:16:09.900054 [debug] [MainThread]: Wrote artifact RunExecutionResult to /Users/adrianparsons/Documents/programming/empty-lots/empty.nyc/dbt/target/run_results.json
[0m14:16:09.900297 [info ] [MainThread]: 
[0m14:16:09.900623 [info ] [MainThread]: [32mCompleted successfully[0m
[0m14:16:09.900847 [info ] [MainThread]: 
[0m14:16:09.901072 [info ] [MainThread]: Done. PASS=1 WARN=0 ERROR=0 SKIP=0 NO-OP=0 TOTAL=1
[0m14:16:09.904811 [debug] [MainThread]: Resource report: {"command_name": "run", "command_success": true, "command_wall_clock_time": 18.189417, "process_in_blocks": "0", "process_kernel_time": 0.468325, "process_mem_max_rss": "364789760", "process_out_blocks": "0", "process_user_time": 2.617392}
[0m14:16:09.905275 [debug] [MainThread]: Command `dbt run` succeeded at 14:16:09.905205 after 18.19 seconds
[0m14:16:09.905593 [debug] [MainThread]: Flushing usage events
[0m14:16:16.330382 [debug] [MainThread]: Got an exception trying to initialize tracking


============================== 14:16:16.346641 | 8784ee9f-9d58-483d-8cd3-6a8fd3a1b7c4 ==============================
[0m14:16:16.346641 [info ] [MainThread]: Running with dbt=1.10.13
[0m14:16:16.347333 [debug] [MainThread]: running dbt with arguments {'printer_width': '80', 'debug': 'False', 'version_check': 'True', 'partial_parse': 'True', 'send_anonymous_usage_stats': 'True', 'empty': 'False', 'log_cache_events': 'False', 'warn_error_options': 'WarnErrorOptionsV2(error=[], warn=[], silence=[])', 'indirect_selection': 'eager', 'target_path': 'None', 'warn_error': 'None', 'invocation_command': 'dbt compile', 'write_json': 'True', 'cache_selected_only': 'False', 'static_parser': 'True', 'profiles_dir': '/Users/adrianparsons/.dbt', 'log_format': 'default', 'introspect': 'True', 'log_path': '/Users/adrianparsons/Documents/programming/empty-lots/empty.nyc/dbt/logs', 'fail_fast': 'False', 'no_print': 'None', 'use_experimental_parser': 'False', 'quiet': 'False', 'use_colors': 'True'}
[0m14:16:18.218157 [info ] [MainThread]: Registered adapter: bigquery=1.10.2
[0m14:16:18.374410 [debug] [MainThread]: checksum: 9f0c81e2574b4ff463f3d16d080df83c6982fc0372c9feeacae0504ac9ea3ffe, vars: {}, profile: , target: , version: 1.10.13
[0m14:16:18.543755 [debug] [MainThread]: Partial parsing enabled: 0 files deleted, 0 files added, 0 files changed.
[0m14:16:18.544042 [debug] [MainThread]: Partial parsing enabled, no changes found, skipping parsing
[0m14:16:18.546718 [warn ] [MainThread]: [[33mWARNING[0m]: Configuration paths exist in your dbt_project.yml file which do not apply to any resources.
There are 1 unused configuration paths:
- models.empty_lots.example
[0m14:16:18.596999 [debug] [MainThread]: Wrote artifact WritableManifest to /Users/adrianparsons/Documents/programming/empty-lots/empty.nyc/dbt/target/manifest.json
[0m14:16:18.598060 [debug] [MainThread]: Wrote artifact SemanticManifest to /Users/adrianparsons/Documents/programming/empty-lots/empty.nyc/dbt/target/semantic_manifest.json
[0m14:16:18.607945 [info ] [MainThread]: Found 1 model, 1 source, 508 macros
[0m14:16:18.608910 [info ] [MainThread]: 
[0m14:16:18.609157 [info ] [MainThread]: Concurrency: 1 threads (target='dev')
[0m14:16:18.609327 [info ] [MainThread]: 
[0m14:16:18.609637 [debug] [MainThread]: Acquiring new bigquery connection 'master'
[0m14:16:18.610109 [debug] [ThreadPool]: Acquiring new bigquery connection 'list_empty-lots_nyc_pluto_historical'
[0m14:16:18.610381 [debug] [ThreadPool]: Opening a new connection, currently in state init
[0m14:16:18.922668 [debug] [MainThread]: Opening a new connection, currently in state init
[0m14:16:18.931295 [debug] [Thread-1 (]: Began running node model.empty_lots.stg_lots
[0m14:16:18.931826 [debug] [Thread-1 (]: Re-using an available connection from the pool (formerly list_empty-lots_nyc_pluto_historical, now model.empty_lots.stg_lots)
[0m14:16:18.932233 [debug] [Thread-1 (]: Began compiling node model.empty_lots.stg_lots
[0m14:16:18.940636 [debug] [Thread-1 (]: Writing injected SQL for node "model.empty_lots.stg_lots"
[0m14:16:18.941301 [debug] [Thread-1 (]: Began executing node model.empty_lots.stg_lots
[0m14:16:18.941552 [debug] [Thread-1 (]: Opening a new connection, currently in state closed
[0m14:16:18.942773 [debug] [Thread-1 (]: Finished running node model.empty_lots.stg_lots
[0m14:16:18.943447 [debug] [MainThread]: Connection 'master' was properly closed.
[0m14:16:18.943654 [debug] [MainThread]: Connection 'model.empty_lots.stg_lots' was properly closed.
[0m14:16:18.944015 [debug] [MainThread]: Command end result
[0m14:16:18.959918 [debug] [MainThread]: Wrote artifact WritableManifest to /Users/adrianparsons/Documents/programming/empty-lots/empty.nyc/dbt/target/manifest.json
[0m14:16:18.961312 [debug] [MainThread]: Wrote artifact SemanticManifest to /Users/adrianparsons/Documents/programming/empty-lots/empty.nyc/dbt/target/semantic_manifest.json
[0m14:16:18.964990 [debug] [MainThread]: Wrote artifact RunExecutionResult to /Users/adrianparsons/Documents/programming/empty-lots/empty.nyc/dbt/target/run_results.json
[0m14:16:18.968537 [debug] [MainThread]: Resource report: {"command_name": "compile", "command_success": true, "command_wall_clock_time": 2.6632578, "process_in_blocks": "0", "process_kernel_time": 0.466133, "process_mem_max_rss": "355155968", "process_out_blocks": "0", "process_user_time": 2.272558}
[0m14:16:18.968992 [debug] [MainThread]: Command `dbt compile` succeeded at 14:16:18.968935 after 2.66 seconds
[0m14:16:18.969219 [debug] [MainThread]: Flushing usage events
[0m14:17:32.722727 [debug] [MainThread]: Got an exception trying to initialize tracking


============================== 14:17:32.754182 | 65604f19-f29a-41fd-a159-a1b5d1599ee1 ==============================
[0m14:17:32.754182 [info ] [MainThread]: Running with dbt=1.10.13
[0m14:17:32.754894 [debug] [MainThread]: running dbt with arguments {'no_print': 'None', 'send_anonymous_usage_stats': 'True', 'profiles_dir': '/Users/adrianparsons/.dbt', 'partial_parse': 'True', 'warn_error_options': 'WarnErrorOptionsV2(error=[], warn=[], silence=[])', 'static_parser': 'True', 'invocation_command': 'dbt run', 'log_cache_events': 'False', 'empty': 'False', 'target_path': 'None', 'cache_selected_only': 'False', 'warn_error': 'None', 'debug': 'False', 'fail_fast': 'False', 'version_check': 'True', 'quiet': 'False', 'indirect_selection': 'eager', 'log_path': '/Users/adrianparsons/Documents/programming/empty-lots/empty.nyc/dbt/logs', 'introspect': 'True', 'log_format': 'default', 'write_json': 'True', 'printer_width': '80', 'use_colors': 'True', 'use_experimental_parser': 'False'}
[0m14:17:34.562139 [info ] [MainThread]: Registered adapter: bigquery=1.10.2
[0m14:17:34.701500 [debug] [MainThread]: checksum: 9f0c81e2574b4ff463f3d16d080df83c6982fc0372c9feeacae0504ac9ea3ffe, vars: {}, profile: , target: , version: 1.10.13
[0m14:17:34.857142 [debug] [MainThread]: Partial parsing enabled: 0 files deleted, 0 files added, 1 files changed.
[0m14:17:34.857526 [debug] [MainThread]: Partial parsing: updated file: empty_lots://models/staging/stg_lots.sql
[0m14:17:34.970660 [warn ] [MainThread]: [[33mWARNING[0m]: Configuration paths exist in your dbt_project.yml file which do not apply to any resources.
There are 1 unused configuration paths:
- models.empty_lots.example
[0m14:17:35.013685 [debug] [MainThread]: Wrote artifact WritableManifest to /Users/adrianparsons/Documents/programming/empty-lots/empty.nyc/dbt/target/manifest.json
[0m14:17:35.015121 [debug] [MainThread]: Wrote artifact SemanticManifest to /Users/adrianparsons/Documents/programming/empty-lots/empty.nyc/dbt/target/semantic_manifest.json
[0m14:17:35.028197 [info ] [MainThread]: Found 1 model, 1 source, 508 macros
[0m14:17:35.029461 [info ] [MainThread]: 
[0m14:17:35.029755 [info ] [MainThread]: Concurrency: 1 threads (target='dev')
[0m14:17:35.030029 [info ] [MainThread]: 
[0m14:17:35.030489 [debug] [MainThread]: Acquiring new bigquery connection 'master'
[0m14:17:35.031098 [debug] [ThreadPool]: Acquiring new bigquery connection 'list_empty-lots'
[0m14:17:35.031379 [debug] [ThreadPool]: Opening a new connection, currently in state init
[0m14:17:35.447943 [debug] [ThreadPool]: Re-using an available connection from the pool (formerly list_empty-lots, now list_empty-lots_nyc_pluto_historical)
[0m14:17:35.448947 [debug] [ThreadPool]: Opening a new connection, currently in state closed
[0m14:17:35.842645 [debug] [MainThread]: Opening a new connection, currently in state init
[0m14:17:35.849539 [debug] [Thread-1 (]: Began running node model.empty_lots.stg_lots
[0m14:17:35.850404 [info ] [Thread-1 (]: 1 of 1 START sql table model nyc_pluto_historical.stg_lots ..................... [RUN]
[0m14:17:35.851149 [debug] [Thread-1 (]: Re-using an available connection from the pool (formerly list_empty-lots_nyc_pluto_historical, now model.empty_lots.stg_lots)
[0m14:17:35.851866 [debug] [Thread-1 (]: Began compiling node model.empty_lots.stg_lots
[0m14:17:35.862496 [debug] [Thread-1 (]: Writing injected SQL for node "model.empty_lots.stg_lots"
[0m14:17:35.864090 [debug] [Thread-1 (]: Began executing node model.empty_lots.stg_lots
[0m14:17:35.879195 [debug] [Thread-1 (]: Opening a new connection, currently in state closed
[0m14:17:36.228433 [debug] [Thread-1 (]: Writing runtime sql for node "model.empty_lots.stg_lots"
[0m14:17:36.230001 [debug] [Thread-1 (]: On model.empty_lots.stg_lots: /* {"app": "dbt", "dbt_version": "1.10.13", "profile_name": "empty_lots", "target_name": "dev", "node_id": "model.empty_lots.stg_lots"} */

  
    

    create or replace table `empty-lots`.`nyc_pluto_historical`.`stg_lots`
      
    
    

    
    OPTIONS()
    as (
      /*
    Welcome to your first dbt model!
    Did you know that you can also configure models directly within SQL files?
    This will override configurations stated in dbt_project.yml

    Try changing "table" to "view" below
*/




select *
from `empty-lots`.`nyc_pluto_historical`.`pluto`
where address is not null
and where address ~ '^[0-9]'

/*
    Uncomment the line below to remove records with null `id` values
*/

-- where id is not null
    );
  
[0m14:17:36.375241 [debug] [Thread-1 (]: BigQuery adapter: https://console.cloud.google.com/bigquery?project=empty-lots&j=bq:us-east4:9822579a-bad0-45b8-a71b-24c6b8c09fec&page=queryresults
[0m14:17:36.377248 [error] [Thread-1 (]: BigQuery adapter: https://console.cloud.google.com/bigquery?project=empty-lots&j=bq:us-east4:9822579a-bad0-45b8-a71b-24c6b8c09fec&page=queryresults
[0m14:17:36.394774 [debug] [Thread-1 (]: Database Error in model stg_lots (models/staging/stg_lots.sql)
  Syntax error: Unexpected keyword WHERE at [28:5]
  compiled code at target/run/empty_lots/models/staging/stg_lots.sql
[0m14:17:36.397718 [error] [Thread-1 (]: 1 of 1 ERROR creating sql table model nyc_pluto_historical.stg_lots ............ [[31mERROR[0m in 0.54s]
[0m14:17:36.398546 [debug] [Thread-1 (]: Finished running node model.empty_lots.stg_lots
[0m14:17:36.399172 [debug] [Thread-4 (]: Marking all children of 'model.empty_lots.stg_lots' to be skipped because of status 'error'.  Reason: Database Error in model stg_lots (models/staging/stg_lots.sql)
  Syntax error: Unexpected keyword WHERE at [28:5]
  compiled code at target/run/empty_lots/models/staging/stg_lots.sql.
[0m14:17:36.401468 [debug] [MainThread]: Opening a new connection, currently in state closed
[0m14:17:36.403576 [debug] [MainThread]: Connection 'master' was properly closed.
[0m14:17:36.403994 [debug] [MainThread]: Connection 'model.empty_lots.stg_lots' was properly closed.
[0m14:17:36.404362 [info ] [MainThread]: 
[0m14:17:36.404712 [info ] [MainThread]: Finished running 1 table model in 0 hours 0 minutes and 1.37 seconds (1.37s).
[0m14:17:36.405363 [debug] [MainThread]: Command end result
[0m14:17:36.427319 [debug] [MainThread]: Wrote artifact WritableManifest to /Users/adrianparsons/Documents/programming/empty-lots/empty.nyc/dbt/target/manifest.json
[0m14:17:36.428827 [debug] [MainThread]: Wrote artifact SemanticManifest to /Users/adrianparsons/Documents/programming/empty-lots/empty.nyc/dbt/target/semantic_manifest.json
[0m14:17:36.433590 [debug] [MainThread]: Wrote artifact RunExecutionResult to /Users/adrianparsons/Documents/programming/empty-lots/empty.nyc/dbt/target/run_results.json
[0m14:17:36.433859 [info ] [MainThread]: 
[0m14:17:36.434142 [info ] [MainThread]: [31mCompleted with 1 error, 0 partial successes, and 0 warnings:[0m
[0m14:17:36.434369 [info ] [MainThread]: 
[0m14:17:36.434654 [error] [MainThread]: [31mFailure in model stg_lots (models/staging/stg_lots.sql)[0m
[0m14:17:36.434921 [error] [MainThread]:   Database Error in model stg_lots (models/staging/stg_lots.sql)
  Syntax error: Unexpected keyword WHERE at [28:5]
  compiled code at target/run/empty_lots/models/staging/stg_lots.sql
[0m14:17:36.435125 [info ] [MainThread]: 
[0m14:17:36.435361 [info ] [MainThread]:   compiled code at target/compiled/empty_lots/models/staging/stg_lots.sql
[0m14:17:36.435562 [info ] [MainThread]: 
[0m14:17:36.435797 [info ] [MainThread]: Done. PASS=0 WARN=0 ERROR=1 SKIP=0 NO-OP=0 TOTAL=1
[0m14:17:36.439623 [debug] [MainThread]: Resource report: {"command_name": "run", "command_success": false, "command_wall_clock_time": 3.743388, "process_in_blocks": "0", "process_kernel_time": 0.474191, "process_mem_max_rss": "366854144", "process_out_blocks": "0", "process_user_time": 2.564745}
[0m14:17:36.440038 [debug] [MainThread]: Command `dbt run` failed at 14:17:36.439972 after 3.74 seconds
[0m14:17:36.440309 [debug] [MainThread]: Flushing usage events
[0m14:17:48.762015 [debug] [MainThread]: Got an exception trying to initialize tracking


============================== 14:17:48.778293 | f0ef8b86-43fc-4deb-95c2-2aa2977ae5ab ==============================
[0m14:17:48.778293 [info ] [MainThread]: Running with dbt=1.10.13
[0m14:17:48.778972 [debug] [MainThread]: running dbt with arguments {'profiles_dir': '/Users/adrianparsons/.dbt', 'version_check': 'True', 'target_path': 'None', 'empty': 'False', 'introspect': 'True', 'static_parser': 'True', 'printer_width': '80', 'log_cache_events': 'False', 'cache_selected_only': 'False', 'quiet': 'False', 'log_format': 'default', 'partial_parse': 'True', 'warn_error_options': 'WarnErrorOptionsV2(error=[], warn=[], silence=[])', 'send_anonymous_usage_stats': 'True', 'write_json': 'True', 'indirect_selection': 'eager', 'no_print': 'None', 'debug': 'False', 'warn_error': 'None', 'invocation_command': 'dbt compile', 'log_path': '/Users/adrianparsons/Documents/programming/empty-lots/empty.nyc/dbt/logs', 'use_experimental_parser': 'False', 'use_colors': 'True', 'fail_fast': 'False'}
[0m14:17:50.346111 [info ] [MainThread]: Registered adapter: bigquery=1.10.2
[0m14:17:50.484340 [debug] [MainThread]: checksum: 9f0c81e2574b4ff463f3d16d080df83c6982fc0372c9feeacae0504ac9ea3ffe, vars: {}, profile: , target: , version: 1.10.13
[0m14:17:50.632256 [debug] [MainThread]: Partial parsing enabled: 0 files deleted, 0 files added, 1 files changed.
[0m14:17:50.632649 [debug] [MainThread]: Partial parsing: updated file: empty_lots://models/staging/stg_lots.sql
[0m14:17:50.741779 [warn ] [MainThread]: [[33mWARNING[0m]: Configuration paths exist in your dbt_project.yml file which do not apply to any resources.
There are 1 unused configuration paths:
- models.empty_lots.example
[0m14:17:50.783899 [debug] [MainThread]: Wrote artifact WritableManifest to /Users/adrianparsons/Documents/programming/empty-lots/empty.nyc/dbt/target/manifest.json
[0m14:17:50.785136 [debug] [MainThread]: Wrote artifact SemanticManifest to /Users/adrianparsons/Documents/programming/empty-lots/empty.nyc/dbt/target/semantic_manifest.json
[0m14:17:50.795458 [info ] [MainThread]: Found 1 model, 1 source, 508 macros
[0m14:17:50.796409 [info ] [MainThread]: 
[0m14:17:50.796628 [info ] [MainThread]: Concurrency: 1 threads (target='dev')
[0m14:17:50.796792 [info ] [MainThread]: 
[0m14:17:50.797056 [debug] [MainThread]: Acquiring new bigquery connection 'master'
[0m14:17:50.797471 [debug] [ThreadPool]: Acquiring new bigquery connection 'list_empty-lots_nyc_pluto_historical'
[0m14:17:50.797690 [debug] [ThreadPool]: Opening a new connection, currently in state init
[0m14:17:51.121316 [debug] [MainThread]: Opening a new connection, currently in state init
[0m14:17:51.126635 [debug] [Thread-1 (]: Began running node model.empty_lots.stg_lots
[0m14:17:51.127367 [debug] [Thread-1 (]: Re-using an available connection from the pool (formerly list_empty-lots_nyc_pluto_historical, now model.empty_lots.stg_lots)
[0m14:17:51.127968 [debug] [Thread-1 (]: Began compiling node model.empty_lots.stg_lots
[0m14:17:51.138496 [debug] [Thread-1 (]: Writing injected SQL for node "model.empty_lots.stg_lots"
[0m14:17:51.139697 [debug] [Thread-1 (]: Began executing node model.empty_lots.stg_lots
[0m14:17:51.140243 [debug] [Thread-1 (]: Opening a new connection, currently in state closed
[0m14:17:51.142462 [debug] [Thread-1 (]: Finished running node model.empty_lots.stg_lots
[0m14:17:51.143467 [debug] [MainThread]: Connection 'master' was properly closed.
[0m14:17:51.143825 [debug] [MainThread]: Connection 'model.empty_lots.stg_lots' was properly closed.
[0m14:17:51.144485 [debug] [MainThread]: Command end result
[0m14:17:51.166332 [debug] [MainThread]: Wrote artifact WritableManifest to /Users/adrianparsons/Documents/programming/empty-lots/empty.nyc/dbt/target/manifest.json
[0m14:17:51.167721 [debug] [MainThread]: Wrote artifact SemanticManifest to /Users/adrianparsons/Documents/programming/empty-lots/empty.nyc/dbt/target/semantic_manifest.json
[0m14:17:51.172815 [debug] [MainThread]: Wrote artifact RunExecutionResult to /Users/adrianparsons/Documents/programming/empty-lots/empty.nyc/dbt/target/run_results.json
[0m14:17:51.177755 [debug] [MainThread]: Resource report: {"command_name": "compile", "command_success": true, "command_wall_clock_time": 2.4410431, "process_in_blocks": "0", "process_kernel_time": 0.390214, "process_mem_max_rss": "365412352", "process_out_blocks": "0", "process_user_time": 2.241811}
[0m14:17:51.178303 [debug] [MainThread]: Command `dbt compile` succeeded at 14:17:51.178232 after 2.44 seconds
[0m14:17:51.178565 [debug] [MainThread]: Flushing usage events
[0m14:17:53.616973 [debug] [MainThread]: Got an exception trying to initialize tracking


============================== 14:17:53.630915 | e160fb3d-2640-41ca-ba7f-642127d5a4c5 ==============================
[0m14:17:53.630915 [info ] [MainThread]: Running with dbt=1.10.13
[0m14:17:53.631526 [debug] [MainThread]: running dbt with arguments {'log_format': 'default', 'static_parser': 'True', 'profiles_dir': '/Users/adrianparsons/.dbt', 'target_path': 'None', 'empty': 'False', 'fail_fast': 'False', 'quiet': 'False', 'invocation_command': 'dbt run', 'introspect': 'True', 'warn_error_options': 'WarnErrorOptionsV2(error=[], warn=[], silence=[])', 'cache_selected_only': 'False', 'log_cache_events': 'False', 'send_anonymous_usage_stats': 'True', 'version_check': 'True', 'write_json': 'True', 'log_path': '/Users/adrianparsons/Documents/programming/empty-lots/empty.nyc/dbt/logs', 'printer_width': '80', 'use_experimental_parser': 'False', 'debug': 'False', 'indirect_selection': 'eager', 'partial_parse': 'True', 'warn_error': 'None', 'use_colors': 'True', 'no_print': 'None'}
[0m14:17:55.151002 [info ] [MainThread]: Registered adapter: bigquery=1.10.2
[0m14:17:55.290715 [debug] [MainThread]: checksum: 9f0c81e2574b4ff463f3d16d080df83c6982fc0372c9feeacae0504ac9ea3ffe, vars: {}, profile: , target: , version: 1.10.13
[0m14:17:55.442587 [debug] [MainThread]: Partial parsing enabled: 0 files deleted, 0 files added, 0 files changed.
[0m14:17:55.442880 [debug] [MainThread]: Partial parsing enabled, no changes found, skipping parsing
[0m14:17:55.445542 [warn ] [MainThread]: [[33mWARNING[0m]: Configuration paths exist in your dbt_project.yml file which do not apply to any resources.
There are 1 unused configuration paths:
- models.empty_lots.example
[0m14:17:55.495772 [debug] [MainThread]: Wrote artifact WritableManifest to /Users/adrianparsons/Documents/programming/empty-lots/empty.nyc/dbt/target/manifest.json
[0m14:17:55.496820 [debug] [MainThread]: Wrote artifact SemanticManifest to /Users/adrianparsons/Documents/programming/empty-lots/empty.nyc/dbt/target/semantic_manifest.json
[0m14:17:55.507302 [info ] [MainThread]: Found 1 model, 1 source, 508 macros
[0m14:17:55.508179 [info ] [MainThread]: 
[0m14:17:55.508424 [info ] [MainThread]: Concurrency: 1 threads (target='dev')
[0m14:17:55.508597 [info ] [MainThread]: 
[0m14:17:55.508885 [debug] [MainThread]: Acquiring new bigquery connection 'master'
[0m14:17:55.509363 [debug] [ThreadPool]: Acquiring new bigquery connection 'list_empty-lots'
[0m14:17:55.509608 [debug] [ThreadPool]: Opening a new connection, currently in state init
[0m14:17:55.855137 [debug] [ThreadPool]: Re-using an available connection from the pool (formerly list_empty-lots, now list_empty-lots_nyc_pluto_historical)
[0m14:17:55.856156 [debug] [ThreadPool]: Opening a new connection, currently in state closed
[0m14:17:56.195696 [debug] [MainThread]: Opening a new connection, currently in state init
[0m14:17:56.203314 [debug] [Thread-1 (]: Began running node model.empty_lots.stg_lots
[0m14:17:56.204193 [info ] [Thread-1 (]: 1 of 1 START sql table model nyc_pluto_historical.stg_lots ..................... [RUN]
[0m14:17:56.205112 [debug] [Thread-1 (]: Re-using an available connection from the pool (formerly list_empty-lots_nyc_pluto_historical, now model.empty_lots.stg_lots)
[0m14:17:56.205675 [debug] [Thread-1 (]: Began compiling node model.empty_lots.stg_lots
[0m14:17:56.217090 [debug] [Thread-1 (]: Writing injected SQL for node "model.empty_lots.stg_lots"
[0m14:17:56.218104 [debug] [Thread-1 (]: Began executing node model.empty_lots.stg_lots
[0m14:17:56.232759 [debug] [Thread-1 (]: Opening a new connection, currently in state closed
[0m14:17:56.574661 [debug] [Thread-1 (]: Writing runtime sql for node "model.empty_lots.stg_lots"
[0m14:17:56.575985 [debug] [Thread-1 (]: On model.empty_lots.stg_lots: /* {"app": "dbt", "dbt_version": "1.10.13", "profile_name": "empty_lots", "target_name": "dev", "node_id": "model.empty_lots.stg_lots"} */

  
    

    create or replace table `empty-lots`.`nyc_pluto_historical`.`stg_lots`
      
    
    

    
    OPTIONS()
    as (
      /*
    Welcome to your first dbt model!
    Did you know that you can also configure models directly within SQL files?
    This will override configurations stated in dbt_project.yml

    Try changing "table" to "view" below
*/




select *
from `empty-lots`.`nyc_pluto_historical`.`pluto`
where address is not null
and address ~ '^[0-9]'

/*
    Uncomment the line below to remove records with null `id` values
*/

-- where id is not null
    );
  
[0m14:17:56.689079 [debug] [Thread-1 (]: BigQuery adapter: https://console.cloud.google.com/bigquery?project=empty-lots&j=bq:us-east4:ca977e4c-3a9f-4e97-a253-fb40882e28f7&page=queryresults
[0m14:17:56.693510 [error] [Thread-1 (]: BigQuery adapter: https://console.cloud.google.com/bigquery?project=empty-lots&j=bq:us-east4:ca977e4c-3a9f-4e97-a253-fb40882e28f7&page=queryresults
[0m14:17:56.708041 [debug] [Thread-1 (]: Database Error in model stg_lots (models/staging/stg_lots.sql)
  Syntax error: Expected ")" but got "~" at [28:13]
  compiled code at target/run/empty_lots/models/staging/stg_lots.sql
[0m14:17:56.710891 [error] [Thread-1 (]: 1 of 1 ERROR creating sql table model nyc_pluto_historical.stg_lots ............ [[31mERROR[0m in 0.50s]
[0m14:17:56.711706 [debug] [Thread-1 (]: Finished running node model.empty_lots.stg_lots
[0m14:17:56.712327 [debug] [Thread-4 (]: Marking all children of 'model.empty_lots.stg_lots' to be skipped because of status 'error'.  Reason: Database Error in model stg_lots (models/staging/stg_lots.sql)
  Syntax error: Expected ")" but got "~" at [28:13]
  compiled code at target/run/empty_lots/models/staging/stg_lots.sql.
[0m14:17:56.714251 [debug] [MainThread]: Opening a new connection, currently in state closed
[0m14:17:56.716318 [debug] [MainThread]: Connection 'master' was properly closed.
[0m14:17:56.716685 [debug] [MainThread]: Connection 'model.empty_lots.stg_lots' was properly closed.
[0m14:17:56.717019 [info ] [MainThread]: 
[0m14:17:56.717361 [info ] [MainThread]: Finished running 1 table model in 0 hours 0 minutes and 1.21 seconds (1.21s).
[0m14:17:56.718041 [debug] [MainThread]: Command end result
[0m14:17:56.738943 [debug] [MainThread]: Wrote artifact WritableManifest to /Users/adrianparsons/Documents/programming/empty-lots/empty.nyc/dbt/target/manifest.json
[0m14:17:56.740366 [debug] [MainThread]: Wrote artifact SemanticManifest to /Users/adrianparsons/Documents/programming/empty-lots/empty.nyc/dbt/target/semantic_manifest.json
[0m14:17:56.744774 [debug] [MainThread]: Wrote artifact RunExecutionResult to /Users/adrianparsons/Documents/programming/empty-lots/empty.nyc/dbt/target/run_results.json
[0m14:17:56.745061 [info ] [MainThread]: 
[0m14:17:56.745382 [info ] [MainThread]: [31mCompleted with 1 error, 0 partial successes, and 0 warnings:[0m
[0m14:17:56.745646 [info ] [MainThread]: 
[0m14:17:56.745951 [error] [MainThread]: [31mFailure in model stg_lots (models/staging/stg_lots.sql)[0m
[0m14:17:56.746214 [error] [MainThread]:   Database Error in model stg_lots (models/staging/stg_lots.sql)
  Syntax error: Expected ")" but got "~" at [28:13]
  compiled code at target/run/empty_lots/models/staging/stg_lots.sql
[0m14:17:56.746421 [info ] [MainThread]: 
[0m14:17:56.746672 [info ] [MainThread]:   compiled code at target/compiled/empty_lots/models/staging/stg_lots.sql
[0m14:17:56.746885 [info ] [MainThread]: 
[0m14:17:56.747113 [info ] [MainThread]: Done. PASS=0 WARN=0 ERROR=1 SKIP=0 NO-OP=0 TOTAL=1
[0m14:17:56.750709 [debug] [MainThread]: Resource report: {"command_name": "run", "command_success": false, "command_wall_clock_time": 3.1590426, "process_in_blocks": "0", "process_kernel_time": 0.390735, "process_mem_max_rss": "358334464", "process_out_blocks": "0", "process_user_time": 2.436078}
[0m14:17:56.751105 [debug] [MainThread]: Command `dbt run` failed at 14:17:56.751042 after 3.16 seconds
[0m14:17:56.751373 [debug] [MainThread]: Flushing usage events
[0m14:19:36.118242 [debug] [MainThread]: Got an exception trying to initialize tracking


============================== 14:19:36.149927 | 2f505823-e61b-4c90-bf33-2c8c23319cb2 ==============================
[0m14:19:36.149927 [info ] [MainThread]: Running with dbt=1.10.13
[0m14:19:36.150653 [debug] [MainThread]: running dbt with arguments {'warn_error': 'None', 'use_experimental_parser': 'False', 'no_print': 'None', 'indirect_selection': 'eager', 'version_check': 'True', 'debug': 'False', 'invocation_command': 'dbt run', 'warn_error_options': 'WarnErrorOptionsV2(error=[], warn=[], silence=[])', 'quiet': 'False', 'introspect': 'True', 'write_json': 'True', 'use_colors': 'True', 'cache_selected_only': 'False', 'static_parser': 'True', 'log_path': '/Users/adrianparsons/Documents/programming/empty-lots/empty.nyc/dbt/logs', 'printer_width': '80', 'empty': 'False', 'profiles_dir': '/Users/adrianparsons/.dbt', 'log_format': 'default', 'log_cache_events': 'False', 'fail_fast': 'False', 'target_path': 'None', 'send_anonymous_usage_stats': 'True', 'partial_parse': 'True'}
[0m14:19:37.953098 [info ] [MainThread]: Registered adapter: bigquery=1.10.2
[0m14:19:38.092600 [debug] [MainThread]: checksum: 9f0c81e2574b4ff463f3d16d080df83c6982fc0372c9feeacae0504ac9ea3ffe, vars: {}, profile: , target: , version: 1.10.13
[0m14:19:38.242724 [debug] [MainThread]: Partial parsing enabled: 0 files deleted, 0 files added, 1 files changed.
[0m14:19:38.243118 [debug] [MainThread]: Partial parsing: updated file: empty_lots://models/staging/stg_lots.sql
[0m14:19:38.375291 [warn ] [MainThread]: [[33mWARNING[0m]: Configuration paths exist in your dbt_project.yml file which do not apply to any resources.
There are 1 unused configuration paths:
- models.empty_lots.example
[0m14:19:38.418547 [debug] [MainThread]: Wrote artifact WritableManifest to /Users/adrianparsons/Documents/programming/empty-lots/empty.nyc/dbt/target/manifest.json
[0m14:19:38.420336 [debug] [MainThread]: Wrote artifact SemanticManifest to /Users/adrianparsons/Documents/programming/empty-lots/empty.nyc/dbt/target/semantic_manifest.json
[0m14:19:38.432284 [info ] [MainThread]: Found 1 model, 1 source, 508 macros
[0m14:19:38.433151 [info ] [MainThread]: 
[0m14:19:38.433390 [info ] [MainThread]: Concurrency: 1 threads (target='dev')
[0m14:19:38.433555 [info ] [MainThread]: 
[0m14:19:38.433840 [debug] [MainThread]: Acquiring new bigquery connection 'master'
[0m14:19:38.434286 [debug] [ThreadPool]: Acquiring new bigquery connection 'list_empty-lots'
[0m14:19:38.434498 [debug] [ThreadPool]: Opening a new connection, currently in state init
[0m14:19:38.975496 [debug] [ThreadPool]: Re-using an available connection from the pool (formerly list_empty-lots, now list_empty-lots_nyc_pluto_historical)
[0m14:19:38.976514 [debug] [ThreadPool]: Opening a new connection, currently in state closed
[0m14:19:39.360702 [debug] [MainThread]: Opening a new connection, currently in state init
[0m14:19:39.368130 [debug] [Thread-1 (]: Began running node model.empty_lots.stg_lots
[0m14:19:39.369270 [info ] [Thread-1 (]: 1 of 1 START sql table model nyc_pluto_historical.stg_lots ..................... [RUN]
[0m14:19:39.370008 [debug] [Thread-1 (]: Re-using an available connection from the pool (formerly list_empty-lots_nyc_pluto_historical, now model.empty_lots.stg_lots)
[0m14:19:39.370604 [debug] [Thread-1 (]: Began compiling node model.empty_lots.stg_lots
[0m14:19:39.381016 [debug] [Thread-1 (]: Writing injected SQL for node "model.empty_lots.stg_lots"
[0m14:19:39.382898 [debug] [Thread-1 (]: Began executing node model.empty_lots.stg_lots
[0m14:19:39.398456 [debug] [Thread-1 (]: Opening a new connection, currently in state closed
[0m14:19:39.777448 [debug] [Thread-1 (]: Writing runtime sql for node "model.empty_lots.stg_lots"
[0m14:19:39.779543 [debug] [Thread-1 (]: On model.empty_lots.stg_lots: /* {"app": "dbt", "dbt_version": "1.10.13", "profile_name": "empty_lots", "target_name": "dev", "node_id": "model.empty_lots.stg_lots"} */

  
    

    create or replace table `empty-lots`.`nyc_pluto_historical`.`stg_lots`
      
    
    

    
    OPTIONS()
    as (
      /*
    Welcome to your first dbt model!
    Did you know that you can also configure models directly within SQL files?
    This will override configurations stated in dbt_project.yml

    Try changing "table" to "view" below
*/




select *
from `empty-lots`.`nyc_pluto_historical`.`pluto`
where address is not null
and address ~ '^[0-9]'
    );
  
[0m14:19:39.925718 [debug] [Thread-1 (]: BigQuery adapter: https://console.cloud.google.com/bigquery?project=empty-lots&j=bq:us-east4:88213789-efdf-4c19-ac42-a24dfe191008&page=queryresults
[0m14:19:39.926938 [error] [Thread-1 (]: BigQuery adapter: https://console.cloud.google.com/bigquery?project=empty-lots&j=bq:us-east4:88213789-efdf-4c19-ac42-a24dfe191008&page=queryresults
[0m14:19:39.940511 [debug] [Thread-1 (]: Database Error in model stg_lots (models/staging/stg_lots.sql)
  Syntax error: Expected ")" but got "~" at [28:13]
  compiled code at target/run/empty_lots/models/staging/stg_lots.sql
[0m14:19:39.942993 [error] [Thread-1 (]: 1 of 1 ERROR creating sql table model nyc_pluto_historical.stg_lots ............ [[31mERROR[0m in 0.57s]
[0m14:19:39.943716 [debug] [Thread-1 (]: Finished running node model.empty_lots.stg_lots
[0m14:19:39.944334 [debug] [Thread-4 (]: Marking all children of 'model.empty_lots.stg_lots' to be skipped because of status 'error'.  Reason: Database Error in model stg_lots (models/staging/stg_lots.sql)
  Syntax error: Expected ")" but got "~" at [28:13]
  compiled code at target/run/empty_lots/models/staging/stg_lots.sql.
[0m14:19:39.946418 [debug] [MainThread]: Opening a new connection, currently in state closed
[0m14:19:39.948482 [debug] [MainThread]: Connection 'master' was properly closed.
[0m14:19:39.948907 [debug] [MainThread]: Connection 'model.empty_lots.stg_lots' was properly closed.
[0m14:19:39.949291 [info ] [MainThread]: 
[0m14:19:39.949693 [info ] [MainThread]: Finished running 1 table model in 0 hours 0 minutes and 1.52 seconds (1.52s).
[0m14:19:39.950457 [debug] [MainThread]: Command end result
[0m14:19:39.975854 [debug] [MainThread]: Wrote artifact WritableManifest to /Users/adrianparsons/Documents/programming/empty-lots/empty.nyc/dbt/target/manifest.json
[0m14:19:39.977820 [debug] [MainThread]: Wrote artifact SemanticManifest to /Users/adrianparsons/Documents/programming/empty-lots/empty.nyc/dbt/target/semantic_manifest.json
[0m14:19:39.982978 [debug] [MainThread]: Wrote artifact RunExecutionResult to /Users/adrianparsons/Documents/programming/empty-lots/empty.nyc/dbt/target/run_results.json
[0m14:19:39.983247 [info ] [MainThread]: 
[0m14:19:39.983550 [info ] [MainThread]: [31mCompleted with 1 error, 0 partial successes, and 0 warnings:[0m
[0m14:19:39.983792 [info ] [MainThread]: 
[0m14:19:39.984098 [error] [MainThread]: [31mFailure in model stg_lots (models/staging/stg_lots.sql)[0m
[0m14:19:39.984385 [error] [MainThread]:   Database Error in model stg_lots (models/staging/stg_lots.sql)
  Syntax error: Expected ")" but got "~" at [28:13]
  compiled code at target/run/empty_lots/models/staging/stg_lots.sql
[0m14:19:39.984607 [info ] [MainThread]: 
[0m14:19:39.984865 [info ] [MainThread]:   compiled code at target/compiled/empty_lots/models/staging/stg_lots.sql
[0m14:19:39.985080 [info ] [MainThread]: 
[0m14:19:39.985320 [info ] [MainThread]: Done. PASS=0 WARN=0 ERROR=1 SKIP=0 NO-OP=0 TOTAL=1
[0m14:19:39.989166 [debug] [MainThread]: Resource report: {"command_name": "run", "command_success": false, "command_wall_clock_time": 3.8966007, "process_in_blocks": "0", "process_kernel_time": 0.468853, "process_mem_max_rss": "365199360", "process_out_blocks": "0", "process_user_time": 2.544881}
[0m14:19:39.989527 [debug] [MainThread]: Command `dbt run` failed at 14:19:39.989468 after 3.90 seconds
[0m14:19:39.989784 [debug] [MainThread]: Flushing usage events
[0m14:25:45.780762 [debug] [MainThread]: Got an exception trying to initialize tracking


============================== 14:25:45.806698 | bbc6f6f1-fba6-48db-8767-599a6a5792b3 ==============================
[0m14:25:45.806698 [info ] [MainThread]: Running with dbt=1.10.13
[0m14:25:45.807346 [debug] [MainThread]: running dbt with arguments {'printer_width': '80', 'warn_error_options': 'WarnErrorOptionsV2(error=[], warn=[], silence=[])', 'use_experimental_parser': 'False', 'warn_error': 'None', 'partial_parse': 'True', 'target_path': 'None', 'fail_fast': 'False', 'use_colors': 'True', 'static_parser': 'True', 'invocation_command': 'dbt run', 'write_json': 'True', 'send_anonymous_usage_stats': 'True', 'log_path': '/Users/adrianparsons/Documents/programming/empty-lots/empty.nyc/dbt/logs', 'debug': 'False', 'no_print': 'None', 'log_format': 'default', 'profiles_dir': '/Users/adrianparsons/.dbt', 'introspect': 'True', 'log_cache_events': 'False', 'cache_selected_only': 'False', 'quiet': 'False', 'indirect_selection': 'eager', 'empty': 'False', 'version_check': 'True'}
[0m14:25:47.621258 [info ] [MainThread]: Registered adapter: bigquery=1.10.2
[0m14:25:47.760162 [debug] [MainThread]: checksum: 9f0c81e2574b4ff463f3d16d080df83c6982fc0372c9feeacae0504ac9ea3ffe, vars: {}, profile: , target: , version: 1.10.13
[0m14:25:47.916266 [debug] [MainThread]: Partial parsing enabled: 0 files deleted, 0 files added, 1 files changed.
[0m14:25:47.916675 [debug] [MainThread]: Partial parsing: updated file: empty_lots://models/staging/stg_lots.sql
[0m14:25:48.030089 [warn ] [MainThread]: [[33mWARNING[0m]: Configuration paths exist in your dbt_project.yml file which do not apply to any resources.
There are 1 unused configuration paths:
- models.empty_lots.example
[0m14:25:48.074521 [debug] [MainThread]: Wrote artifact WritableManifest to /Users/adrianparsons/Documents/programming/empty-lots/empty.nyc/dbt/target/manifest.json
[0m14:25:48.076007 [debug] [MainThread]: Wrote artifact SemanticManifest to /Users/adrianparsons/Documents/programming/empty-lots/empty.nyc/dbt/target/semantic_manifest.json
[0m14:25:48.087231 [info ] [MainThread]: Found 1 model, 1 source, 508 macros
[0m14:25:48.088077 [info ] [MainThread]: 
[0m14:25:48.088295 [info ] [MainThread]: Concurrency: 1 threads (target='dev')
[0m14:25:48.088458 [info ] [MainThread]: 
[0m14:25:48.088716 [debug] [MainThread]: Acquiring new bigquery connection 'master'
[0m14:25:48.089126 [debug] [ThreadPool]: Acquiring new bigquery connection 'list_empty-lots'
[0m14:25:48.089323 [debug] [ThreadPool]: Opening a new connection, currently in state init
[0m14:25:48.553967 [debug] [ThreadPool]: Re-using an available connection from the pool (formerly list_empty-lots, now list_empty-lots_nyc_pluto_historical)
[0m14:25:48.554997 [debug] [ThreadPool]: Opening a new connection, currently in state closed
[0m14:25:48.950179 [debug] [MainThread]: Opening a new connection, currently in state init
[0m14:25:48.954380 [debug] [Thread-1 (]: Began running node model.empty_lots.stg_lots
[0m14:25:48.954712 [info ] [Thread-1 (]: 1 of 1 START sql table model nyc_pluto_historical.stg_lots ..................... [RUN]
[0m14:25:48.954963 [debug] [Thread-1 (]: Re-using an available connection from the pool (formerly list_empty-lots_nyc_pluto_historical, now model.empty_lots.stg_lots)
[0m14:25:48.955164 [debug] [Thread-1 (]: Began compiling node model.empty_lots.stg_lots
[0m14:25:48.959819 [debug] [Thread-1 (]: Writing injected SQL for node "model.empty_lots.stg_lots"
[0m14:25:48.960703 [debug] [Thread-1 (]: Began executing node model.empty_lots.stg_lots
[0m14:25:48.975906 [debug] [Thread-1 (]: Opening a new connection, currently in state closed
[0m14:25:49.388754 [debug] [Thread-1 (]: Writing runtime sql for node "model.empty_lots.stg_lots"
[0m14:25:49.390247 [debug] [Thread-1 (]: On model.empty_lots.stg_lots: /* {"app": "dbt", "dbt_version": "1.10.13", "profile_name": "empty_lots", "target_name": "dev", "node_id": "model.empty_lots.stg_lots"} */

  
    

    create or replace table `empty-lots`.`nyc_pluto_historical`.`stg_lots`
      
    
    

    
    OPTIONS()
    as (
      /*
    Welcome to your first dbt model!
    Did you know that you can also configure models directly within SQL files?
    This will override configurations stated in dbt_project.yml

    Try changing "table" to "view" below
*/




select *
from `empty-lots`.`nyc_pluto_historical`.`pluto`
where address is not null
and address like '[0-9]%'
    );
  
[0m14:25:49.742116 [debug] [Thread-1 (]: BigQuery adapter: https://console.cloud.google.com/bigquery?project=empty-lots&j=bq:us-east4:8efdf89f-0205-4589-97c7-a2d97e4cb2bf&page=queryresults
[0m14:25:51.336286 [info ] [Thread-1 (]: 1 of 1 OK created sql table model nyc_pluto_historical.stg_lots ................ [[32mCREATE TABLE (0.0 rows, 3.6 GiB processed)[0m in 2.38s]
[0m14:25:51.337234 [debug] [Thread-1 (]: Finished running node model.empty_lots.stg_lots
[0m14:25:51.338505 [debug] [MainThread]: Opening a new connection, currently in state closed
[0m14:25:51.340234 [debug] [MainThread]: Connection 'master' was properly closed.
[0m14:25:51.340550 [debug] [MainThread]: Connection 'model.empty_lots.stg_lots' was properly closed.
[0m14:25:51.340861 [info ] [MainThread]: 
[0m14:25:51.341172 [info ] [MainThread]: Finished running 1 table model in 0 hours 0 minutes and 3.25 seconds (3.25s).
[0m14:25:51.341840 [debug] [MainThread]: Command end result
[0m14:25:51.360613 [debug] [MainThread]: Wrote artifact WritableManifest to /Users/adrianparsons/Documents/programming/empty-lots/empty.nyc/dbt/target/manifest.json
[0m14:25:51.362298 [debug] [MainThread]: Wrote artifact SemanticManifest to /Users/adrianparsons/Documents/programming/empty-lots/empty.nyc/dbt/target/semantic_manifest.json
[0m14:25:51.366765 [debug] [MainThread]: Wrote artifact RunExecutionResult to /Users/adrianparsons/Documents/programming/empty-lots/empty.nyc/dbt/target/run_results.json
[0m14:25:51.367014 [info ] [MainThread]: 
[0m14:25:51.367304 [info ] [MainThread]: [32mCompleted successfully[0m
[0m14:25:51.367515 [info ] [MainThread]: 
[0m14:25:51.367728 [info ] [MainThread]: Done. PASS=1 WARN=0 ERROR=0 SKIP=0 NO-OP=0 TOTAL=1
[0m14:25:51.371770 [debug] [MainThread]: Resource report: {"command_name": "run", "command_success": true, "command_wall_clock_time": 5.616361, "process_in_blocks": "0", "process_kernel_time": 0.516764, "process_mem_max_rss": "368328704", "process_out_blocks": "0", "process_user_time": 2.58312}
[0m14:25:51.372144 [debug] [MainThread]: Command `dbt run` succeeded at 14:25:51.372087 after 5.62 seconds
[0m14:25:51.372930 [debug] [MainThread]: Flushing usage events
[0m14:29:22.600989 [debug] [MainThread]: Got an exception trying to initialize tracking


============================== 14:29:22.628349 | 2ccee7d2-b95d-402f-926b-576793a6ee4d ==============================
[0m14:29:22.628349 [info ] [MainThread]: Running with dbt=1.10.13
[0m14:29:22.629082 [debug] [MainThread]: running dbt with arguments {'printer_width': '80', 'introspect': 'True', 'no_print': 'None', 'log_format': 'default', 'version_check': 'True', 'invocation_command': 'dbt run', 'debug': 'False', 'static_parser': 'True', 'fail_fast': 'False', 'empty': 'False', 'warn_error': 'None', 'use_colors': 'True', 'profiles_dir': '/Users/adrianparsons/.dbt', 'log_path': '/Users/adrianparsons/Documents/programming/empty-lots/empty.nyc/dbt/logs', 'indirect_selection': 'eager', 'warn_error_options': 'WarnErrorOptionsV2(error=[], warn=[], silence=[])', 'cache_selected_only': 'False', 'use_experimental_parser': 'False', 'write_json': 'True', 'send_anonymous_usage_stats': 'True', 'target_path': 'None', 'partial_parse': 'True', 'log_cache_events': 'False', 'quiet': 'False'}
[0m14:29:24.553019 [info ] [MainThread]: Registered adapter: bigquery=1.10.2
[0m14:29:24.702926 [debug] [MainThread]: checksum: 9f0c81e2574b4ff463f3d16d080df83c6982fc0372c9feeacae0504ac9ea3ffe, vars: {}, profile: , target: , version: 1.10.13
[0m14:29:24.858040 [debug] [MainThread]: Partial parsing enabled: 0 files deleted, 0 files added, 1 files changed.
[0m14:29:24.858451 [debug] [MainThread]: Partial parsing: updated file: empty_lots://models/staging/stg_lots.sql
[0m14:29:24.971269 [warn ] [MainThread]: [[33mWARNING[0m]: Configuration paths exist in your dbt_project.yml file which do not apply to any resources.
There are 1 unused configuration paths:
- models.empty_lots.example
[0m14:29:25.014627 [debug] [MainThread]: Wrote artifact WritableManifest to /Users/adrianparsons/Documents/programming/empty-lots/empty.nyc/dbt/target/manifest.json
[0m14:29:25.016138 [debug] [MainThread]: Wrote artifact SemanticManifest to /Users/adrianparsons/Documents/programming/empty-lots/empty.nyc/dbt/target/semantic_manifest.json
[0m14:29:25.027532 [info ] [MainThread]: Found 1 model, 1 source, 508 macros
[0m14:29:25.028437 [info ] [MainThread]: 
[0m14:29:25.028702 [info ] [MainThread]: Concurrency: 1 threads (target='dev')
[0m14:29:25.028889 [info ] [MainThread]: 
[0m14:29:25.029176 [debug] [MainThread]: Acquiring new bigquery connection 'master'
[0m14:29:25.029661 [debug] [ThreadPool]: Acquiring new bigquery connection 'list_empty-lots'
[0m14:29:25.029903 [debug] [ThreadPool]: Opening a new connection, currently in state init
[0m14:29:25.477232 [debug] [ThreadPool]: Re-using an available connection from the pool (formerly list_empty-lots, now list_empty-lots_nyc_pluto_historical)
[0m14:29:25.477897 [debug] [ThreadPool]: Opening a new connection, currently in state closed
[0m14:29:25.804369 [debug] [MainThread]: Opening a new connection, currently in state init
[0m14:29:25.810207 [debug] [Thread-1 (]: Began running node model.empty_lots.stg_lots
[0m14:29:25.811197 [info ] [Thread-1 (]: 1 of 1 START sql table model nyc_pluto_historical.stg_lots ..................... [RUN]
[0m14:29:25.812006 [debug] [Thread-1 (]: Re-using an available connection from the pool (formerly list_empty-lots_nyc_pluto_historical, now model.empty_lots.stg_lots)
[0m14:29:25.812618 [debug] [Thread-1 (]: Began compiling node model.empty_lots.stg_lots
[0m14:29:25.822710 [debug] [Thread-1 (]: Writing injected SQL for node "model.empty_lots.stg_lots"
[0m14:29:25.824144 [debug] [Thread-1 (]: Began executing node model.empty_lots.stg_lots
[0m14:29:25.839051 [debug] [Thread-1 (]: Opening a new connection, currently in state closed
[0m14:29:26.231611 [debug] [Thread-1 (]: Writing runtime sql for node "model.empty_lots.stg_lots"
[0m14:29:26.232842 [debug] [Thread-1 (]: On model.empty_lots.stg_lots: /* {"app": "dbt", "dbt_version": "1.10.13", "profile_name": "empty_lots", "target_name": "dev", "node_id": "model.empty_lots.stg_lots"} */

  
    

    create or replace table `empty-lots`.`nyc_pluto_historical`.`stg_lots`
      
    
    

    
    OPTIONS()
    as (
      /*
    Welcome to your first dbt model!
    Did you know that you can also configure models directly within SQL files?
    This will override configurations stated in dbt_project.yml

    Try changing "table" to "view" below
*/




select *
from `empty-lots`.`nyc_pluto_historical`.`pluto`
where address is not null
and address like '+%'
    );
  
[0m14:29:26.618324 [debug] [Thread-1 (]: BigQuery adapter: https://console.cloud.google.com/bigquery?project=empty-lots&j=bq:us-east4:21290290-09f6-479a-b466-84199750dafe&page=queryresults
[0m14:29:28.409768 [info ] [Thread-1 (]: 1 of 1 OK created sql table model nyc_pluto_historical.stg_lots ................ [[32mCREATE TABLE (0.0 rows, 3.6 GiB processed)[0m in 2.60s]
[0m14:29:28.410465 [debug] [Thread-1 (]: Finished running node model.empty_lots.stg_lots
[0m14:29:28.412353 [debug] [MainThread]: Opening a new connection, currently in state closed
[0m14:29:28.413799 [debug] [MainThread]: Connection 'master' was properly closed.
[0m14:29:28.414066 [debug] [MainThread]: Connection 'model.empty_lots.stg_lots' was properly closed.
[0m14:29:28.414319 [info ] [MainThread]: 
[0m14:29:28.414683 [info ] [MainThread]: Finished running 1 table model in 0 hours 0 minutes and 3.39 seconds (3.39s).
[0m14:29:28.415373 [debug] [MainThread]: Command end result
[0m14:29:28.433305 [debug] [MainThread]: Wrote artifact WritableManifest to /Users/adrianparsons/Documents/programming/empty-lots/empty.nyc/dbt/target/manifest.json
[0m14:29:28.435249 [debug] [MainThread]: Wrote artifact SemanticManifest to /Users/adrianparsons/Documents/programming/empty-lots/empty.nyc/dbt/target/semantic_manifest.json
[0m14:29:28.439379 [debug] [MainThread]: Wrote artifact RunExecutionResult to /Users/adrianparsons/Documents/programming/empty-lots/empty.nyc/dbt/target/run_results.json
[0m14:29:28.439622 [info ] [MainThread]: 
[0m14:29:28.439908 [info ] [MainThread]: [32mCompleted successfully[0m
[0m14:29:28.440112 [info ] [MainThread]: 
[0m14:29:28.440325 [info ] [MainThread]: Done. PASS=1 WARN=0 ERROR=0 SKIP=0 NO-OP=0 TOTAL=1
[0m14:29:28.443497 [debug] [MainThread]: Resource report: {"command_name": "run", "command_success": true, "command_wall_clock_time": 5.868685, "process_in_blocks": "0", "process_kernel_time": 0.541695, "process_mem_max_rss": "363593728", "process_out_blocks": "0", "process_user_time": 2.662204}
[0m14:29:28.443849 [debug] [MainThread]: Command `dbt run` succeeded at 14:29:28.443796 after 5.87 seconds
[0m14:29:28.444094 [debug] [MainThread]: Flushing usage events
[0m14:37:53.596585 [debug] [MainThread]: Got an exception trying to initialize tracking


============================== 14:37:53.626893 | 558fc093-2c00-4353-93fc-14c838cdb7db ==============================
[0m14:37:53.626893 [info ] [MainThread]: Running with dbt=1.10.13
[0m14:37:53.627550 [debug] [MainThread]: running dbt with arguments {'send_anonymous_usage_stats': 'True', 'debug': 'False', 'warn_error_options': 'WarnErrorOptionsV2(error=[], warn=[], silence=[])', 'target_path': 'None', 'profiles_dir': '/Users/adrianparsons/.dbt', 'no_print': 'None', 'static_parser': 'True', 'use_experimental_parser': 'False', 'log_cache_events': 'False', 'version_check': 'True', 'warn_error': 'None', 'introspect': 'True', 'quiet': 'False', 'empty': 'False', 'cache_selected_only': 'False', 'use_colors': 'True', 'invocation_command': 'dbt run', 'log_format': 'default', 'partial_parse': 'True', 'fail_fast': 'False', 'log_path': '/Users/adrianparsons/Documents/programming/empty-lots/empty.nyc/dbt/logs', 'printer_width': '80', 'write_json': 'True', 'indirect_selection': 'eager'}
[0m14:37:55.464989 [info ] [MainThread]: Registered adapter: bigquery=1.10.2
[0m14:37:55.603603 [debug] [MainThread]: checksum: 9f0c81e2574b4ff463f3d16d080df83c6982fc0372c9feeacae0504ac9ea3ffe, vars: {}, profile: , target: , version: 1.10.13
[0m14:37:55.753844 [debug] [MainThread]: Partial parsing enabled: 0 files deleted, 0 files added, 1 files changed.
[0m14:37:55.754256 [debug] [MainThread]: Partial parsing: updated file: empty_lots://models/staging/stg_lots.sql
[0m14:37:55.871061 [warn ] [MainThread]: [[33mWARNING[0m]: Configuration paths exist in your dbt_project.yml file which do not apply to any resources.
There are 1 unused configuration paths:
- models.empty_lots.example
[0m14:37:55.935660 [debug] [MainThread]: Wrote artifact WritableManifest to /Users/adrianparsons/Documents/programming/empty-lots/empty.nyc/dbt/target/manifest.json
[0m14:37:55.937368 [debug] [MainThread]: Wrote artifact SemanticManifest to /Users/adrianparsons/Documents/programming/empty-lots/empty.nyc/dbt/target/semantic_manifest.json
[0m14:37:55.950047 [info ] [MainThread]: Found 1 model, 1 source, 508 macros
[0m14:37:55.950961 [info ] [MainThread]: 
[0m14:37:55.951184 [info ] [MainThread]: Concurrency: 1 threads (target='dev')
[0m14:37:55.951346 [info ] [MainThread]: 
[0m14:37:55.951616 [debug] [MainThread]: Acquiring new bigquery connection 'master'
[0m14:37:55.952060 [debug] [ThreadPool]: Acquiring new bigquery connection 'list_empty-lots'
[0m14:37:55.952310 [debug] [ThreadPool]: Opening a new connection, currently in state init
[0m14:37:56.434908 [debug] [ThreadPool]: Re-using an available connection from the pool (formerly list_empty-lots, now list_empty-lots_nyc_pluto_historical)
[0m14:37:56.435903 [debug] [ThreadPool]: Opening a new connection, currently in state closed
[0m14:37:56.809416 [debug] [MainThread]: Opening a new connection, currently in state init
[0m14:37:56.815395 [debug] [Thread-1 (]: Began running node model.empty_lots.stg_lots
[0m14:37:56.816326 [info ] [Thread-1 (]: 1 of 1 START sql table model nyc_pluto_historical.stg_lots ..................... [RUN]
[0m14:37:56.817052 [debug] [Thread-1 (]: Re-using an available connection from the pool (formerly list_empty-lots_nyc_pluto_historical, now model.empty_lots.stg_lots)
[0m14:37:56.817621 [debug] [Thread-1 (]: Began compiling node model.empty_lots.stg_lots
[0m14:37:56.827802 [debug] [Thread-1 (]: Writing injected SQL for node "model.empty_lots.stg_lots"
[0m14:37:56.829428 [debug] [Thread-1 (]: Began executing node model.empty_lots.stg_lots
[0m14:37:56.845301 [debug] [Thread-1 (]: Opening a new connection, currently in state closed
[0m14:37:57.224671 [debug] [Thread-1 (]: Writing runtime sql for node "model.empty_lots.stg_lots"
[0m14:37:57.227572 [debug] [Thread-1 (]: On model.empty_lots.stg_lots: /* {"app": "dbt", "dbt_version": "1.10.13", "profile_name": "empty_lots", "target_name": "dev", "node_id": "model.empty_lots.stg_lots"} */

  
    

    create or replace table `empty-lots`.`nyc_pluto_historical`.`stg_lots`
      
    
    

    
    OPTIONS()
    as (
      /*
    Welcome to your first dbt model!
    Did you know that you can also configure models directly within SQL files?
    This will override configurations stated in dbt_project.yml

    Try changing "table" to "view" below
*/




select *
from `empty-lots`.`nyc_pluto_historical`.`pluto`
where address is not null
and address like r"[0-9]%"
    );
  
[0m14:37:57.583232 [debug] [Thread-1 (]: BigQuery adapter: https://console.cloud.google.com/bigquery?project=empty-lots&j=bq:us-east4:af41fb69-79fc-4b28-bfc0-fc4b17dcdb9e&page=queryresults
[0m14:37:59.561993 [info ] [Thread-1 (]: 1 of 1 OK created sql table model nyc_pluto_historical.stg_lots ................ [[32mCREATE TABLE (0.0 rows, 3.6 GiB processed)[0m in 2.74s]
[0m14:37:59.563007 [debug] [Thread-1 (]: Finished running node model.empty_lots.stg_lots
[0m14:37:59.564486 [debug] [MainThread]: Opening a new connection, currently in state closed
[0m14:37:59.566825 [debug] [MainThread]: Connection 'master' was properly closed.
[0m14:37:59.567162 [debug] [MainThread]: Connection 'model.empty_lots.stg_lots' was properly closed.
[0m14:37:59.567461 [info ] [MainThread]: 
[0m14:37:59.567772 [info ] [MainThread]: Finished running 1 table model in 0 hours 0 minutes and 3.62 seconds (3.62s).
[0m14:37:59.568470 [debug] [MainThread]: Command end result
[0m14:37:59.587584 [debug] [MainThread]: Wrote artifact WritableManifest to /Users/adrianparsons/Documents/programming/empty-lots/empty.nyc/dbt/target/manifest.json
[0m14:37:59.589459 [debug] [MainThread]: Wrote artifact SemanticManifest to /Users/adrianparsons/Documents/programming/empty-lots/empty.nyc/dbt/target/semantic_manifest.json
[0m14:37:59.594225 [debug] [MainThread]: Wrote artifact RunExecutionResult to /Users/adrianparsons/Documents/programming/empty-lots/empty.nyc/dbt/target/run_results.json
[0m14:37:59.594486 [info ] [MainThread]: 
[0m14:37:59.594783 [info ] [MainThread]: [32mCompleted successfully[0m
[0m14:37:59.595004 [info ] [MainThread]: 
[0m14:37:59.595249 [info ] [MainThread]: Done. PASS=1 WARN=0 ERROR=0 SKIP=0 NO-OP=0 TOTAL=1
[0m14:37:59.599101 [debug] [MainThread]: Resource report: {"command_name": "run", "command_success": true, "command_wall_clock_time": 6.028403, "process_in_blocks": "0", "process_kernel_time": 0.53399, "process_mem_max_rss": "365838336", "process_out_blocks": "0", "process_user_time": 2.637833}
[0m14:37:59.599560 [debug] [MainThread]: Command `dbt run` succeeded at 14:37:59.599492 after 6.03 seconds
[0m14:37:59.599879 [debug] [MainThread]: Flushing usage events
[0m14:39:12.236919 [debug] [MainThread]: Got an exception trying to initialize tracking


============================== 14:39:12.265456 | 8a763a25-798b-4b02-bbd6-ce289d95f8fe ==============================
[0m14:39:12.265456 [info ] [MainThread]: Running with dbt=1.10.13
[0m14:39:12.266146 [debug] [MainThread]: running dbt with arguments {'target_path': 'None', 'log_format': 'default', 'debug': 'False', 'quiet': 'False', 'send_anonymous_usage_stats': 'True', 'log_path': '/Users/adrianparsons/Documents/programming/empty-lots/empty.nyc/dbt/logs', 'invocation_command': 'dbt run', 'static_parser': 'True', 'empty': 'False', 'indirect_selection': 'eager', 'fail_fast': 'False', 'log_cache_events': 'False', 'write_json': 'True', 'cache_selected_only': 'False', 'printer_width': '80', 'use_experimental_parser': 'False', 'warn_error': 'None', 'partial_parse': 'True', 'no_print': 'None', 'profiles_dir': '/Users/adrianparsons/.dbt', 'warn_error_options': 'WarnErrorOptionsV2(error=[], warn=[], silence=[])', 'introspect': 'True', 'version_check': 'True', 'use_colors': 'True'}
[0m14:39:14.105361 [info ] [MainThread]: Registered adapter: bigquery=1.10.2
[0m14:39:14.250971 [debug] [MainThread]: checksum: 9f0c81e2574b4ff463f3d16d080df83c6982fc0372c9feeacae0504ac9ea3ffe, vars: {}, profile: , target: , version: 1.10.13
[0m14:39:14.402321 [debug] [MainThread]: Partial parsing enabled: 0 files deleted, 0 files added, 1 files changed.
[0m14:39:14.402789 [debug] [MainThread]: Partial parsing: updated file: empty_lots://models/staging/stg_lots.sql
[0m14:39:14.544407 [warn ] [MainThread]: [[33mWARNING[0m]: Configuration paths exist in your dbt_project.yml file which do not apply to any resources.
There are 1 unused configuration paths:
- models.empty_lots.example
[0m14:39:14.590587 [debug] [MainThread]: Wrote artifact WritableManifest to /Users/adrianparsons/Documents/programming/empty-lots/empty.nyc/dbt/target/manifest.json
[0m14:39:14.592318 [debug] [MainThread]: Wrote artifact SemanticManifest to /Users/adrianparsons/Documents/programming/empty-lots/empty.nyc/dbt/target/semantic_manifest.json
[0m14:39:14.607128 [info ] [MainThread]: Found 1 model, 1 source, 508 macros
[0m14:39:14.608044 [info ] [MainThread]: 
[0m14:39:14.608298 [info ] [MainThread]: Concurrency: 1 threads (target='dev')
[0m14:39:14.608547 [info ] [MainThread]: 
[0m14:39:14.608916 [debug] [MainThread]: Acquiring new bigquery connection 'master'
[0m14:39:14.609399 [debug] [ThreadPool]: Acquiring new bigquery connection 'list_empty-lots'
[0m14:39:14.609619 [debug] [ThreadPool]: Opening a new connection, currently in state init
[0m14:39:15.101123 [debug] [ThreadPool]: Re-using an available connection from the pool (formerly list_empty-lots, now list_empty-lots_nyc_pluto_historical)
[0m14:39:15.102187 [debug] [ThreadPool]: Opening a new connection, currently in state closed
[0m14:39:15.462207 [debug] [MainThread]: Opening a new connection, currently in state init
[0m14:39:15.467844 [debug] [Thread-1 (]: Began running node model.empty_lots.stg_lots
[0m14:39:15.468768 [info ] [Thread-1 (]: 1 of 1 START sql table model nyc_pluto_historical.stg_lots ..................... [RUN]
[0m14:39:15.469489 [debug] [Thread-1 (]: Re-using an available connection from the pool (formerly list_empty-lots_nyc_pluto_historical, now model.empty_lots.stg_lots)
[0m14:39:15.470063 [debug] [Thread-1 (]: Began compiling node model.empty_lots.stg_lots
[0m14:39:15.482081 [debug] [Thread-1 (]: Writing injected SQL for node "model.empty_lots.stg_lots"
[0m14:39:15.483897 [debug] [Thread-1 (]: Began executing node model.empty_lots.stg_lots
[0m14:39:15.499471 [debug] [Thread-1 (]: Opening a new connection, currently in state closed
[0m14:39:15.806090 [debug] [Thread-1 (]: Writing runtime sql for node "model.empty_lots.stg_lots"
[0m14:39:15.807287 [debug] [Thread-1 (]: On model.empty_lots.stg_lots: /* {"app": "dbt", "dbt_version": "1.10.13", "profile_name": "empty_lots", "target_name": "dev", "node_id": "model.empty_lots.stg_lots"} */

  
    

    create or replace table `empty-lots`.`nyc_pluto_historical`.`stg_lots`
      
    
    

    
    OPTIONS()
    as (
      /*
    Welcome to your first dbt model!
    Did you know that you can also configure models directly within SQL files?
    This will override configurations stated in dbt_project.yml

    Try changing "table" to "view" below
*/




select *
from `empty-lots`.`nyc_pluto_historical`.`pluto`
where address is not null
and regexp_contains(address, r'[0-9]%')
    );
  
[0m14:39:16.234923 [debug] [Thread-1 (]: BigQuery adapter: https://console.cloud.google.com/bigquery?project=empty-lots&j=bq:us-east4:3c587156-9b05-488b-9a7d-938536991033&page=queryresults
[0m14:39:18.065490 [info ] [Thread-1 (]: 1 of 1 OK created sql table model nyc_pluto_historical.stg_lots ................ [[32mCREATE TABLE (0.0 rows, 3.6 GiB processed)[0m in 2.59s]
[0m14:39:18.066387 [debug] [Thread-1 (]: Finished running node model.empty_lots.stg_lots
[0m14:39:18.067745 [debug] [MainThread]: Opening a new connection, currently in state closed
[0m14:39:18.069426 [debug] [MainThread]: Connection 'master' was properly closed.
[0m14:39:18.069754 [debug] [MainThread]: Connection 'model.empty_lots.stg_lots' was properly closed.
[0m14:39:18.070046 [info ] [MainThread]: 
[0m14:39:18.070373 [info ] [MainThread]: Finished running 1 table model in 0 hours 0 minutes and 3.46 seconds (3.46s).
[0m14:39:18.071015 [debug] [MainThread]: Command end result
[0m14:39:18.090794 [debug] [MainThread]: Wrote artifact WritableManifest to /Users/adrianparsons/Documents/programming/empty-lots/empty.nyc/dbt/target/manifest.json
[0m14:39:18.092927 [debug] [MainThread]: Wrote artifact SemanticManifest to /Users/adrianparsons/Documents/programming/empty-lots/empty.nyc/dbt/target/semantic_manifest.json
[0m14:39:18.097650 [debug] [MainThread]: Wrote artifact RunExecutionResult to /Users/adrianparsons/Documents/programming/empty-lots/empty.nyc/dbt/target/run_results.json
[0m14:39:18.097886 [info ] [MainThread]: 
[0m14:39:18.098167 [info ] [MainThread]: [32mCompleted successfully[0m
[0m14:39:18.098370 [info ] [MainThread]: 
[0m14:39:18.098611 [info ] [MainThread]: Done. PASS=1 WARN=0 ERROR=0 SKIP=0 NO-OP=0 TOTAL=1
[0m14:39:18.102500 [debug] [MainThread]: Resource report: {"command_name": "run", "command_success": true, "command_wall_clock_time": 5.8938913, "process_in_blocks": "0", "process_kernel_time": 0.488352, "process_mem_max_rss": "361168896", "process_out_blocks": "0", "process_user_time": 2.621187}
[0m14:39:18.102897 [debug] [MainThread]: Command `dbt run` succeeded at 14:39:18.102841 after 5.89 seconds
[0m14:39:18.103195 [debug] [MainThread]: Flushing usage events
[0m14:40:16.698659 [debug] [MainThread]: Got an exception trying to initialize tracking


============================== 14:40:16.753500 | be0dd3ae-6888-47e6-95c7-8bb309d9f79b ==============================
[0m14:40:16.753500 [info ] [MainThread]: Running with dbt=1.10.13
[0m14:40:16.754399 [debug] [MainThread]: running dbt with arguments {'partial_parse': 'True', 'log_format': 'default', 'log_cache_events': 'False', 'invocation_command': 'dbt run', 'no_print': 'None', 'profiles_dir': '/Users/adrianparsons/.dbt', 'version_check': 'True', 'use_colors': 'True', 'log_path': '/Users/adrianparsons/Documents/programming/empty-lots/empty.nyc/dbt/logs', 'fail_fast': 'False', 'warn_error_options': 'WarnErrorOptionsV2(error=[], warn=[], silence=[])', 'send_anonymous_usage_stats': 'True', 'indirect_selection': 'eager', 'introspect': 'True', 'printer_width': '80', 'write_json': 'True', 'empty': 'False', 'quiet': 'False', 'static_parser': 'True', 'use_experimental_parser': 'False', 'target_path': 'None', 'debug': 'False', 'cache_selected_only': 'False', 'warn_error': 'None'}
[0m14:40:18.662877 [info ] [MainThread]: Registered adapter: bigquery=1.10.2
[0m14:40:18.801687 [debug] [MainThread]: checksum: 9f0c81e2574b4ff463f3d16d080df83c6982fc0372c9feeacae0504ac9ea3ffe, vars: {}, profile: , target: , version: 1.10.13
[0m14:40:18.953926 [debug] [MainThread]: Partial parsing enabled: 0 files deleted, 0 files added, 1 files changed.
[0m14:40:18.954312 [debug] [MainThread]: Partial parsing: updated file: empty_lots://models/staging/stg_lots.sql
[0m14:40:19.068503 [warn ] [MainThread]: [[33mWARNING[0m]: Configuration paths exist in your dbt_project.yml file which do not apply to any resources.
There are 1 unused configuration paths:
- models.empty_lots.example
[0m14:40:19.111726 [debug] [MainThread]: Wrote artifact WritableManifest to /Users/adrianparsons/Documents/programming/empty-lots/empty.nyc/dbt/target/manifest.json
[0m14:40:19.113591 [debug] [MainThread]: Wrote artifact SemanticManifest to /Users/adrianparsons/Documents/programming/empty-lots/empty.nyc/dbt/target/semantic_manifest.json
[0m14:40:19.127346 [info ] [MainThread]: Found 1 model, 1 source, 508 macros
[0m14:40:19.128222 [info ] [MainThread]: 
[0m14:40:19.128604 [info ] [MainThread]: Concurrency: 1 threads (target='dev')
[0m14:40:19.128812 [info ] [MainThread]: 
[0m14:40:19.129101 [debug] [MainThread]: Acquiring new bigquery connection 'master'
[0m14:40:19.129594 [debug] [ThreadPool]: Acquiring new bigquery connection 'list_empty-lots'
[0m14:40:19.129804 [debug] [ThreadPool]: Opening a new connection, currently in state init
[0m14:40:19.574598 [debug] [ThreadPool]: Re-using an available connection from the pool (formerly list_empty-lots, now list_empty-lots_nyc_pluto_historical)
[0m14:40:19.575861 [debug] [ThreadPool]: Opening a new connection, currently in state closed
[0m14:40:19.905704 [debug] [MainThread]: Opening a new connection, currently in state init
[0m14:40:19.911052 [debug] [Thread-1 (]: Began running node model.empty_lots.stg_lots
[0m14:40:19.911900 [info ] [Thread-1 (]: 1 of 1 START sql table model nyc_pluto_historical.stg_lots ..................... [RUN]
[0m14:40:19.912628 [debug] [Thread-1 (]: Re-using an available connection from the pool (formerly list_empty-lots_nyc_pluto_historical, now model.empty_lots.stg_lots)
[0m14:40:19.913205 [debug] [Thread-1 (]: Began compiling node model.empty_lots.stg_lots
[0m14:40:19.923408 [debug] [Thread-1 (]: Writing injected SQL for node "model.empty_lots.stg_lots"
[0m14:40:19.925117 [debug] [Thread-1 (]: Began executing node model.empty_lots.stg_lots
[0m14:40:19.940561 [debug] [Thread-1 (]: Opening a new connection, currently in state closed
[0m14:40:20.282902 [debug] [Thread-1 (]: Writing runtime sql for node "model.empty_lots.stg_lots"
[0m14:40:20.284759 [debug] [Thread-1 (]: On model.empty_lots.stg_lots: /* {"app": "dbt", "dbt_version": "1.10.13", "profile_name": "empty_lots", "target_name": "dev", "node_id": "model.empty_lots.stg_lots"} */

  
    

    create or replace table `empty-lots`.`nyc_pluto_historical`.`stg_lots`
      
    
    

    
    OPTIONS()
    as (
      /*
    Welcome to your first dbt model!
    Did you know that you can also configure models directly within SQL files?
    This will override configurations stated in dbt_project.yml

    Try changing "table" to "view" below
*/




select *
from `empty-lots`.`nyc_pluto_historical`.`pluto`
where address is not null
and regexp_contains(address, r'[0-9].*')
    );
  
[0m14:40:20.684757 [debug] [Thread-1 (]: BigQuery adapter: https://console.cloud.google.com/bigquery?project=empty-lots&j=bq:us-east4:526c6943-c70c-4dd4-be75-343aba07a635&page=queryresults
[0m14:40:25.268538 [info ] [Thread-1 (]: 1 of 1 OK created sql table model nyc_pluto_historical.stg_lots ................ [[32mCREATE TABLE (6.7m rows, 3.6 GiB processed)[0m in 5.35s]
[0m14:40:25.269508 [debug] [Thread-1 (]: Finished running node model.empty_lots.stg_lots
[0m14:40:25.270841 [debug] [MainThread]: Opening a new connection, currently in state closed
[0m14:40:25.273198 [debug] [MainThread]: Connection 'master' was properly closed.
[0m14:40:25.273570 [debug] [MainThread]: Connection 'model.empty_lots.stg_lots' was properly closed.
[0m14:40:25.273916 [info ] [MainThread]: 
[0m14:40:25.274256 [info ] [MainThread]: Finished running 1 table model in 0 hours 0 minutes and 6.14 seconds (6.14s).
[0m14:40:25.275015 [debug] [MainThread]: Command end result
[0m14:40:25.295033 [debug] [MainThread]: Wrote artifact WritableManifest to /Users/adrianparsons/Documents/programming/empty-lots/empty.nyc/dbt/target/manifest.json
[0m14:40:25.297049 [debug] [MainThread]: Wrote artifact SemanticManifest to /Users/adrianparsons/Documents/programming/empty-lots/empty.nyc/dbt/target/semantic_manifest.json
[0m14:40:25.301777 [debug] [MainThread]: Wrote artifact RunExecutionResult to /Users/adrianparsons/Documents/programming/empty-lots/empty.nyc/dbt/target/run_results.json
[0m14:40:25.302041 [info ] [MainThread]: 
[0m14:40:25.302391 [info ] [MainThread]: [32mCompleted successfully[0m
[0m14:40:25.302622 [info ] [MainThread]: 
[0m14:40:25.302895 [info ] [MainThread]: Done. PASS=1 WARN=0 ERROR=0 SKIP=0 NO-OP=0 TOTAL=1
[0m14:40:25.308722 [debug] [MainThread]: Resource report: {"command_name": "run", "command_success": true, "command_wall_clock_time": 8.636311, "process_in_blocks": "0", "process_kernel_time": 0.532698, "process_mem_max_rss": "367476736", "process_out_blocks": "0", "process_user_time": 2.644507}
[0m14:40:25.309283 [debug] [MainThread]: Command `dbt run` succeeded at 14:40:25.309210 after 8.64 seconds
[0m14:40:25.309659 [debug] [MainThread]: Flushing usage events
[0m14:43:29.562343 [debug] [MainThread]: Got an exception trying to initialize tracking


============================== 14:43:29.593413 | c8dbadfe-4690-49ff-937c-0b9f1bf35d19 ==============================
[0m14:43:29.593413 [info ] [MainThread]: Running with dbt=1.10.13
[0m14:43:29.594128 [debug] [MainThread]: running dbt with arguments {'log_format': 'default', 'no_print': 'None', 'introspect': 'True', 'warn_error': 'None', 'indirect_selection': 'eager', 'use_colors': 'True', 'cache_selected_only': 'False', 'write_json': 'True', 'quiet': 'False', 'log_path': '/Users/adrianparsons/Documents/programming/empty-lots/empty.nyc/dbt/logs', 'profiles_dir': '/Users/adrianparsons/.dbt', 'partial_parse': 'True', 'warn_error_options': 'WarnErrorOptionsV2(error=[], warn=[], silence=[])', 'empty': 'False', 'use_experimental_parser': 'False', 'static_parser': 'True', 'target_path': 'None', 'printer_width': '80', 'fail_fast': 'False', 'debug': 'False', 'invocation_command': 'dbt run', 'log_cache_events': 'False', 'version_check': 'True', 'send_anonymous_usage_stats': 'True'}
[0m14:43:31.458297 [info ] [MainThread]: Registered adapter: bigquery=1.10.2
[0m14:43:31.601174 [debug] [MainThread]: checksum: 9f0c81e2574b4ff463f3d16d080df83c6982fc0372c9feeacae0504ac9ea3ffe, vars: {}, profile: , target: , version: 1.10.13
[0m14:43:31.756843 [debug] [MainThread]: Partial parsing enabled: 0 files deleted, 0 files added, 1 files changed.
[0m14:43:31.757230 [debug] [MainThread]: Partial parsing: updated file: empty_lots://models/staging/stg_lots.sql
[0m14:43:31.870188 [warn ] [MainThread]: [[33mWARNING[0m]: Configuration paths exist in your dbt_project.yml file which do not apply to any resources.
There are 1 unused configuration paths:
- models.empty_lots.example
[0m14:43:31.913556 [debug] [MainThread]: Wrote artifact WritableManifest to /Users/adrianparsons/Documents/programming/empty-lots/empty.nyc/dbt/target/manifest.json
[0m14:43:31.916097 [debug] [MainThread]: Wrote artifact SemanticManifest to /Users/adrianparsons/Documents/programming/empty-lots/empty.nyc/dbt/target/semantic_manifest.json
[0m14:43:31.927776 [info ] [MainThread]: Found 1 model, 1 source, 508 macros
[0m14:43:31.928694 [info ] [MainThread]: 
[0m14:43:31.928923 [info ] [MainThread]: Concurrency: 1 threads (target='dev')
[0m14:43:31.929380 [info ] [MainThread]: 
[0m14:43:31.929683 [debug] [MainThread]: Acquiring new bigquery connection 'master'
[0m14:43:31.930221 [debug] [ThreadPool]: Acquiring new bigquery connection 'list_empty-lots'
[0m14:43:31.930438 [debug] [ThreadPool]: Opening a new connection, currently in state init
[0m14:43:32.392502 [debug] [ThreadPool]: Re-using an available connection from the pool (formerly list_empty-lots, now list_empty-lots_nyc_pluto_historical)
[0m14:43:32.393843 [debug] [ThreadPool]: Opening a new connection, currently in state closed
[0m14:43:32.767333 [debug] [MainThread]: Opening a new connection, currently in state init
[0m14:43:32.773502 [debug] [Thread-1 (]: Began running node model.empty_lots.stg_lots
[0m14:43:32.774506 [info ] [Thread-1 (]: 1 of 1 START sql view model nyc_pluto_historical.stg_lots ...................... [RUN]
[0m14:43:32.775261 [debug] [Thread-1 (]: Re-using an available connection from the pool (formerly list_empty-lots_nyc_pluto_historical, now model.empty_lots.stg_lots)
[0m14:43:32.775861 [debug] [Thread-1 (]: Began compiling node model.empty_lots.stg_lots
[0m14:43:32.786164 [debug] [Thread-1 (]: Writing injected SQL for node "model.empty_lots.stg_lots"
[0m14:43:32.787901 [debug] [Thread-1 (]: Began executing node model.empty_lots.stg_lots
[0m14:43:32.808386 [debug] [Thread-1 (]: Opening a new connection, currently in state closed
[0m14:43:32.815685 [debug] [Thread-1 (]: Compilation Error in model stg_lots (models/staging/stg_lots.sql)
  Trying to create view `empty-lots`.`nyc_pluto_historical`.`stg_lots`, but it currently exists as a table. Either drop `empty-lots`.`nyc_pluto_historical`.`stg_lots` manually, or run dbt with `--full-refresh` and dbt will drop it for you.
  
  > in macro bigquery__handle_existing_table (macros/materializations/view.sql)
  > called by macro handle_existing_table (macros/relations/view/replace.sql)
  > called by macro bigquery__create_or_replace_view (macros/relations/view/replace.sql)
  > called by macro materialization_view_bigquery (macros/materializations/view.sql)
  > called by model stg_lots (models/staging/stg_lots.sql)
[0m14:43:32.817548 [error] [Thread-1 (]: 1 of 1 ERROR creating sql view model nyc_pluto_historical.stg_lots ............. [[31mERROR[0m in 0.04s]
[0m14:43:32.818104 [debug] [Thread-1 (]: Finished running node model.empty_lots.stg_lots
[0m14:43:32.818558 [debug] [Thread-4 (]: Marking all children of 'model.empty_lots.stg_lots' to be skipped because of status 'error'.  Reason: Compilation Error in model stg_lots (models/staging/stg_lots.sql)
  Trying to create view `empty-lots`.`nyc_pluto_historical`.`stg_lots`, but it currently exists as a table. Either drop `empty-lots`.`nyc_pluto_historical`.`stg_lots` manually, or run dbt with `--full-refresh` and dbt will drop it for you.
  
  > in macro bigquery__handle_existing_table (macros/materializations/view.sql)
  > called by macro handle_existing_table (macros/relations/view/replace.sql)
  > called by macro bigquery__create_or_replace_view (macros/relations/view/replace.sql)
  > called by macro materialization_view_bigquery (macros/materializations/view.sql)
  > called by model stg_lots (models/staging/stg_lots.sql).
[0m14:43:32.820073 [debug] [MainThread]: Opening a new connection, currently in state closed
[0m14:43:32.821325 [debug] [MainThread]: Connection 'master' was properly closed.
[0m14:43:32.821564 [debug] [MainThread]: Connection 'model.empty_lots.stg_lots' was properly closed.
[0m14:43:32.821789 [info ] [MainThread]: 
[0m14:43:32.822025 [info ] [MainThread]: Finished running 1 view model in 0 hours 0 minutes and 0.89 seconds (0.89s).
[0m14:43:32.822498 [debug] [MainThread]: Command end result
[0m14:43:32.837787 [debug] [MainThread]: Wrote artifact WritableManifest to /Users/adrianparsons/Documents/programming/empty-lots/empty.nyc/dbt/target/manifest.json
[0m14:43:32.838850 [debug] [MainThread]: Wrote artifact SemanticManifest to /Users/adrianparsons/Documents/programming/empty-lots/empty.nyc/dbt/target/semantic_manifest.json
[0m14:43:32.842559 [debug] [MainThread]: Wrote artifact RunExecutionResult to /Users/adrianparsons/Documents/programming/empty-lots/empty.nyc/dbt/target/run_results.json
[0m14:43:32.842780 [info ] [MainThread]: 
[0m14:43:32.843015 [info ] [MainThread]: [31mCompleted with 1 error, 0 partial successes, and 0 warnings:[0m
[0m14:43:32.843210 [info ] [MainThread]: 
[0m14:43:32.843444 [error] [MainThread]: [31mFailure in model stg_lots (models/staging/stg_lots.sql)[0m
[0m14:43:32.843688 [error] [MainThread]:   Compilation Error in model stg_lots (models/staging/stg_lots.sql)
  Trying to create view `empty-lots`.`nyc_pluto_historical`.`stg_lots`, but it currently exists as a table. Either drop `empty-lots`.`nyc_pluto_historical`.`stg_lots` manually, or run dbt with `--full-refresh` and dbt will drop it for you.
  
  > in macro bigquery__handle_existing_table (macros/materializations/view.sql)
  > called by macro handle_existing_table (macros/relations/view/replace.sql)
  > called by macro bigquery__create_or_replace_view (macros/relations/view/replace.sql)
  > called by macro materialization_view_bigquery (macros/materializations/view.sql)
  > called by model stg_lots (models/staging/stg_lots.sql)
[0m14:43:32.843887 [info ] [MainThread]: 
[0m14:43:32.844085 [info ] [MainThread]:   compiled code at target/compiled/empty_lots/models/staging/stg_lots.sql
[0m14:43:32.844254 [info ] [MainThread]: 
[0m14:43:32.844441 [info ] [MainThread]: Done. PASS=0 WARN=0 ERROR=1 SKIP=0 NO-OP=0 TOTAL=1
[0m14:43:32.847666 [debug] [MainThread]: Resource report: {"command_name": "run", "command_success": false, "command_wall_clock_time": 3.3126228, "process_in_blocks": "0", "process_kernel_time": 0.493954, "process_mem_max_rss": "363397120", "process_out_blocks": "0", "process_user_time": 2.442849}
[0m14:43:32.847979 [debug] [MainThread]: Command `dbt run` failed at 14:43:32.847928 after 3.31 seconds
[0m14:43:32.848194 [debug] [MainThread]: Flushing usage events
[0m14:45:53.265276 [debug] [MainThread]: Got an exception trying to initialize tracking


============================== 14:45:53.298068 | 16afbfcd-9fb8-4cea-9ffe-75cfc6060e89 ==============================
[0m14:45:53.298068 [info ] [MainThread]: Running with dbt=1.10.13
[0m14:45:53.298795 [debug] [MainThread]: running dbt with arguments {'use_experimental_parser': 'False', 'quiet': 'False', 'partial_parse': 'True', 'write_json': 'True', 'printer_width': '80', 'cache_selected_only': 'False', 'version_check': 'True', 'introspect': 'True', 'static_parser': 'True', 'target_path': 'None', 'indirect_selection': 'eager', 'use_colors': 'True', 'send_anonymous_usage_stats': 'True', 'invocation_command': 'dbt run', 'fail_fast': 'False', 'empty': 'False', 'log_format': 'default', 'warn_error': 'None', 'profiles_dir': '/Users/adrianparsons/.dbt', 'warn_error_options': 'WarnErrorOptionsV2(error=[], warn=[], silence=[])', 'debug': 'False', 'log_path': '/Users/adrianparsons/Documents/programming/empty-lots/empty.nyc/dbt/logs', 'no_print': 'None', 'log_cache_events': 'False'}
[0m14:45:55.263569 [info ] [MainThread]: Registered adapter: bigquery=1.10.2
[0m14:45:55.405588 [debug] [MainThread]: checksum: 9f0c81e2574b4ff463f3d16d080df83c6982fc0372c9feeacae0504ac9ea3ffe, vars: {}, profile: , target: , version: 1.10.13
[0m14:45:55.559364 [debug] [MainThread]: Partial parsing enabled: 0 files deleted, 0 files added, 0 files changed.
[0m14:45:55.559664 [debug] [MainThread]: Partial parsing enabled, no changes found, skipping parsing
[0m14:45:55.562375 [warn ] [MainThread]: [[33mWARNING[0m]: Configuration paths exist in your dbt_project.yml file which do not apply to any resources.
There are 1 unused configuration paths:
- models.empty_lots.example
[0m14:45:55.612937 [debug] [MainThread]: Wrote artifact WritableManifest to /Users/adrianparsons/Documents/programming/empty-lots/empty.nyc/dbt/target/manifest.json
[0m14:45:55.614706 [debug] [MainThread]: Wrote artifact SemanticManifest to /Users/adrianparsons/Documents/programming/empty-lots/empty.nyc/dbt/target/semantic_manifest.json
[0m14:45:55.626357 [info ] [MainThread]: Found 1 model, 1 source, 508 macros
[0m14:45:55.627215 [info ] [MainThread]: 
[0m14:45:55.627437 [info ] [MainThread]: Concurrency: 1 threads (target='dev')
[0m14:45:55.627602 [info ] [MainThread]: 
[0m14:45:55.627875 [debug] [MainThread]: Acquiring new bigquery connection 'master'
[0m14:45:55.628312 [debug] [ThreadPool]: Acquiring new bigquery connection 'list_empty-lots'
[0m14:45:55.628506 [debug] [ThreadPool]: Opening a new connection, currently in state init
[0m14:45:56.155329 [debug] [ThreadPool]: Re-using an available connection from the pool (formerly list_empty-lots, now list_empty-lots_nyc_pluto_historical)
[0m14:45:56.156236 [debug] [ThreadPool]: Opening a new connection, currently in state closed
[0m14:45:56.501499 [debug] [MainThread]: Opening a new connection, currently in state init
[0m14:45:56.506161 [debug] [Thread-1 (]: Began running node model.empty_lots.stg_lots
[0m14:45:56.507036 [info ] [Thread-1 (]: 1 of 1 START sql view model nyc_pluto_historical.stg_lots ...................... [RUN]
[0m14:45:56.507743 [debug] [Thread-1 (]: Re-using an available connection from the pool (formerly list_empty-lots_nyc_pluto_historical, now model.empty_lots.stg_lots)
[0m14:45:56.508578 [debug] [Thread-1 (]: Began compiling node model.empty_lots.stg_lots
[0m14:45:56.520418 [debug] [Thread-1 (]: Writing injected SQL for node "model.empty_lots.stg_lots"
[0m14:45:56.522140 [debug] [Thread-1 (]: Began executing node model.empty_lots.stg_lots
[0m14:45:56.551492 [debug] [Thread-1 (]: Writing runtime sql for node "model.empty_lots.stg_lots"
[0m14:45:56.552850 [debug] [Thread-1 (]: On model.empty_lots.stg_lots: /* {"app": "dbt", "dbt_version": "1.10.13", "profile_name": "empty_lots", "target_name": "dev", "node_id": "model.empty_lots.stg_lots"} */


  create or replace view `empty-lots`.`nyc_pluto_historical`.`stg_lots`
  OPTIONS()
  as /*
    Welcome to your first dbt model!
    Did you know that you can also configure models directly within SQL files?
    This will override configurations stated in dbt_project.yml

    Try changing "table" to "view" below
*/




select *
from `empty-lots`.`nyc_pluto_historical`.`pluto`
where address is not null
and regexp_contains(address, r'[0-9].*');


[0m14:45:56.553249 [debug] [Thread-1 (]: Opening a new connection, currently in state closed
[0m14:45:57.039035 [debug] [Thread-1 (]: BigQuery adapter: https://console.cloud.google.com/bigquery?project=empty-lots&j=bq:us-east4:91f67922-1179-4a6f-9a67-243d9feb7a0d&page=queryresults
[0m14:45:57.422714 [info ] [Thread-1 (]: 1 of 1 OK created sql view model nyc_pluto_historical.stg_lots ................. [[32mCREATE VIEW (0 processed)[0m in 0.91s]
[0m14:45:57.423447 [debug] [Thread-1 (]: Finished running node model.empty_lots.stg_lots
[0m14:45:57.424361 [debug] [MainThread]: Opening a new connection, currently in state closed
[0m14:45:57.425579 [debug] [MainThread]: Connection 'master' was properly closed.
[0m14:45:57.425825 [debug] [MainThread]: Connection 'model.empty_lots.stg_lots' was properly closed.
[0m14:45:57.426046 [info ] [MainThread]: 
[0m14:45:57.426268 [info ] [MainThread]: Finished running 1 view model in 0 hours 0 minutes and 1.80 seconds (1.80s).
[0m14:45:57.426679 [debug] [MainThread]: Command end result
[0m14:45:57.440530 [debug] [MainThread]: Wrote artifact WritableManifest to /Users/adrianparsons/Documents/programming/empty-lots/empty.nyc/dbt/target/manifest.json
[0m14:45:57.441534 [debug] [MainThread]: Wrote artifact SemanticManifest to /Users/adrianparsons/Documents/programming/empty-lots/empty.nyc/dbt/target/semantic_manifest.json
[0m14:45:57.448918 [debug] [MainThread]: Wrote artifact RunExecutionResult to /Users/adrianparsons/Documents/programming/empty-lots/empty.nyc/dbt/target/run_results.json
[0m14:45:57.449186 [info ] [MainThread]: 
[0m14:45:57.449460 [info ] [MainThread]: [32mCompleted successfully[0m
[0m14:45:57.449688 [info ] [MainThread]: 
[0m14:45:57.450044 [info ] [MainThread]: Done. PASS=1 WARN=0 ERROR=0 SKIP=0 NO-OP=0 TOTAL=1
[0m14:45:57.453829 [debug] [MainThread]: Resource report: {"command_name": "run", "command_success": true, "command_wall_clock_time": 4.2136803, "process_in_blocks": "0", "process_kernel_time": 0.529705, "process_mem_max_rss": "360841216", "process_out_blocks": "0", "process_user_time": 2.477176}
[0m14:45:57.454296 [debug] [MainThread]: Command `dbt run` succeeded at 14:45:57.454238 after 4.21 seconds
[0m14:45:57.454527 [debug] [MainThread]: Flushing usage events
[0m14:51:24.111560 [debug] [MainThread]: Got an exception trying to initialize tracking


============================== 14:51:24.137391 | a0380894-ede5-4141-b603-0e29708d9d51 ==============================
[0m14:51:24.137391 [info ] [MainThread]: Running with dbt=1.10.13
[0m14:51:24.138066 [debug] [MainThread]: running dbt with arguments {'warn_error': 'None', 'cache_selected_only': 'False', 'version_check': 'True', 'introspect': 'True', 'empty': 'None', 'debug': 'False', 'send_anonymous_usage_stats': 'True', 'static_parser': 'True', 'invocation_command': 'dbt debug', 'log_path': '/Users/adrianparsons/Documents/programming/empty-lots/empty.nyc/dbt/logs', 'partial_parse': 'True', 'warn_error_options': 'WarnErrorOptionsV2(error=[], warn=[], silence=[])', 'indirect_selection': 'eager', 'use_experimental_parser': 'False', 'quiet': 'False', 'log_cache_events': 'False', 'write_json': 'True', 'use_colors': 'True', 'no_print': 'None', 'target_path': 'None', 'fail_fast': 'False', 'profiles_dir': '/Users/adrianparsons/.dbt', 'printer_width': '80', 'log_format': 'default'}
[0m14:51:24.147607 [info ] [MainThread]: dbt version: 1.10.13
[0m14:51:24.148575 [info ] [MainThread]: python version: 3.12.2
[0m14:51:24.148761 [info ] [MainThread]: python path: /Library/Frameworks/Python.framework/Versions/3.12/bin/python3.12
[0m14:51:24.148926 [info ] [MainThread]: os info: macOS-15.7.2-arm64-arm-64bit
[0m14:51:25.987849 [info ] [MainThread]: Using profiles dir at /Users/adrianparsons/.dbt
[0m14:51:25.988382 [info ] [MainThread]: Using profiles.yml file at /Users/adrianparsons/.dbt/profiles.yml
[0m14:51:25.988604 [info ] [MainThread]: Using dbt_project.yml file at /Users/adrianparsons/Documents/programming/empty-lots/empty.nyc/dbt/dbt_project.yml
[0m14:51:25.988777 [info ] [MainThread]: adapter type: bigquery
[0m14:51:25.988934 [info ] [MainThread]: adapter version: 1.10.2
[0m14:51:26.037008 [info ] [MainThread]: Configuration:
[0m14:51:26.037354 [info ] [MainThread]:   profiles.yml file [[32mOK found and valid[0m]
[0m14:51:26.037536 [info ] [MainThread]:   dbt_project.yml file [[32mOK found and valid[0m]
[0m14:51:26.037709 [info ] [MainThread]: Required dependencies:
[0m14:51:26.037935 [debug] [MainThread]: Executing "git --help"
[0m14:51:26.066521 [debug] [MainThread]: STDOUT: "b"usage: git [-v | --version] [-h | --help] [-C <path>] [-c <name>=<value>]\n           [--exec-path[=<path>]] [--html-path] [--man-path] [--info-path]\n           [-p | --paginate | -P | --no-pager] [--no-replace-objects] [--no-lazy-fetch]\n           [--no-optional-locks] [--no-advice] [--bare] [--git-dir=<path>]\n           [--work-tree=<path>] [--namespace=<name>] [--config-env=<name>=<envvar>]\n           <command> [<args>]\n\nThese are common Git commands used in various situations:\n\nstart a working area (see also: git help tutorial)\n   clone      Clone a repository into a new directory\n   init       Create an empty Git repository or reinitialize an existing one\n\nwork on the current change (see also: git help everyday)\n   add        Add file contents to the index\n   mv         Move or rename a file, a directory, or a symlink\n   restore    Restore working tree files\n   rm         Remove files from the working tree and from the index\n\nexamine the history and state (see also: git help revisions)\n   bisect     Use binary search to find the commit that introduced a bug\n   diff       Show changes between commits, commit and working tree, etc\n   grep       Print lines matching a pattern\n   log        Show commit logs\n   show       Show various types of objects\n   status     Show the working tree status\n\ngrow, mark and tweak your common history\n   backfill   Download missing objects in a partial clone\n   branch     List, create, or delete branches\n   commit     Record changes to the repository\n   merge      Join two or more development histories together\n   rebase     Reapply commits on top of another base tip\n   reset      Reset current HEAD to the specified state\n   switch     Switch branches\n   tag        Create, list, delete or verify a tag object signed with GPG\n\ncollaborate (see also: git help workflows)\n   fetch      Download objects and refs from another repository\n   pull       Fetch from and integrate with another repository or a local branch\n   push       Update remote refs along with associated objects\n\n'git help -a' and 'git help -g' list available subcommands and some\nconcept guides. See 'git help <command>' or 'git help <concept>'\nto read about a specific subcommand or concept.\nSee 'git help git' for an overview of the system.\n""
[0m14:51:26.067196 [debug] [MainThread]: STDERR: "b''"
[0m14:51:26.067407 [info ] [MainThread]:  - git [[32mOK found[0m]

[0m14:51:26.067600 [info ] [MainThread]: Connection:
[0m14:51:26.067863 [info ] [MainThread]:   method: service-account
[0m14:51:26.068045 [info ] [MainThread]:   database: empty-lots
[0m14:51:26.068207 [info ] [MainThread]:   execution_project: empty-lots
[0m14:51:26.068366 [info ] [MainThread]:   schema: nyc_pluto_historical
[0m14:51:26.068527 [info ] [MainThread]:   location: us-east4
[0m14:51:26.068683 [info ] [MainThread]:   priority: interactive
[0m14:51:26.068836 [info ] [MainThread]:   maximum_bytes_billed: None
[0m14:51:26.068982 [info ] [MainThread]:   impersonate_service_account: None
[0m14:51:26.069128 [info ] [MainThread]:   job_retry_deadline_seconds: None
[0m14:51:26.069352 [info ] [MainThread]:   job_retries: 1
[0m14:51:26.069591 [info ] [MainThread]:   job_creation_timeout_seconds: None
[0m14:51:26.069774 [info ] [MainThread]:   job_execution_timeout_seconds: 300
[0m14:51:26.069934 [info ] [MainThread]:   timeout_seconds: 300
[0m14:51:26.070087 [info ] [MainThread]:   client_id: None
[0m14:51:26.070232 [info ] [MainThread]:   token_uri: None
[0m14:51:26.070376 [info ] [MainThread]:   compute_region: None
[0m14:51:26.070596 [info ] [MainThread]:   dataproc_cluster_name: None
[0m14:51:26.070844 [info ] [MainThread]:   gcs_bucket: None
[0m14:51:26.071025 [info ] [MainThread]:   dataproc_batch: None
[0m14:51:26.071443 [info ] [MainThread]: Registered adapter: bigquery=1.10.2
[0m14:51:26.219813 [debug] [MainThread]: Acquiring new bigquery connection 'debug'
[0m14:51:26.220258 [debug] [MainThread]: On debug: select 1 as id
[0m14:51:26.220472 [debug] [MainThread]: Opening a new connection, currently in state init
[0m14:51:26.647668 [debug] [MainThread]: BigQuery adapter: https://console.cloud.google.com/bigquery?project=empty-lots&j=bq:us-east4:ec575b0e-11f6-490c-984a-8a5a94928a2a&page=queryresults
[0m14:51:26.973379 [info ] [MainThread]:   Connection test: [[32mOK connection ok[0m]

[0m14:51:26.974243 [info ] [MainThread]: [32mAll checks passed![0m
[0m14:51:26.981673 [debug] [MainThread]: Resource report: {"command_name": "debug", "command_success": true, "command_wall_clock_time": 2.8954308, "process_in_blocks": "0", "process_kernel_time": 0.517132, "process_mem_max_rss": "357957632", "process_out_blocks": "0", "process_user_time": 2.011109}
[0m14:51:26.982576 [debug] [MainThread]: Command `dbt debug` succeeded at 14:51:26.982390 after 2.90 seconds
[0m14:51:26.983140 [debug] [MainThread]: Connection 'debug' was properly closed.
[0m14:51:26.983674 [debug] [MainThread]: Flushing usage events
[0m14:51:31.859161 [debug] [MainThread]: Got an exception trying to initialize tracking


============================== 14:51:31.878145 | c96f770f-a1e2-42cc-a76e-e432f12979fb ==============================
[0m14:51:31.878145 [info ] [MainThread]: Running with dbt=1.10.13
[0m14:51:31.878806 [debug] [MainThread]: running dbt with arguments {'target_path': 'None', 'partial_parse': 'True', 'debug': 'False', 'quiet': 'False', 'log_path': '/Users/adrianparsons/Documents/programming/empty-lots/empty.nyc/dbt/logs', 'send_anonymous_usage_stats': 'True', 'fail_fast': 'False', 'printer_width': '80', 'static_parser': 'True', 'indirect_selection': 'eager', 'invocation_command': 'dbt compile', 'log_cache_events': 'False', 'write_json': 'True', 'cache_selected_only': 'False', 'empty': 'False', 'log_format': 'default', 'warn_error': 'None', 'use_experimental_parser': 'False', 'introspect': 'True', 'no_print': 'None', 'warn_error_options': 'WarnErrorOptionsV2(error=[], warn=[], silence=[])', 'version_check': 'True', 'profiles_dir': '/Users/adrianparsons/.dbt', 'use_colors': 'True'}
[0m14:51:33.486621 [info ] [MainThread]: Registered adapter: bigquery=1.10.2
[0m14:51:33.658184 [debug] [MainThread]: checksum: 9f0c81e2574b4ff463f3d16d080df83c6982fc0372c9feeacae0504ac9ea3ffe, vars: {}, profile: , target: , version: 1.10.13
[0m14:51:33.823257 [debug] [MainThread]: Partial parsing enabled: 0 files deleted, 1 files added, 0 files changed.
[0m14:51:33.823626 [debug] [MainThread]: Partial parsing: added file: empty_lots://analyses/parking_lots_by_type.sql
[0m14:51:33.894245 [error] [MainThread]: Encountered an error:
Compilation Error
  Analysis 'analysis.empty_lots.parking_lots_by_type' (analyses/parking_lots_by_type.sql) depends on a source named 'nyc-lots.stg_lots' which was not found
[0m14:51:33.899211 [debug] [MainThread]: Resource report: {"command_name": "compile", "command_success": false, "command_wall_clock_time": 2.065155, "process_in_blocks": "0", "process_kernel_time": 0.410848, "process_mem_max_rss": "356384768", "process_out_blocks": "0", "process_user_time": 2.058655}
[0m14:51:33.899687 [debug] [MainThread]: Command `dbt compile` failed at 14:51:33.899633 after 2.07 seconds
[0m14:51:33.899901 [debug] [MainThread]: Flushing usage events
[0m14:52:17.956102 [debug] [MainThread]: Got an exception trying to initialize tracking


============================== 14:52:17.977671 | 40faaa2c-e1ec-466d-a10d-a89b455cb496 ==============================
[0m14:52:17.977671 [info ] [MainThread]: Running with dbt=1.10.13
[0m14:52:17.978367 [debug] [MainThread]: running dbt with arguments {'empty': 'False', 'invocation_command': 'dbt run', 'use_experimental_parser': 'False', 'warn_error_options': 'WarnErrorOptionsV2(error=[], warn=[], silence=[])', 'fail_fast': 'False', 'log_cache_events': 'False', 'no_print': 'None', 'use_colors': 'True', 'send_anonymous_usage_stats': 'True', 'cache_selected_only': 'False', 'debug': 'False', 'version_check': 'True', 'write_json': 'True', 'log_format': 'default', 'partial_parse': 'True', 'printer_width': '80', 'log_path': '/Users/adrianparsons/Documents/programming/empty-lots/empty.nyc/dbt/logs', 'quiet': 'False', 'introspect': 'True', 'target_path': 'None', 'warn_error': 'None', 'indirect_selection': 'eager', 'static_parser': 'True', 'profiles_dir': '/Users/adrianparsons/.dbt'}
[0m14:52:19.719636 [info ] [MainThread]: Registered adapter: bigquery=1.10.2
[0m14:52:19.860827 [debug] [MainThread]: checksum: 9f0c81e2574b4ff463f3d16d080df83c6982fc0372c9feeacae0504ac9ea3ffe, vars: {}, profile: , target: , version: 1.10.13
[0m14:52:20.012492 [debug] [MainThread]: Partial parsing enabled: 0 files deleted, 1 files added, 0 files changed.
[0m14:52:20.012850 [debug] [MainThread]: Partial parsing: added file: empty_lots://analyses/parking_lots_by_type.sql
[0m14:52:20.083208 [error] [MainThread]: Encountered an error:
Compilation Error
  Analysis 'analysis.empty_lots.parking_lots_by_type' (analyses/parking_lots_by_type.sql) depends on a source named 'nyc-lots.stg_lots' which was not found
[0m14:52:20.086575 [debug] [MainThread]: Resource report: {"command_name": "run", "command_success": false, "command_wall_clock_time": 2.1558654, "process_in_blocks": "0", "process_kernel_time": 0.429643, "process_mem_max_rss": "358137856", "process_out_blocks": "0", "process_user_time": 2.03207}
[0m14:52:20.086990 [debug] [MainThread]: Command `dbt run` failed at 14:52:20.086935 after 2.16 seconds
[0m14:52:20.087204 [debug] [MainThread]: Flushing usage events
[0m14:52:30.489838 [debug] [MainThread]: Got an exception trying to initialize tracking


============================== 14:52:30.507515 | 9994b650-5db3-43c4-a29a-3b0398e7a7ed ==============================
[0m14:52:30.507515 [info ] [MainThread]: Running with dbt=1.10.13
[0m14:52:30.508189 [debug] [MainThread]: running dbt with arguments {'send_anonymous_usage_stats': 'True', 'write_json': 'True', 'warn_error': 'None', 'use_experimental_parser': 'False', 'log_path': '/Users/adrianparsons/Documents/programming/empty-lots/empty.nyc/dbt/logs', 'debug': 'False', 'partial_parse': 'True', 'printer_width': '80', 'target_path': 'None', 'no_print': 'None', 'profiles_dir': '/Users/adrianparsons/.dbt', 'log_format': 'default', 'empty': 'False', 'cache_selected_only': 'False', 'warn_error_options': 'WarnErrorOptionsV2(error=[], warn=[], silence=[])', 'use_colors': 'True', 'version_check': 'True', 'fail_fast': 'False', 'static_parser': 'True', 'introspect': 'True', 'quiet': 'False', 'invocation_command': 'dbt run', 'indirect_selection': 'eager', 'log_cache_events': 'False'}
[0m14:52:32.066633 [info ] [MainThread]: Registered adapter: bigquery=1.10.2
[0m14:52:32.220873 [debug] [MainThread]: checksum: 9f0c81e2574b4ff463f3d16d080df83c6982fc0372c9feeacae0504ac9ea3ffe, vars: {}, profile: , target: , version: 1.10.13
[0m14:52:32.367614 [debug] [MainThread]: Partial parsing enabled: 0 files deleted, 1 files added, 0 files changed.
[0m14:52:32.367971 [debug] [MainThread]: Partial parsing: added file: empty_lots://analyses/parking_lots_by_type.sql
[0m14:52:32.464411 [warn ] [MainThread]: [[33mWARNING[0m]: Configuration paths exist in your dbt_project.yml file which do not apply to any resources.
There are 1 unused configuration paths:
- models.empty_lots.example
[0m14:52:32.512632 [debug] [MainThread]: Wrote artifact WritableManifest to /Users/adrianparsons/Documents/programming/empty-lots/empty.nyc/dbt/target/manifest.json
[0m14:52:32.514631 [debug] [MainThread]: Wrote artifact SemanticManifest to /Users/adrianparsons/Documents/programming/empty-lots/empty.nyc/dbt/target/semantic_manifest.json
[0m14:52:32.528370 [info ] [MainThread]: Found 1 model, 1 analysis, 1 source, 508 macros
[0m14:52:32.529246 [info ] [MainThread]: 
[0m14:52:32.529463 [info ] [MainThread]: Concurrency: 1 threads (target='dev')
[0m14:52:32.529628 [info ] [MainThread]: 
[0m14:52:32.529895 [debug] [MainThread]: Acquiring new bigquery connection 'master'
[0m14:52:32.530327 [debug] [ThreadPool]: Acquiring new bigquery connection 'list_empty-lots'
[0m14:52:32.530557 [debug] [ThreadPool]: Opening a new connection, currently in state init
[0m14:52:33.024455 [debug] [ThreadPool]: Re-using an available connection from the pool (formerly list_empty-lots, now list_empty-lots_nyc_pluto_historical)
[0m14:52:33.025443 [debug] [ThreadPool]: Opening a new connection, currently in state closed
[0m14:52:33.344153 [debug] [MainThread]: Opening a new connection, currently in state init
[0m14:52:33.350052 [debug] [Thread-1 (]: Began running node model.empty_lots.stg_lots
[0m14:52:33.350871 [info ] [Thread-1 (]: 1 of 1 START sql view model nyc_pluto_historical.stg_lots ...................... [RUN]
[0m14:52:33.351758 [debug] [Thread-1 (]: Re-using an available connection from the pool (formerly list_empty-lots_nyc_pluto_historical, now model.empty_lots.stg_lots)
[0m14:52:33.352327 [debug] [Thread-1 (]: Began compiling node model.empty_lots.stg_lots
[0m14:52:33.361836 [debug] [Thread-1 (]: Writing injected SQL for node "model.empty_lots.stg_lots"
[0m14:52:33.363492 [debug] [Thread-1 (]: Began executing node model.empty_lots.stg_lots
[0m14:52:33.391554 [debug] [Thread-1 (]: Writing runtime sql for node "model.empty_lots.stg_lots"
[0m14:52:33.392842 [debug] [Thread-1 (]: On model.empty_lots.stg_lots: /* {"app": "dbt", "dbt_version": "1.10.13", "profile_name": "empty_lots", "target_name": "dev", "node_id": "model.empty_lots.stg_lots"} */


  create or replace view `empty-lots`.`nyc_pluto_historical`.`stg_lots`
  OPTIONS()
  as /*
    Welcome to your first dbt model!
    Did you know that you can also configure models directly within SQL files?
    This will override configurations stated in dbt_project.yml

    Try changing "table" to "view" below
*/




select *
from `empty-lots`.`nyc_pluto_historical`.`pluto`
where address is not null
and regexp_contains(address, r'[0-9].*');


[0m14:52:33.393227 [debug] [Thread-1 (]: Opening a new connection, currently in state closed
[0m14:52:33.884532 [debug] [Thread-1 (]: BigQuery adapter: https://console.cloud.google.com/bigquery?project=empty-lots&j=bq:us-east4:07b306ea-5f7e-45b9-a5f4-66ccff82b3a1&page=queryresults
[0m14:52:34.197464 [info ] [Thread-1 (]: 1 of 1 OK created sql view model nyc_pluto_historical.stg_lots ................. [[32mCREATE VIEW (0 processed)[0m in 0.84s]
[0m14:52:34.198068 [debug] [Thread-1 (]: Finished running node model.empty_lots.stg_lots
[0m14:52:34.198919 [debug] [MainThread]: Opening a new connection, currently in state closed
[0m14:52:34.200136 [debug] [MainThread]: Connection 'master' was properly closed.
[0m14:52:34.200339 [debug] [MainThread]: Connection 'model.empty_lots.stg_lots' was properly closed.
[0m14:52:34.200546 [info ] [MainThread]: 
[0m14:52:34.200744 [info ] [MainThread]: Finished running 1 view model in 0 hours 0 minutes and 1.67 seconds (1.67s).
[0m14:52:34.201212 [debug] [MainThread]: Command end result
[0m14:52:34.215661 [debug] [MainThread]: Wrote artifact WritableManifest to /Users/adrianparsons/Documents/programming/empty-lots/empty.nyc/dbt/target/manifest.json
[0m14:52:34.217239 [debug] [MainThread]: Wrote artifact SemanticManifest to /Users/adrianparsons/Documents/programming/empty-lots/empty.nyc/dbt/target/semantic_manifest.json
[0m14:52:34.224617 [debug] [MainThread]: Wrote artifact RunExecutionResult to /Users/adrianparsons/Documents/programming/empty-lots/empty.nyc/dbt/target/run_results.json
[0m14:52:34.226532 [info ] [MainThread]: 
[0m14:52:34.227959 [info ] [MainThread]: [32mCompleted successfully[0m
[0m14:52:34.229332 [info ] [MainThread]: 
[0m14:52:34.230142 [info ] [MainThread]: Done. PASS=1 WARN=0 ERROR=0 SKIP=0 NO-OP=0 TOTAL=1
[0m14:52:34.237329 [debug] [MainThread]: Resource report: {"command_name": "run", "command_success": true, "command_wall_clock_time": 3.7726872, "process_in_blocks": "0", "process_kernel_time": 0.440346, "process_mem_max_rss": "360873984", "process_out_blocks": "0", "process_user_time": 2.533541}
[0m14:52:34.237842 [debug] [MainThread]: Command `dbt run` succeeded at 14:52:34.237780 after 3.77 seconds
[0m14:52:34.238158 [debug] [MainThread]: Flushing usage events
[0m14:54:33.687216 [debug] [MainThread]: Got an exception trying to initialize tracking


============================== 14:54:33.722332 | 761e7878-ba59-49b0-a285-ba8074bed88f ==============================
[0m14:54:33.722332 [info ] [MainThread]: Running with dbt=1.10.13
[0m14:54:33.723041 [debug] [MainThread]: running dbt with arguments {'empty': 'False', 'warn_error': 'None', 'printer_width': '80', 'write_json': 'True', 'indirect_selection': 'eager', 'target_path': 'None', 'fail_fast': 'False', 'invocation_command': 'dbt compile', 'log_cache_events': 'False', 'no_print': 'None', 'log_path': '/Users/adrianparsons/Documents/programming/empty-lots/empty.nyc/dbt/logs', 'use_experimental_parser': 'False', 'send_anonymous_usage_stats': 'True', 'log_format': 'default', 'introspect': 'True', 'partial_parse': 'True', 'warn_error_options': 'WarnErrorOptionsV2(error=[], warn=[], silence=[])', 'cache_selected_only': 'False', 'profiles_dir': '/Users/adrianparsons/.dbt', 'version_check': 'True', 'use_colors': 'True', 'static_parser': 'True', 'quiet': 'False', 'debug': 'False'}
[0m14:54:35.540300 [info ] [MainThread]: Registered adapter: bigquery=1.10.2
[0m14:54:35.675648 [debug] [MainThread]: checksum: 9f0c81e2574b4ff463f3d16d080df83c6982fc0372c9feeacae0504ac9ea3ffe, vars: {}, profile: , target: , version: 1.10.13
[0m14:54:35.833098 [debug] [MainThread]: Partial parsing enabled: 0 files deleted, 0 files added, 0 files changed.
[0m14:54:35.833409 [debug] [MainThread]: Partial parsing enabled, no changes found, skipping parsing
[0m14:54:35.836065 [warn ] [MainThread]: [[33mWARNING[0m]: Configuration paths exist in your dbt_project.yml file which do not apply to any resources.
There are 1 unused configuration paths:
- models.empty_lots.example
[0m14:54:35.898785 [debug] [MainThread]: Wrote artifact WritableManifest to /Users/adrianparsons/Documents/programming/empty-lots/empty.nyc/dbt/target/manifest.json
[0m14:54:35.900550 [debug] [MainThread]: Wrote artifact SemanticManifest to /Users/adrianparsons/Documents/programming/empty-lots/empty.nyc/dbt/target/semantic_manifest.json
[0m14:54:35.911971 [info ] [MainThread]: Found 1 model, 1 analysis, 1 source, 508 macros
[0m14:54:35.912929 [info ] [MainThread]: 
[0m14:54:35.913141 [info ] [MainThread]: Concurrency: 1 threads (target='dev')
[0m14:54:35.913310 [info ] [MainThread]: 
[0m14:54:35.913582 [debug] [MainThread]: Acquiring new bigquery connection 'master'
[0m14:54:35.913980 [debug] [ThreadPool]: Acquiring new bigquery connection 'list_empty-lots_nyc_pluto_historical'
[0m14:54:35.914170 [debug] [ThreadPool]: Opening a new connection, currently in state init
[0m14:54:36.244333 [debug] [MainThread]: Opening a new connection, currently in state init
[0m14:54:36.249655 [debug] [Thread-1 (]: Began running node analysis.empty_lots.parking_lots_by_type
[0m14:54:36.250346 [debug] [Thread-1 (]: Re-using an available connection from the pool (formerly list_empty-lots_nyc_pluto_historical, now analysis.empty_lots.parking_lots_by_type)
[0m14:54:36.250842 [debug] [Thread-1 (]: Began compiling node analysis.empty_lots.parking_lots_by_type
[0m14:54:36.261852 [debug] [Thread-1 (]: Writing injected SQL for node "analysis.empty_lots.parking_lots_by_type"
[0m14:54:36.262867 [debug] [Thread-1 (]: Began executing node analysis.empty_lots.parking_lots_by_type
[0m14:54:36.263295 [debug] [Thread-1 (]: Opening a new connection, currently in state closed
[0m14:54:36.265355 [debug] [Thread-1 (]: Finished running node analysis.empty_lots.parking_lots_by_type
[0m14:54:36.265802 [debug] [Thread-1 (]: Began running node model.empty_lots.stg_lots
[0m14:54:36.266240 [debug] [Thread-1 (]: Re-using an available connection from the pool (formerly analysis.empty_lots.parking_lots_by_type, now model.empty_lots.stg_lots)
[0m14:54:36.266614 [debug] [Thread-1 (]: Began compiling node model.empty_lots.stg_lots
[0m14:54:36.269870 [debug] [Thread-1 (]: Writing injected SQL for node "model.empty_lots.stg_lots"
[0m14:54:36.271127 [debug] [Thread-1 (]: Began executing node model.empty_lots.stg_lots
[0m14:54:36.271512 [debug] [Thread-1 (]: Opening a new connection, currently in state closed
[0m14:54:36.273105 [debug] [Thread-1 (]: Finished running node model.empty_lots.stg_lots
[0m14:54:36.274204 [debug] [MainThread]: Connection 'master' was properly closed.
[0m14:54:36.274585 [debug] [MainThread]: Connection 'model.empty_lots.stg_lots' was properly closed.
[0m14:54:36.275294 [debug] [MainThread]: Command end result
[0m14:54:36.294092 [debug] [MainThread]: Wrote artifact WritableManifest to /Users/adrianparsons/Documents/programming/empty-lots/empty.nyc/dbt/target/manifest.json
[0m14:54:36.295505 [debug] [MainThread]: Wrote artifact SemanticManifest to /Users/adrianparsons/Documents/programming/empty-lots/empty.nyc/dbt/target/semantic_manifest.json
[0m14:54:36.300611 [debug] [MainThread]: Wrote artifact RunExecutionResult to /Users/adrianparsons/Documents/programming/empty-lots/empty.nyc/dbt/target/run_results.json
[0m14:54:36.304064 [debug] [MainThread]: Resource report: {"command_name": "compile", "command_success": true, "command_wall_clock_time": 2.6427367, "process_in_blocks": "0", "process_kernel_time": 0.437004, "process_mem_max_rss": "365887488", "process_out_blocks": "0", "process_user_time": 2.190564}
[0m14:54:36.304415 [debug] [MainThread]: Command `dbt compile` succeeded at 14:54:36.304348 after 2.64 seconds
[0m14:54:36.304650 [debug] [MainThread]: Flushing usage events
[0m14:54:39.399466 [debug] [MainThread]: Got an exception trying to initialize tracking


============================== 14:54:39.436055 | 796bdcae-ef07-4cae-89a3-a7609ec23e2b ==============================
[0m14:54:39.436055 [info ] [MainThread]: Running with dbt=1.10.13
[0m14:54:39.444070 [debug] [MainThread]: running dbt with arguments {'send_anonymous_usage_stats': 'True', 'log_path': '/Users/adrianparsons/Documents/programming/empty-lots/empty.nyc/dbt/logs', 'indirect_selection': 'eager', 'profiles_dir': '/Users/adrianparsons/.dbt', 'partial_parse': 'True', 'version_check': 'True', 'log_format': 'default', 'warn_error_options': 'WarnErrorOptionsV2(error=[], warn=[], silence=[])', 'log_cache_events': 'False', 'quiet': 'False', 'use_experimental_parser': 'False', 'introspect': 'True', 'debug': 'False', 'target_path': 'None', 'write_json': 'True', 'invocation_command': 'dbt run', 'use_colors': 'True', 'no_print': 'None', 'printer_width': '80', 'cache_selected_only': 'False', 'fail_fast': 'False', 'empty': 'False', 'static_parser': 'True', 'warn_error': 'None'}
[0m14:54:42.554267 [info ] [MainThread]: Registered adapter: bigquery=1.10.2
[0m14:54:42.702742 [debug] [MainThread]: checksum: 9f0c81e2574b4ff463f3d16d080df83c6982fc0372c9feeacae0504ac9ea3ffe, vars: {}, profile: , target: , version: 1.10.13
[0m14:54:42.866505 [debug] [MainThread]: Partial parsing enabled: 0 files deleted, 0 files added, 0 files changed.
[0m14:54:42.866812 [debug] [MainThread]: Partial parsing enabled, no changes found, skipping parsing
[0m14:54:42.869659 [warn ] [MainThread]: [[33mWARNING[0m]: Configuration paths exist in your dbt_project.yml file which do not apply to any resources.
There are 1 unused configuration paths:
- models.empty_lots.example
[0m14:54:42.932778 [debug] [MainThread]: Wrote artifact WritableManifest to /Users/adrianparsons/Documents/programming/empty-lots/empty.nyc/dbt/target/manifest.json
[0m14:54:42.934639 [debug] [MainThread]: Wrote artifact SemanticManifest to /Users/adrianparsons/Documents/programming/empty-lots/empty.nyc/dbt/target/semantic_manifest.json
[0m14:54:42.948773 [info ] [MainThread]: Found 1 model, 1 analysis, 1 source, 508 macros
[0m14:54:42.949962 [info ] [MainThread]: 
[0m14:54:42.950234 [info ] [MainThread]: Concurrency: 1 threads (target='dev')
[0m14:54:42.950438 [info ] [MainThread]: 
[0m14:54:42.951089 [debug] [MainThread]: Acquiring new bigquery connection 'master'
[0m14:54:42.951778 [debug] [ThreadPool]: Acquiring new bigquery connection 'list_empty-lots'
[0m14:54:42.952014 [debug] [ThreadPool]: Opening a new connection, currently in state init
[0m14:54:43.358122 [debug] [ThreadPool]: Re-using an available connection from the pool (formerly list_empty-lots, now list_empty-lots_nyc_pluto_historical)
[0m14:54:43.359901 [debug] [ThreadPool]: Opening a new connection, currently in state closed
[0m14:54:43.687949 [debug] [MainThread]: Opening a new connection, currently in state init
[0m14:54:43.696697 [debug] [Thread-1 (]: Began running node model.empty_lots.stg_lots
[0m14:54:43.699041 [info ] [Thread-1 (]: 1 of 1 START sql view model nyc_pluto_historical.stg_lots ...................... [RUN]
[0m14:54:43.700111 [debug] [Thread-1 (]: Re-using an available connection from the pool (formerly list_empty-lots_nyc_pluto_historical, now model.empty_lots.stg_lots)
[0m14:54:43.700692 [debug] [Thread-1 (]: Began compiling node model.empty_lots.stg_lots
[0m14:54:43.716176 [debug] [Thread-1 (]: Writing injected SQL for node "model.empty_lots.stg_lots"
[0m14:54:43.717394 [debug] [Thread-1 (]: Began executing node model.empty_lots.stg_lots
[0m14:54:43.746820 [debug] [Thread-1 (]: Writing runtime sql for node "model.empty_lots.stg_lots"
[0m14:54:43.748022 [debug] [Thread-1 (]: On model.empty_lots.stg_lots: /* {"app": "dbt", "dbt_version": "1.10.13", "profile_name": "empty_lots", "target_name": "dev", "node_id": "model.empty_lots.stg_lots"} */


  create or replace view `empty-lots`.`nyc_pluto_historical`.`stg_lots`
  OPTIONS()
  as /*
    Welcome to your first dbt model!
    Did you know that you can also configure models directly within SQL files?
    This will override configurations stated in dbt_project.yml

    Try changing "table" to "view" below
*/




select *
from `empty-lots`.`nyc_pluto_historical`.`pluto`
where address is not null
and regexp_contains(address, r'[0-9].*');


[0m14:54:43.748402 [debug] [Thread-1 (]: Opening a new connection, currently in state closed
[0m14:54:44.241537 [debug] [Thread-1 (]: BigQuery adapter: https://console.cloud.google.com/bigquery?project=empty-lots&j=bq:us-east4:d96574b9-5bcd-45f8-9a70-e0e863078b6b&page=queryresults
[0m14:54:44.627489 [info ] [Thread-1 (]: 1 of 1 OK created sql view model nyc_pluto_historical.stg_lots ................. [[32mCREATE VIEW (0 processed)[0m in 0.93s]
[0m14:54:44.628064 [debug] [Thread-1 (]: Finished running node model.empty_lots.stg_lots
[0m14:54:44.628964 [debug] [MainThread]: Opening a new connection, currently in state closed
[0m14:54:44.630290 [debug] [MainThread]: Connection 'master' was properly closed.
[0m14:54:44.630570 [debug] [MainThread]: Connection 'model.empty_lots.stg_lots' was properly closed.
[0m14:54:44.631258 [info ] [MainThread]: 
[0m14:54:44.632152 [info ] [MainThread]: Finished running 1 view model in 0 hours 0 minutes and 1.68 seconds (1.68s).
[0m14:54:44.633523 [debug] [MainThread]: Command end result
[0m14:54:44.650943 [debug] [MainThread]: Wrote artifact WritableManifest to /Users/adrianparsons/Documents/programming/empty-lots/empty.nyc/dbt/target/manifest.json
[0m14:54:44.652807 [debug] [MainThread]: Wrote artifact SemanticManifest to /Users/adrianparsons/Documents/programming/empty-lots/empty.nyc/dbt/target/semantic_manifest.json
[0m14:54:44.656342 [debug] [MainThread]: Wrote artifact RunExecutionResult to /Users/adrianparsons/Documents/programming/empty-lots/empty.nyc/dbt/target/run_results.json
[0m14:54:44.656590 [info ] [MainThread]: 
[0m14:54:44.656841 [info ] [MainThread]: [32mCompleted successfully[0m
[0m14:54:44.657028 [info ] [MainThread]: 
[0m14:54:44.657557 [info ] [MainThread]: Done. PASS=1 WARN=0 ERROR=0 SKIP=0 NO-OP=0 TOTAL=1
[0m14:54:44.660908 [debug] [MainThread]: Resource report: {"command_name": "run", "command_success": true, "command_wall_clock_time": 5.290819, "process_in_blocks": "0", "process_kernel_time": 0.692485, "process_mem_max_rss": "350748672", "process_out_blocks": "0", "process_user_time": 2.806716}
[0m14:54:44.661341 [debug] [MainThread]: Command `dbt run` succeeded at 14:54:44.661289 after 5.29 seconds
[0m14:54:44.661613 [debug] [MainThread]: Flushing usage events
[0m14:55:54.037748 [error] [MainThread]: Encountered an error:

[0m14:55:54.148572 [error] [MainThread]: Traceback (most recent call last):
  File "/Library/Frameworks/Python.framework/Versions/3.12/lib/python3.12/site-packages/dbt/cli/requires.py", line 178, in wrapper
    result, success = func(*args, **kwargs)
                      ^^^^^^^^^^^^^^^^^^^^^
  File "/Library/Frameworks/Python.framework/Versions/3.12/lib/python3.12/site-packages/dbt/cli/requires.py", line 128, in wrapper
    return func(*args, **kwargs)
           ^^^^^^^^^^^^^^^^^^^^^
  File "/Library/Frameworks/Python.framework/Versions/3.12/lib/python3.12/site-packages/dbt/cli/requires.py", line 272, in wrapper
    return func(*args, **kwargs)
           ^^^^^^^^^^^^^^^^^^^^^
  File "/Library/Frameworks/Python.framework/Versions/3.12/lib/python3.12/site-packages/dbt/cli/requires.py", line 303, in wrapper
    return func(*args, **kwargs)
           ^^^^^^^^^^^^^^^^^^^^^
  File "/Library/Frameworks/Python.framework/Versions/3.12/lib/python3.12/site-packages/dbt/cli/requires.py", line 350, in wrapper
    return func(*args, **kwargs)
           ^^^^^^^^^^^^^^^^^^^^^
  File "/Library/Frameworks/Python.framework/Versions/3.12/lib/python3.12/site-packages/dbt/cli/main.py", line 307, in docs_serve
    results = task.run()
              ^^^^^^^^^^
  File "/Library/Frameworks/Python.framework/Versions/3.12/lib/python3.12/site-packages/dbt/task/docs/serve.py", line 29, in run
    httpd.serve_forever()
  File "/Library/Frameworks/Python.framework/Versions/3.12/lib/python3.12/socketserver.py", line 235, in serve_forever
    ready = selector.select(poll_interval)
            ^^^^^^^^^^^^^^^^^^^^^^^^^^^^^^
  File "/Library/Frameworks/Python.framework/Versions/3.12/lib/python3.12/selectors.py", line 415, in select
    fd_event_list = self._selector.poll(timeout)
                    ^^^^^^^^^^^^^^^^^^^^^^^^^^^^
KeyboardInterrupt

[0m14:55:54.186075 [debug] [MainThread]: Resource report: {"command_name": "serve", "command_success": false, "command_wall_clock_time": 3243.7769, "process_in_blocks": "0", "process_kernel_time": 0.730281, "process_mem_max_rss": "355106816", "process_out_blocks": "0", "process_user_time": 2.073265}
[0m14:55:54.214786 [debug] [MainThread]: Command `dbt docs serve` failed at 14:55:54.213939 after 3243.81 seconds
[0m14:55:54.219966 [debug] [MainThread]: Flushing usage events
[0m14:56:07.580150 [debug] [MainThread]: Got an exception trying to initialize tracking


============================== 14:56:07.600429 | 634fca37-e3cd-4dc8-9203-de78abce4948 ==============================
[0m14:56:07.600429 [info ] [MainThread]: Running with dbt=1.10.13
[0m14:56:07.601086 [debug] [MainThread]: running dbt with arguments {'log_cache_events': 'False', 'printer_width': '80', 'no_print': 'None', 'profiles_dir': '/Users/adrianparsons/.dbt', 'log_format': 'default', 'send_anonymous_usage_stats': 'True', 'warn_error_options': 'WarnErrorOptionsV2(error=[], warn=[], silence=[])', 'invocation_command': 'dbt docs generate', 'indirect_selection': 'eager', 'fail_fast': 'False', 'target_path': 'None', 'empty': 'None', 'warn_error': 'None', 'write_json': 'True', 'debug': 'False', 'introspect': 'True', 'use_colors': 'True', 'cache_selected_only': 'False', 'quiet': 'False', 'use_experimental_parser': 'False', 'static_parser': 'True', 'version_check': 'True', 'partial_parse': 'True', 'log_path': '/Users/adrianparsons/Documents/programming/empty-lots/empty.nyc/dbt/logs'}
[0m14:56:09.619432 [info ] [MainThread]: Registered adapter: bigquery=1.10.2
[0m14:56:09.759054 [debug] [MainThread]: checksum: 9f0c81e2574b4ff463f3d16d080df83c6982fc0372c9feeacae0504ac9ea3ffe, vars: {}, profile: , target: , version: 1.10.13
[0m14:56:09.927789 [debug] [MainThread]: Partial parsing enabled: 0 files deleted, 0 files added, 0 files changed.
[0m14:56:09.928064 [debug] [MainThread]: Partial parsing enabled, no changes found, skipping parsing
[0m14:56:09.930694 [warn ] [MainThread]: [[33mWARNING[0m]: Configuration paths exist in your dbt_project.yml file which do not apply to any resources.
There are 1 unused configuration paths:
- models.empty_lots.example
[0m14:56:09.961659 [info ] [MainThread]: Found 1 model, 1 analysis, 1 source, 508 macros
[0m14:56:09.962604 [info ] [MainThread]: 
[0m14:56:09.962822 [info ] [MainThread]: Concurrency: 1 threads (target='dev')
[0m14:56:09.962991 [info ] [MainThread]: 
[0m14:56:09.963252 [debug] [MainThread]: Acquiring new bigquery connection 'master'
[0m14:56:09.963663 [debug] [ThreadPool]: Acquiring new bigquery connection 'list_empty-lots_nyc_pluto_historical'
[0m14:56:09.963851 [debug] [ThreadPool]: Opening a new connection, currently in state init
[0m14:56:10.302082 [debug] [MainThread]: Opening a new connection, currently in state init
[0m14:56:10.307107 [debug] [Thread-1 (]: Began running node analysis.empty_lots.parking_lots_by_type
[0m14:56:10.308074 [debug] [Thread-1 (]: Re-using an available connection from the pool (formerly list_empty-lots_nyc_pluto_historical, now analysis.empty_lots.parking_lots_by_type)
[0m14:56:10.308687 [debug] [Thread-1 (]: Began compiling node analysis.empty_lots.parking_lots_by_type
[0m14:56:10.320381 [debug] [Thread-1 (]: Writing injected SQL for node "analysis.empty_lots.parking_lots_by_type"
[0m14:56:10.321702 [debug] [Thread-1 (]: Began executing node analysis.empty_lots.parking_lots_by_type
[0m14:56:10.322279 [debug] [Thread-1 (]: Opening a new connection, currently in state closed
[0m14:56:10.324292 [debug] [Thread-1 (]: Finished running node analysis.empty_lots.parking_lots_by_type
[0m14:56:10.324736 [debug] [Thread-1 (]: Began running node model.empty_lots.stg_lots
[0m14:56:10.325210 [debug] [Thread-1 (]: Re-using an available connection from the pool (formerly analysis.empty_lots.parking_lots_by_type, now model.empty_lots.stg_lots)
[0m14:56:10.325623 [debug] [Thread-1 (]: Began compiling node model.empty_lots.stg_lots
[0m14:56:10.330364 [debug] [Thread-1 (]: Writing injected SQL for node "model.empty_lots.stg_lots"
[0m14:56:10.331433 [debug] [Thread-1 (]: Began executing node model.empty_lots.stg_lots
[0m14:56:10.331833 [debug] [Thread-1 (]: Opening a new connection, currently in state closed
[0m14:56:10.333537 [debug] [Thread-1 (]: Finished running node model.empty_lots.stg_lots
[0m14:56:10.334790 [debug] [MainThread]: Connection 'master' was properly closed.
[0m14:56:10.335084 [debug] [MainThread]: Connection 'model.empty_lots.stg_lots' was properly closed.
[0m14:56:10.335861 [debug] [MainThread]: Command end result
[0m14:56:10.393264 [debug] [MainThread]: Wrote artifact WritableManifest to /Users/adrianparsons/Documents/programming/empty-lots/empty.nyc/dbt/target/manifest.json
[0m14:56:10.394789 [debug] [MainThread]: Wrote artifact SemanticManifest to /Users/adrianparsons/Documents/programming/empty-lots/empty.nyc/dbt/target/semantic_manifest.json
[0m14:56:10.398377 [debug] [MainThread]: Wrote artifact RunExecutionResult to /Users/adrianparsons/Documents/programming/empty-lots/empty.nyc/dbt/target/run_results.json
[0m14:56:10.400576 [debug] [MainThread]: Acquiring new bigquery connection 'generate_catalog'
[0m14:56:10.400765 [info ] [MainThread]: Building catalog
[0m14:56:10.403676 [debug] [ThreadPool]: Acquiring new bigquery connection 'empty-lots.information_schema'
[0m14:56:10.413585 [debug] [ThreadPool]: On empty-lots.information_schema: /* {"app": "dbt", "dbt_version": "1.10.13", "profile_name": "empty_lots", "target_name": "dev", "connection_name": "empty-lots.information_schema"} */

    with
                table_shards_stage as (
    select
        tables.project_id as table_catalog,
        tables.dataset_id as table_schema,
        coalesce(REGEXP_EXTRACT(tables.table_id, '^(.+)[0-9]{8}$'), tables.table_id) as table_name,
        tables.table_id as shard_name,
        REGEXP_EXTRACT(tables.table_id, '^.+([0-9]{8})$') as shard_index,
        REGEXP_CONTAINS(tables.table_id, '^.+[0-9]{8}$') and tables.type = 1 as is_date_shard,
        case
            when materialized_views.table_name is not null then 'materialized view'
            when tables.type = 1 then 'table'
            when tables.type = 2 then 'view'
            else 'external'
        end as table_type,
        tables.type = 1 as is_table,
        JSON_VALUE(table_description.option_value) as table_comment,
        tables.size_bytes,
        tables.row_count
    from `empty-lots`.`nyc_pluto_historical`.__TABLES__ tables
    left join `empty-lots`.`nyc_pluto_historical`.INFORMATION_SCHEMA.MATERIALIZED_VIEWS materialized_views
        on materialized_views.table_catalog = tables.project_id
        and materialized_views.table_schema = tables.dataset_id
        and materialized_views.table_name = tables.table_id
    left join `empty-lots`.`nyc_pluto_historical`.INFORMATION_SCHEMA.TABLE_OPTIONS table_description
        on table_description.table_catalog = tables.project_id
        and table_description.table_schema = tables.dataset_id
        and table_description.table_name = tables.table_id
        and table_description.option_name = 'description'
),
                table_shards as (
                    select * from table_shards_stage
                    where ((
                                upper(table_schema) = upper('nyc_pluto_historical')
                            and upper(table_name) = upper('pluto')
                            ) or (
                                upper(table_schema) = upper('nyc_pluto_historical')
                            and upper(table_name) = upper('stg_lots')
                            ))
                ),
                tables as (
    select distinct
        table_catalog,
        table_schema,
        table_name,
        is_date_shard,
        table_type,
        is_table,
        table_comment
    from table_shards
),
                table_stats as (
    select
        table_catalog,
        table_schema,
        table_name,
        max(shard_name) as latest_shard_name,
        min(shard_index) as shard_min,
        max(shard_index) as shard_max,
        count(shard_index) as shard_count,
        sum(size_bytes) as size_bytes,
        sum(row_count) as row_count
    from table_shards
    group by 1, 2, 3
),

                columns as (
    select
        columns.table_catalog,
        columns.table_schema,
        columns.table_name as shard_name,
        coalesce(paths.field_path, '<unknown>') as column_name,
        -- invent a row number to account for nested fields
        -- BQ does not treat these nested properties as independent fields
        row_number() over (
            partition by
                columns.table_catalog,
                columns.table_schema,
                columns.table_name
            order by
                columns.ordinal_position,
                paths.field_path
        ) as column_index,
        coalesce(paths.data_type, '<unknown>') as column_type,
        paths.description as column_comment,
        case when columns.is_partitioning_column = 'YES' then 1 else 0 end as is_partitioning_column,
        case when columns.is_partitioning_column = 'YES' then paths.field_path end as partition_column,
        case when columns.clustering_ordinal_position is not null then 1 else 0 end as is_clustering_column,
        case when columns.clustering_ordinal_position is not null then paths.field_path end as cluster_column,
        columns.clustering_ordinal_position
    from `empty-lots`.`nyc_pluto_historical`.INFORMATION_SCHEMA.COLUMNS columns
    join `empty-lots`.`nyc_pluto_historical`.INFORMATION_SCHEMA.COLUMN_FIELD_PATHS paths
        on paths.table_catalog = columns.table_catalog
        and paths.table_schema = columns.table_schema
        and paths.table_name = columns.table_name
        and paths.column_name = columns.column_name
    where columns.ordinal_position is not null
),
                column_stats as (
    select
        table_catalog,
        table_schema,
        shard_name,
        max(is_partitioning_column) = 1 as is_partitioned,
        max(partition_column) as partition_column,
        max(is_clustering_column) = 1 as is_clustered,
        array_to_string(
            array_agg(
                cluster_column ignore nulls
                order by clustering_ordinal_position
            ), ', '
        ) as clustering_columns
    from columns
    group by 1, 2, 3
)

            
    select
        tables.table_catalog as table_database,
        tables.table_schema,
        case
            when tables.is_date_shard then concat(tables.table_name, '*')
            else tables.table_name
        end as table_name,
        tables.table_type,
        tables.table_comment,
        -- coalesce column metadata fields to ensure they are non-null for catalog generation
        -- external table columns are not present in COLUMN_FIELD_PATHS
        coalesce(columns.column_name, '<unknown>') as column_name,
        coalesce(columns.column_index, 1) as column_index,
        coalesce(columns.column_type, '<unknown>') as column_type,
        coalesce(columns.column_comment, '') as column_comment,

        'Shard count' as `stats__date_shards__label`,
        table_stats.shard_count as `stats__date_shards__value`,
        'The number of date shards in this table' as `stats__date_shards__description`,
        tables.is_date_shard as `stats__date_shards__include`,

        'Shard (min)' as `stats__date_shard_min__label`,
        table_stats.shard_min as `stats__date_shard_min__value`,
        'The first date shard in this table' as `stats__date_shard_min__description`,
        tables.is_date_shard as `stats__date_shard_min__include`,

        'Shard (max)' as `stats__date_shard_max__label`,
        table_stats.shard_max as `stats__date_shard_max__value`,
        'The last date shard in this table' as `stats__date_shard_max__description`,
        tables.is_date_shard as `stats__date_shard_max__include`,

        '# Rows' as `stats__num_rows__label`,
        table_stats.row_count as `stats__num_rows__value`,
        'Approximate count of rows in this table' as `stats__num_rows__description`,
        tables.is_table as `stats__num_rows__include`,

        'Approximate Size' as `stats__num_bytes__label`,
        table_stats.size_bytes as `stats__num_bytes__value`,
        'Approximate size of table as reported by BigQuery' as `stats__num_bytes__description`,
        tables.is_table as `stats__num_bytes__include`,

        'Partitioned By' as `stats__partitioning_type__label`,
        column_stats.partition_column as `stats__partitioning_type__value`,
        'The partitioning column for this table' as `stats__partitioning_type__description`,
        column_stats.is_partitioned as `stats__partitioning_type__include`,

        'Clustered By' as `stats__clustering_fields__label`,
        column_stats.clustering_columns as `stats__clustering_fields__value`,
        'The clustering columns for this table' as `stats__clustering_fields__description`,
        column_stats.is_clustered as `stats__clustering_fields__include`

    from tables
    join table_stats
        on table_stats.table_catalog = tables.table_catalog
        and table_stats.table_schema = tables.table_schema
        and table_stats.table_name = tables.table_name
    left join column_stats
        on column_stats.table_catalog = tables.table_catalog
        and column_stats.table_schema = tables.table_schema
        and column_stats.shard_name = table_stats.latest_shard_name
    left join columns
        on columns.table_catalog = tables.table_catalog
        and columns.table_schema = tables.table_schema
        and columns.shard_name = table_stats.latest_shard_name

  
[0m14:56:10.414108 [debug] [ThreadPool]: Opening a new connection, currently in state init
[0m14:56:10.954317 [debug] [ThreadPool]: BigQuery adapter: https://console.cloud.google.com/bigquery?project=empty-lots&j=bq:us-east4:fb79aed3-4dc4-40ce-bfe4-67d7b35e5ad4&page=queryresults
[0m14:56:12.142257 [debug] [MainThread]: Opening a new connection, currently in state init
[0m14:56:12.153212 [debug] [MainThread]: Wrote artifact CatalogArtifact to /Users/adrianparsons/Documents/programming/empty-lots/empty.nyc/dbt/target/catalog.json
[0m14:56:12.165987 [debug] [MainThread]: Wrote artifact WritableManifest to /Users/adrianparsons/Documents/programming/empty-lots/empty.nyc/dbt/target/manifest.json
[0m14:56:12.167372 [debug] [MainThread]: Wrote artifact SemanticManifest to /Users/adrianparsons/Documents/programming/empty-lots/empty.nyc/dbt/target/semantic_manifest.json
[0m14:56:12.167564 [info ] [MainThread]: Catalog written to /Users/adrianparsons/Documents/programming/empty-lots/empty.nyc/dbt/target/catalog.json
[0m14:56:12.173084 [debug] [MainThread]: Resource report: {"command_name": "generate", "command_success": true, "command_wall_clock_time": 4.6170964, "process_in_blocks": "0", "process_kernel_time": 0.507685, "process_mem_max_rss": "361267200", "process_out_blocks": "0", "process_user_time": 2.482957}
[0m14:56:12.175050 [debug] [MainThread]: Command `dbt docs generate` succeeded at 14:56:12.174979 after 4.62 seconds
[0m14:56:12.175332 [debug] [MainThread]: Connection 'generate_catalog' was properly closed.
[0m14:56:12.175507 [debug] [MainThread]: Connection 'empty-lots.information_schema' was properly closed.
[0m14:56:12.175736 [debug] [MainThread]: Flushing usage events
[0m14:56:13.861168 [debug] [MainThread]: Got an exception trying to initialize tracking


============================== 14:56:13.887266 | 29a66ff4-591d-4bb5-bbc6-69833a665469 ==============================
[0m14:56:13.887266 [info ] [MainThread]: Running with dbt=1.10.13
[0m14:56:13.888023 [debug] [MainThread]: running dbt with arguments {'printer_width': '80', 'indirect_selection': 'eager', 'write_json': 'True', 'debug': 'False', 'profiles_dir': '/Users/adrianparsons/.dbt', 'target_path': 'None', 'fail_fast': 'False', 'log_cache_events': 'False', 'static_parser': 'True', 'warn_error': 'None', 'partial_parse': 'True', 'log_path': '/Users/adrianparsons/Documents/programming/empty-lots/empty.nyc/dbt/logs', 'use_colors': 'True', 'introspect': 'True', 'invocation_command': 'dbt docs serve', 'send_anonymous_usage_stats': 'True', 'cache_selected_only': 'False', 'version_check': 'True', 'log_format': 'default', 'use_experimental_parser': 'False', 'no_print': 'None', 'empty': 'None', 'warn_error_options': 'WarnErrorOptionsV2(error=[], warn=[], silence=[])', 'quiet': 'False'}
[0m15:00:47.176131 [debug] [MainThread]: Got an exception trying to initialize tracking


============================== 15:00:47.204055 | e9de93e1-8480-45d7-8680-7e47f580a7fc ==============================
[0m15:00:47.204055 [info ] [MainThread]: Running with dbt=1.10.13
[0m15:00:47.204689 [debug] [MainThread]: running dbt with arguments {'warn_error': 'None', 'log_cache_events': 'False', 'printer_width': '80', 'invocation_command': 'dbt debug', 'partial_parse': 'True', 'profiles_dir': '/Users/adrianparsons/.dbt', 'debug': 'False', 'cache_selected_only': 'False', 'empty': 'None', 'quiet': 'False', 'static_parser': 'True', 'version_check': 'True', 'use_experimental_parser': 'False', 'log_format': 'default', 'send_anonymous_usage_stats': 'True', 'target_path': 'None', 'introspect': 'True', 'use_colors': 'True', 'fail_fast': 'False', 'write_json': 'True', 'warn_error_options': 'WarnErrorOptionsV2(error=[], warn=[], silence=[])', 'no_print': 'None', 'log_path': '/Users/adrianparsons/Documents/programming/empty-lots/empty.nyc/dbt/logs', 'indirect_selection': 'eager'}
[0m15:00:47.214551 [info ] [MainThread]: dbt version: 1.10.13
[0m15:00:47.214820 [info ] [MainThread]: python version: 3.12.2
[0m15:00:47.214991 [info ] [MainThread]: python path: /Library/Frameworks/Python.framework/Versions/3.12/bin/python3.12
[0m15:00:47.215150 [info ] [MainThread]: os info: macOS-15.7.2-arm64-arm-64bit
[0m15:00:49.202209 [info ] [MainThread]: Using profiles dir at /Users/adrianparsons/.dbt
[0m15:00:49.202626 [info ] [MainThread]: Using profiles.yml file at /Users/adrianparsons/.dbt/profiles.yml
[0m15:00:49.202822 [info ] [MainThread]: Using dbt_project.yml file at /Users/adrianparsons/Documents/programming/empty-lots/empty.nyc/dbt/dbt_project.yml
[0m15:00:49.202990 [info ] [MainThread]: adapter type: bigquery
[0m15:00:49.203141 [info ] [MainThread]: adapter version: 1.10.2
[0m15:00:49.249229 [info ] [MainThread]: Configuration:
[0m15:00:49.249567 [info ] [MainThread]:   profiles.yml file [[32mOK found and valid[0m]
[0m15:00:49.249745 [info ] [MainThread]:   dbt_project.yml file [[32mOK found and valid[0m]
[0m15:00:49.249901 [info ] [MainThread]: Required dependencies:
[0m15:00:49.250113 [debug] [MainThread]: Executing "git --help"
[0m15:00:49.309652 [debug] [MainThread]: STDOUT: "b"usage: git [-v | --version] [-h | --help] [-C <path>] [-c <name>=<value>]\n           [--exec-path[=<path>]] [--html-path] [--man-path] [--info-path]\n           [-p | --paginate | -P | --no-pager] [--no-replace-objects] [--no-lazy-fetch]\n           [--no-optional-locks] [--no-advice] [--bare] [--git-dir=<path>]\n           [--work-tree=<path>] [--namespace=<name>] [--config-env=<name>=<envvar>]\n           <command> [<args>]\n\nThese are common Git commands used in various situations:\n\nstart a working area (see also: git help tutorial)\n   clone      Clone a repository into a new directory\n   init       Create an empty Git repository or reinitialize an existing one\n\nwork on the current change (see also: git help everyday)\n   add        Add file contents to the index\n   mv         Move or rename a file, a directory, or a symlink\n   restore    Restore working tree files\n   rm         Remove files from the working tree and from the index\n\nexamine the history and state (see also: git help revisions)\n   bisect     Use binary search to find the commit that introduced a bug\n   diff       Show changes between commits, commit and working tree, etc\n   grep       Print lines matching a pattern\n   log        Show commit logs\n   show       Show various types of objects\n   status     Show the working tree status\n\ngrow, mark and tweak your common history\n   backfill   Download missing objects in a partial clone\n   branch     List, create, or delete branches\n   commit     Record changes to the repository\n   merge      Join two or more development histories together\n   rebase     Reapply commits on top of another base tip\n   reset      Reset current HEAD to the specified state\n   switch     Switch branches\n   tag        Create, list, delete or verify a tag object signed with GPG\n\ncollaborate (see also: git help workflows)\n   fetch      Download objects and refs from another repository\n   pull       Fetch from and integrate with another repository or a local branch\n   push       Update remote refs along with associated objects\n\n'git help -a' and 'git help -g' list available subcommands and some\nconcept guides. See 'git help <command>' or 'git help <concept>'\nto read about a specific subcommand or concept.\nSee 'git help git' for an overview of the system.\n""
[0m15:00:49.310257 [debug] [MainThread]: STDERR: "b''"
[0m15:00:49.310468 [info ] [MainThread]:  - git [[32mOK found[0m]

[0m15:00:49.310670 [info ] [MainThread]: Connection:
[0m15:00:49.310894 [info ] [MainThread]:   method: service-account
[0m15:00:49.311057 [info ] [MainThread]:   database: empty-lots
[0m15:00:49.311204 [info ] [MainThread]:   execution_project: empty-lots
[0m15:00:49.311350 [info ] [MainThread]:   schema: nyc_pluto_historical
[0m15:00:49.311492 [info ] [MainThread]:   location: us-east4
[0m15:00:49.311630 [info ] [MainThread]:   priority: interactive
[0m15:00:49.311828 [info ] [MainThread]:   maximum_bytes_billed: None
[0m15:00:49.311963 [info ] [MainThread]:   impersonate_service_account: None
[0m15:00:49.312108 [info ] [MainThread]:   job_retry_deadline_seconds: None
[0m15:00:49.312248 [info ] [MainThread]:   job_retries: 1
[0m15:00:49.312384 [info ] [MainThread]:   job_creation_timeout_seconds: None
[0m15:00:49.312525 [info ] [MainThread]:   job_execution_timeout_seconds: 300
[0m15:00:49.312661 [info ] [MainThread]:   timeout_seconds: 300
[0m15:00:49.312799 [info ] [MainThread]:   client_id: None
[0m15:00:49.312930 [info ] [MainThread]:   token_uri: None
[0m15:00:49.313060 [info ] [MainThread]:   compute_region: None
[0m15:00:49.313192 [info ] [MainThread]:   dataproc_cluster_name: None
[0m15:00:49.313327 [info ] [MainThread]:   gcs_bucket: None
[0m15:00:49.313458 [info ] [MainThread]:   dataproc_batch: None
[0m15:00:49.313804 [info ] [MainThread]: Registered adapter: bigquery=1.10.2
[0m15:00:49.447009 [debug] [MainThread]: Acquiring new bigquery connection 'debug'
[0m15:00:49.447400 [debug] [MainThread]: On debug: select 1 as id
[0m15:00:49.447591 [debug] [MainThread]: Opening a new connection, currently in state init
[0m15:00:50.149480 [debug] [MainThread]: BigQuery adapter: https://console.cloud.google.com/bigquery?project=empty-lots&j=bq:us-east4:60464e11-11bb-4509-974b-bfe4fecabb68&page=queryresults
[0m15:00:50.486748 [info ] [MainThread]:   Connection test: [[32mOK connection ok[0m]

[0m15:00:50.487757 [info ] [MainThread]: [32mAll checks passed![0m
[0m15:00:50.495453 [debug] [MainThread]: Resource report: {"command_name": "debug", "command_success": true, "command_wall_clock_time": 3.3446972, "process_in_blocks": "0", "process_kernel_time": 0.494658, "process_mem_max_rss": "352305152", "process_out_blocks": "0", "process_user_time": 2.002303}
[0m15:00:50.496337 [debug] [MainThread]: Command `dbt debug` succeeded at 15:00:50.496173 after 3.35 seconds
[0m15:00:50.496874 [debug] [MainThread]: Connection 'debug' was properly closed.
[0m15:00:50.497382 [debug] [MainThread]: Flushing usage events
[0m15:00:55.676388 [debug] [MainThread]: Got an exception trying to initialize tracking


============================== 15:00:55.699672 | 33c32cf2-51fc-40e3-a1e3-61edd553e105 ==============================
[0m15:00:55.699672 [info ] [MainThread]: Running with dbt=1.10.13
[0m15:00:55.700532 [debug] [MainThread]: running dbt with arguments {'debug': 'False', 'printer_width': '80', 'target_path': 'None', 'indirect_selection': 'eager', 'log_format': 'default', 'partial_parse': 'True', 'log_cache_events': 'False', 'no_print': 'None', 'use_experimental_parser': 'False', 'write_json': 'True', 'log_path': '/Users/adrianparsons/Documents/programming/empty-lots/empty.nyc/dbt/logs', 'fail_fast': 'False', 'cache_selected_only': 'False', 'version_check': 'True', 'use_colors': 'True', 'empty': 'False', 'profiles_dir': '/Users/adrianparsons/.dbt', 'static_parser': 'True', 'introspect': 'True', 'send_anonymous_usage_stats': 'True', 'quiet': 'False', 'invocation_command': 'dbt compile', 'warn_error': 'None', 'warn_error_options': 'WarnErrorOptionsV2(error=[], warn=[], silence=[])'}
[0m15:00:57.689559 [info ] [MainThread]: Registered adapter: bigquery=1.10.2
[0m15:00:57.843941 [debug] [MainThread]: checksum: 9f0c81e2574b4ff463f3d16d080df83c6982fc0372c9feeacae0504ac9ea3ffe, vars: {}, profile: , target: , version: 1.10.13
[0m15:00:58.020023 [debug] [MainThread]: Partial parsing enabled: 0 files deleted, 0 files added, 1 files changed.
[0m15:00:58.020477 [debug] [MainThread]: Partial parsing: updated file: empty_lots://analyses/parking_lots_by_type.sql
[0m15:00:58.113084 [warn ] [MainThread]: [[33mWARNING[0m]: Configuration paths exist in your dbt_project.yml file which do not apply to any resources.
There are 1 unused configuration paths:
- models.empty_lots.example
[0m15:00:58.166304 [debug] [MainThread]: Wrote artifact WritableManifest to /Users/adrianparsons/Documents/programming/empty-lots/empty.nyc/dbt/target/manifest.json
[0m15:00:58.168074 [debug] [MainThread]: Wrote artifact SemanticManifest to /Users/adrianparsons/Documents/programming/empty-lots/empty.nyc/dbt/target/semantic_manifest.json
[0m15:00:58.178371 [info ] [MainThread]: Found 1 model, 1 analysis, 1 source, 508 macros
[0m15:00:58.179583 [info ] [MainThread]: 
[0m15:00:58.179859 [info ] [MainThread]: Concurrency: 1 threads (target='dev')
[0m15:00:58.180053 [info ] [MainThread]: 
[0m15:00:58.180324 [debug] [MainThread]: Acquiring new bigquery connection 'master'
[0m15:00:58.180749 [debug] [ThreadPool]: Acquiring new bigquery connection 'list_empty-lots_nyc_pluto_historical'
[0m15:00:58.180982 [debug] [ThreadPool]: Opening a new connection, currently in state init
[0m15:00:58.596415 [debug] [MainThread]: Opening a new connection, currently in state init
[0m15:00:58.601507 [debug] [Thread-1 (]: Began running node analysis.empty_lots.parking_lots_by_type
[0m15:00:58.602312 [debug] [Thread-1 (]: Re-using an available connection from the pool (formerly list_empty-lots_nyc_pluto_historical, now analysis.empty_lots.parking_lots_by_type)
[0m15:00:58.602989 [debug] [Thread-1 (]: Began compiling node analysis.empty_lots.parking_lots_by_type
[0m15:00:58.612141 [debug] [Thread-1 (]: Writing injected SQL for node "analysis.empty_lots.parking_lots_by_type"
[0m15:00:58.613489 [debug] [Thread-1 (]: Began executing node analysis.empty_lots.parking_lots_by_type
[0m15:00:58.614017 [debug] [Thread-1 (]: Opening a new connection, currently in state closed
[0m15:00:58.616367 [debug] [Thread-1 (]: Finished running node analysis.empty_lots.parking_lots_by_type
[0m15:00:58.617766 [debug] [Thread-1 (]: Began running node model.empty_lots.stg_lots
[0m15:00:58.618322 [debug] [Thread-1 (]: Re-using an available connection from the pool (formerly analysis.empty_lots.parking_lots_by_type, now model.empty_lots.stg_lots)
[0m15:00:58.618990 [debug] [Thread-1 (]: Began compiling node model.empty_lots.stg_lots
[0m15:00:58.622658 [debug] [Thread-1 (]: Writing injected SQL for node "model.empty_lots.stg_lots"
[0m15:00:58.627184 [debug] [Thread-1 (]: Began executing node model.empty_lots.stg_lots
[0m15:00:58.628223 [debug] [Thread-1 (]: Opening a new connection, currently in state closed
[0m15:00:58.630406 [debug] [Thread-1 (]: Finished running node model.empty_lots.stg_lots
[0m15:00:58.632192 [debug] [MainThread]: Connection 'master' was properly closed.
[0m15:00:58.632541 [debug] [MainThread]: Connection 'model.empty_lots.stg_lots' was properly closed.
[0m15:00:58.633184 [debug] [MainThread]: Command end result
[0m15:00:58.652428 [debug] [MainThread]: Wrote artifact WritableManifest to /Users/adrianparsons/Documents/programming/empty-lots/empty.nyc/dbt/target/manifest.json
[0m15:00:58.653731 [debug] [MainThread]: Wrote artifact SemanticManifest to /Users/adrianparsons/Documents/programming/empty-lots/empty.nyc/dbt/target/semantic_manifest.json
[0m15:00:58.658607 [debug] [MainThread]: Wrote artifact RunExecutionResult to /Users/adrianparsons/Documents/programming/empty-lots/empty.nyc/dbt/target/run_results.json
[0m15:00:58.662315 [debug] [MainThread]: Resource report: {"command_name": "compile", "command_success": true, "command_wall_clock_time": 3.0157611, "process_in_blocks": "0", "process_kernel_time": 0.488595, "process_mem_max_rss": "361037824", "process_out_blocks": "0", "process_user_time": 2.414963}
[0m15:00:58.662672 [debug] [MainThread]: Command `dbt compile` succeeded at 15:00:58.662610 after 3.02 seconds
[0m15:00:58.663321 [debug] [MainThread]: Flushing usage events
[0m15:01:02.608757 [debug] [MainThread]: Got an exception trying to initialize tracking


============================== 15:01:02.628123 | 7a75029d-7554-44d5-b392-68151a1ee0c7 ==============================
[0m15:01:02.628123 [info ] [MainThread]: Running with dbt=1.10.13
[0m15:01:02.628802 [debug] [MainThread]: running dbt with arguments {'write_json': 'True', 'fail_fast': 'False', 'log_path': '/Users/adrianparsons/Documents/programming/empty-lots/empty.nyc/dbt/logs', 'no_print': 'None', 'indirect_selection': 'eager', 'partial_parse': 'True', 'quiet': 'False', 'empty': 'False', 'use_colors': 'True', 'use_experimental_parser': 'False', 'log_format': 'default', 'debug': 'False', 'send_anonymous_usage_stats': 'True', 'warn_error': 'None', 'target_path': 'None', 'invocation_command': 'dbt run', 'warn_error_options': 'WarnErrorOptionsV2(error=[], warn=[], silence=[])', 'static_parser': 'True', 'log_cache_events': 'False', 'cache_selected_only': 'False', 'version_check': 'True', 'introspect': 'True', 'profiles_dir': '/Users/adrianparsons/.dbt', 'printer_width': '80'}
[0m15:01:04.537171 [info ] [MainThread]: Registered adapter: bigquery=1.10.2
[0m15:01:04.679121 [debug] [MainThread]: checksum: 9f0c81e2574b4ff463f3d16d080df83c6982fc0372c9feeacae0504ac9ea3ffe, vars: {}, profile: , target: , version: 1.10.13
[0m15:01:04.901952 [debug] [MainThread]: Partial parsing enabled: 0 files deleted, 0 files added, 0 files changed.
[0m15:01:04.902239 [debug] [MainThread]: Partial parsing enabled, no changes found, skipping parsing
[0m15:01:04.904968 [warn ] [MainThread]: [[33mWARNING[0m]: Configuration paths exist in your dbt_project.yml file which do not apply to any resources.
There are 1 unused configuration paths:
- models.empty_lots.example
[0m15:01:04.967231 [debug] [MainThread]: Wrote artifact WritableManifest to /Users/adrianparsons/Documents/programming/empty-lots/empty.nyc/dbt/target/manifest.json
[0m15:01:04.968329 [debug] [MainThread]: Wrote artifact SemanticManifest to /Users/adrianparsons/Documents/programming/empty-lots/empty.nyc/dbt/target/semantic_manifest.json
[0m15:01:04.980786 [info ] [MainThread]: Found 1 model, 1 analysis, 1 source, 508 macros
[0m15:01:04.981693 [info ] [MainThread]: 
[0m15:01:04.981918 [info ] [MainThread]: Concurrency: 1 threads (target='dev')
[0m15:01:04.982086 [info ] [MainThread]: 
[0m15:01:04.982364 [debug] [MainThread]: Acquiring new bigquery connection 'master'
[0m15:01:04.982843 [debug] [ThreadPool]: Acquiring new bigquery connection 'list_empty-lots'
[0m15:01:04.983084 [debug] [ThreadPool]: Opening a new connection, currently in state init
[0m15:01:05.532110 [debug] [ThreadPool]: Re-using an available connection from the pool (formerly list_empty-lots, now list_empty-lots_nyc_pluto_historical)
[0m15:01:05.536206 [debug] [ThreadPool]: Opening a new connection, currently in state closed
[0m15:01:06.040179 [debug] [MainThread]: Opening a new connection, currently in state init
[0m15:01:06.055372 [debug] [Thread-1 (]: Began running node model.empty_lots.stg_lots
[0m15:01:06.056066 [info ] [Thread-1 (]: 1 of 1 START sql view model nyc_pluto_historical.stg_lots ...................... [RUN]
[0m15:01:06.056558 [debug] [Thread-1 (]: Re-using an available connection from the pool (formerly list_empty-lots_nyc_pluto_historical, now model.empty_lots.stg_lots)
[0m15:01:06.056793 [debug] [Thread-1 (]: Began compiling node model.empty_lots.stg_lots
[0m15:01:06.064604 [debug] [Thread-1 (]: Writing injected SQL for node "model.empty_lots.stg_lots"
[0m15:01:06.065226 [debug] [Thread-1 (]: Began executing node model.empty_lots.stg_lots
[0m15:01:06.085367 [debug] [Thread-1 (]: Writing runtime sql for node "model.empty_lots.stg_lots"
[0m15:01:06.086322 [debug] [Thread-1 (]: On model.empty_lots.stg_lots: /* {"app": "dbt", "dbt_version": "1.10.13", "profile_name": "empty_lots", "target_name": "dev", "node_id": "model.empty_lots.stg_lots"} */


  create or replace view `empty-lots`.`nyc_pluto_historical`.`stg_lots`
  OPTIONS()
  as /*
    Welcome to your first dbt model!
    Did you know that you can also configure models directly within SQL files?
    This will override configurations stated in dbt_project.yml

    Try changing "table" to "view" below
*/




select *
from `empty-lots`.`nyc_pluto_historical`.`pluto`
where address is not null
and regexp_contains(address, r'[0-9].*');


[0m15:01:06.086627 [debug] [Thread-1 (]: Opening a new connection, currently in state closed
[0m15:01:06.735269 [debug] [Thread-1 (]: BigQuery adapter: https://console.cloud.google.com/bigquery?project=empty-lots&j=bq:us-east4:69123106-5928-42e6-a040-253db17037c3&page=queryresults
[0m15:01:07.186442 [info ] [Thread-1 (]: 1 of 1 OK created sql view model nyc_pluto_historical.stg_lots ................. [[32mCREATE VIEW (0 processed)[0m in 1.13s]
[0m15:01:07.187974 [debug] [Thread-1 (]: Finished running node model.empty_lots.stg_lots
[0m15:01:07.188837 [debug] [MainThread]: Opening a new connection, currently in state closed
[0m15:01:07.189792 [debug] [MainThread]: Connection 'master' was properly closed.
[0m15:01:07.189976 [debug] [MainThread]: Connection 'model.empty_lots.stg_lots' was properly closed.
[0m15:01:07.190172 [info ] [MainThread]: 
[0m15:01:07.190361 [info ] [MainThread]: Finished running 1 view model in 0 hours 0 minutes and 2.21 seconds (2.21s).
[0m15:01:07.190773 [debug] [MainThread]: Command end result
[0m15:01:07.207813 [debug] [MainThread]: Wrote artifact WritableManifest to /Users/adrianparsons/Documents/programming/empty-lots/empty.nyc/dbt/target/manifest.json
[0m15:01:07.211522 [debug] [MainThread]: Wrote artifact SemanticManifest to /Users/adrianparsons/Documents/programming/empty-lots/empty.nyc/dbt/target/semantic_manifest.json
[0m15:01:07.217390 [debug] [MainThread]: Wrote artifact RunExecutionResult to /Users/adrianparsons/Documents/programming/empty-lots/empty.nyc/dbt/target/run_results.json
[0m15:01:07.217652 [info ] [MainThread]: 
[0m15:01:07.217907 [info ] [MainThread]: [32mCompleted successfully[0m
[0m15:01:07.218511 [info ] [MainThread]: 
[0m15:01:07.218889 [info ] [MainThread]: Done. PASS=1 WARN=0 ERROR=0 SKIP=0 NO-OP=0 TOTAL=1
[0m15:01:07.222827 [debug] [MainThread]: Resource report: {"command_name": "run", "command_success": true, "command_wall_clock_time": 4.6394444, "process_in_blocks": "0", "process_kernel_time": 0.488929, "process_mem_max_rss": "355565568", "process_out_blocks": "0", "process_user_time": 2.550323}
[0m15:01:07.223285 [debug] [MainThread]: Command `dbt run` succeeded at 15:01:07.223224 after 4.64 seconds
[0m15:01:07.223525 [debug] [MainThread]: Flushing usage events
