borough,Tax block,Tax lot,community board,council district,postcode,policeprct,address,state,bldgclass,landuse,ownertype,ownername,lotarea,unitstotal,lotfront,lotdepth,lottype,assessland,yearbuilt,histdist,landmark,borocode,x,y,latitude,longitude,zonemap,notes,city
SI,5015,68,503.0,51.0,10306.0,122.0,37 JUSTIN AVENUE,NY,V0,11,,HOME SELL INC,231,0,3.0,77.0,8,774,0,,,5,946411.0,142354.0,40.5573238,-74.1361732,33c,,New York
SI,1801,6,502.0,50.0,10314.0,121.0,461 SPENCER STREET,NY,V1,11,,"GLIKIS, ANASTASIOS J",1710,0,38.0,45.0,5,21150,0,,,5,929929.0,158781.0,40.6023269,-74.1956196,26a,,New York
SI,3638,45,502.0,50.0,10306.0,122.0,200 BRYANT AVE,NY,V0,11,,204 BRYANT AVE LLC,4000,0,40.0,100.0,5,13620,0,,,5,953766.0,148902.0,40.5753251,-74.1097339,27b,,New York
SI,5520,45,503.0,51.0,10312.0,122.0,182 BARTLETT AVENUE,NY,V0,11,,RICHMOND 45 INC.,5330,0,41.0,130.0,5,15660,0,,,5,937778.0,140533.0,40.5522845,-74.1672286,33c,,New York
SI,3795,38,502.0,50.0,10306.0,122.0,113 GRIMSBY STREET,NY,V0,11,,RESILIENT HOMES HOUSING DEVELOPMENT FUND  COMPANY INC.,2850,0,30.0,95.0,5,7860,0,,,5,958365.0,148916.0,40.5753782,-74.0931789,27b,,New York
SI,1552,52,502.0,50.0,10314.0,121.0,8 CROCHERON AVENUE,NY,V0,11,,SEEM REALTY VI LLC,5000,0,50.0,100.0,5,24480,0,,,5,940837.0,161793.0,40.6106544,-74.1563574,20d,,New York
SI,7035,64,503.0,51.0,10309.0,123.0,736 MAGUIRE AVENUE,NY,V0,11,,CS III LLC,4020,0,40.2,100.51,5,19080,0,,,5,925174.0,137828.0,40.5447848,-74.2125601,33a,,New York
SI,7710,301,503.0,51.0,10309.0,123.0,480 BUTLER BOULEVARD,NY,V0,11,,"MONTEMARANO, MICHAEL",6890,0,76.79,100.06,5,22680,0,,,5,921718.0,123840.0,40.5063668,-74.2248658,35a,,New York
SI,2004,50,502.0,51.0,10314.0,121.0,68 GLENN ROAD,NY,V0,11,,CENTENNIAL ESTATES INC,5686,0,49.04,118.82,5,26040,0,,,5,941609.0,155703.0,40.5939424,-74.1535385,26c,,New York
SI,1257,55,501.0,49.0,10303.0,121.0,180 GRANDVIEW AVENUE,NY,V0,11,,"MIMIDINOVSKI, SAKET",3566,0,35.0,102.0,0,10920,0,,,5,938346.0,170815.0,40.6354053,-74.1653904,20c,,New York
SI,1236,122,501.0,49.0,10303.0,121.0,5 LOCKMAN PLACE,NY,V0,11,,"FLETE, EDWIN",2233,0,25.0,89.33,5,6540,0,,,5,939577.0,170335.0,40.6340941,-74.160952,20c,,New York
SI,3551,116,502.0,50.0,10305.0,122.0,1919 HYLAN BOULEVARD,NY,V1,11,C,NYC DEPARTMENT OF ENVIRONMENTAL PROTECTION,9363,0,85.13,220.1,5,33300,0,,,5,957183.0,151621.0,40.5827993,-74.0974446,27a,,New York
SI,4274,46,503.0,50.0,10306.0,122.0,10 STREET,NY,V0,11,,WADSWORTH RICH CORP,783,0,1.0,900.0,5,2700,0,,,5,950577.0,144948.0,40.5644606,-74.1211937,27b,,New York
SI,2100,460,502.0,51.0,10314.0,121.0,85L FREEDOM AVENUE,NY,V0,11,X,RIVINGTON HOMEOWNERS ASS LTD,15266,0,87.0,118.0,5,0,0,,,5,938951.0,157163.0,40.5979366,-74.163119,26c,,New York
SI,5520,140,503.0,51.0,10312.0,122.0,187 BARTLETT AVENUE,NY,V0,11,,GENESEE AVENUE DEVELOPERS LLC,4823,0,37.0,130.0,5,6300,0,,,5,937897.0,140618.0,40.5525184,-74.166801,33c,,New York
SI,7035,6,503.0,51.0,10309.0,123.0,87 BOMBAY STREET,NY,V0,11,,BOMBAY RADIGAN LLC,4020,0,40.2,100.51,5,19140,0,,,5,925111.0,137690.0,40.5444056,-74.2127856,33a,,New York
SI,7035,80,503.0,51.0,10309.0,123.0,171 MASON BOULEVARD,NY,V0,11,,MCGUIRE AVENUE LLC,3981,0,49.77,79.72,5,19920,0,,,5,925165.0,137599.0,40.5441562,-74.2125905,33a,,New York
SI,3040,15,502.0,50.0,10305.0,122.0,94 POUCH TERRACE,NY,V0,11,,STEUBEN LLC,5112,0,56.0,98.0,5,25800,0,,,5,963169.0,158601.0,40.6019743,-74.075916,27c,,New York
SI,6998,280,503.0,51.0,10309.0,123.0,25 MARETZEK COURT,NY,V0,11,,MANFAM LLC,15473,0,90.0,140.43,5,49920,0,,,5,924593.0,131147.0,40.5264429,-74.2145917,33b,,New York
SI,7035,68,503.0,51.0,10309.0,123.0,728 MAGUIRE AVENUE,NY,V0,11,,"CASA MASON ESTATES, LLC",40,0,39.8,100.51,5,19080,0,,,5,925198.0,137750.0,40.5445709,-74.2124731,33a,,New York
SI,1257,54,501.0,49.0,10303.0,121.0,178 GRANDVIEW AVENUE,NY,V0,11,,"MIMIDINOVSKI, SAKET",3412,0,33.5,102.0,0,10560,0,,,5,938347.0,170849.0,40.6354986,-74.1653871,20c,,New York
SI,7035,14,503.0,51.0,10309.0,123.0,71 BOMBAY STREET,NY,V0,11,,BOMBAY RADIGAN LLC,4020,0,40.2,100.51,5,19140,0,,,5,925064.0,137848.0,40.544839,-74.2129561,33a,,New York
SI,5520,135,503.0,51.0,10312.0,122.0,175 BARTLETT AVENUE,NY,V0,11,,GENESEE AVENUE DEVELOPERS LLC,4823,0,37.0,130.0,5,6300,0,,,5,937916.0,140508.0,40.5522166,-74.1667319,33c,,New York
SI,7884,83,503.0,51.0,10307.0,123.0,351 BRIGHTON STREET,NY,V0,11,,VITA ALBANESE,5000,0,50.0,100.0,5,16980,0,,,5,916928.0,122024.0,40.5013472,-74.2420726,35a,,New York
SI,195,26,501.0,49.0,10310.0,120.0,3 CHAPPELL STREET,NY,V1,11,X,"NEW HOPE COMMUNITY CHURCH, INC.",2425,0,25.0,97.0,5,28800,0,,,5,950921.0,171385.0,40.6370261,-74.120086,21a,,New York
SI,1835,150,502.0,50.0,10314.0,121.0,500 BLOOMFIELD ROAD,NY,V1,11,,"SUTHERLAND MARINE DEVELOPMENT, LLC",4252327,0,97.58,2800.0,5,3953700,0,,,5,929662.0,168217.0,40.6282251,-74.1966574,20a,,New York
SI,195,25,501.0,49.0,10310.0,120.0,1 CHAPPELL STREET,NY,V1,11,X,NEW HOPE COMMUNITY CHURCH INC,2425,0,25.0,97.0,5,28800,0,,,5,950918.0,171410.0,40.6370947,-74.120097,21a,,New York
SI,1801,160,502.0,50.0,10314.0,121.0,1800 SOUTH AVENUE,NY,V1,11,,1900 SOUTH OWNER LLC,382000,0,764.0,500.0,5,1395900,0,,,5,930940.0,160063.0,40.6058519,-74.191989,20b,,New York
SI,3658,28,502.0,50.0,10305.0,122.0,298 SEAVER AVENUE,NY,V0,11,,SI STAR REAL ESTATE INC,3000,0,30.0,100.0,0,12000,0,,,5,957869.0,151383.0,40.5821481,-74.0949739,27b,,New York
SI,5520,143,503.0,51.0,10312.0,122.0,191 BARTLETT AVENUE,NY,V0,11,,GENESEE AVENUE DEVELOPERS LLC,4823,0,37.0,130.0,5,6300,0,,,5,937891.0,140654.0,40.5526172,-74.1668228,33c,,New York
SI,5520,128,503.0,51.0,10312.0,122.0,163 BARTLETT AVENUE,NY,V0,11,,GENESEE AVENUE DEVELOPERS LLC,4823,0,37.0,130.0,5,6300,0,,,5,937934.0,140398.0,40.5519148,-74.1666663,33c,,New York
SI,5520,144,503.0,51.0,10312.0,122.0,195 BARTLETT AVENUE,NY,V0,11,,GENESEE AVENUE DEVELOPERS LLC,4823,0,37.0,130.0,3,6300,0,,,5,937885.0,140691.0,40.5527187,-74.1668447,33c,,New York
SI,5520,50,503.0,51.0,10312.0,122.0,3519 RICHMOND AVENUE,NY,V0,11,,RICHMOND 45 INC.,7200,0,45.0,96.0,3,16920,0,,,5,937787.0,140645.0,40.552592,-74.167197,33c,,New York
SI,5520,136,503.0,51.0,10312.0,122.0,179 BARTLETT AVENUE,NY,V0,11,,GENESEE AVENUE DEVELOPERS LLC,4823,0,37.0,130.0,5,6300,0,,,5,937909.0,140545.0,40.5523181,-74.1667573,33c,,New York
SI,5520,132,503.0,51.0,10312.0,122.0,171 BARTLETT AVENUE,NY,V0,11,,GENESEE AVENUE DEVELOPERS LLC,4823,0,37.0,130.0,5,6300,0,,,5,937922.0,140471.0,40.5521151,-74.16671,33c,,New York
SI,5520,48,503.0,51.0,10312.0,122.0,186 BARTLETT AVENUE,NY,V0,11,,RICHMOND 45 INC.,5330,0,41.0,130.0,5,15660,0,,,5,937771.0,140574.0,40.552397,-74.1672541,33c,,New York
SI,5520,131,503.0,51.0,10312.0,122.0,167 BARTLETT AVENUE,NY,V0,11,,GENESEE AVENUE DEVELOPERS LLC,4823,0,37.0,130.0,5,6300,0,,,5,937928.0,140435.0,40.5520163,-74.1666882,33c,,New York
SI,7066,83,503.0,51.0,10309.0,123.0,96 POPLAR AVENUE,NY,V0,11,,"KOMSIOS, NIKOLAOS",4384,0,69.29,86.44,5,22020,0,,,5,924262.0,140558.0,40.552272,-74.2158657,33a,,New York
SI,5520,127,503.0,51.0,10312.0,122.0,159 BARTLETT AVENUE,NY,V0,11,,GENESEE AVENUE DEVELOPERS LLC,4823,0,37.0,130.0,5,6300,0,,,5,937940.0,140363.0,40.5518187,-74.1666445,33c,,New York
SI,5520,139,503.0,51.0,10312.0,122.0,183 BARTLETT AVENUE,NY,V0,11,,GENESEE AVENUE DEVELOPERS LLC,4823,0,37.0,130.0,5,6300,0,,,5,937903.0,140581.0,40.5524169,-74.1667791,33c,,New York
SI,2004,51,502.0,51.0,10314.0,121.0,66 GLENN ROAD,NY,V0,11,,CENTENNIAL ESTATES INC,2643,0,23.01,113.87,5,11280,0,,,5,941638.0,155678.0,40.5938739,-74.153434,26c,,New York
SI,3792,14,502.0,50.0,10306.0,122.0,948 OLYMPIA BOULEVARD,NY,V0,11,,"RZHEVSKY, VLADIMIR",3760,0,40.0,94.0,5,11280,0,,,5,959123.0,148860.0,40.5752267,-74.0904501,27b,,New York
SI,3658,26,502.0,50.0,10305.0,122.0,296 SEAVER AVENUE,NY,V0,11,,SI STAR REAL ESTATE INC,3000,0,60.0,100.0,5,12000,0,,,5,957844.0,151400.0,40.5821947,-74.095064,27b,,New York
SI,3796,28,502.0,50.0,10306.0,122.0,183 FREEBORN STREET,NY,V0,11,,FREEBORN EMPTY LOTS,3800,0,40.0,95.0,5,11400,0,,,5,958571.0,148779.0,40.5750027,-74.0924368,27b,,New York
SI,3554,66,502.0,50.0,10306.0,122.0,44 HULL AVENUE,NY,V0,11,,"CACCESE, RICHARD C",5035,0,53.0,95.0,5,17100,0,,,5,955194.0,152148.0,40.5842396,-74.1046075,27a,,New York
SI,5474,12,503.0,51.0,10308.0,122.0,51 EAST READING AVENUE,NY,V0,11,,"EAST READING HOLDINGS, LLC",5192,0,26.0,200.0,5,17580,0,,,5,939555.0,142226.0,40.5569406,-74.1608453,33c,,New York
SI,5639,57,503.0,51.0,10312.0,123.0,110 LOVELACE AVENUE,NY,V0,11,,1671 HYLAN BLVD. LLC,4484,0,38.0,118.0,5,13440,0,,,5,935682.0,140731.0,40.5528167,-74.1747724,33c,,New York
SI,461,12,501.0,50.0,10314.0,121.0,361 NEAL DOW AVENUE,NY,V0,11,,THOMAS LAPP,1700,0,20.0,85.0,5,5520,0,,,5,946403.0,163215.0,40.614583,-74.1363188,20d,,New York
SI,33,17,501.0,49.0,10301.0,120.0,52 BROOK STREET,NY,V1,11,,MT SINAI UNITED CHRIS,2807,0,25.0,114.0,5,166950,0,,,5,961343.0,171301.0,40.6368286,-74.0825348,21c,,New York
SI,5,65,501.0,49.0,10301.0,120.0,25 CENTRAL AVENUE,NY,V1,11,,REUBEN E GROSS ETAL,5000,0,50.0,100.0,5,101250,0,,,5,963003.0,172885.0,40.6411805,-74.0765587,21c,,New York
SI,16,106,501.0,49.0,10301.0,120.0,396 ST MARKS PLACE,NY,V1,11,,"GJESHBITRAJ, NAFIJA",2070,0,23.0,90.0,5,49500,0,,,5,962653.0,172501.0,40.6401256,-74.0778187,21c,,New York
SI,16,146,501.0,49.0,10301.0,120.0,51 VICTORY BOULEVARD,NY,V1,11,,BREX ESTATES LLC,2500,0,25.0,100.0,5,72900,0,,,5,962780.0,171782.0,40.6381524,-74.0773588,21c,,New York
SI,6,3,501.0,49.0,10301.0,120.0,118 CENTRAL AVENUE,NY,V1,11,,CENTRAL AVENUE DEVELOPERS LLC,41950,0,216.0,200.0,5,1265850,0,,,5,962957.0,171964.0,40.6386524,-74.0767216,21c,,New York
SI,16,22,501.0,49.0,10301.0,120.0,101 MONTGOMERY AVENUE,NY,V1,11,,MONTGOMERY AVE INVESTORS LLC,4250,0,50.0,85.0,5,142200,0,,,5,962617.0,172228.0,40.6393762,-74.0779475,21c,,New York
SI,16,119,501.0,49.0,10301.0,120.0,428 ST MARKS PLACE,NY,V1,11,,"428 ST. MARKS PLACE HOLDINGS, INC.",2125,0,25.0,85.0,5,77850,0,,,5,962713.0,172183.0,40.6392529,-74.0776015,21c,,New York
SI,5,5,501.0,49.0,10301.0,120.0,140 BAY STREET,NY,V1,11,,"PHOENIX OPPORTUNITY HOLDINGS, LLC",14052,0,145.0,132.0,5,274500,0,,,5,963150.0,172110.0,40.6390536,-74.0760266,21c,,New York
SI,3066,243,501.0,49.0,10305.0,120.0,45 SEA GATE ROAD,NY,V0,11,,"MOSTAFAVI, RAMIN",9319,0,78.83,130.0,5,35760,0,,,5,967940.0,161335.0,40.6094886,-74.0587415,21d,,New York
SI,496,40,501.0,49.0,10304.0,120.0,725 BAY STREET,NY,V1,11,C,MTA - STATEN ISLAND RAILWAY,19684,0,180.5,105.52,5,468000,0,,,5,963677.0,166819.0,40.6245322,-74.0741117,21d,,New York
SI,13,68,501.0,49.0,10301.0,120.0,208 RICHMOND TERRACE,NY,V1,11,,"ECONOMIC DEVELOPMENT OPPORTUNITY ZONE FU ND I, LLC",5756,0,48.34,130.0,5,230850,0,,,5,961968.0,174952.0,40.6468514,-74.080295,21c,,New York
SI,19,1,501.0,49.0,10301.0,120.0,115 BELMONT PLACE,NY,V0,11,,"CHEN, YI  ZHONG",5000,0,50.0,100.0,5,16740,0,,,5,962286.0,173326.0,40.6423892,-74.0791437,21c,,New York
SI,49,171,501.0,49.0,10301.0,120.0,211 BEECHWOOD AVENUE,NY,V0,11,,GOTHELF MARK,12690,0,85.0,153.0,5,22380,0,,,5,960916.0,173186.0,40.6420014,-74.0840798,21c,,New York
SI,23,13,501.0,49.0,10301.0,120.0,455 WESTERVELT AVENUE,NY,V3,11,,RJW ISLAND ENTERPRISES LLC,3825,0,78.0,77.0,3,33780,0,,,5,961564.0,171304.0,40.6368374,-74.0817385,21c,,New York
SI,38,79,501.0,49.0,10301.0,120.0,55 WINTER AVENUE,NY,V0,11,,"BROWNING, MARY",2824,0,32.0,100.0,5,9840,0,,,5,960904.0,172140.0,40.6391303,-74.0841194,21c,,New York
SI,3636,88,502.0,50.0,10306.0,122.0,339 EDISON STREET,NY,V0,11,,"SAVO, LEONELLO JR",3500,0,35.0,100.0,5,11160,0,,,5,952870.0,148253.0,40.5735406,-74.1129562,27b,,New York
SI,17,26,501.0,49.0,10301.0,120.0,77 MONROE AVENUE,NY,V0,11,,MONTGO LLC,4250,0,25.0,170.0,5,33780,0,,,5,962390.0,172428.0,40.6399246,-74.0787661,21c,,New York
SI,17,19,501.0,49.0,10301.0,120.0,93 MONROE AVENUE,NY,V0,11,,MONTGO LLC,6375,0,75.0,85.0,5,50640,0,,,5,962370.0,172297.0,40.639565,-74.0788377,21c,,New York
SI,24,7,501.0,49.0,10301.0,120.0,109 SHERMAN AVENUE,NY,V1,11,,WILLIAM D FEIS,2500,0,25.0,100.0,5,136350,0,,,5,961921.0,171910.0,40.6385017,-74.0804543,21c,,New York
SI,17,116,501.0,49.0,10301.0,120.0,130 MONTGOMERY AVENUE,NY,V1,11,,MONTGOMERY AVE PROPERTIES LLC,2873,0,24.0,77.0,5,98550,0,,,5,962527.0,171948.0,40.6386075,-74.0782709,21c,,New York
SI,36,129,501.0,49.0,10301.0,120.0,185 CORSON AVENUE,NY,V0,11,,GREAT REDEMPTION REALTY HOLDING. LLC,3650,0,36.5,100.0,5,6300,0,,,5,960641.0,171585.0,40.6376063,-74.0850651,21c,,New York
SI,575,32,501.0,49.0,10301.0,120.0,180 VICTORY BOULEVARD,NY,V1,11,,"180 VICTORY, LLC",10300,0,90.0,110.0,3,238500,0,,,5,961552.0,171119.0,40.6363296,-74.0817812,21c,,New York
SI,529,1,501.0,49.0,10304.0,120.0,94 BROAD STREET,NY,V0,11,,94 BROAD ST. LLC,2512,0,25.0,100.0,5,11340,0,,,5,962518.0,166904.0,40.6247627,-74.0782871,21d,,New York
SI,534,40,501.0,49.0,10304.0,120.0,15 VANDERBILT AVENUE,NY,V0,11,,THE SALVATION ARMY,31620,0,275.0,115.0,5,96120,0,,,5,963472.0,165752.0,40.621603,-74.0748469,21d,,New York
SI,534,25,501.0,49.0,10304.0,120.0,45 VANDERBILT AVENUE,NY,V0,11,,THE SALVATION ARMY,295187,0,958.34,761.5,3,844080,0,Individual Landmark,,5,963702.0,166205.0,40.6228469,-74.0740197,21d,,New York
SI,565,65,501.0,49.0,10304.0,120.0,203 TARGEE STREET,NY,V3,11,,JUAN C. RUIZ,3138,0,30.17,104.0,5,9600,0,,,5,960832.0,165951.0,40.6221427,-74.0843574,21d,,New York
SI,3121,34,502.0,50.0,10305.0,122.0,47 OCEAN AVENUE,NY,V0,11,,"ASPERTI, MAURIZIO",2450,0,24.5,100.0,0,9840,0,,,5,966444.0,156909.0,40.5973373,-74.0641178,27c,,New York
SI,3121,36,502.0,50.0,10305.0,122.0,45 OCEAN AVENUE,NY,V0,11,,"ASPERTI, MAURIZIO",2531,0,25.5,100.0,5,9420,0,,,5,966431.0,156930.0,40.5973949,-74.0641646,27c,,New York
SI,3119,71,502.0,50.0,10305.0,122.0,78A WINDOM AVENUE,NY,V0,11,,"BICER, EMINEM",2800,0,20.0,140.0,5,5226,0,,,5,966365.0,156222.0,40.5954514,-74.0644004,27c,,New York
SI,52,4,501.0,49.0,10301.0,120.0,169 YORK AVENUE,NY,V0,11,,169 YORK AVE VENTURES LLC,3068,0,26.0,118.0,5,9420,0,,,5,960010.0,173290.0,40.6422844,-74.0873448,21c,,New York
SI,3124,147,502.0,50.0,10305.0,122.0,53 DOTY AVENUE,NY,V0,11,,"MEI, PELIXIA",2187,0,23.14,80.62,5,5550,0,,,5,966398.0,155248.0,40.5927781,-74.064279,27c,,New York
SI,3122,218,502.0,50.0,10305.0,122.0,18 SAND COURT,NY,V0,11,,"D HANDY, INC.",2366,0,26.0,91.0,5,8460,0,,,5,965819.0,154825.0,40.5916158,-74.0663626,27c,,New York
SI,3122,226,502.0,50.0,10305.0,122.0,10 SAND COURT,NY,V0,11,,"D HANDY, INC.",2821,0,31.0,91.0,5,13140,0,,,5,965736.0,154733.0,40.5913631,-74.0666612,27c,,New York
SI,3122,220,502.0,50.0,10305.0,122.0,16 SAND COURT,NY,V0,11,,"D HANDY, INC.",2821,0,31.0,91.0,5,10440,0,,,5,965800.0,154803.0,40.5915554,-74.066431,27c,,New York
SI,3122,171,502.0,50.0,10305.0,122.0,15 SAND COURT,NY,V0,11,,"D HANDY, INC.",2542,0,31.0,82.0,5,9300,0,,,5,965865.0,154743.0,40.5913909,-74.0661968,27c,,New York
SI,3122,174,502.0,50.0,10305.0,122.0,19 SAND COURT,NY,V0,11,,"D HANDY, INC.",5084,0,62.0,82.0,5,20700,0,,,5,965916.0,154799.0,40.5915447,-74.0660133,27c,,New York
SI,3122,129,502.0,50.0,10305.0,122.0,209 FATHER CAPODANNO BL,NY,V0,11,,AMENO MICHAEL,1950,0,26.0,75.0,5,8040,0,,,5,966148.0,154937.0,40.5919239,-74.0651783,27c,,New York
SI,3124,116,502.0,50.0,10305.0,122.0,123 FATHER CAPODANNO BL,NY,V0,11,,RESILIENT HOMES HOUSING DEVELOPMENT FUND  COMPANY INC.,3795,0,85.0,151.0,3,16500,0,,,5,966669.0,155565.0,40.5936487,-74.0633041,27c,,New York
SI,3122,173,502.0,50.0,10305.0,122.0,17 SAND COURT,NY,V0,11,,"D HANDY, INC.",2132,0,26.0,82.0,5,7800,0,,,5,965885.0,154765.0,40.5914513,-74.0661248,27c,,New York
SI,3122,169,502.0,50.0,10305.0,122.0,13 SAND COURT,NY,V0,11,,"D HANDY, INC.",2542,0,31.0,82.0,5,9300,0,,,5,965844.0,154720.0,40.5913277,-74.0662723,27c,,New York
SI,69,101,501.0,49.0,10301.0,120.0,17 CLINTON AVENUE,NY,V1,11,,STEEPLECHASE BUILDING CORP,2500,0,25.0,100.0,5,43650,0,,,5,957019.0,174008.0,40.6442465,-74.0981253,21a,,New York
SI,3643,38,502.0,50.0,10306.0,122.0,104 JACQUES AVENUE,NY,V0,11,,JACQUES PROFESSIONAL BUILDING LLC,7000,0,70.0,100.0,5,22860,0,,,5,952936.0,147933.0,40.5726625,-74.1127172,27b,,New York
SI,3636,3,502.0,50.0,10306.0,122.0,81 JACQUES AVENUE,NY,V0,11,,"SAVO, LEONELLO JR",3500,0,35.0,100.0,3,11160,0,,,5,952810.0,148167.0,40.5733044,-74.1131718,27b,,New York
SI,2887,23,501.0,49.0,10304.0,120.0,227 ODER AVENUE,NY,V0,11,,227 ODER DEVELOPMENT LLC,2500,0,25.0,100.0,5,6000,0,,,5,960605.0,161703.0,40.6104822,-74.0851602,21d,,New York
SI,3154,31,502.0,50.0,10304.0,122.0,429 ODER AVENUE,NY,V0,11,,429 ODER LLC,2500,0,25.0,100.0,5,6660,0,,,5,959561.0,160366.0,40.6068095,-74.0889154,21d,,New York
SI,3160,4,502.0,50.0,10304.0,122.0,2060 CLOVE ROAD,NY,V0,11,,CLOVE PROPERTY MANAGEMENT LLC,2800,0,28.0,100.0,4,13800,0,,,5,960885.0,159433.0,40.6042522,-74.0841439,27c,,New York
SI,178,82,501.0,49.0,10310.0,120.0,291 BROADWAY,NY,V1,11,,291 VENTURES LLC,2000,0,20.0,100.0,5,44100,0,,,5,951818.0,170358.0,40.6342105,-74.1168492,21a,,New York
SI,58,87,501.0,49.0,10301.0,120.0,59 PARK PLACE,NY,V0,11,,"TAGAYEV, ALIJAN",7516,0,97.6,72.28,5,18120,0,,,5,959106.0,173112.0,40.6417933,-74.0906015,21a,,New York
SI,158,129,501.0,49.0,10310.0,120.0,159 NORTH BURGHER AVENUE,NY,V0,11,,BETHEL APOSTOLIC ASSEMBLY,8050,0,50.0,162.0,5,23100,0,,,5,952426.0,171575.0,40.6375531,-74.1146644,21a,,New York
SI,184,225,501.0,49.0,10310.0,120.0,1441 RICHMOND TERRACE,NY,V1,11,,BLOCK 184 LLC,6487,0,136.0,52.0,5,120600,0,,,5,952234.0,173230.0,40.642095,-74.115364,21a,,New York
SI,3154,32,502.0,50.0,10304.0,122.0,427 ODER AVENUE,NY,V0,11,,429 ODER LLC,2500,0,25.0,100.0,5,6660,0,,,5,959576.0,160385.0,40.6068617,-74.0888615,21d,,New York
SI,3151,30,502.0,50.0,10304.0,122.0,778 RICHMOND ROAD,NY,V1,11,,RICHMOND 778 LLC,4850,0,50.0,97.0,5,189900,0,,,5,958946.0,160834.0,40.6080924,-74.091132,21b,,New York
SI,177,69,501.0,49.0,10310.0,120.0,1001 CASTLETON AVENUE,NY,V1,11,,1001 CASTLETON AVENUE VENTURES LLC,1800,0,18.0,100.0,5,39600,0,,,5,952119.0,170616.0,40.6349198,-74.1157659,21a,,New York
SI,140,3,501.0,49.0,10310.0,120.0,41 ST AUSTINS PLACE,NY,V0,11,,"GUSTAFSSON, JOHN C",6100,0,50.0,122.0,5,18300,0,,,5,954384.0,170960.0,40.6358719,-74.1076068,21a,,New York
SI,155,159,501.0,49.0,10310.0,120.0,623 FOREST AVENUE,NY,V1,11,,BENT-LEIGH HOLDINGS LLC,4414,0,41.0,104.0,5,49500,0,,,5,953809.0,168888.0,40.6301827,-74.1096692,21a,,New York
SI,3377,48,502.0,50.0,10305.0,122.0,424 ALTER AVENUE,NY,V0,11,,GOOD KARMA REALTY CORP.,2089,0,20.0,105.0,5,4980,0,,,5,959700.0,153202.0,40.5871462,-74.0883888,27c,,New York
SI,3377,46,502.0,50.0,10305.0,122.0,422 ALTER AVENUE,NY,V0,11,,"SIMONCINI III, VINCENT",10717,0,40.0,197.0,5,25440,0,,,5,959644.0,153168.0,40.5870527,-74.0885903,27c,,New York
SI,3592,72,502.0,50.0,10306.0,122.0,1145 NORTH RAILROAD AVE,NY,V1,11,,INFINITY ELECTRIC INC.,1751,0,17.0,106.67,5,45900,0,,,5,953750.0,150393.0,40.5794176,-74.1097982,27b,,New York
SI,1155,19,501.0,49.0,10303.0,121.0,205 GRANITE AVENUE,NY,V1,11,,CHAYIL PROPERTIES LLC,13200,0,40.0,92.17,5,326250,0,,,5,943069.0,169598.0,40.6320881,-74.1483662,20c,,New York
SI,5900,33,503.0,51.0,10312.0,123.0,1529 ARTHUR KILL ROAD,NY,V1,11,,MARCIANO WHOLESALE CABINETS INC,6372,0,56.0,120.0,5,125100,0,,,5,931153.0,144413.0,40.5628971,-74.1910989,26b,,New York
SI,5900,39,503.0,51.0,10312.0,123.0,1525 ARTHUR KILL ROAD,NY,V1,11,,"BECKY MANAGEMENT, LLC.",8642,0,77.0,130.0,5,84600,0,,,5,931220.0,144479.0,40.5630787,-74.1908583,26b,,New York
SI,1234,93,501.0,49.0,10303.0,121.0,370 UNION AVENUE,NY,V0,11,,UNION/FOREST HOMEOWNERS ASSOCIATION INC.,2800,0,20.0,140.0,5,8760,0,,,5,940274.0,167943.0,40.6275321,-74.1584252,20c,,New York
SI,1190,105,501.0,49.0,10303.0,121.0,28 CECIL COURT,NY,V0,11,X,GIORDAN DEVELOPMENT CORP.,3400,0,50.0,68.8,6,0,0,,,5,941868.0,169795.0,40.6326232,-74.1526944,20c,,New York
SI,1183,33,501.0,49.0,10303.0,121.0,400 LAKE AVENUE,NY,V1,11,,GRAND LAKE HOLDING CORP.,4578,0,50.0,91.0,5,207450,0,,,5,941922.0,167410.0,40.6260771,-74.1524849,20d,,New York
SI,1477,31,501.0,49.0,10303.0,121.0,1781 FOREST AVENUE,NY,V1,11,,"1781 FOREST AVE, LLC",6200,0,60.0,117.0,5,213300,0,,,5,943108.0,167128.0,40.6253087,-74.1482107,20d,,New York
SI,1176,158,501.0,49.0,10303.0,121.0,213 SIMONSON AVENUE,NY,V0,11,,213 SIMONSON AVE VENTURES LLC,3762,0,33.0,114.0,5,10680,0,,,5,942058.0,169288.0,40.6312325,-74.1520067,20c,,New York
SI,3729,32,502.0,50.0,10306.0,122.0,121 MORELAND STREET,NY,V0,11,X,"THE NATURE CONSERVANCY, INC.",2270,0,21.42,106.0,5,6660,0,,,5,957720.0,149313.0,40.576466,-74.0955022,27b,,New York
SI,3850,15,502.0,50.0,10305.0,122.0,14 SIOUX STREET,NY,V0,11,,"RAIMONDI, ROBERT",1800,0,60.0,60.0,5,5520,0,,,5,960669.0,148917.0,40.5753874,-74.0848851,27d,,New York
SI,4762,25,503.0,50.0,10306.0,122.0,233 FOX LANE,NY,V0,11,C,CITY OF NEW YORK,2500,0,50.0,50.0,5,7320,0,,,5,951959.0,141430.0,40.5548096,-74.1162029,34a,,New York
SI,4781,20,503.0,50.0,10306.0,122.0,107 FOX BEACH AVENUE,NY,V0,11,C,CITY OF NEW YORK,1620,0,27.0,60.0,5,4740,0,,,5,952452.0,140607.0,40.5525524,-74.1144249,34a,,New York
SI,3481,36,502.0,50.0,10305.0,122.0,647 OCEANSIDE AVENUE,NY,V0,11,,DIVERCITY SPORTS INC.,1720,0,20.0,86.0,5,5040,0,,,5,962302.0,150274.0,40.5791162,-74.0790112,27d,,New York
SI,3831,4,502.0,50.0,10305.0,122.0,404 SLATER BOULEVARD,NY,V0,11,,"PALMA, SCOTT",1440,0,24.0,60.0,5,4200,0,,,5,961047.0,149416.0,40.576758,-74.0835261,27d,,New York
SI,5474,26,503.0,51.0,10308.0,122.0,11 EAST READING AVENUE,NY,V0,11,,"EAST READING HOLDINGS, LLC",5192,0,26.0,200.0,5,17580,0,,,5,939913.0,142285.0,40.5571043,-74.1595574,33c,,New York
SI,3795,46,502.0,50.0,10306.0,122.0,129 GRIMSBY STREET,NY,V0,11,,"BABAKHANOVA, SANOBAR",1900,0,20.0,95.0,5,5580,0,,,5,958280.0,148797.0,40.5750513,-74.0934844,27b,,New York
SI,5520,53,503.0,51.0,10312.0,122.0,330 GENESEE AVENUE,NY,V0,11,,RICHMOND 45 INC.,3888,0,35.0,96.0,5,12840,0,,,5,937696.0,140639.0,40.552575,-74.1675244,33c,,New York
SI,5515,7,503.0,51.0,10312.0,122.0,3651 RICHMOND AVE,NY,V0,11,,ISLAND WIDE BUILDING CORP.,4436,0,45.5,97.5,5,11940,0,,,5,937863.0,139331.0,40.5489857,-74.1669145,33c,,New York
SI,5515,6,503.0,51.0,10312.0,122.0,3655 RICHMOND AVE,NY,V0,11,,ISLAND WIDE BUILDING CORP.,4436,0,45.5,97.5,5,11940,0,,,5,937871.0,139286.0,40.5488622,-74.1668854,33c,,New York
SI,5515,70,503.0,51.0,10312.0,122.0,60 BARTLETT AVE,NY,V0,11,,ISLAND WIDE BUILDING CORP.,5801,0,45.5,127.5,5,15660,0,,,5,937974.0,139351.0,40.5490412,-74.1665152,33c,,New York
SI,4767,7,503.0,50.0,10306.0,122.0,153 FOX BEACH AVENUE,NY,V0,11,C,CITY OF NEW YORK,6000,0,100.0,60.0,5,18000,0,,,5,952057.0,141086.0,40.5538657,-74.1158486,34a,,New York
SI,4160,37,503.0,50.0,10306.0,122.0,31 KISSAM AVENUE,NY,V0,11,C,CITY OF NEW YORK,2050,0,25.0,82.0,5,6780,0,,,5,952829.0,142060.0,40.5565419,-74.113075,34a,,New York
SI,4781,47,503.0,50.0,10306.0,122.0,96 FOX LANE,NY,V0,11,C,CITY OF NEW YORK,4500,0,75.0,60.0,3,15540,0,,,5,952739.0,140351.0,40.5518507,-74.113391,34a,,New York
SI,655,22,501.0,49.0,10301.0,120.0,1380 CLOVE ROAD,NY,V0,11,,1390 CLOVE PROPERTIES INC.,4150,0,35.0,114.0,5,17400,0,,,5,956088.0,162891.0,40.6137298,-74.1014337,21b,,New York
SI,3755,16,502.0,50.0,10305.0,122.0,294 SLATER BOULEVARD,NY,V0,11,C,CITY OF NEW YORK,2250,0,20.0,112.5,5,6600,0,,,5,960165.0,150173.0,40.5788335,-74.0867038,27d,,New York
SI,3762,26,502.0,50.0,10305.0,122.0,43 BADEN PLACE,NY,V0,11,C,CITY OF NEW YORK,5700,0,60.0,95.0,5,17100,0,,,5,960007.0,149496.0,40.5769748,-74.0872702,27d,,New York
SI,3760,35,502.0,50.0,10305.0,122.0,171 GRAHAM BOULEVARD,NY,V0,11,C,"PROJECT REBUILD, INC.",3000,0,30.0,100.0,5,8640,0,,,5,959466.0,149714.0,40.5775717,-74.0892185,27d,,New York
SI,3792,9,502.0,50.0,10306.0,122.0,956 OLYMPIA BOULEVARD,NY,V0,11,C,"PROJECT REBUILD, INC.",4160,0,40.0,104.0,3,13860,0,,,5,959035.0,148784.0,40.5750178,-74.0907665,27b,,New York
SI,3755,2,502.0,50.0,10305.0,122.0,790 OLYMPIA BOULEVARD,NY,V0,11,C,CITY OF NEW YORK,5612,0,26.0,213.0,5,16860,0,,,5,960047.0,150099.0,40.57863,-74.0871284,27d,,New York
SI,3793,11,502.0,50.0,10306.0,122.0,152 COLONY AVENUE,NY,V0,11,,JUAN ACEVEDO,1900,0,20.0,95.0,5,5580,0,,,5,959296.0,148673.0,40.5747139,-74.0898266,27b,,New York
SI,4746,26,503.0,50.0,10306.0,122.0,47 DELWIT AVENUE,NY,V0,11,X,"SIY SOCCER LEAGUE, INC.",2400,0,16.0,150.0,5,7020,0,,,5,951304.0,140930.0,40.5534348,-74.1185576,34a,,New York
SI,4746,19,503.0,50.0,10306.0,122.0,29 DELWIT AVENUE,NY,V0,11,X,"SIY SOCCER LEAGUE, INC.",3900,0,26.0,150.0,5,11700,0,,,5,951437.0,140960.0,40.5535176,-74.1180791,34a,,New York
SI,4746,7,503.0,50.0,10306.0,122.0,683 MILL ROAD,NY,V0,11,X,"SIY SOCCER LEAGUE, INC.",3075,0,82.0,75.0,5,9840,0,,,5,951605.0,141045.0,40.5537515,-74.117475,34a,,New York
SI,4792,24,503.0,50.0,10306.0,122.0,162 FOX BEACH AVENUE,NY,V0,11,C,CITY OF NEW YORK,3100,0,50.0,62.0,5,9480,0,,,5,951978.0,141049.0,40.5537639,-74.1161327,34a,,New York
SI,4792,78,503.0,50.0,10306.0,122.0,78 FOX BEACH AVENUE,NY,V0,11,C,CITY OF NEW YORK,2340,0,37.5,62.5,5,6840,0,,,5,952628.0,140247.0,40.5515649,-74.1137899,34a,,New York
SI,4792,84,503.0,50.0,10306.0,122.0,103 TARLTON STREET,NY,V0,11,C,CITY OF NEW YORK,2280,0,28.5,80.0,5,6660,0,,,5,952542.0,140243.0,40.5515536,-74.1140994,34a,,New York
SI,4684,27,503.0,50.0,10306.0,122.0,151 AVISTON STREET,NY,V0,11,X,"OAKWOOD VETERANS ASSOCIATION, INC.",2500,0,25.0,100.0,5,7320,0,,,5,951691.0,141882.0,40.5560492,-74.1171695,34a,,New York
SI,4792,71,503.0,50.0,10306.0,122.0,90 FOX BEACH AVENUE,NY,V0,11,C,CITY OF NEW YORK,1560,0,25.0,62.42,5,4560,0,,,5,952537.0,140359.0,40.551872,-74.1141179,34a,,New York
SI,4050,49,502.0,50.0,10306.0,122.0,115 FINLEY AVENUE,NY,V0,11,,"FINLEY EMPTY LOTS, LLC",3875,0,85.0,45.0,5,13140,0,,,5,955278.0,144648.0,40.5636538,-74.1042729,27b,,New York
SI,7775,50,503.0,51.0,10307.0,123.0,74 OTTAVIO PROMENADE,NY,V0,11,,64 &74 OTTAVIO PROMENADE VENTURES LLC,10665,0,101.16,113.72,5,37980,0,,,5,920409.0,122616.0,40.5029978,-74.2295614,35a,,New York
SI,810,18,502.0,50.0,10314.0,121.0,74 GRAVES STREET,NY,V0,11,,"MANOR HEIGHTS ESTATES, LLC",2350,0,23.5,100.0,5,7560,0,,,5,948160.0,159260.0,40.6037347,-74.1299692,27a,,New York
SI,768,1,502.0,49.0,10314.0,121.0,65 GRAVES AVENUE,NY,V0,11,,PAPP BUILDING AND REALTY CORP,4000,0,40.0,100.0,3,24600,0,,,5,948296.0,159395.0,40.6041058,-74.1294802,27a,,New York
SI,5520,145,503.0,51.0,10312.0,122.0,318 ELTINGVILLE BOULEVARD,NY,V0,11,,GENESEE AVENUE DEVELOPERS LLC,3710,0,37.0,100.0,3,4860,0,,,5,937999.0,140710.0,40.5527715,-74.1664346,33c,,New York
SI,6946,8,503.0,51.0,10312.0,123.0,518 DRUMGOOLE ROAD EAST,NY,V0,11,,ASHLAND BUILDING LLC,8134,0,272.62,59.68,5,26580,0,,,5,925835.0,132269.0,40.5295308,-74.2101338,33b,,New York
SI,6944,200,503.0,51.0,10309.0,123.0,32 TERRACE AVENUE,NY,V0,11,,"CLAUDIA DIBIASE & GEMMA DIBIASE PICATAGG I,",4800,0,40.0,120.0,5,18240,0,,,5,926135.0,131082.0,40.5262747,-74.2090444,33b,,New York
SI,4754,58,503.0,50.0,10306.0,122.0,22 KISSAM AVENUE,NY,V0,11,C,CITY OF NEW YORK,2060,0,25.0,82.42,5,6060,0,,,5,952658.0,142055.0,40.5565276,-74.1136904,34a,,New York
SI,3019,120,501.0,49.0,10305.0,120.0,239 FINGERBOARD ROAD,NY,V0,11,,"MOUNT BUILDERS, LLC",683381,0,365.0,516.25,5,2655960,0,,,5,964717.0,160149.0,40.6062268,-74.0703459,21d,,New York
SI,4781,42,503.0,50.0,10306.0,122.0,106 FOX LANE,NY,V0,11,C,CITY OF NEW YORK,1500,0,25.0,60.0,5,4380,0,,,5,952663.0,140443.0,40.552103,-74.1136649,34a,,New York
SI,6909,25,503.0,51.0,10309.0,123.0,156 PARKWOOD AVENUE,NY,V0,11,,"SHI, MEI JUAN",5000,0,50.0,100.0,5,10980,0,,,5,927220.0,132412.0,40.5299323,-74.2051528,33b,,New York
SI,810,15,502.0,50.0,10314.0,121.0,73 WELLBROOK AVENUE,NY,V0,11,,"MANOR HEIGHTS ESTATES, LLC",2350,0,23.5,100.0,5,7560,0,,,5,948061.0,159248.0,40.6037014,-74.1303257,27a,,New York
SI,5363,74,503.0,51.0,10312.0,123.0,1443 ARDEN AVENUE,NY,V0,11,,RONALD FIZZAROTTI,2000,0,20.0,100.0,5,8220,0,,,5,938118.0,134673.0,40.5362017,-74.1659652,33d,,New York
SI,4767,17,503.0,50.0,10306.0,122.0,169B FOX BEACH AVENUE,NY,V0,11,C,CITY OF NEW YORK,2740,0,22.83,120.0,5,8040,0,,,5,951966.0,141242.0,40.5542936,-74.1161768,34a,,New York
SI,3838,17,502.0,50.0,10305.0,122.0,622 QUINCY AVENUE,NY,V0,11,C,CITY OF NEW YORK,2500,0,40.0,100.0,5,7620,0,,,5,961749.0,150131.0,40.5787224,-74.0810014,27d,,New York
SI,3838,26,502.0,50.0,10305.0,122.0,722 BUEL AVENUE,NY,V0,11,,"TAVELLA, VINCENT",2240,0,20.0,112.0,5,6540,0,,,5,961891.0,150021.0,40.5784208,-74.0804899,27d,,New York
SI,3481,37,502.0,50.0,10305.0,122.0,649 OCEANSIDE AVENUE,NY,V0,11,X,"LAURORE, LINDA",1720,0,20.0,86.0,3,4620,0,,,5,962291.0,150257.0,40.5790696,-74.0790507,27d,,New York
SI,3830,37,502.0,50.0,10305.0,122.0,423 SLATER BOULEVARD,NY,V0,11,,SLATER BLVD REALTY LLC,3093,0,22.0,150.0,5,9900,0,,,5,961274.0,149434.0,40.576808,-74.082709,27d,,New York
SI,3843,11,502.0,50.0,10305.0,122.0,42 IONA STREET,NY,V0,11,C,CITY OF NEW YORK,1800,0,30.0,60.0,3,6300,0,,,5,960766.0,149275.0,40.5763703,-74.0845372,27d,,New York
SI,3830,41,502.0,50.0,10305.0,122.0,431 SLATER BOULEVARD,NY,V0,11,,SLATER BLVD REALTY LLC,3093,0,22.0,150.0,5,9900,0,,,5,961317.0,149389.0,40.5766846,-74.0825541,27d,,New York
SI,3856,4,502.0,50.0,10305.0,122.0,845 QUINCY AVENUE,NY,V0,11,,"RAKIPI, FJORALBA",2000,0,20.0,100.0,5,5880,0,,,5,960185.0,148873.0,40.5752653,-74.0866272,27d,,New York
SI,3838,21,502.0,50.0,10305.0,122.0,714 BUEL AVENUE,NY,V0,11,C,CITY OF NEW YORK,4480,0,40.0,112.0,5,13440,0,,,5,961818.0,150071.0,40.5785578,-74.0807528,27d,,New York
SI,3834,1,502.0,50.0,10305.0,122.0,651 QUINCY AVENUE,NY,V0,11,,LAI SHEUNG HUIE REVOCABLE TRUST DATED 11 /19/97,4000,0,40.0,100.0,5,798,0,,,5,961463.0,150010.0,40.5783895,-74.0820306,27d,,New York
SI,3755,6,502.0,50.0,10305.0,122.0,784 OLYMPIA BOULEVARD,NY,V0,11,X,CITY OF NEW YORK,2789,0,26.0,106.0,5,8160,0,,,5,960039.0,150188.0,40.5788743,-74.0871575,27d,,New York
SI,3847,14,502.0,50.0,10305.0,122.0,20 IONA STREET,NY,V0,11,,"BUONO, JOSEPH",3600,0,60.0,60.0,5,10800,0,,,5,960898.0,149132.0,40.5759781,-74.0840615,27d,,New York
SI,3850,18,502.0,50.0,10305.0,122.0,10 SIOUX STREET,NY,V0,11,,ESL4 PROPERTIES LLC,1800,0,30.0,60.0,5,5280,0,,,5,960721.0,148861.0,40.5752338,-74.0846977,27d,,New York
SI,3831,27,502.0,50.0,10305.0,122.0,693 SEAVER AVENUE,NY,V0,11,,RH PROPERTIES OF N.Y.C. LTD.,1800,0,30.0,60.0,5,5280,0,,,5,961106.0,149264.0,40.576341,-74.0833132,27d,,New York
SI,3666,1,502.0,50.0,10306.0,122.0,1990 HYLAN BLVD,NY,V1,11,,RALPH HOLG LLC,1798,0,29.02,63.35,3,36450,0,,,5,956992.0,151027.0,40.5811683,-74.0981298,27b,,New York
SI,3837,30,502.0,50.0,10305.0,122.0,712 LIBERTY AVENUE,NY,V0,11,C,CITY OF NEW YORK,2250,0,20.0,112.5,5,6600,0,,,5,961977.0,150322.0,40.5792472,-74.0801813,27d,,New York
SI,3837,22,502.0,50.0,10305.0,122.0,596 QUINCY AVENUE,NY,V0,11,C,CITY OF NEW YORK,2000,0,20.0,100.0,5,5880,0,,,5,961888.0,150335.0,40.5792826,-74.0805017,27d,,New York
SI,3837,31,502.0,50.0,10305.0,122.0,714 LIBERTY AVENUE,NY,V0,11,C,CITY OF NEW YORK,2250,0,20.0,112.5,5,6600,0,,,5,961993.0,150311.0,40.579217,-74.0801237,27d,,New York
SI,3837,21,502.0,50.0,10305.0,122.0,600 QUINCY AVENUE,NY,V0,11,C,CITY OF NEW YORK,2000,0,20.0,100.0,5,5880,0,,,5,961876.0,150318.0,40.579236,-74.0805449,27d,,New York
SI,3481,29,502.0,50.0,10305.0,122.0,774 SEAVIEW AVENUE,NY,V0,11,,"AUGUST, EDWARD",2205,0,36.75,60.0,3,6000,0,,,5,962401.0,150378.0,40.579402,-74.0786551,27d,,New York
SI,3861,103,502.0,50.0,10306.0,122.0,667 HUNTER AVENUE,NY,V0,11,,667 HUNTER LLC,3296,0,20.0,168.0,5,10380,0,,,5,959781.0,148279.0,40.5736338,-74.0880793,27d,,New York
SI,3764,12,502.0,50.0,10305.0,122.0,662 NUGENT AVENUE,NY,V0,11,,JAMES T LANGAN,5700,0,60.0,95.0,5,17100,0,,,5,958824.0,149725.0,40.5776001,-74.0915296,27b,,New York
SI,3766,15,502.0,50.0,10305.0,122.0,76 FREEBORN STREET,NY,V0,11,C,"PROJECT REBUILD, INC.",7200,0,80.0,90.0,5,19440,0,,,5,959294.0,149522.0,40.5770442,-74.0898369,27b,,New York
SI,3808,31,502.0,50.0,10306.0,122.0,52 MAPLETON AVENUE,NY,V0,11,,"KASAPI, ILIR",3218,0,24.0,100.0,3,11280,0,,,5,958819.0,148274.0,40.5736173,-74.0915422,27b,,New York
SI,3799,8,502.0,50.0,10306.0,122.0,535 MIDLAND AVENUE,NY,V0,11,,UNAVAILABLE OWNER,6000,0,60.0,100.0,5,18000,0,,,5,957999.0,148188.0,40.5733789,-74.0944935,27b,,New York
SI,3729,26,502.0,50.0,10306.0,122.0,107 MORELAND STREET,NY,V0,11,X,"THE NATURE CONSERVANCY, INC.",2232,0,24.75,90.17,5,6540,0,,,5,957778.0,149380.0,40.57665,-74.0952937,27b,,New York
SI,4746,21,503.0,50.0,10306.0,122.0,37 DELWIT AVENUE,NY,V0,11,X,"SIY SOCCER LEAGUE, INC.",2400,0,16.0,150.0,5,7020,0,,,5,951387.0,140949.0,40.5534872,-74.118259,34a,,New York
SI,4768,75,503.0,50.0,10306.0,122.0,114 KISSAM AVENUE,NY,V0,11,C,CITY OF NEW YORK,4100,0,50.0,82.0,5,12300,0,,,5,953371.0,141152.0,40.5540515,-74.1111204,34a,,New York
SI,3837,34,502.0,50.0,10305.0,122.0,720 LIBERTY AVENUE,NY,V0,11,C,CITY OF NEW YORK,2240,0,20.0,112.0,5,6540,0,,,5,962042.0,150277.0,40.5791238,-74.0799471,27d,,New York
SI,4793,57,503.0,50.0,10306.0,122.0,90 TARLTON STREET,NY,V0,11,C,CITY OF NEW YORK,2000,0,25.0,80.0,5,5880,0,,,5,952345.0,140307.0,40.5517285,-74.1148085,34a,,New York
SI,4792,37,503.0,50.0,10306.0,122.0,140 FOX BEACH AVENUE,NY,V0,11,C,CITY OF NEW YORK,3100,0,50.0,62.0,5,9480,0,,,5,952136.0,140855.0,40.5532319,-74.1155632,34a,,New York
SI,4767,63,503.0,50.0,10306.0,122.0,137 FOX BEACH AVENUE,NY,V0,11,C,CITY OF NEW YORK,3000,0,25.0,120.0,5,9180,0,,,5,952235.0,140917.0,40.5534025,-74.1152073,34a,,New York
SI,4792,28,503.0,50.0,10306.0,122.0,156 FOX BEACH AVENUE,NY,V0,11,C,CITY OF NEW YORK,7100,0,50.0,142.0,5,20400,0,,,5,951988.0,140987.0,40.5535937,-74.1160964,34a,,New York
SI,4792,29,503.0,50.0,10306.0,122.0,154 FOX BEACH AVENUE,NY,V0,11,C,CITY OF NEW YORK,5740,0,50.0,142.0,5,17940,0,,,5,952013.0,140950.0,40.5534923,-74.1160063,34a,,New York
SI,4758,13,503.0,50.0,10306.0,122.0,484 MILL ROAD,NY,V0,11,C,CITY OF NEW YORK,1746,0,18.0,97.0,5,5340,0,,,5,952291.0,142140.0,40.5567596,-74.1150115,34a,,New York
SI,4754,51,503.0,50.0,10306.0,122.0,12 KISSAM AVENUE,NY,V0,11,,"DIMARZIO, PETER",2062,0,25.0,82.0,5,6060,0,,,5,952578.0,142156.0,40.5568045,-74.1139788,34a,,New York
SI,4758,8,503.0,50.0,10306.0,122.0,502 MILL ROAD,NY,V0,11,C,CITY OF NEW YORK,1890,0,18.0,105.0,5,5760,0,,,5,952247.0,142111.0,40.5566798,-74.1151697,34a,,New York
SI,4768,48,503.0,50.0,10306.0,122.0,72 KISSAM AVENUE,NY,V0,11,C,CITY OF NEW YORK,2050,0,25.0,82.0,5,6000,0,,,5,953056.0,141551.0,40.5551456,-74.1122558,34a,,New York
SI,4754,62,503.0,50.0,10306.0,122.0,38 KISSAM AVENUE,NY,V0,11,C,CITY OF NEW YORK,2050,0,25.0,82.0,5,6000,0,,,5,952722.0,141974.0,40.5563055,-74.1134597,34a,,New York
SI,4792,121,503.0,50.0,10306.0,122.0,45 TARLTON STREET,NY,V0,11,C,CITY OF NEW YORK,4000,0,50.0,80.0,5,12000,0,,,5,952061.0,140836.0,40.5531795,-74.115833,34a,,New York
SI,4792,119,503.0,50.0,10306.0,122.0,47 TARLTON STREET,NY,V0,11,C,CITY OF NEW YORK,4000,0,50.0,80.0,5,12000,0,,,5,952092.0,140797.0,40.5530726,-74.1157213,34a,,New York
SI,4746,23,503.0,50.0,10306.0,122.0,41 DELWIT AVENUE,NY,V0,11,X,"SIY SOCCER LEAGUE, INC.",2400,0,16.0,150.0,5,7020,0,,,5,951354.0,140941.0,40.5534651,-74.1183777,34a,,New York
SI,4792,113,503.0,50.0,10306.0,122.0,59 TARLTON STREET,NY,V0,11,C,CITY OF NEW YORK,2260,0,28.0,80.0,5,6600,0,,,5,952179.0,140690.0,40.5527792,-74.1154077,34a,,New York
SI,4792,49,503.0,50.0,10306.0,122.0,120 FOX BEACH AVENUE,NY,V0,11,C,CITY OF NEW YORK,5575,0,25.0,142.0,5,17460,0,,,5,952250.0,140636.0,40.5526312,-74.115152,34a,,New York
SI,4684,22,503.0,50.0,10306.0,122.0,157 AVISTON STREET,NY,V0,11,X,"OAKWOOD VETERANS ASSOCIATION, INC.",2500,0,25.0,100.0,5,7320,0,,,5,951749.0,141836.0,40.5559232,-74.1169606,34a,,New York
SI,4690,137,503.0,50.0,10306.0,122.0,564 RIGA STREET,NY,V0,11,X,"SIY SOCCER LEAGUE, INC.",1120,0,14.0,80.0,5,3300,0,,,5,951578.0,141770.0,40.5557414,-74.1175756,34a,,New York
SI,4690,5,503.0,50.0,10306.0,122.0,154 AVISTON STREET,NY,V0,11,X,"SIY SOCCER LEAGUE, INC.",2500,0,25.0,100.0,5,7320,0,,,5,951619.0,141734.0,40.5556427,-74.1174279,34a,,New York
SI,4689,14,503.0,50.0,10306.0,122.0,579 RIGA STREET,NY,V0,11,X,"SIY SOCCER LEAGUE, INC.",2300,0,23.0,100.0,5,6720,0,,,5,951377.0,141765.0,40.5557269,-74.1182989,34a,,New York
SI,4690,27,503.0,50.0,10306.0,122.0,151 DUGDALE STREET,NY,V0,11,X,"SIY SOCCER LEAGUE, INC.",4000,0,40.0,100.0,5,12000,0,,,5,951546.0,141473.0,40.5549261,-74.1176893,34a,,New York
SI,4690,132,503.0,50.0,10306.0,122.0,574 RIGA STREET,NY,V0,11,X,"SIY SOCCER LEAGUE, INC.",1316,0,14.0,94.0,5,3840,0,,,5,951525.0,141692.0,40.5555271,-74.117766,34a,,New York
SI,4781,6,503.0,50.0,10306.0,122.0,83 FOX BEACH AVENUE,NY,V0,11,C,CITY OF NEW YORK,1500,0,25.0,60.0,5,4380,0,,,5,952632.0,140389.0,40.5519546,-74.1137762,34a,,New York
SI,4781,7,503.0,50.0,10306.0,122.0,85 FOX BEACH AVENUE,NY,V0,11,C,CITY OF NEW YORK,1500,0,25.0,60.0,5,4380,0,,,5,952615.0,140409.0,40.5520095,-74.1138374,34a,,New York
SI,4793,53,503.0,50.0,10306.0,122.0,82 TARLTON STREET,NY,V0,11,C,CITY OF NEW YORK,4000,0,50.0,80.0,5,12540,0,,,5,952274.0,140395.0,40.5519698,-74.1150645,34a,,New York
SI,4690,133,503.0,50.0,10306.0,122.0,572 RIGA STREET,NY,V0,11,X,"SIY SOCCER LEAGUE, INC.",1316,0,14.0,94.0,5,3840,0,,,5,951534.0,141704.0,40.5555601,-74.1177336,34a,,New York
SI,4792,5,503.0,50.0,10306.0,122.0,600 MILL ROAD,NY,V0,11,C,CITY OF NEW YORK,5580,0,69.0,105.0,3,19020,0,,,5,951762.0,141318.0,40.5545014,-74.1169113,34a,,New York
SI,4746,45,503.0,50.0,10306.0,122.0,58 DELWIT AVENUE,NY,V0,11,X,"SIY SOCCER LEAGUE, INC.",14384,0,60.0,224.0,5,45300,0,,,5,951224.0,140717.0,40.5528498,-74.1188444,34a,,New York
SI,4746,40,503.0,50.0,10306.0,122.0,54 DELWIT AVENUE,NY,V0,11,X,"SIY SOCCER LEAGUE, INC.",3285,0,15.0,211.0,5,10260,0,,,5,951299.0,140744.0,40.5529242,-74.1185747,34a,,New York
SI,4781,26,503.0,50.0,10306.0,122.0,138 FOX LANE,NY,V0,11,C,CITY OF NEW YORK,2220,0,37.0,60.0,5,6480,0,,,5,952471.0,140677.0,40.5527446,-74.1143569,34a,,New York
SI,4781,11,503.0,50.0,10306.0,122.0,93 FOX BEACH AVENUE,NY,V0,11,C,CITY OF NEW YORK,3000,0,50.0,60.0,5,9180,0,,,5,952563.0,140473.0,40.552185,-74.1140249,34a,,New York
SI,4792,63,503.0,50.0,10306.0,122.0,98 FOX BEACH AVENUE,NY,V0,11,C,CITY OF NEW YORK,3121,0,50.0,62.42,5,9540,0,,,5,952468.0,140445.0,40.5521078,-74.1143666,34a,,New York
SI,4758,1,503.0,50.0,10306.0,122.0,520 MILL ROAD,NY,V0,11,,MAR GREGORIOS SYRIAN ORTHODOX CHURCH MAL AYALAM,6270,0,49.0,124.0,5,1998,0,,,5,952201.0,142063.0,40.5565479,-74.115335,34a,,New York
SI,4746,41,503.0,50.0,10306.0,122.0,56 DELWIT AVENUE,NY,V0,11,X,"SIY SOCCER LEAGUE, INC.",3270,0,15.0,224.0,5,10260,0,,,5,951285.0,140734.0,40.5528967,-74.118625,34a,,New York
SI,4792,111,503.0,50.0,10306.0,122.0,61 TARLTON STREET,NY,V0,11,C,CITY OF NEW YORK,1480,0,18.5,80.0,5,4320,0,,,5,952193.0,140673.0,40.5527326,-74.1153572,34a,,New York
SI,4791,73,503.0,50.0,10306.0,122.0,627 CEDAR GROVE AVENUE,NY,V0,11,C,CITY OF NEW YORK,3900,0,60.0,65.0,5,12180,0,,,5,952829.0,140242.0,40.5515519,-74.1130666,34a,,New York
SI,2102,102,502.0,51.0,10314.0,121.0,2086 RICHMOND AVENUE,NY,V1,11,,WN DEVELOPMENT OF NY LLC,10080,0,90.0,105.0,5,343350,0,,,5,939085.0,156646.0,40.5965182,-74.1626331,26c,,New York
SI,5294,10,503.0,51.0,10312.0,122.0,4191 RICHMOND AVENUE,NY,V0,11,,"CAPRARO, RENZO",1840,0,25.0,100.0,5,6360,0,,,5,940480.0,134795.0,40.5365485,-74.1574684,33d,,New York
SI,4050,47,502.0,50.0,10306.0,122.0,39 MARINE WAY,NY,V0,11,,"FINLEY EMPTY LOTS, LLC",4853,0,100.0,48.0,3,17100,0,,,5,955330.0,144725.0,40.5638653,-74.1040861,27b,,New York
SI,4081,41,502.0,50.0,10306.0,122.0,3 WAVECREST STREET,NY,V0,11,,ANN OWENS,2400,0,20.0,120.0,5,9180,0,,,5,956281.0,144876.0,40.5642828,-74.100664,27b,,New York
SI,810,9,502.0,50.0,10314.0,121.0,85 WELLBROOK AVENUE,NY,V0,11,,"MANOR HEIGHTS ESTATES, LLC",2350,0,23.5,0.0,5,7560,0,,,5,948076.0,159107.0,40.6033144,-74.1302709,27a,,New York
SI,810,8,502.0,50.0,10314.0,121.0,87 WELLBROOK AVENUE,NY,V0,11,,"MANOR HEIGHTS ESTATES, LLC",2350,0,23.5,100.0,5,7560,0,,,5,948079.0,159084.0,40.6032513,-74.13026,27a,,New York
SI,810,27,502.0,50.0,10314.0,121.0,96 GRAVES STREET,NY,V0,11,,"MANOR HEIGHTS ESTATES, LLC",2350,0,23.5,100.0,5,7560,0,,,5,948183.0,159050.0,40.6031584,-74.1298853,27a,,New York
SI,810,14,502.0,50.0,10314.0,121.0,75 WELLBROOK AVENUE,NY,V0,11,,"MANOR HEIGHTS ESTATES, LLC",2350,0,23.5,100.0,5,7560,0,,,5,948063.0,159224.0,40.6036355,-74.1303184,27a,,New York
SI,810,24,502.0,50.0,10314.0,121.0,88 GRAVES STREET,NY,V0,11,,"MANOR HEIGHTS ESTATES, LLC",2350,0,23.5,100.0,5,7560,0,,,5,948175.0,159120.0,40.6033505,-74.1299145,27a,,New York
SI,7045,257,503.0,51.0,10309.0,123.0,188 MASON BOULEVARD,NY,V0,11,,MICHAEL MIRANDA,5000,0,50.0,100.0,5,10140,0,,,5,925054.0,137415.0,40.5436504,-74.2129882,33a,,New York
SI,3864,116,502.0,50.0,10306.0,122.0,646 JEFFERSON AVENUE,NY,V0,11,,"LI, JESSICA LOK YING",1940,0,20.0,97.0,5,5700,0,,,5,960190.0,148507.0,40.5742607,-74.0866079,27d,,New York
SI,3768,30,502.0,50.0,10305.0,122.0,100 GRAHAM BOULEVARD,NY,V0,11,C,CITY OF NEW YORK,3800,0,40.0,95.0,5,11400,0,,,5,959795.0,149187.0,40.5761261,-74.0880322,27d,,New York
SI,3793,50,502.0,50.0,10306.0,122.0,50 BADEN PLACE,NY,V0,11,C,"PROJECT REBUILD, INC.",3800,0,40.0,95.0,2,12000,0,,,5,959454.0,148718.0,40.5748378,-74.089258,27d,,New York
SI,3850,10,502.0,50.0,10305.0,122.0,22 SIOUX STREET,NY,V0,11,,ESL4 PROPERTIES LLC,1800,0,30.0,60.0,5,5280,0,,,5,960617.0,148972.0,40.5755382,-74.0850725,27d,,New York
SI,3859,30,502.0,50.0,10305.0,122.0,21 IROQUOIS STREET,NY,V0,11,,"CHEN, ZHIMING",1950,0,30.0,65.0,5,5700,0,,,5,960389.0,148779.0,40.5750078,-74.0858925,27d,,New York
SI,3859,16,502.0,50.0,10305.0,122.0,891 FATHER CAPODANNO BL,NY,V0,11,,"CHEN, ZHIMING",2078,0,28.0,86.0,3,5700,0,,,5,960575.0,148701.0,40.5747942,-74.0852227,27d,,New York
SI,3859,116,502.0,50.0,10305.0,122.0,893 FATHER CAPODANNO BL,NY,V0,11,,"CHEN, ZHIMING",1101,0,12.0,84.0,5,3240,0,,,5,960560.0,148693.0,40.5747722,-74.0852767,27d,,New York
SI,3859,21,502.0,50.0,10305.0,122.0,3 IROQUOIS STREET,NY,V0,11,,DIVERCITY SPORTS INC.,1440,0,36.0,40.0,3,5160,0,,,5,960490.0,148610.0,40.5745442,-74.0855284,27d,,New York
SI,3791,55,502.0,50.0,10306.0,122.0,949 OLYMPIA BOULEVARD,NY,V0,11,,MARIA AROCHO,2300,0,20.0,115.0,5,6720,0,,,5,958978.0,148939.0,40.5754431,-74.0909723,27b,,New York
SI,3481,48,502.0,50.0,10305.0,122.0,719 LIBERTY AVENUE,NY,V0,11,,DIVERCITY SPORTS INC.,1467,0,14.0,100.0,5,4320,0,,,5,962117.0,150424.0,40.5795275,-74.0796776,27d,,New York
SI,3837,17,502.0,50.0,10305.0,122.0,606 QUINCY AVENUE,NY,V0,11,,"ZHANG, SUI C",3400,0,34.0,100.0,5,10200,0,,,5,961839.0,150262.0,40.5790822,-74.0806779,27d,,New York
SI,3839,1,502.0,50.0,10305.0,122.0,717 NAUGHTON AVENUE,NY,V0,11,C,CITY OF NEW YORK,8000,0,40.0,200.0,5,22980,0,,,5,961663.0,149776.0,40.5777477,-74.0813098,27d,,New York
SI,3838,38,502.0,50.0,10305.0,122.0,703 OCEANSIDE AVENUE,NY,V0,11,,"TAVELLA, VINCENT",2552,0,22.0,116.0,5,7500,0,,,5,961902.0,149918.0,40.5781381,-74.0804499,27d,,New York
SI,3838,39,502.0,50.0,10305.0,122.0,707 OCEANSIDE AVENUE,NY,V0,11,C,CITY OF NEW YORK,4210,0,45.0,105.0,5,13260,0,,,5,961879.0,149898.0,40.5780831,-74.0805327,27d,,New York
SI,6616,67,503.0,51.0,10312.0,123.0,16 ANDROVETTE AVENUE,NY,V0,11,,4 BOYS BUILDING INC.,6297,0,37.0,165.0,5,22260,0,,,5,930550.0,132657.0,40.5306256,-74.1931759,33b,,New York
SI,7710,300,503.0,51.0,10309.0,123.0,488 BUTLER BOULEVARD,NY,V0,11,,MASTER BUILT HOMES II CORP.,7483,0,74.83,100.0,5,21480,0,,,5,921716.0,123770.0,40.5061746,-74.2248723,35a,,New York
SI,6249,207,503.0,51.0,10312.0,123.0,1018 ANNADALE ROAD,NY,V0,11,,TENAFLY HOMES LLC,4279,0,46.0,102.0,5,13320,0,,,5,934244.0,135002.0,40.5370838,-74.1799047,33b,,New York
SI,3203,14,502.0,50.0,10305.0,122.0,23 MARIE STREET,NY,V0,11,,ALL SHORES LLC,3326,0,22.5,109.0,5,12120,0,,,5,960760.0,158316.0,40.601186,-74.0845902,27c,,New York
SI,1257,23,501.0,49.0,10303.0,121.0,209 SOUTH AVE,NY,V1,11,,T&M RICHMOND INC.,12736,0,88.0,145.0,5,180000,0,,,5,938213.0,170556.0,40.6346937,-74.1658679,20c,,New York
SI,1236,81,501.0,49.0,10303.0,121.0,60 HARBOR ROAD,NY,V0,11,X,"NAPCO HOLDINGS SI, LLC",2530,0,22.0,115.0,5,7440,0,,,5,939697.0,170840.0,40.6354808,-74.160523,20c,,New York
SI,185,37,501.0,49.0,10310.0,120.0,1571 RICHMOND TERRACE,NY,V1,11,,AB40 LLC,2585,0,47.0,65.0,5,36450,0,,,5,950929.0,172791.0,40.6408853,-74.1200642,21a,,New York
SI,185,25,501.0,49.0,10310.0,120.0,1551 RICHMOND TERRACE,NY,V1,11,,CADDELL DRY DOCK AND REPAIR CO INC,2701,0,37.0,73.0,5,38700,0,,,5,951162.0,172826.0,40.6409822,-74.1192248,21a,,New York
SI,4690,123,503.0,50.0,10306.0,122.0,611 MILL ROAD,NY,V0,11,X,"SIY SOCCER LEAGUE, INC.",2140,0,14.0,154.0,5,6540,0,,,5,951628.0,141528.0,40.5550773,-74.1173945,34a,,New York
SI,4690,129,503.0,50.0,10306.0,122.0,15 CARMELLA COURT,NY,V0,11,X,"SIY SOCCER LEAGUE, INC.",2660,0,28.0,96.0,5,8160,0,,,5,951618.0,141654.0,40.5554232,-74.1174311,34a,,New York
SI,1544,29,502.0,50.0,10314.0,121.0,1435 RICHMOND AVENUE,NY,V1,11,,"2 WHEEL, LLC",4173,0,39.0,107.0,5,157050,0,,,5,940346.0,162705.0,40.6131552,-74.1581318,20d,,New York
SI,3859,17,502.0,50.0,10305.0,122.0,895 FATHER CAPODANNO BL,NY,V0,11,,"CHEN, ZHIMING",1083,0,12.0,83.0,5,3180,0,,,5,960551.0,148686.0,40.574753,-74.0853091,27d,,New York
SI,4791,50,503.0,50.0,10306.0,122.0,39 FOX BEACH AVENUE,NY,V0,11,C,CITY OF NEW YORK,1500,0,25.0,60.0,5,4380,0,,,5,952984.0,139966.0,40.5507948,-74.1125076,34a,,New York
SI,4792,68,503.0,50.0,10306.0,122.0,94 FOX BEACH AVENUE,NY,V0,11,C,CITY OF NEW YORK,1560,0,25.0,62.42,5,4560,0,,,5,952507.0,140397.0,40.5519762,-74.114226,34a,,New York
SI,3859,122,502.0,50.0,10305.0,122.0,5 IROQUOIS STREET,NY,V0,11,,"IPPOLITO, CARMINE",1400,0,35.0,40.0,5,972,0,,,5,960469.0,148641.0,40.5746293,-74.0856041,27d,,New York
SI,3873,28,502.0,50.0,10306.0,122.0,770 PATTERSON AVENUE,NY,V0,11,,RESILIENT HOMES HOUSING DEVELOPMENT FUND  COMPANY INC.,4000,0,40.0,100.0,5,8820,0,,,5,959327.0,147910.0,40.5726197,-74.0897122,27d,,New York
SI,4690,112,503.0,50.0,10306.0,122.0,593 MILL ROAD,NY,V0,11,X,"SIY SOCCER LEAGUE, INC.",1325,0,14.0,96.0,5,4080,0,,,5,951729.0,141648.0,40.5554071,-74.1170316,34a,,New York
SI,4793,36,503.0,50.0,10306.0,122.0,52 TARLTON STREET,NY,V0,11,C,CITY OF NEW YORK,2160,0,27.0,80.0,5,6360,0,,,5,952046.0,140676.0,40.5527403,-74.1158862,34a,,New York
SI,4640,7,503.0,51.0,10308.0,122.0,3721 AMBOY ROAD,NY,V0,11,,3719 AMBOY RD LLC,3080,0,25.0,125.0,5,7260,0,,,5,944333.0,140700.0,40.5527748,-74.1436416,33c,,New York
SI,4640,8,503.0,51.0,10308.0,122.0,3723 AMBOY ROAD,NY,V0,11,,3719 AMBOY RD LLC,3327,0,25.0,137.5,5,7800,0,,,5,944309.0,140689.0,40.5527445,-74.1437279,33c,,New York
SI,4746,17,503.0,50.0,10306.0,122.0,25 DELWIT AVENUE,NY,V0,11,X,"SIY SOCCER LEAGUE, INC.",2400,0,16.0,150.0,5,7020,0,,,5,951476.0,140969.0,40.5535424,-74.1179388,34a,,New York
SI,3838,28,502.0,50.0,10305.0,122.0,726 BUEL AVENUE,NY,V0,11,,726BUEL MANAGEMENT LLC,3400,0,40.0,85.0,5,10200,0,,,5,961924.0,150015.0,40.5784044,-74.0803711,27d,,New York
SI,3837,36,502.0,50.0,10305.0,122.0,724 LIBERTY AVENUE,NY,V0,11,C,CITY OF NEW YORK,2240,0,20.0,112.0,5,6540,0,,,5,962074.0,150255.0,40.5790635,-74.0798319,27d,,New York
SI,5520,54,503.0,51.0,10312.0,122.0,334 GENESEE AVENUE,NY,V0,11,,RICHMOND 45 INC.,5007,0,35.0,96.0,5,12840,0,,,5,937658.0,140649.0,40.5526023,-74.1676612,33c,,New York
SI,3843,1,502.0,50.0,10305.0,122.0,57 CHEROKEE STREET,NY,V0,11,C,CITY OF NEW YORK,2280,0,38.0,60.0,5,6660,0,,,5,960617.0,149345.0,40.576562,-74.0850738,27d,,New York
SI,3813,6,502.0,50.0,10306.0,122.0,619 MIDLAND AVENUE,NY,V1,11,,GAZMEND GUS HYSA,2200,0,22.0,100.0,5,48150,0,,,5,958862.0,147567.0,40.5716769,-74.0913847,27b,,New York
SI,3814,29,502.0,50.0,10306.0,122.0,291 COLONY AVENUE,NY,V1,11,,COLONY AVENUE DEVELOPMENT LLC,3000,0,30.0,100.0,5,64800,0,,,5,958358.0,147622.0,40.5718264,-74.0931991,27b,,New York
SI,3804,25,502.0,50.0,10306.0,122.0,564B MIDLAND AVENUE,NY,V0,11,,"ABDO, RASEM",1219,0,23.0,53.0,5,3600,0,,,5,958160.0,147824.0,40.5723803,-74.0939126,27b,,New York
SI,3481,50,502.0,50.0,10305.0,122.0,715 LIBERTY AVENUE,NY,V0,11,,DIVERCITY SPORTS INC.,2000,0,20.0,100.0,5,5880,0,,,5,962084.0,150447.0,40.5795906,-74.0797965,27d,,New York
SI,3739,5,502.0,50.0,10306.0,122.0,477 LINCOLN AVENUE,NY,V0,11,,"PAPPALARDO, PAT",4000,0,40.0,100.0,5,12000,0,,,5,957220.0,148267.0,40.5735934,-74.0972979,27b,,New York
SI,3796,27,502.0,50.0,10306.0,122.0,181 FREEBORN STREET,NY,V0,11,,FREEBORN EMPTY LOTS,1900,0,20.0,95.0,5,5580,0,,,5,958589.0,148804.0,40.5750714,-74.0923721,27b,,New York
SI,3481,17,502.0,50.0,10305.0,122.0,750 SEAVIEW AVENUE,NY,V0,11,,"XU, JIN HUA",2000,0,20.0,100.0,5,5880,0,,,5,962174.0,150508.0,40.5797582,-74.0794727,27d,,New York
SI,3481,6,502.0,50.0,10305.0,122.0,568 QUINCY AVENUE,NY,V0,11,,"DENORA, JENNIFER",2000,0,20.0,100.0,5,5880,0,,,5,962035.0,150554.0,40.5798841,-74.0799733,27d,,New York
SI,4746,101,503.0,50.0,10306.0,122.0,540 MERKEL PLACE,NY,V0,11,X,"SIY SOCCER LEAGUE, INC.",3000,0,30.0,100.0,5,9180,0,,,5,951489.0,141230.0,40.5542589,-74.1178933,34a,,New York
SI,3800,1,502.0,50.0,10306.0,122.0,19 HEMPSTEAD AVENUE,NY,V0,11,,"KANDEEL, MOHAMMED",1600,0,20.0,80.0,3,4260,0,,,5,958496.0,148169.0,40.5733282,-74.0927044,27b,,New York
SI,3800,2,502.0,50.0,10306.0,122.0,17 HEMPSTEAD AVENUE,NY,V0,11,,HONG LIU,1600,0,20.0,80.0,5,4680,0,,,5,958479.0,148182.0,40.5733638,-74.0927657,27b,,New York
SI,3810,14,502.0,50.0,10306.0,122.0,164 BADEN PLACE,NY,V0,11,,NCF CORP,2000,0,20.0,100.0,5,5880,0,,,5,959035.0,147879.0,40.5725338,-74.0907632,27b,,New York
SI,3814,30,502.0,50.0,10306.0,122.0,295 COLONY AVENUE,NY,V1,11,,COLONY AVENUE DEVELOPMENT LLC,3000,0,30.0,100.0,5,66600,0,,,5,958340.0,147598.0,40.5717605,-74.0932638,27b,,New York
SI,3813,5,502.0,50.0,10306.0,122.0,621 MIDLAND AVENUE,NY,V1,11,,GAZMEND GUS HYSA,1700,0,17.0,100.0,5,37350,0,,,5,958878.0,147556.0,40.5716467,-74.0913271,27b,,New York
SI,3881,1,502.0,50.0,10306.0,122.0,529 GREELEY AVENUE,NY,V0,11,,RESILIENT HOMES HOUSING DEVELOPMENT FUND  COMPANY INC.,3100,0,31.0,100.0,3,10320,0,,,5,957427.0,147551.0,40.5716287,-74.09655,27b,,New York
SI,3689,25,502.0,50.0,10306.0,122.0,338 HAMDEN AVENUE,NY,V0,11,,FEDERAL NATIONAL MORTGAGE ASSOCIATION,2516,0,25.42,99.0,5,7440,0,,,5,956740.0,149811.0,40.5778299,-74.099032,27b,,New York
SI,3729,37,502.0,50.0,10306.0,122.0,135 MORELAND STREET,NY,V0,11,X,"THE NATURE CONSERVANCY, INC.",2574,0,21.42,113.0,5,7860,0,,,5,957655.0,149231.0,40.5762407,-74.0957359,27b,,New York
SI,3729,140,502.0,50.0,10306.0,122.0,141 MORELAND STREET,NY,V0,11,X,"THE NATURE CONSERVANCY, INC.",2684,0,21.42,120.0,5,8220,0,,,5,957627.0,149198.0,40.57615,-74.0958366,27b,,New York
SI,3727,9,502.0,50.0,10306.0,122.0,427 HAMDEN AVENUE,NY,V0,11,,M.L. CHRISTIANO,1500,0,20.0,75.0,5,4380,0,,,5,957574.0,149404.0,40.5767153,-74.0960282,27b,,New York
SI,3729,36,502.0,50.0,10306.0,122.0,133 MORELAND STREET,NY,V0,11,X,"THE NATURE CONSERVANCY, INC.",2508,0,21.5,113.0,5,7680,0,,,5,957668.0,149246.0,40.5762819,-74.0956892,27b,,New York
SI,3738,5,502.0,50.0,10306.0,122.0,457 LINCOLN AVENUE,NY,V0,11,,RESILIENT HOMES HOUSING DEVELOPMENT FUND  COMPANY INC.,1860,0,30.0,62.0,5,5460,0,,,5,957003.0,148387.0,40.5739221,-74.0980795,27b,,New York
SI,3811,21,502.0,50.0,10306.0,122.0,263 COLONY AVENUE,NY,V0,11,,"DEDJA, ARBEN",750,0,18.0,40.0,3,2622,0,,,5,958612.0,147921.0,40.5726478,-74.0922859,27b,,New York
SI,3875,26,502.0,50.0,10306.0,122.0,630 MIDLAND AVENUE,NY,V1,11,,630 MIDLAND CORP,8480,0,50.0,307.0,3,235350,0,,,5,958865.0,147271.0,40.5708644,-74.0913728,27b,,New York
SI,3734,38,502.0,50.0,10306.0,122.0,181 MORELAND STREET,NY,V0,11,,RESILIENT HOMES HOUSING DEVELOPMENT FUND  COMPANY INC.,1480,0,20.0,74.0,5,4320,0,,,5,957402.0,148838.0,40.5751612,-74.0966451,27b,,New York
SI,3734,41,502.0,50.0,10306.0,122.0,187 MORELAND STREET,NY,V0,11,,RESILIENT HOMES HOUSING DEVELOPMENT FUND  COMPANY INC.,1480,0,20.0,74.0,5,4320,0,,,5,957368.0,148790.0,40.5750294,-74.0967673,27b,,New York
SI,3734,39,502.0,50.0,10306.0,122.0,185 MORELAND STREET,NY,V0,11,,RESILIENT HOMES HOUSING DEVELOPMENT FUND  COMPANY INC.,2960,0,40.0,74.0,5,9060,0,,,5,957385.0,148814.0,40.5750953,-74.0967062,27b,,New York
SI,3728,20,502.0,50.0,10306.0,122.0,398 HAMDEN AVENUE,NY,V0,11,,RESILIENT HOMES HOUSING DEVELOPMENT FUND  COMPANY INC.,2060,0,20.0,103.0,5,6060,0,,,5,957258.0,149452.0,40.5768461,-74.0971659,27b,,New York
SI,6993,42,503.0,51.0,10309.0,123.0,49 IDAHO AVENUE,NY,V0,11,,"SAVO, MICHAEL",18009,0,87.0,207.0,5,62280,0,,,5,924817.0,130965.0,40.5259448,-74.2137843,33b,,New York
SI,6993,72,503.0,51.0,10309.0,123.0,77 BLOOMINGDALE ROAD,NY,V0,11,,"DUVAL, KEITH",11420,0,75.0,160.0,5,36420,0,,,5,924406.0,130984.0,40.5259942,-74.2152629,33b,,New York
SI,3884,14,502.0,50.0,10306.0,122.0,1144 OLYMPIA BOULEVARD,NY,V0,11,,RESILIENT HOMES HOUSING DEVELOPMENT FUND  COMPANY INC.,4000,0,40.0,100.0,5,12060,0,,,5,957992.0,147283.0,40.5708948,-74.0945152,27b,,New York
SI,3884,16,502.0,50.0,10306.0,122.0,1140 OLYMPIA BOULEVARD,NY,V0,11,X,CH OF ST MARGARET MARY,2000,0,20.0,100.0,5,5880,0,,,5,958009.0,147307.0,40.5709608,-74.0944541,27b,,New York
SI,7020,138,503.0,51.0,10309.0,123.0,1448 WOODROW ROAD,NY,V0,11,,SANDY GROUND HISTORIC,33840,0,93.0,360.0,5,7680,0,,,5,924843.0,136375.0,40.5407944,-74.2137383,33a,,New York
SI,3736,20,502.0,50.0,10306.0,122.0,176 KISWICK STREET,NY,V0,11,,RESILIENT HOMES HOUSING DEVELOPMENT FUND  COMPANY INC.,2000,0,20.0,100.0,5,5880,0,,,5,957739.0,148646.0,40.5746352,-74.0954312,27b,,New York
SI,6998,14,503.0,51.0,10309.0,123.0,113 BLOOMINGDALE ROAD,NY,V0,11,,BLOOMINGDALE REAL ESTATE LLC,5400,0,40.0,135.0,5,27360,0,,,5,924303.0,131314.0,40.5268993,-74.2156363,33b,,New York
SI,6998,292,503.0,51.0,10309.0,123.0,35 MARETZEK COURT,NY,V0,11,,MANFAM LLC,10083,0,84.66,100.04,5,32520,0,,,5,924626.0,131218.0,40.526638,-74.2144736,33b,,New York
SI,6998,6,503.0,51.0,10309.0,123.0,81 BLOOMINGDALE ROAD,NY,V0,11,,ZIPCO CONSTRUCTION LLC,8000,0,100.0,80.0,5,33300,0,,,5,924298.0,131240.0,40.5266962,-74.2156536,33b,,New York
SI,3570,33,502.0,50.0,10306.0,122.0,309 HUSSON STREET,NY,V0,11,,"MAI, LINDA LI",3000,0,30.0,100.0,5,6300,0,,,5,955747.0,151095.0,40.5813511,-74.1026121,27b,,New York
SI,6901,323,503.0,51.0,10309.0,123.0,26 SCUDDER AVENUE,NY,V0,11,,"WALSH, JOHN",8160,0,75.0,213.0,5,15960,0,,,5,927038.0,131112.0,40.5263629,-74.2057965,33b,,New York
SI,6901,250,503.0,51.0,10309.0,123.0,5889 AMBOY ROAD,NY,V0,11,M,WARINGIN LTD,77367,0,350.0,495.0,5,12000,0,,,5,927527.0,131117.0,40.5263798,-74.2040376,33b,,New York
SI,3589,63,502.0,50.0,10306.0,122.0,2131 HYLAN BOULEVARD,NY,V0,11,,2131 HYLAN HOLDINGS LLC,29745,0,130.75,227.5,3,124500,0,,,5,955824.0,150125.0,40.5786889,-74.1023308,27b,,New York
SI,3831,6,502.0,50.0,10305.0,122.0,406 SLATER BOULEVARD,NY,V0,11,,RH PROPERTIES OF N.Y.C. LTD,1920,0,32.0,60.0,5,5640,0,,,5,961066.0,149396.0,40.5767032,-74.0834576,27d,,New York
SI,3859,18,502.0,50.0,10305.0,122.0,897 FATHER CAPODANNO BL,NY,V0,11,,"CHEN, ZHIMING",1719,0,20.0,81.0,5,5040,0,,,5,960538.0,148674.0,40.57472,-74.0853558,27d,,New York
SI,3859,23,502.0,50.0,10305.0,122.0,9 IROQUOIS STREET,NY,V0,11,,"CHEN, WARREN",2190,0,30.0,73.0,5,6420,0,,,5,960461.0,148679.0,40.5747335,-74.085633,27d,,New York
SI,3842,33,502.0,50.0,10305.0,122.0,51 GRAHAM BOULEVARD,NY,V0,11,,"51 GRAHAM, LLC",4000,0,40.0,100.0,5,12000,0,,,5,960296.0,149118.0,40.5759381,-74.0862285,27d,,New York
SI,3839,33,502.0,50.0,10305.0,122.0,739 OCEANSIDE AVENUE,NY,V0,11,C,CITY OF NEW YORK,2000,0,20.0,100.0,3,5340,0,,,5,961671.0,149662.0,40.5774348,-74.0812807,27d,,New York
SI,3481,27,502.0,50.0,10305.0,122.0,770 SEAVIEW AVENUE,NY,V0,11,,"AUGUST, EDWARD",2100,0,35.0,60.0,5,6180,0,,,5,962359.0,150406.0,40.5794787,-74.0788064,27d,,New York
SI,4754,55,503.0,50.0,10306.0,122.0,18 KISSAM AVENUE,NY,V0,11,C,CITY OF NEW YORK,2060,0,25.0,82.42,5,6060,0,,,5,952627.0,142095.0,40.5566373,-74.1138021,34a,,New York
SI,3481,1,502.0,50.0,10305.0,122.0,578 QUINCY AVENUE,NY,V0,11,,"RAHANIS, EFSTRATIOS",4000,0,40.0,100.0,3,15000,0,,,5,961984.0,150478.0,40.5796754,-74.0801566,27d,,New York
SI,3478,44,502.0,50.0,10305.0,122.0,123 QUINCY AVENUE,NY,V0,11,,"MCKEON-CALASCIONE, CATHERINE SCARCIOFOLO",1500,0,20.0,75.0,5,4380,0,,,5,961857.0,150566.0,40.5799166,-74.0806141,27d,,New York
SI,3481,20,502.0,50.0,10305.0,122.0,756 SEAVIEW AVENUE,NY,V0,11,,"XU, JIN HUA",2000,0,20.0,100.0,5,5880,0,,,5,962225.0,150473.0,40.5796623,-74.079289,27d,,New York
SI,3481,47,502.0,50.0,10305.0,122.0,721 LIBERTY AVENUE,NY,V0,11,,DIVERCITY SPORTS INC.,2200,0,22.0,100.0,0,6420,0,,,5,962133.0,150413.0,40.5794974,-74.07962,27d,,New York
SI,3478,43,502.0,50.0,10305.0,122.0,575 QUINCY AVENUE,NY,V0,11,,"MCKEON-CALASCIONE, CATHERINE SCARCIOFOLO",1480,0,20.0,74.0,5,4320,0,,,5,961874.0,150595.0,40.5799963,-74.080553,27d,,New York
SI,3830,43,502.0,50.0,10305.0,122.0,785 FATHER CAPODANNO BL,NY,V0,11,,"PALMA, SCOTT",2700,0,30.0,92.0,5,8280,0,,,5,961414.0,149372.0,40.5766382,-74.0822048,27d,,New York
SI,3790,53,502.0,50.0,10306.0,122.0,141 FREEBORN STREET,NY,V0,11,X,"THE NATURE CONSERVANCY, INC.",1900,0,20.0,95.0,5,4902,0,,,5,958813.0,149120.0,40.5759394,-74.0915669,27b,,New York
SI,3475,35,502.0,50.0,10305.0,122.0,391 PATTERSON AVENUE,NY,V0,11,,391 PATTERSON AVENUE LLC,3400,0,40.0,85.0,3,12120,0,,,5,961301.0,151129.0,40.5814605,-74.0826176,27d,,New York
SI,3837,13,502.0,50.0,10305.0,122.0,713 BUEL AVENUE,NY,V0,11,C,CITY OF NEW YORK,2240,0,20.0,112.0,5,6540,0,,,5,961913.0,150227.0,40.5789863,-74.0804114,27d,,New York
SI,3838,18,502.0,50.0,10305.0,122.0,620 QUINCY AVENUE,NY,V0,11,C,CITY OF NEW YORK,2500,0,25.0,100.0,3,7860,0,,,5,961767.0,150158.0,40.5787965,-74.0809367,27d,,New York
SI,3837,35,502.0,50.0,10305.0,122.0,722 LIBERTY AVENUE,NY,V0,11,C,CITY OF NEW YORK,2240,0,20.0,112.0,5,6540,0,,,5,962057.0,150266.0,40.5790937,-74.0798931,27d,,New York
SI,3837,37,502.0,50.0,10305.0,122.0,726 LIBERTY AVENUE,NY,V0,11,C,CITY OF NEW YORK,2240,0,20.0,112.0,5,6540,0,,,5,962090.0,150244.0,40.5790334,-74.0797742,27d,,New York
SI,3837,6,502.0,50.0,10305.0,122.0,725C BUEL AVENUE,NY,V0,11,C,CITY OF NEW YORK,1344,0,12.0,112.0,5,3960,0,,,5,962030.0,150147.0,40.578767,-74.0799899,27d,,New York
SI,3837,9,502.0,50.0,10305.0,122.0,721 BUEL AVENUE,NY,V0,11,C,CITY OF NEW YORK,2240,0,20.0,112.0,5,6540,0,,,5,961979.0,150183.0,40.5788657,-74.0801736,27d,,New York
SI,3837,7,502.0,50.0,10305.0,122.0,725B BUEL AVENUE,NY,V0,11,C,CITY OF NEW YORK,1344,0,12.0,112.0,5,3960,0,,,5,962020.0,150154.0,40.5787862,-74.0800259,27d,,New York
SI,3838,25,502.0,50.0,10305.0,122.0,720 BUEL AVENUE,NY,V0,11,,"TAVELLA, VINCENT",2240,0,20.0,112.0,5,6540,0,,,5,961875.0,150032.0,40.5784509,-74.0805475,27d,,New York
SI,3838,12,502.0,50.0,10305.0,122.0,632 QUINCY AVENUE,NY,V0,11,C,CITY OF NEW YORK,12000,0,120.0,100.0,5,36060,0,,,5,961683.0,150031.0,40.5784477,-74.0812387,27d,,New York
SI,3838,29,502.0,50.0,10305.0,122.0,728 BUEL AVENUE,NY,V0,11,,"TAVELLA, VINCENT",1700,0,20.0,85.0,5,4980,0,,,5,961949.0,149998.0,40.5783578,-74.080281,27d,,New York
SI,3837,49,502.0,50.0,10305.0,122.0,671 OCEANSIDE AVENUE,NY,V0,11,,"HARBEN, MICHAEL",1720,0,20.0,86.0,5,5040,0,,,5,962185.0,150108.0,40.5786603,-74.0794318,27d,,New York
SI,3837,39,502.0,50.0,10305.0,122.0,732 LIBERTY AVENUE,NY,V0,11,C,CITY OF NEW YORK,4480,0,40.0,112.0,5,13440,0,,,5,962132.0,150215.0,40.5789539,-74.0796229,27d,,New York
SI,3837,41,502.0,50.0,10305.0,122.0,736 LIBERTY AVENUE,NY,V0,11,,"MAJEWSKI, DARIUSZ",4480,0,40.0,112.0,5,1542,0,,,5,962165.0,150192.0,40.5788908,-74.0795041,27d,,New York
SI,3837,38,502.0,50.0,10305.0,122.0,728 LIBERTY AVENUE,NY,V0,11,C,CITY OF NEW YORK,2250,0,20.0,112.0,5,6600,0,,,5,962107.0,150232.0,40.5790005,-74.079713,27d,,New York
SI,3837,52,502.0,50.0,10305.0,122.0,677 OCEANSIDE AVENUE,NY,V0,11,,LISA FAMILY IRREVOCABLE TRUST C,1720,0,20.0,86.0,5,5040,0,,,5,962152.0,150058.0,40.578523,-74.0795504,27d,,New York
SI,3837,4,502.0,50.0,10305.0,122.0,729 BUEL AVENUE,NY,V0,11,,"HARBEN, MICHAEL",2248,0,20.0,112.42,5,6600,0,,,5,962060.0,150127.0,40.5787122,-74.0798819,27d,,New York
SI,3792,20,502.0,50.0,10306.0,122.0,936 OLYMPIA BOULEVARD,NY,V0,11,X,"THE NATURE CONSERVANCY, INC.",1890,0,20.0,94.0,5,5520,0,,,5,959186.0,148948.0,40.5754684,-74.0902236,27b,,New York
SI,3830,36,502.0,50.0,10305.0,122.0,421 SLATER BOULEVARD,NY,V0,11,,SLATER BLVD REALTY LLC,3093,0,22.0,150.0,5,9900,0,,,5,961259.0,149450.0,40.5768519,-74.0827631,27d,,New York
SI,3832,40,502.0,50.0,10305.0,122.0,29 IONA STREET,NY,V0,11,,ESL5 PROPERTIES LLC,1800,0,30.0,60.0,5,5280,0,,,5,960893.0,149270.0,40.5763569,-74.08408,27d,,New York
SI,3831,12,502.0,50.0,10305.0,122.0,691 SEAVER AVENUE,NY,V0,11,,RH PROPERTIES OF N.Y.C. LTD.,3600,0,30.0,120.0,5,10800,0,,,5,961107.0,149309.0,40.5764645,-74.0833098,27d,,New York
SI,3831,31,502.0,50.0,10305.0,122.0,687 SEAVER AVENUE,NY,V0,11,,RH PROPERTIES OF N.Y.C. LTD.,3600,0,60.0,60.0,5,10800,0,,,5,961053.0,149321.0,40.5764973,-74.0835042,27d,,New York
SI,3830,44,502.0,50.0,10305.0,122.0,787 FATHER CAPODANNO BL,NY,V0,11,,"PALMA, SCOTT",1320,0,15.0,89.0,5,4020,0,,,5,961396.0,149359.0,40.5766025,-74.0822696,27d,,New York
SI,3830,45,502.0,50.0,10305.0,122.0,789 FATHER CAPODANNO BL,NY,V0,11,,"PALMA, SCOTT",2150,0,25.0,88.0,5,6600,0,,,5,961380.0,149346.0,40.5765667,-74.0823271,27d,,New York
SI,3830,38,502.0,50.0,10305.0,122.0,425 SLATER BOULEVARD,NY,V0,11,,SLATER BLVD REALTY LLC,3093,0,22.0,150.0,5,9900,0,,,5,961290.0,149420.0,40.5767696,-74.0826514,27d,,New York
SI,3832,18,502.0,50.0,10305.0,122.0,700 SEAVER AVENUE,NY,V0,11,,JOY ANN AMATULLO,1800,0,30.0,60.0,5,5280,0,,,5,961079.0,149158.0,40.5760499,-74.08341,27d,,New York
SI,3830,42,502.0,50.0,10305.0,122.0,433 SLATER BOULEVARD,NY,V0,11,,"PALMA, SCOTT",3093,0,22.0,150.0,5,9900,0,,,5,961330.0,149373.0,40.5766407,-74.0825072,27d,,New York
SI,3831,13,502.0,50.0,10305.0,122.0,418 SLATER BOULEVARD,NY,V0,11,,RH PROPERTIES OF N.Y.C. LTD,1800,0,30.0,60.0,5,5280,0,,,5,961149.0,149305.0,40.5764536,-74.0831586,27d,,New York
SI,3840,22,502.0,50.0,10305.0,122.0,730 NAUGHTON AVENUE,NY,V0,11,C,CITY OF NEW YORK,1751,0,62.0,56.0,5,5340,0,,,5,961683.0,149544.0,40.577111,-74.0812371,27d,,New York
SI,3830,20,502.0,50.0,10305.0,122.0,712 QUINCY AVENUE,NY,V0,11,,"COLLINS, JOHN",3000,0,50.0,60.0,3,858,0,,,5,961129.0,149536.0,40.5770876,-74.0832313,27d,,New York
SI,3830,33,502.0,50.0,10305.0,122.0,415 SLATER BOULEVARD,NY,V0,11,,SLATER BLVD REALTY LLC,3093,0,24.5,124.0,5,9900,0,,,5,961222.0,149485.0,40.5769479,-74.0828964,27d,,New York
SI,3830,34,502.0,50.0,10305.0,122.0,417 SLATER BOULEVARD,NY,V0,11,,SLATER BLVD REALTY LLC,3093,0,23.5,124.0,5,9900,0,,,5,961240.0,149468.0,40.5769012,-74.0828315,27d,,New York
SI,3825,20,502.0,50.0,10305.0,122.0,669 SEAVER AVENUE,NY,V0,11,,VSM REAL ESTATE HOLDINGS LLC,1800,0,30.0,60.0,5,5280,0,,,5,960921.0,149462.0,40.5768839,-74.0839798,27d,,New York
SI,3830,15,502.0,50.0,10305.0,122.0,409 SLATER BOULEVARD,NY,V0,11,,"COLLINS, JOHN",4080,0,30.0,139.0,5,858,0,,,5,961192.0,149530.0,40.5770713,-74.0830045,27d,,New York
SI,3831,24,502.0,50.0,10305.0,122.0,701 SEAVER AVENUE,NY,V0,11,,CAPODANNO PROPERTIES LLC,1800,0,30.0,60.0,5,5280,0,,,5,961147.0,149220.0,40.5762203,-74.0831655,27d,,New York
SI,3850,12,502.0,50.0,10305.0,122.0,18 SIOUX STREET,NY,V0,11,,ESL4 PROPERTIES LLC,1800,0,30.0,60.0,5,6000,0,,,5,960637.0,148950.0,40.5754779,-74.0850004,27d,,New York
SI,3832,12,502.0,50.0,10305.0,122.0,694 SEAVER AVENUE,NY,V0,11,,ESL5 PROPERTIES LLC,3600,0,60.0,60.0,5,10800,0,,,5,961009.0,149234.0,40.5762584,-74.0836623,27d,,New York
SI,3847,10,502.0,50.0,10305.0,122.0,28 IONA STREET,NY,V0,11,,"ZBOINSKI, STEVEN",1800,0,30.0,60.0,5,5280,0,,,5,960847.0,149186.0,40.5761262,-74.0842453,27d,,New York
SI,3830,22,502.0,50.0,10305.0,122.0,710 QUINCY AVENUE,NY,V0,11,,"COLLINS, JOHN",1800,0,30.0,60.0,5,858,0,,,5,961160.0,149562.0,40.577159,-74.0831198,27d,,New York
SI,3840,114,502.0,50.0,10305.0,122.0,714 NAUGHTON AVENUE,NY,V0,11,C,CITY OF NEW YORK,2128,0,14.0,139.0,5,6480,0,,,5,961529.0,149594.0,40.5772478,-74.0817916,27d,,New York
SI,3838,36,502.0,50.0,10305.0,122.0,699 OCEANSIDE AVENUE,NY,V0,11,,"TAVELLA, VINCENT",2669,0,22.0,139.0,5,300,0,,,5,961934.0,149945.0,40.5782123,-74.0803348,27d,,New York
SI,3840,21,502.0,50.0,10305.0,122.0,728 NAUGHTON AVENUE,NY,V0,11,C,CITY OF NEW YORK,1120,0,20.0,56.0,5,3300,0,,,5,961649.0,149555.0,40.5771411,-74.0813595,27d,,New York
SI,3848,9,502.0,50.0,10305.0,122.0,6 CHEROKEE STREET,NY,V0,11,,ESL3 PROPERTIES LLC,1800,0,30.0,60.0,5,5280,0,,,5,960798.0,149018.0,40.5756649,-74.0844211,27d,,New York
SI,3837,25,502.0,50.0,10305.0,122.0,708 LIBERTY AVENUE,NY,V0,11,C,CITY OF NEW YORK,10750,0,85.0,120.0,5,33840,0,,,5,961926.0,150370.0,40.5793788,-74.080365,27d,,New York
SI,3481,45,502.0,50.0,10305.0,122.0,725 LIBERTY AVENUE,NY,V0,11,,DIVERCITY SPORTS INC.,2000,0,20.0,100.0,5,5880,0,,,5,962168.0,150389.0,40.5794316,-74.0794939,27d,,New York
SI,3481,41,502.0,50.0,10305.0,122.0,733 LIBERTY AVENUE,NY,V0,11,,"BEHAROVIC, ELEZ",2000,0,20.0,100.0,5,5880,0,,,5,962235.0,150344.0,40.5793082,-74.0792526,27d,,New York
SI,3481,33,502.0,50.0,10305.0,122.0,641 OCEANSIDE AVENUE,NY,V0,11,,"AUGUST, EDWARD",1720,0,20.0,86.0,5,5700,0,,,5,962336.0,150324.0,40.5792536,-74.0788889,27d,,New York
SI,3755,8,502.0,50.0,10305.0,122.0,778 OLYMPIA BOULEVARD,NY,V0,11,C,CITY OF NEW YORK,1968,0,48.0,41.0,5,5760,0,,,5,960058.0,150281.0,40.5791296,-74.0870894,27d,,New York
SI,3755,7,502.0,50.0,10305.0,122.0,780 OLYMPIA BOULEVARD,NY,V0,11,C,CITY OF NEW YORK,1924,0,52.0,37.0,5,5640,0,,,5,960032.0,150239.0,40.5790143,-74.0871829,27d,,New York
SI,3755,5,502.0,50.0,10305.0,122.0,786 OLYMPIA BOULEVARD,NY,V0,11,C,CITY OF NEW YORK,4897,0,18.0,215.0,5,14700,0,,,5,960087.0,150134.0,40.5787262,-74.0869845,27d,,New York
SI,4792,32,503.0,50.0,10306.0,122.0,150 FOX BEACH AVENUE,NY,V0,11,C,CITY OF NEW YORK,4615,0,50.0,142.0,5,14460,0,,,5,952029.0,140914.0,40.5533935,-74.1159485,34a,,New York
SI,4746,15,503.0,50.0,10306.0,122.0,21 DELWIT AVENUE,NY,V0,11,X,"SIY SOCCER LEAGUE, INC.",2250,0,15.0,150.0,5,6900,0,,,5,951509.0,140976.0,40.5535618,-74.1178201,34a,,New York
SI,4746,112,503.0,50.0,10306.0,122.0,661 MILL ROAD,NY,V0,11,X,"SIY SOCCER LEAGUE, INC.",1530,0,15.0,101.96,5,4680,0,,,5,951568.0,141184.0,40.5541329,-74.1176088,34a,,New York
SI,4746,96,503.0,50.0,10306.0,122.0,528 MERKEL PLACE,NY,V0,11,X,"SIY SOCCER LEAGUE, INC.",3000,0,30.0,100.0,5,9180,0,,,5,951433.0,141161.0,40.5540693,-74.1180945,34a,,New York
SI,4746,3,503.0,50.0,10306.0,122.0,675 MILL ROAD,NY,V0,11,X,"SIY SOCCER LEAGUE, INC.",2545,0,14.0,189.0,5,7800,0,,,5,951539.0,141105.0,40.553916,-74.1177128,34a,,New York
SI,4746,24,503.0,50.0,10306.0,122.0,43 DELWIT AVENUE,NY,V0,11,X,"SIY SOCCER LEAGUE, INC.",2400,0,16.0,150.0,5,7020,0,,,5,951337.0,140937.0,40.5534541,-74.1184388,34a,,New York
SI,4758,15,503.0,50.0,10306.0,122.0,474 MILL ROAD,NY,V0,11,C,CITY OF NEW YORK,4042,0,43.0,94.0,5,12660,0,,,5,952347.0,142168.0,40.5568366,-74.1148101,34a,,New York
SI,4746,5,503.0,50.0,10306.0,122.0,679 MILL ROAD,NY,V0,11,X,"SIY SOCCER LEAGUE, INC.",2380,0,14.0,160.0,5,7260,0,,,5,951550.0,141079.0,40.5538446,-74.117673,34a,,New York
SI,4758,14,503.0,50.0,10306.0,122.0,478 MILL ROAD,NY,V0,11,C,CITY OF NEW YORK,1850,0,18.0,94.0,5,5640,0,,,5,952306.0,142150.0,40.5567871,-74.1149576,34a,,New York
SI,4754,40,503.0,50.0,10306.0,122.0,461 PROMENADE AVENUE,NY,V0,11,C,CITY OF NEW YORK,2024,0,44.0,46.0,5,6180,0,,,5,952423.0,142244.0,40.5570455,-74.114537,34a,,New York
SI,4754,57,503.0,50.0,10306.0,122.0,20 KISSAM AVENUE,NY,V0,11,C,CITY OF NEW YORK,2060,0,25.0,82.42,5,6060,0,,,5,952642.0,142075.0,40.5565824,-74.1137481,34a,,New York
SI,4754,35,503.0,50.0,10306.0,122.0,477 PROMENADE AVENUE,NY,V0,11,C,CITY OF NEW YORK,1710,0,24.0,71.0,5,5220,0,,,5,952512.0,142114.0,40.556689,-74.1142161,34a,,New York
SI,4754,34,503.0,50.0,10306.0,122.0,479 PROMENADE AVENUE,NY,V0,11,C,CITY OF NEW YORK,2700,0,36.0,80.0,3,9420,0,,,5,952527.0,142089.0,40.5566204,-74.114162,34a,,New York
SI,4762,19,503.0,50.0,10306.0,122.0,221 FOX LANE,NY,V0,11,C,CITY OF NEW YORK,3000,0,50.0,60.0,5,9180,0,,,5,952023.0,141351.0,40.554593,-74.1159722,34a,,New York
SI,4754,27,503.0,50.0,10306.0,122.0,495 PROMENADE AVENUE,NY,V0,11,C,CITY OF NEW YORK,3200,0,40.0,80.0,5,9600,0,,,5,952614.0,141980.0,40.5563216,-74.1138484,34a,,New York
SI,4678,29,503.0,50.0,10306.0,122.0,498 REAR AMHERST AVENUE,NY,V0,11,,"PALMIERI, JEANINE",2000,0,50.0,40.0,5,5880,0,,,5,951770.0,142377.0,40.5574082,-74.1168876,34a,,New York
SI,4767,65,503.0,50.0,10306.0,122.0,133 FOX BEACH AVENUE,NY,V0,11,C,CITY OF NEW YORK,6000,0,50.0,120.0,5,18000,0,,,5,952257.0,140892.0,40.5533339,-74.115128,34a,,New York
SI,4746,85,503.0,50.0,10306.0,122.0,500 HYLAN BOULEVARD S,NY,V0,11,X,"SIY SOCCER LEAGUE, INC.",9239,0,43.0,106.0,5,29100,0,,,5,951237.0,141023.0,40.5536898,-74.1187991,34a,,New York
SI,4746,1,503.0,50.0,10306.0,122.0,671 MILL ROAD,NY,V0,11,X,"SIY SOCCER LEAGUE, INC.",3615,0,24.0,164.0,5,11340,0,,,5,951551.0,141139.0,40.5540093,-74.1176697,34a,,New York
SI,4746,99,503.0,50.0,10306.0,122.0,538 MERKEL PLACE,NY,V0,11,X,"SIY SOCCER LEAGUE, INC.",3000,0,30.0,100.0,5,9180,0,,,5,951469.0,141206.0,40.5541929,-74.1179651,34a,,New York
SI,4746,13,503.0,50.0,10306.0,122.0,17 DELWIT AVENUE,NY,V0,11,X,"SIY SOCCER LEAGUE, INC.",2435,0,20.0,118.0,5,7440,0,,,5,951540.0,140994.0,40.5536113,-74.1177086,34a,,New York
SI,4746,104,503.0,50.0,10306.0,122.0,162 DUGDALE STREET,NY,V0,11,X,"SIY SOCCER LEAGUE, INC.",4000,0,40.0,100.0,5,12000,0,,,5,951541.0,141276.0,40.5543853,-74.1177064,34a,,New York
SI,4767,48,503.0,50.0,10306.0,122.0,163A FOX BEACH AVENUE,NY,V0,11,C,CITY OF NEW YORK,5740,0,22.83,120.0,5,17940,0,,,5,952062.0,141149.0,40.5540386,-74.1158309,34a,,New York
SI,4767,20,503.0,50.0,10306.0,122.0,175 FOX BEACH AVENUE,NY,V0,11,C,CITY OF NEW YORK,1500,0,25.0,60.0,5,4380,0,,,5,951895.0,141283.0,40.5544058,-74.1164325,34a,,New York
SI,4767,16,503.0,50.0,10306.0,122.0,169A FOX BEACH AVENUE,NY,V0,11,C,CITY OF NEW YORK,1781,0,14.84,120.0,5,5220,0,,,5,951979.0,141226.0,40.5542497,-74.11613,34a,,New York
SI,4793,43,503.0,50.0,10306.0,122.0,66 TARLTON STREET,NY,V0,11,C,CITY OF NEW YORK,4000,0,50.0,80.0,5,12000,0,,,5,952147.0,140551.0,40.5523976,-74.1155222,34a,,New York
SI,4793,30,503.0,50.0,10306.0,122.0,42 TARLTON STREET,NY,V0,11,C,CITY OF NEW YORK,2000,0,25.0,80.0,5,5880,0,,,5,951966.0,140774.0,40.553009,-74.1161746,34a,,New York
SI,4781,46,503.0,50.0,10306.0,122.0,98 FOX LANE,NY,V0,11,C,CITY OF NEW YORK,1500,0,25.0,60.0,5,4380,0,,,5,952707.0,140390.0,40.5519577,-74.1135063,34a,,New York
SI,4793,49,503.0,50.0,10306.0,122.0,74 TARLTON STREET,NY,V0,11,C,CITY OF NEW YORK,2993,0,37.42,80.0,5,9180,0,,,5,952215.0,140468.0,40.55217,-74.1152771,34a,,New York
SI,4793,58,503.0,50.0,10306.0,122.0,92 TARLTON STREET,NY,V0,11,C,CITY OF NEW YORK,2000,0,25.0,80.0,5,5880,0,,,5,952361.0,140288.0,40.5516765,-74.1147509,34a,,New York
SI,4746,22,503.0,50.0,10306.0,122.0,39 DELWIT AVENUE,NY,V0,11,X,"SIY SOCCER LEAGUE, INC.",2400,0,16.0,150.0,5,7020,0,,,5,951371.0,140945.0,40.5534762,-74.1183165,34a,,New York
SI,4746,113,503.0,50.0,10306.0,122.0,665 MILL ROAD,NY,V0,11,X,"SIY SOCCER LEAGUE, INC.",3372,0,24.0,140.52,5,10560,0,,,5,951559.0,141163.0,40.5540752,-74.1176411,34a,,New York
SI,4690,122,503.0,50.0,10306.0,122.0,609 MILL ROAD,NY,V0,11,X,"SIY SOCCER LEAGUE, INC.",2130,0,14.0,154.0,5,6540,0,,,5,951640.0,141539.0,40.5551076,-74.1173514,34a,,New York
SI,4690,125,503.0,50.0,10306.0,122.0,617 MILL ROAD,NY,V0,11,X,"SIY SOCCER LEAGUE, INC.",3564,0,23.0,160.0,5,11160,0,,,5,951609.0,141499.0,40.5549977,-74.1174628,34a,,New York
SI,4690,25,503.0,50.0,10306.0,122.0,157 DUGDALE STREET,NY,V0,11,X,"SIY SOCCER LEAGUE, INC.",4240,0,40.0,106.0,3,14520,0,,,5,951588.0,141404.0,40.5547368,-74.1175379,34a,,New York
SI,4767,26,503.0,50.0,10306.0,122.0,596 MILL ROAD,NY,V0,11,X,NYS OFFICE OF MENTAL RETARDATION/DDSO,3456,0,27.0,128.0,5,10380,0,,,5,951812.0,141397.0,40.5547185,-74.1167317,34a,,New York
SI,4792,41,503.0,50.0,10306.0,122.0,136 FOX BEACH AVENUE,NY,V0,11,C,CITY OF NEW YORK,3560,0,50.0,142.42,5,11160,0,,,5,952157.0,140786.0,40.5530426,-74.1154873,34a,,New York
SI,4793,38,503.0,50.0,10306.0,122.0,56 TARLTON STREET,NY,V0,11,C,CITY OF NEW YORK,2160,0,27.0,80.0,5,6360,0,,,5,952075.0,140639.0,40.5526388,-74.1157817,34a,,New York
SI,5268,210,503.0,51.0,10312.0,122.0,243 RIDGECREST AVENUE,NY,V0,11,,"FRANCO, ANTHONY",12359,0,85.0,141.0,5,28920,0,,,5,940016.0,135981.0,40.5398016,-74.1591455,33c,,New York
SI,4754,37,503.0,50.0,10306.0,122.0,471 PROMENADE AVENUE,NY,V0,11,C,CITY OF NEW YORK,2268,0,36.0,65.0,5,6960,0,,,5,952473.0,142172.0,40.5568481,-74.1143567,34a,,New York
SI,4754,38,503.0,50.0,10306.0,122.0,467 PROMENADE AVENUE,NY,V0,11,C,CITY OF NEW YORK,1260,0,21.0,60.0,5,3840,0,,,5,952457.0,142196.0,40.5569139,-74.1144144,34a,,New York
SI,4754,39,503.0,50.0,10306.0,122.0,465 PROMENADE AVENUE,NY,V0,11,C,CITY OF NEW YORK,1197,0,21.0,57.0,5,3660,0,,,5,952444.0,142215.0,40.556966,-74.1144613,34a,,New York
SI,4754,36,503.0,50.0,10306.0,122.0,475 PROMENADE AVENUE,NY,V0,11,C,CITY OF NEW YORK,2700,0,38.0,71.0,5,8280,0,,,5,952494.0,142141.0,40.5567631,-74.114281,34a,,New York
SI,4754,31,503.0,50.0,10306.0,122.0,485 PROMENADE AVENUE,NY,V0,11,C,CITY OF NEW YORK,4800,0,60.0,80.0,5,14400,0,,,5,952557.0,142052.0,40.556519,-74.1140539,34a,,New York
SI,4754,45,503.0,50.0,10306.0,122.0,460 STONEHAM STREET,NY,V0,11,C,CITY OF NEW YORK,4840,0,44.0,110.0,3,16680,0,,,5,952487.0,142238.0,40.5570293,-74.1143066,34a,,New York
SI,4754,60,503.0,50.0,10306.0,122.0,26 KISSAM AVENUE,NY,V0,11,C,CITY OF NEW YORK,2060,0,25.0,82.42,5,6060,0,,,5,952690.0,142014.0,40.5564152,-74.113575,34a,,New York
SI,4793,67,503.0,50.0,10306.0,122.0,106 TARLTON STREET,NY,V0,11,C,CITY OF NEW YORK,2000,0,25.0,80.0,5,5880,0,,,5,952471.0,140151.0,40.5513008,-74.1143544,34a,,New York
SI,4792,201,503.0,50.0,10306.0,122.0,74 FOX BEACH AVENUE,NY,V0,11,C,CITY OF NEW YORK,3100,0,50.0,142.0,5,9900,0,,,5,952622.0,140194.0,40.5514194,-74.1138113,34a,,New York
SI,5275,46,503.0,51.0,10308.0,122.0,11 RUSSELL STREET,NY,V0,11,,FONTANA & SON LLC,4991,0,40.0,130.0,5,16560,0,,,5,943064.0,136603.0,40.5415235,-74.1481832,33c,,New York
SI,4793,54,503.0,50.0,10306.0,122.0,84 TARLTON STREET,NY,V0,11,C,CITY OF NEW YORK,2000,0,25.0,80.0,5,5880,0,,,5,952297.0,140366.0,40.5518903,-74.1149816,34a,,New York
SI,4690,136,503.0,50.0,10306.0,122.0,566 RIGA STREET,NY,V0,11,X,"SIY SOCCER LEAGUE, INC.",1120,0,14.0,80.0,5,3300,0,,,5,951569.0,141759.0,40.5557112,-74.117608,34a,,New York
SI,4690,138,503.0,50.0,10306.0,122.0,562 RIGA STREET,NY,V0,11,X,"SIY SOCCER LEAGUE, INC.",1120,0,14.0,80.0,5,3300,0,,,5,951586.0,141780.0,40.5557689,-74.1175469,34a,,New York
SI,4689,16,503.0,50.0,10306.0,122.0,583 RIGA STREET,NY,V0,11,X,"SIY SOCCER LEAGUE, INC.",2300,0,23.0,100.0,5,6720,0,,,5,951349.0,141730.0,40.5556308,-74.1183995,34a,,New York
SI,4690,113,503.0,50.0,10306.0,122.0,595 MILL ROAD,NY,V0,11,X,"SIY SOCCER LEAGUE, INC.",1325,0,14.0,96.0,5,4080,0,,,5,951721.0,141637.0,40.5553769,-74.1170604,34a,,New York
SI,4684,24,503.0,50.0,10306.0,122.0,153 AVISTON STREET,NY,V0,11,X,"OAKWOOD VETERANS ASSOCIATION, INC.",2500,0,25.0,100.0,5,7320,0,,,5,951710.0,141867.0,40.5560081,-74.1171011,34a,,New York
SI,4689,15,503.0,50.0,10306.0,122.0,581 RIGA STREET,NY,V0,11,X,"SIY SOCCER LEAGUE, INC.",2300,0,23.0,100.0,5,6720,0,,,5,951363.0,141748.0,40.5556802,-74.1183492,34a,,New York
SI,4690,135,503.0,50.0,10306.0,122.0,568 RIGA STREET,NY,V0,11,X,"SIY SOCCER LEAGUE, INC.",2000,0,25.0,80.0,5,5880,0,,,5,951558.0,141745.0,40.5556727,-74.1176475,34a,,New York
SI,4690,116,503.0,50.0,10306.0,122.0,156 AVISTON STREET,NY,V0,11,X,"SIY SOCCER LEAGUE, INC.",2500,0,25.0,100.0,5,7320,0,,,5,951639.0,141718.0,40.5555989,-74.1173559,34a,,New York
SI,4690,35,503.0,50.0,10306.0,122.0,133 DUGDALE STREET,NY,V0,11,X,"SIY SOCCER LEAGUE, INC.",3000,0,30.0,100.0,5,9180,0,,,5,951424.0,141570.0,40.5551919,-74.1181288,34a,,New York
SI,4690,130,503.0,50.0,10306.0,122.0,578 RIGA STREET,NY,V0,11,X,"SIY SOCCER LEAGUE, INC.",2068,0,22.0,94.0,5,6060,0,,,5,951504.0,141666.0,40.5554557,-74.1178414,34a,,New York
SI,4746,102,503.0,50.0,10306.0,122.0,546 MERKEL PLACE,NY,V0,11,X,"SIY SOCCER LEAGUE, INC.",4000,0,40.0,100.0,5,12000,0,,,5,951506.0,141296.0,40.5544401,-74.1178324,34a,,New York
SI,4746,108,503.0,50.0,10306.0,122.0,657 MILL ROAD,NY,V0,11,X,"SIY SOCCER LEAGUE, INC.",1279,0,15.0,85.25,5,3720,0,,,5,951578.0,141215.0,40.554218,-74.1175729,34a,,New York
SI,4768,71,503.0,50.0,10306.0,122.0,108 KISSAM AVENUE,NY,V0,11,C,CITY OF NEW YORK,2050,0,25.0,82.0,5,6000,0,,,5,953322.0,141215.0,40.5542243,-74.111297,34a,,New York
SI,4792,69,503.0,50.0,10306.0,122.0,92 FOX BEACH AVENUE,NY,V0,11,C,CITY OF NEW YORK,1560,0,25.0,62.42,5,4560,0,,,5,952490.0,140357.0,40.5518663,-74.114287,34a,,New York
SI,4793,55,503.0,50.0,10306.0,122.0,86 TARLTON STREET,NY,V0,11,C,CITY OF NEW YORK,4000,0,50.0,80.0,5,12000,0,,,5,952321.0,140337.0,40.5518108,-74.1148951,34a,,New York
SI,4781,2,503.0,50.0,10306.0,122.0,77 FOX BEACH AVENUE,NY,V0,11,C,CITY OF NEW YORK,1500,0,25.0,60.0,5,4380,0,,,5,952678.0,140332.0,40.5517984,-74.1136104,34a,,New York
SI,4781,43,503.0,50.0,10306.0,122.0,100 FOX LANE,NY,V0,11,C,CITY OF NEW YORK,2700,0,45.0,60.0,5,7920,0,,,5,952685.0,140417.0,40.5520317,-74.1135856,34a,,New York
SI,4781,3,503.0,50.0,10306.0,122.0,79 FOX BEACH AVENUE,NY,V0,11,C,CITY OF NEW YORK,3000,0,50.0,60.0,5,9180,0,,,5,952655.0,140360.0,40.5518751,-74.1136933,34a,,New York
SI,4792,93,503.0,50.0,10306.0,122.0,91 TARLTON STREET,NY,V0,11,C,CITY OF NEW YORK,6480,0,81.0,80.0,5,18600,0,,,5,952418.0,140395.0,40.5519704,-74.1145463,34a,,New York
SI,4689,11,503.0,50.0,10306.0,122.0,573 RIGA STREET,NY,V0,11,X,"SIY SOCCER LEAGUE, INC.",3200,0,32.0,100.0,5,9600,0,,,5,951414.0,141811.0,40.5558533,-74.118166,34a,,New York
SI,4684,23,503.0,50.0,10306.0,122.0,155 AVISTON STREET,NY,V0,11,X,"OAKWOOD VETERANS ASSOCIATION, INC.",2500,0,25.0,100.0,5,7320,0,,,5,951729.0,141851.0,40.5559643,-74.1170326,34a,,New York
SI,4793,68,503.0,50.0,10306.0,122.0,108 TARLTON STREET,NY,V0,11,C,CITY OF NEW YORK,2000,0,25.0,80.0,5,5880,0,,,5,952487.0,140132.0,40.5512487,-74.1142967,34a,,New York
SI,4792,82,503.0,50.0,10306.0,122.0,107 TARLTON STREET,NY,V0,11,C,CITY OF NEW YORK,2280,0,28.5,80.0,5,6660,0,,,5,952571.0,140207.0,40.5514549,-74.1139948,34a,,New York
SI,4792,58,503.0,50.0,10306.0,122.0,106 FOX BEACH AVENUE,NY,V0,11,C,CITY OF NEW YORK,3121,0,50.0,142.0,5,9960,0,,,5,952373.0,140502.0,40.5522639,-74.1147087,34a,,New York
SI,4793,40,503.0,50.0,10306.0,122.0,58 TARLTON STREET,NY,V0,11,C,CITY OF NEW YORK,4000,0,50.0,80.0,5,12000,0,,,5,952100.0,140609.0,40.5525566,-74.1156916,34a,,New York
SI,4793,46,503.0,50.0,10306.0,122.0,70 TARLTON STREET,NY,V0,11,C,CITY OF NEW YORK,2993,0,37.42,80.0,5,9180,0,,,5,952191.0,140497.0,40.5522495,-74.1153636,34a,,New York
SI,4781,17,503.0,50.0,10306.0,122.0,99 FOX BEACH AVENUE,NY,V0,11,C,CITY OF NEW YORK,3000,0,50.0,60.0,5,9180,0,,,5,952491.0,140560.0,40.5524235,-74.1142844,34a,,New York
SI,4781,21,503.0,50.0,10306.0,122.0,111 FOX BEACH AVENUE,NY,V0,11,C,CITY OF NEW YORK,4320,0,72.0,60.0,3,14880,0,,,5,952421.0,140645.0,40.5526566,-74.1145367,34a,,New York
SI,4793,32,503.0,50.0,10306.0,122.0,46 TARLTON STREET,NY,V0,11,C,CITY OF NEW YORK,2000,0,25.0,80.0,5,5880,0,,,5,951998.0,140735.0,40.5529021,-74.1160592,34a,,New York
SI,4792,54,503.0,50.0,10306.0,122.0,112 FOX BEACH AVENUE,NY,V0,11,C,CITY OF NEW YORK,4650,0,75.0,62.0,5,13920,0,,,5,952365.0,140571.0,40.5524532,-74.1147378,34a,,New York
SI,4792,66,503.0,50.0,10306.0,122.0,96 FOX BEACH AVENUE,NY,V0,11,C,CITY OF NEW YORK,1560,0,25.0,62.42,5,4560,0,,,5,952491.0,140416.0,40.5520283,-74.1142837,34a,,New York
SI,4793,37,503.0,50.0,10306.0,122.0,54 TARLTON STREET,NY,V0,11,C,CITY OF NEW YORK,2160,0,19.0,80.0,5,6360,0,,,5,952060.0,140658.0,40.5526909,-74.1158358,34a,,New York
SI,4792,115,503.0,50.0,10306.0,122.0,53 TARLTON STREET,NY,V0,11,C,CITY OF NEW YORK,4000,0,50.0,80.0,5,12000,0,,,5,952139.0,140739.0,40.5529136,-74.1155519,34a,,New York
SI,4792,61,503.0,50.0,10306.0,122.0,102 FOX BEACH AVENUE,NY,V0,11,C,CITY OF NEW YORK,7100,0,50.0,142.0,5,20400,0,,,5,952403.0,140463.0,40.5521569,-74.1146006,34a,,New York
SI,4690,126,503.0,50.0,10306.0,122.0,25 CARMELLA COURT,NY,V0,11,X,"SIY SOCCER LEAGUE, INC.",2660,0,28.0,95.0,5,8160,0,,,5,951582.0,141608.0,40.5552968,-74.1175604,34a,,New York
SI,4690,33,503.0,50.0,10306.0,122.0,137 DUGDALE STREET,NY,V0,11,X,"SIY SOCCER LEAGUE, INC.",4000,0,40.0,100.0,5,12000,0,,,5,951452.0,141548.0,40.5551316,-74.118028,34a,,New York
SI,4690,124,503.0,50.0,10306.0,122.0,615 MILL ROAD,NY,V0,11,X,"SIY SOCCER LEAGUE, INC.",2145,0,14.0,157.0,5,6540,0,,,5,951619.0,141515.0,40.5550416,-74.1174268,34a,,New York
SI,4690,131,503.0,50.0,10306.0,122.0,576 RIGA STREET,NY,V0,11,X,"SIY SOCCER LEAGUE, INC.",1316,0,14.0,94.0,5,3840,0,,,5,951515.0,141681.0,40.5554969,-74.1178019,34a,,New York
SI,4690,31,503.0,50.0,10306.0,122.0,143 DUGDALE STREET,NY,V0,11,X,"SIY SOCCER LEAGUE, INC.",4000,0,40.0,100.0,5,12000,0,,,5,951483.0,141523.0,40.5550631,-74.1179163,34a,,New York
SI,4690,37,503.0,50.0,10306.0,122.0,131 DUGDALE STREET,NY,V0,11,X,"SIY SOCCER LEAGUE, INC.",3000,0,30.0,100.0,5,9180,0,,,5,951400.0,141589.0,40.5552439,-74.1182153,34a,,New York
SI,4690,127,503.0,50.0,10306.0,122.0,23 CARMELLA COURT,NY,V0,11,X,"SIY SOCCER LEAGUE, INC.",1344,0,14.0,96.0,5,4080,0,,,5,951595.0,141625.0,40.5553435,-74.1175137,34a,,New York
SI,4690,128,503.0,50.0,10306.0,122.0,17 CARMELLA COURT,NY,V0,11,X,"SIY SOCCER LEAGUE, INC.",1344,0,14.0,96.0,5,4080,0,,,5,951604.0,141637.0,40.5553764,-74.1174814,34a,,New York
SI,4690,111,503.0,50.0,10306.0,122.0,591 MILL ROAD,NY,V0,11,X,"SIY SOCCER LEAGUE, INC.",1325,0,14.0,93.0,5,4080,0,,,5,951736.0,141660.0,40.5554401,-74.1170065,34a,,New York
SI,4690,115,503.0,50.0,10306.0,122.0,599 MILL ROAD,NY,V0,11,X,"SIY SOCCER LEAGUE, INC.",2355,0,25.0,102.0,5,7200,0,,,5,951704.0,141609.0,40.5553,-74.1171214,34a,,New York
SI,4746,27,503.0,50.0,10306.0,122.0,49 DELWIT AVENUE,NY,V0,11,X,"SIY SOCCER LEAGUE, INC.",16000,0,123.0,150.0,5,50400,0,,,5,951229.0,140914.0,40.5533906,-74.1188274,34a,,New York
SI,4746,6,503.0,50.0,10306.0,122.0,681 MILL ROAD,NY,V0,11,X,"SIY SOCCER LEAGUE, INC.",2180,0,14.0,160.0,5,6660,0,,,5,951558.0,141065.0,40.5538062,-74.1176442,34a,,New York
SI,4792,11,503.0,50.0,10306.0,122.0,176 FOX BEACH AVENUE,NY,V0,11,C,CITY OF NEW YORK,6200,0,100.0,62.0,5,18600,0,,,5,951821.0,141243.0,40.5542958,-74.1166986,34a,,New York
SI,4746,14,503.0,50.0,10306.0,122.0,19 DELWIT AVENUE,NY,V0,11,X,"SIY SOCCER LEAGUE, INC.",2800,0,20.0,148.0,5,8940,0,,,5,951524.0,140985.0,40.5535865,-74.1177662,34a,,New York
SI,4746,98,503.0,50.0,10306.0,122.0,532 MERKEL PLACE,NY,V0,11,X,"SIY SOCCER LEAGUE, INC.",3000,0,30.0,100.0,5,9180,0,,,5,951451.0,141184.0,40.5541325,-74.1180298,34a,,New York
SI,4746,106,503.0,50.0,10306.0,122.0,651 MILL ROAD,NY,V0,11,X,"SIY SOCCER LEAGUE, INC.",2300,0,26.88,85.58,5,7020,0,,,5,951584.0,141262.0,40.5543471,-74.1175516,34a,,New York
SI,4690,29,503.0,50.0,10306.0,122.0,147 DUGDALE STREET,NY,V0,11,X,"SIY SOCCER LEAGUE, INC.",4000,0,40.0,100.0,5,12000,0,,,5,951514.0,141498.0,40.5549946,-74.1178046,34a,,New York
SI,4689,23,503.0,50.0,10306.0,122.0,593 RIGA STREET,NY,V0,11,X,"SIY SOCCER LEAGUE, INC.",2300,0,23.0,100.0,5,6720,0,,,5,951291.0,141657.0,40.5554302,-74.1186079,34a,,New York
SI,4690,120,503.0,50.0,10306.0,122.0,605 MILL ROAD,NY,V0,11,X,"SIY SOCCER LEAGUE, INC.",2200,0,25.0,88.0,5,6720,0,,,5,951680.0,141552.0,40.5551434,-74.1172075,34a,,New York
SI,4689,21,503.0,50.0,10306.0,122.0,591 RIGA STREET,NY,V0,11,X,"SIY SOCCER LEAGUE, INC.",2300,0,23.0,100.0,5,6720,0,,,5,951306.0,141676.0,40.5554824,-74.118554,34a,,New York
SI,4746,38,503.0,50.0,10306.0,122.0,50 DELWIT AVENUE,NY,V0,11,X,"SIY SOCCER LEAGUE, INC.",2950,0,15.0,186.0,5,9420,0,,,5,951328.0,140764.0,40.5529792,-74.1184704,34a,,New York
SI,4746,39,503.0,50.0,10306.0,122.0,52 DELWIT AVENUE,NY,V0,11,X,"SIY SOCCER LEAGUE, INC.",3264,0,15.0,199.0,5,10200,0,,,5,951314.0,140754.0,40.5529517,-74.1185207,34a,,New York
SI,4695,1,503.0,50.0,10306.0,122.0,130 DUGDALE STREET,NY,V0,11,X,"SIY SOCCER LEAGUE, INC.",69737,0,315.0,200.0,3,122580,0,,,5,951280.0,141316.0,40.5544942,-74.1186458,34a,,New York
SI,4762,32,503.0,50.0,10306.0,122.0,586 MILL ROAD,NY,V0,11,C,CITY OF NEW YORK,3774,0,34.0,111.0,5,11340,0,,,5,951874.0,141550.0,40.5551386,-74.1165094,34a,,New York
SI,4767,12,503.0,50.0,10306.0,122.0,163B FOX BEACH AVENUE,NY,V0,11,C,CITY OF NEW YORK,1780,0,14.83,120.0,5,5220,0,,,5,952024.0,141172.0,40.5541016,-74.1159678,34a,,New York
SI,4768,82,503.0,50.0,10306.0,122.0,126 KISSAM AVENUE,NY,V0,11,C,CITY OF NEW YORK,4100,0,50.0,82.0,5,12300,0,,,5,953444.0,141060.0,40.5537993,-74.1108573,34a,,New York
SI,5287,37,503.0,51.0,10312.0,122.0,4241 HYLAN BOULEVARD,NY,V0,11,,HYLAN ZO 2 LLC,4069,0,40.0,103.0,5,6360,0,,,5,942194.0,134956.0,40.5369988,-74.1513031,33d,,New York
SI,4792,102,503.0,50.0,10306.0,122.0,75 TARLTON STREET,NY,V0,11,C,CITY OF NEW YORK,1520,0,19.0,80.0,5,4440,0,,,5,952306.0,140534.0,40.5523515,-74.11495,34a,,New York
SI,4767,78,503.0,50.0,10306.0,122.0,119 FOX BEACH AVENUE,NY,V0,11,C,CITY OF NEW YORK,1500,0,25.0,60.0,5,4380,0,,,5,952343.0,140741.0,40.5529198,-74.1148178,34a,,New York
SI,4792,104,503.0,50.0,10306.0,122.0,71 TARLTON STREET,NY,V0,11,C,CITY OF NEW YORK,4000,0,50.0,80.0,5,12000,0,,,5,952267.0,140582.0,40.5524831,-74.1150905,34a,,New York
SI,4792,45,503.0,50.0,10306.0,122.0,128 FOX BEACH AVENUE,NY,V0,11,C,CITY OF NEW YORK,3100,0,50.0,62.0,5,9480,0,,,5,952246.0,140719.0,40.552859,-74.1151667,34a,,New York
SI,4792,101,503.0,50.0,10306.0,122.0,77 TARLTON STREET,NY,V0,11,C,CITY OF NEW YORK,2160,0,27.0,80.0,5,6360,0,,,5,952321.0,140514.0,40.5522966,-74.1148959,34a,,New York
SI,4767,74,503.0,50.0,10306.0,122.0,117 FOX BEACH AVENUE,NY,V0,11,C,CITY OF NEW YORK,3000,0,25.0,120.0,5,9180,0,,,5,952381.0,140741.0,40.5529199,-74.114681,34a,,New York
SI,4781,30,503.0,50.0,10306.0,122.0,134 FOX LANE,NY,V0,11,C,CITY OF NEW YORK,2220,0,62.42,120.0,5,6780,0,,,5,952492.0,140625.0,40.5526019,-74.1142811,34a,,New York
SI,4792,103,503.0,50.0,10306.0,122.0,73 TARLTON STREET,NY,V0,11,C,CITY OF NEW YORK,2160,0,27.0,80.0,5,6360,0,,,5,952291.0,140552.0,40.5524008,-74.115004,34a,,New York
SI,4792,109,503.0,50.0,10306.0,122.0,63 TARLTON STREET,NY,V0,11,C,CITY OF NEW YORK,2260,0,28.0,80.0,5,6600,0,,,5,952208.0,140654.0,40.5526805,-74.1153032,34a,,New York
SI,4793,33,503.0,50.0,10306.0,122.0,48 TARLTON STREET,NY,V0,11,C,CITY OF NEW YORK,2000,0,25.0,80.0,5,5880,0,,,5,952013.0,140717.0,40.5528527,-74.1160052,34a,,New York
SI,4781,13,503.0,50.0,10306.0,122.0,97 FOX BEACH AVENUE,NY,V0,11,C,CITY OF NEW YORK,9000,0,75.0,120.0,5,27180,0,,,5,952538.0,140526.0,40.5523303,-74.1141151,34a,,New York
SI,4781,10,503.0,50.0,10306.0,122.0,89 FOX BEACH AVENUE,NY,V0,11,C,CITY OF NEW YORK,1500,0,25.0,60.0,5,4380,0,,,5,952584.0,140446.0,40.5521109,-74.1139492,34a,,New York
SI,4792,51,503.0,50.0,10306.0,122.0,118 FOX BEACH AVENUE,NY,V0,11,C,CITY OF NEW YORK,3100,0,50.0,62.0,5,9480,0,,,5,952318.0,140630.0,40.552615,-74.1149072,34a,,New York
SI,4793,50,503.0,50.0,10306.0,122.0,76 TARLTON STREET,NY,V0,11,C,CITY OF NEW YORK,4000,0,50.0,80.0,5,12000,0,,,5,952242.0,140434.0,40.5520768,-74.1151798,34a,,New York
SI,4746,30,503.0,50.0,10306.0,122.0,42 DELWIT AVENUE,NY,V0,11,X,"SIY SOCCER LEAGUE, INC.",5600,0,162.0,136.0,5,17520,0,,,5,951429.0,140835.0,40.5531745,-74.1181073,34a,,New York
SI,4746,10,503.0,50.0,10306.0,122.0,15 DELWIT AVENUE,NY,V0,11,X,"SIY SOCCER LEAGUE, INC.",2380,0,80.0,118.0,5,7260,0,,,5,951567.0,141003.0,40.5536361,-74.1176115,34a,,New York
SI,4746,18,503.0,50.0,10306.0,122.0,27 DELWIT AVENUE,NY,V0,11,X,"SIY SOCCER LEAGUE, INC.",2400,0,16.0,150.0,5,7020,0,,,5,951459.0,140965.0,40.5535314,-74.118,34a,,New York
SI,4746,36,503.0,50.0,10306.0,122.0,46 DELWIT AVENUE,NY,V0,11,X,"SIY SOCCER LEAGUE, INC.",2250,0,15.0,161.0,5,6900,0,,,5,951356.0,140784.0,40.5530342,-74.1183697,34a,,New York
SI,4746,35,503.0,50.0,10306.0,122.0,44 DELWIT AVENUE,NY,V0,11,X,"SIY SOCCER LEAGUE, INC.",2100,0,15.0,148.0,5,6420,0,,,5,951371.0,140794.0,40.5530617,-74.1183158,34a,,New York
SI,4767,54,503.0,50.0,10306.0,122.0,151 FOX BEACH AVENUE,NY,V0,11,C,CITY OF NEW YORK,6000,0,25.0,120.0,5,18780,0,,,5,952121.0,141077.0,40.5538412,-74.1156183,34a,,New York
SI,4792,204,503.0,50.0,10306.0,122.0,72 FOX BEACH AVENUE,NY,V0,11,C,CITY OF NEW YORK,3100,0,50.0,62.0,5,9480,0,,,5,952654.0,140155.0,40.5513124,-74.1136959,34a,,New York
SI,4792,206,503.0,50.0,10306.0,122.0,66 FOX BEACH AVENUE,NY,V0,11,C,CITY OF NEW YORK,3038,0,49.0,62.0,5,9300,0,,,5,952706.0,140145.0,40.5512852,-74.1135088,34a,,New York
SI,4792,209,503.0,50.0,10306.0,122.0,645 CEDAR GROVE AVENUE,NY,V0,11,C,CITY OF NEW YORK,1775,0,25.0,71.0,0,5400,0,,,5,952664.0,140086.0,40.5511231,-74.1136596,34a,,New York
SI,4793,70,503.0,50.0,10306.0,122.0,110 TARLTON STREET,NY,V0,11,C,CITY OF NEW YORK,4000,0,50.0,80.0,5,12000,0,,,5,952510.0,140103.0,40.5511692,-74.1142138,34a,,New York
SI,4792,210,503.0,50.0,10306.0,122.0,117 TARLTON STREET,NY,V0,11,C,CITY OF NEW YORK,1704,0,24.0,71.0,5,5220,0,,,5,952647.0,140106.0,40.5511779,-74.1137209,34a,,New York
SI,4802,11,503.0,50.0,10306.0,122.0,646 CEDAR GROVE AVENUE,NY,V0,11,C,CITY OF NEW YORK,1550,0,143.0,100.0,5,4740,0,,,5,952768.0,140007.0,40.5509066,-74.113285,34a,,New York
SI,4793,74,503.0,50.0,10306.0,122.0,118 TARLTON STREET,NY,V0,11,C,CITY OF NEW YORK,2000,0,25.0,80.0,5,5880,0,,,5,952565.0,140036.0,40.5509855,-74.1140156,34a,,New York
SI,4802,19,503.0,50.0,10306.0,122.0,48 FOX BEACH AVENUE,NY,V0,11,C,CITY OF NEW YORK,7000,0,50.0,140.0,5,20100,0,,,5,952824.0,139939.0,40.5507202,-74.1130832,34a,,New York
SI,4791,56,503.0,50.0,10306.0,122.0,51 FOX BEACH AVENUE,NY,V0,11,C,CITY OF NEW YORK,3000,0,25.0,120.0,5,9180,0,,,5,952909.0,140100.0,40.5511624,-74.1127781,34a,,New York
SI,4802,18,503.0,50.0,10306.0,122.0,50 FOX BEACH AVENUE,NY,V0,11,C,CITY OF NEW YORK,1550,0,25.0,62.0,5,4560,0,,,5,952829.0,140000.0,40.5508876,-74.1130655,34a,,New York
SI,4791,55,503.0,50.0,10306.0,122.0,49 FOX BEACH AVENUE,NY,V0,11,C,CITY OF NEW YORK,1500,0,25.0,60.0,5,4380,0,,,5,952902.0,140063.0,40.5510608,-74.1128031,34a,,New York
SI,4791,53,503.0,50.0,10306.0,122.0,45 FOX BEACH AVENUE,NY,V0,11,C,CITY OF NEW YORK,1500,0,25.0,60.0,5,4380,0,,,5,952936.0,140023.0,40.5509511,-74.1126806,34a,,New York
SI,4758,5,503.0,50.0,10306.0,122.0,508 MILL ROAD,NY,V0,11,C,CITY OF NEW YORK,7350,0,43.0,94.0,5,22020,0,,,5,952224.0,142100.0,40.5566495,-74.1152524,34a,,New York
SI,4758,12,503.0,50.0,10306.0,122.0,490 MILL ROAD,NY,V0,11,C,CITY OF NEW YORK,1800,0,18.0,100.0,5,5520,0,,,5,952276.0,142130.0,40.5567321,-74.1150655,34a,,New York
SI,4791,61,503.0,50.0,10306.0,122.0,633 CEDAR GROVE AVENUE,NY,V0,11,C,CITY OF NEW YORK,5640,0,60.0,94.0,5,16920,0,,,5,952772.0,140219.0,40.5514885,-74.1132716,34a,,New York
SI,4792,83,503.0,50.0,10306.0,122.0,105 TARLTON STREET,NY,V0,11,C,CITY OF NEW YORK,1440,0,18.0,80.0,5,4200,0,,,5,952557.0,140224.0,40.5515015,-74.1140453,34a,,New York
SI,4792,73,503.0,50.0,10306.0,122.0,84 FOX BEACH AVENUE,NY,V0,11,C,CITY OF NEW YORK,7121,0,50.0,142.42,5,20460,0,,,5,952545.0,140289.0,40.5516799,-74.1140888,34a,,New York
SI,4792,76,503.0,50.0,10306.0,122.0,80 FOX BEACH AVENUE,NY,V0,11,C,CITY OF NEW YORK,2340,0,37.5,62.5,5,6840,0,,,5,952605.0,140276.0,40.5516444,-74.1138728,34a,,New York
SI,4746,37,503.0,50.0,10306.0,122.0,48 DELWIT AVENUE,NY,V0,11,X,"SIY SOCCER LEAGUE, INC.",2490,0,15.0,173.0,5,7620,0,,,5,951342.0,140774.0,40.5530067,-74.1184201,34a,,New York
SI,4160,359,503.0,50.0,10306.0,122.0,91 KISSAM AVENUE,NY,V0,11,C,CITY OF NEW YORK,2050,0,25.0,82.0,5,6780,0,,,5,953306.0,141458.0,40.5548912,-74.1113557,34a,,New York
SI,4160,352,503.0,50.0,10306.0,122.0,99 KISSAM AVENUE,NY,V0,11,C,CITY OF NEW YORK,4100,0,50.0,82.0,5,13920,0,,,5,953375.0,141370.0,40.5546499,-74.111107,34a,,New York
SI,4160,355,503.0,50.0,10306.0,122.0,95 KISSAM AVENUE,NY,V0,11,C,CITY OF NEW YORK,4100,0,50.0,82.0,5,13920,0,,,5,953344.0,141409.0,40.5547569,-74.1112187,34a,,New York
SI,5268,37,503.0,51.0,10312.0,122.0,4119 RICHMOND AVENUE,NY,V0,11,,CEE JAY REAL ESTATE DEVELOPMENT CORP.,6744,0,60.2,115.33,5,23160,0,,,5,939996.0,135477.0,40.5384181,-74.1592141,33c,,New York
SI,4160,13,503.0,50.0,10306.0,122.0,67 KISSAM AVENUE,NY,V0,11,C,CITY OF NEW YORK,4100,0,50.0,82.0,5,13920,0,,,5,953105.0,141712.0,40.5555877,-74.1120802,34a,,New York
SI,4056,80,503.0,50.0,10306.0,122.0,16 MANILA PLACE,NY,V0,11,,FREDERICK CONCILLO,2720,0,40.0,68.0,5,9000,0,,,5,954475.0,144098.0,40.5621415,-74.1071605,27b,,New York
SI,4160,339,503.0,50.0,10306.0,122.0,121 KISSAM AVENUE,NY,V0,11,C,CITY OF NEW YORK,4100,0,50.0,82.0,5,13920,0,,,5,953535.0,141168.0,40.554096,-74.1105303,34a,,New York
SI,4160,54,503.0,50.0,10306.0,122.0,472 MILL ROAD,NY,V0,11,C,CITY OF NEW YORK,2948,0,41.0,70.0,5,10620,0,,,5,952655.0,142316.0,40.557244,-74.1137024,34a,,New York
SI,4160,52,503.0,50.0,10306.0,122.0,3 KISSAM AVENUE,NY,V0,11,C,CITY OF NEW YORK,2435,0,49.0,42.0,5,8400,0,,,5,952601.0,142315.0,40.557241,-74.1138967,34a,,New York
SI,4160,48,503.0,50.0,10306.0,122.0,11 KISSAM AVENUE,NY,V0,11,C,CITY OF NEW YORK,6150,0,75.0,82.0,5,20760,0,,,5,952686.0,142241.0,40.5570382,-74.1135905,34a,,New York
SI,4160,358,503.0,50.0,10306.0,122.0,93 KISSAM AVENUE,NY,V0,11,C,CITY OF NEW YORK,2050,0,25.0,82.0,5,6780,0,,,5,953321.0,141438.0,40.5548364,-74.1113016,34a,,New York
SI,4160,341,503.0,50.0,10306.0,122.0,115 KISSAM AVENUE,NY,V0,11,C,CITY OF NEW YORK,4100,0,50.0,82.0,5,13920,0,,,5,953504.0,141207.0,40.554203,-74.110642,34a,,New York
SI,4160,11,503.0,50.0,10306.0,122.0,69 KISSAM AVENUE,NY,V0,11,C,CITY OF NEW YORK,4100,0,50.0,82.0,5,13920,0,,,5,953137.0,141670.0,40.5554725,-74.1119648,34a,,New York
SI,4160,26,503.0,50.0,10306.0,122.0,45 KISSAM AVENUE,NY,V0,11,C,CITY OF NEW YORK,4100,0,50.0,82.0,5,13920,0,,,5,952945.0,141913.0,40.5561388,-74.1126569,34a,,New York
SI,4160,18,503.0,50.0,10306.0,122.0,55 KISSAM AVENUE,NY,V0,11,C,CITY OF NEW YORK,4100,0,50.0,82.0,5,13920,0,,,5,953043.0,141790.0,40.5558016,-74.1123037,34a,,New York
SI,5474,15,503.0,51.0,10308.0,122.0,43 EAST READING AVENUE,NY,V0,11,,"EAST READING HOLDINGS, LLC",5192,0,26.0,200.0,5,17580,0,,,5,939632.0,142239.0,40.5569767,-74.1605683,33c,,New York
SI,5474,28,503.0,51.0,10308.0,122.0,7 EAST READING AVENUE,NY,V0,11,,"EAST READING HOLDINGS, LLC",6439,0,26.0,200.0,5,21780,0,,,5,939967.0,142311.0,40.557176,-74.1593632,33c,,New York
SI,654,39,501.0,49.0,10301.0,120.0,68 SENECA AVENUE,NY,V0,11,,KNOX STREET BUILDERS LLC,4000,0,50.0,80.0,3,11580,0,,,5,955470.0,163064.0,40.6142026,-74.1036603,21b,,New York
SI,5474,20,503.0,51.0,10308.0,122.0,27 EAST READING AVENUE,NY,V0,11,,"EAST READING HOLDINGS, LLC",5192,0,26.0,200.0,5,17580,0,,,5,939760.0,142260.0,40.5570349,-74.1601078,33c,,New York
SI,5474,13,503.0,51.0,10308.0,122.0,49 EAST READING AVENUE,NY,V0,11,,"EAST READING HOLDINGS, LLC",5192,0,26.0,200.0,5,17580,0,,,5,939580.0,142231.0,40.5569544,-74.1607554,33c,,New York
SI,673,28,501.0,49.0,10301.0,120.0,44 LABAU AVENUE,NY,V0,11,,"GOFAS, JIMMY",2343,0,33.0,71.0,3,11160,0,,,5,954675.0,162943.0,40.6138679,-74.1065232,21b,,New York
SI,654,40,501.0,49.0,10301.0,120.0,47 SCHOHARIE STREET,NY,V0,11,,KNOX STREET BUILDERS LLC,4000,0,50.0,80.0,5,11580,0,,,5,955424.0,163042.0,40.6141421,-74.1038259,21b,,New York
SI,655,24,501.0,49.0,10301.0,120.0,1386 CLOVE ROAD,NY,V0,11,,1390 CLOVE PROPERTIES INC.,3688,0,37.0,112.0,5,15480,0,,,5,956145.0,162849.0,40.6136147,-74.1012282,21b,,New York
SI,655,23,501.0,49.0,10301.0,120.0,1384 CLOVE ROAD,NY,V0,11,,1390 CLOVE PROPERTIES INC.,2696,0,31.0,98.0,5,11340,0,,,5,956125.0,162875.0,40.613686,-74.1013003,21b,,New York
SI,5474,17,503.0,51.0,10308.0,122.0,37 EAST READING AVENUE,NY,V0,11,,"EAST READING HOLDINGS, LLC",5192,0,26.0,200.0,5,17580,0,,,5,939683.0,142247.0,40.5569989,-74.1603848,33c,,New York
SI,5474,21,503.0,51.0,10308.0,122.0,25 EAST READING AVENUE,NY,V0,11,,"EAST READING HOLDINGS, LLC",5192,0,26.0,200.0,5,17580,0,,,5,939785.0,142264.0,40.557046,-74.1600179,33c,,New York
SI,5474,23,503.0,51.0,10308.0,122.0,21 EAST READING AVENUE,NY,V0,11,,"EAST READING HOLDINGS, LLC",5192,0,26.0,200.0,5,17580,0,,,5,939837.0,142273.0,40.557071,-74.1598308,33c,,New York
SI,5533,23,503.0,51.0,10312.0,122.0,3303 RICHMOND AVENUE,NY,V0,11,,KALACHE REALTY LLC,8873,0,91.0,98.0,5,33060,0,,,5,937302.0,142696.0,40.558219,-74.1689565,33c,,New York
SI,5474,27,503.0,51.0,10308.0,122.0,9 EAST READING AVENUE,NY,V0,11,,"EAST READING HOLDINGS, LLC",5192,0,26.0,200.0,5,17580,0,,,5,939939.0,142290.0,40.5571182,-74.1594638,33c,,New York
SI,5474,29,503.0,51.0,10308.0,122.0,5 EAST READING AVENUE,NY,V0,11,,"EAST READING HOLDINGS, LLC",8284,0,54.0,172.0,3,27360,0,,,5,940007.0,142281.0,40.5570938,-74.1592191,33c,,New York
SI,5474,25,503.0,51.0,10308.0,122.0,15 EAST READING AVENUE,NY,V0,11,,"EAST READING HOLDINGS, LLC",5192,0,26.0,200.0,5,17580,0,,,5,939888.0,142281.0,40.5570932,-74.1596473,33c,,New York
SI,5593,28,503.0,51.0,10312.0,123.0,4697 AMBOY ROAD,NY,V0,11,,MILA HOMES LLC,4009,0,40.0,105.0,5,4140,0,,,5,937410.0,136194.0,40.5403729,-74.1685228,33c,,New York
SI,5593,29,503.0,51.0,10312.0,123.0,1233 ARDEN AVENUE,NY,V0,11,,MILA HOMES LLC,4027,0,46.0,94.0,5,4140,0,,,5,937369.0,136175.0,40.5403205,-74.1686702,33c,,New York
SI,5593,26,503.0,51.0,10312.0,123.0,4693 AMBOY ROAD,NY,V0,11,,MILA HOMES LLC,2580,0,25.0,109.0,5,2640,0,,,5,937440.0,136209.0,40.5404142,-74.168415,33c,,New York
SI,5593,25,503.0,51.0,10312.0,123.0,4691 AMBOY ROAD,NY,V0,11,,MILA HOMES LLC,4342,0,34.0,130.0,5,4500,0,,,5,937464.0,136234.0,40.5404829,-74.1683288,33c,,New York
SI,5595,29,503.0,51.0,10312.0,123.0,449 WILSON AVENUE,NY,V0,11,,"BHUTTA, MOJAHED H",3367,0,25.0,92.0,5,7260,0,,,5,938054.0,138036.0,40.5454322,-74.1662184,33c,,New York
SI,199,67,501.0,49.0,10310.0,120.0,112 TAYLOR STREET,NY,V0,11,,BLOCK LOT PROPERTY LLC,5566,0,50.0,120.0,5,16680,0,,,5,949932.0,171068.0,40.6361522,-74.1236478,21a,,New York
SI,6300,13,503.0,51.0,10312.0,123.0,452 RENSSELAER AVENUE,NY,V0,11,,"BRANDON PROPERTY GROUP, INC",5000,0,50.0,100.0,5,9480,0,,,5,931616.0,136847.0,40.5421327,-74.1893737,33a,,New York
SI,6236,58,503.0,51.0,10312.0,123.0,121 SINCLAIR AVENUE,NY,V0,11,,127 SINCLAIR LLC,4000,0,40.0,100.0,5,10680,0,,,5,932813.0,139001.0,40.5480521,-74.1850834,33a,,New York
SI,6236,59,503.0,51.0,10312.0,123.0,125 SINCLAIR AVENUE,NY,V0,11,,127 SINCLAIR LLC,4000,0,40.0,100.0,5,10680,0,,,5,932790.0,138967.0,40.5479586,-74.1851659,33a,,New York
SI,6010,84,503.0,51.0,10312.0,123.0,386 ARDEN AVENUE,NY,V0,11,,"GRACE BUILDING, LLC",7048,0,60.0,117.73,5,28680,0,,,5,931822.0,139863.0,40.5504123,-74.1886559,33a,,New York
SI,6300,14,503.0,51.0,10312.0,123.0,448 RENSSELAER AVENUE,NY,V0,11,,"BRANDON PROPERTY GROUP, INC",5000,0,50.0,100.0,5,9480,0,,,5,931663.0,136864.0,40.5421797,-74.1892047,33a,,New York
SI,5704,33,503.0,51.0,10312.0,123.0,62 RATHBUN AVENUE,NY,V0,11,,SAVANNAH JADE DEVELOPERS LLC,7880,0,50.0,109.0,5,13380,0,,,5,934040.0,139093.0,40.5483116,-74.180669,33a,,New York
SI,5704,34,503.0,51.0,10312.0,123.0,58 RATHBUN AVENUE,NY,V0,11,,SAVANNAH JADE DEVELOPERS LLC,6573,0,43.0,150.0,5,11160,0,,,5,934064.0,139133.0,40.5484215,-74.180583,33a,,New York
SI,723,4,501.0,50.0,10314.0,121.0,2010 VICTORY BOULEVARD,NY,V1,11,,THE VENETIAN CIRCLE LLC,13233,0,100.0,131.0,5,385650,0,,,5,947944.0,162364.0,40.6122536,-74.1307638,21b,,New York
SI,752,89,502.0,49.0,10314.0,121.0,154 ELVIN STREET,NY,V0,11,,"ROSARIO, JUAN",4200,0,40.0,105.0,5,16980,0,,,5,950285.0,160679.0,40.607638,-74.1223237,21b,,New York
SI,723,1,501.0,50.0,10314.0,121.0,2020 VICTORY BOULEVARD,NY,V1,11,,THE VENETIAN CIRCLE LLC,11513,0,71.0,162.0,3,357300,0,,,5,947867.0,162351.0,40.6122177,-74.131041,21b,,New York
SI,5639,55,503.0,51.0,10312.0,123.0,102 LOVELACE AVENUE,NY,V0,11,,1671 HYLAN BLVD. LLC,4778,0,37.0,128.0,5,14340,0,,,5,935665.0,140807.0,40.5530253,-74.1748342,33c,,New York
SI,5639,56,503.0,51.0,10312.0,123.0,106 LOVELACE AVENUE,NY,V0,11,,1671 HYLAN BLVD. LLC,4593,0,37.0,128.0,5,13800,0,,,5,935674.0,140769.0,40.552921,-74.1748015,33c,,New York
SI,802,18,502.0,50.0,10314.0,121.0,107 BRIELLE AVENUE,NY,V0,11,,AGBRIELLE LLC,5750,0,50.0,115.0,5,20820,0,,,5,949034.0,157365.0,40.5985368,-74.1268119,27a,,New York
SI,810,5,502.0,50.0,10314.0,121.0,95 WELLBROOK AVENUE,NY,V0,11,,"MANOR HEIGHTS ESTATES, LLC",2350,0,23.5,100.0,5,7560,0,,,5,948087.0,159014.0,40.6030592,-74.1302308,27a,,New York
SI,810,11,502.0,50.0,10314.0,121.0,81 WELLBROOK AVENUE,NY,V0,11,,"MANOR HEIGHTS ESTATES, LLC",2350,0,23.5,100.0,5,7560,0,,,5,948071.0,159154.0,40.6034434,-74.1302892,27a,,New York
SI,810,6,502.0,50.0,10314.0,121.0,93 WELLBROOK AVENUE,NY,V0,11,,"MANOR HEIGHTS ESTATES, LLC",2350,0,23.5,100.0,5,7560,0,,,5,948084.0,159037.0,40.6031223,-74.1302417,27a,,New York
SI,810,4,502.0,50.0,10314.0,121.0,97 WELLBROOK AVENUE,NY,V0,11,,"MANOR HEIGHTS ESTATES, LLC",2350,0,23.5,100.0,5,7560,0,,,5,948089.0,158991.0,40.6029961,-74.1302235,27a,,New York
SI,810,2,502.0,50.0,10314.0,121.0,105 WELLBROOK AVENUE,NY,V0,11,,"MANOR HEIGHTS ESTATES, LLC",2350,0,23.5,100.0,5,7560,0,,,5,948094.0,158944.0,40.6028671,-74.1302052,27a,,New York
SI,810,31,502.0,50.0,10314.0,121.0,104 GRAVES STREET,NY,V0,11,,"MANOR HEIGHTS ESTATES, LLC",2350,0,23.5,100.0,5,7560,0,,,5,948194.0,158956.0,40.6029004,-74.1298452,27a,,New York
SI,810,1,502.0,50.0,10314.0,121.0,107 WELLBROOK AVENUE,NY,V0,11,,"MANOR HEIGHTS ESTATES, LLC",2630,0,26.21,100.0,3,8520,0,,,5,948098.0,158919.0,40.6027985,-74.1301907,27a,,New York
SI,812,26,502.0,50.0,10314.0,121.0,136 LIVINGSTON AVENUE,NY,V0,11,,UNAVAILABLE OWNER,5000,0,50.0,100.0,5,23760,0,,,5,948473.0,158704.0,40.6022099,-74.1288391,27a,,New York
SI,810,13,502.0,50.0,10314.0,121.0,77 WELLBROOK AVENUE,NY,V0,11,,"MANOR HEIGHTS ESTATES, LLC",2350,0,23.5,100.0,5,7560,0,,,5,948066.0,159201.0,40.6035724,-74.1303074,27a,,New York
SI,810,12,502.0,50.0,10314.0,121.0,79 WELLBROOK AVENUE,NY,V0,11,,"MANOR HEIGHTS ESTATES, LLC",2350,0,23.5,100.0,5,7560,0,,,5,948069.0,159177.0,40.6035065,-74.1302965,27a,,New York
SI,482,7,501.0,50.0,10314.0,121.0,2441 VICTORY BOULEVARD,NY,V0,11,,HOMES ON VICTORY BLVD LLC,2291,0,22.0,100.0,5,7200,0,,,5,944086.0,161854.0,40.6108372,-74.1446561,20d,,New York
SI,482,6,501.0,50.0,10314.0,121.0,2439 VICTORY BOULEVARD,NY,V0,11,,HOMES ON VICTORY BLVD LLC,1467,0,14.67,100.0,5,4620,0,,,5,944104.0,161859.0,40.610851,-74.1445913,20d,,New York
SI,482,5,501.0,50.0,10314.0,121.0,2437 VICTORY BOULEVARD,NY,V0,11,,HOMES ON VICTORY BLVD LLC,2291,0,23.0,100.0,5,7200,0,,,5,944123.0,161864.0,40.6108648,-74.1445229,20d,,New York
SI,810,32,502.0,50.0,10314.0,121.0,106 GRAVES STREET,NY,V0,11,,"MANOR HEIGHTS ESTATES, LLC",2747,0,27.4,100.0,3,8880,0,,,5,948197.0,158931.0,40.6028318,-74.1298342,27a,,New York
SI,810,30,502.0,50.0,10314.0,121.0,102 GRAVES STREET,NY,V0,11,,"MANOR HEIGHTS ESTATES, LLC",2350,0,23.5,100.0,5,7560,0,,,5,948191.0,158980.0,40.6029663,-74.1298561,27a,,New York
SI,810,17,502.0,50.0,10314.0,121.0,72 GRAVES STREET,NY,V0,11,,"MANOR HEIGHTS ESTATES, LLC",3500,0,35.0,100.0,3,8100,0,,,5,948156.0,159289.0,40.6038143,-74.1299838,27a,,New York
SI,810,29,502.0,50.0,10314.0,121.0,100 GRAVES STREET,NY,V0,11,,"MANOR HEIGHTS ESTATES, LLC",2350,0,23.5,100.0,5,7560,0,,,5,948188.0,159003.0,40.6030294,-74.129867,27a,,New York
SI,810,7,502.0,50.0,10314.0,121.0,89 WELLBROOK AVENUE,NY,V0,11,,"MANOR HEIGHTS ESTATES, LLC",2350,0,23.5,100.0,5,7560,0,,,5,948081.0,159061.0,40.6031882,-74.1302527,27a,,New York
SI,810,26,502.0,50.0,10314.0,121.0,94 GRAVES STREET,NY,V0,11,,"MANOR HEIGHTS ESTATES, LLC",2350,0,23.5,100.0,5,7560,0,,,5,948181.0,159073.0,40.6032215,-74.1298926,27a,,New York
SI,810,21,502.0,50.0,10314.0,121.0,80 GRAVES STREET,NY,V0,11,,"MANOR HEIGHTS ESTATES, LLC",2350,0,23.5,100.0,5,7560,0,,,5,948168.0,159190.0,40.6035426,-74.12994,27a,,New York
SI,810,23,502.0,50.0,10314.0,121.0,86 GRAVES STREET,NY,V0,11,,"MANOR HEIGHTS ESTATES, LLC",2350,0,23.5,100.0,5,7560,0,,,5,948173.0,159143.0,40.6034136,-74.1299218,27a,,New York
SI,810,10,502.0,50.0,10314.0,121.0,83 WELLBROOK AVENUE,NY,V0,11,,"MANOR HEIGHTS ESTATES, LLC",2350,0,23.5,100.0,5,7560,0,,,5,948074.0,159131.0,40.6033803,-74.1302782,27a,,New York
SI,810,19,502.0,50.0,10314.0,121.0,76 GRAVES STREET,NY,V0,11,,"MANOR HEIGHTS ESTATES, LLC",2350,0,23.5,100.0,5,7560,0,,,5,948162.0,159236.0,40.6036688,-74.1299619,27a,,New York
SI,732,66,501.0,50.0,10314.0,121.0,215 BYRNE AVENUE,NY,V0,11,,215 BYRNE AVE HOMES LLC,2075,0,20.75,100.0,5,6900,0,,,5,947083.0,161400.0,40.6096041,-74.1338596,21b,,New York
SI,732,67,501.0,50.0,10314.0,121.0,213 BYRNE AVENUE,NY,V0,11,,215 BYRNE AVE HOMES LLC,2075,0,20.75,100.0,5,6900,0,,,5,947082.0,161421.0,40.6096617,-74.1338633,21b,,New York
SI,6855,50,503.0,51.0,10309.0,123.0,436 VERNON AVENUE,NY,V0,11,,ASHLAND BUILDING LLC,10918,0,80.0,140.0,3,34680,0,,,5,928937.0,132541.0,40.5302973,-74.1989774,33b,,New York
SI,7035,66,503.0,51.0,10309.0,123.0,732 MAGUIRE AVENUE,NY,V0,11,,CS III LLC,3980,0,39.8,100.51,5,19080,0,,,5,925186.0,137789.0,40.5446778,-74.2125166,33a,,New York
SI,7035,12,503.0,51.0,10309.0,123.0,75 BOMBAY STREET,NY,V0,11,,BOMBAY RADIGAN LLC,4020,0,40.2,100.51,5,19140,0,,,5,925076.0,137808.0,40.5447293,-74.2129125,33a,,New York
SI,7045,255,503.0,51.0,10309.0,123.0,192 MASON BOULEVARD,NY,V0,11,,MICHAEL MIRANDA,10183,0,100.0,100.0,5,10140,0,,,5,925005.0,137408.0,40.5436309,-74.2131645,33a,,New York
SI,7035,8,503.0,51.0,10309.0,123.0,83 BOMBAY STREET,NY,V0,11,,BOMBAY RADIGAN LLC,4020,0,40.2,100.51,5,19140,0,,,5,925100.0,137729.0,40.5445126,-74.2128255,33a,,New York
SI,7035,62,503.0,51.0,10309.0,123.0,740 MAGUIRE AVENUE,NY,V0,11,,MCGUIRE AVENUE LLC,4020,0,40.2,100.51,5,19080,0,,,5,925163.0,137868.0,40.5448945,-74.2126,33a,,New York
SI,2370,162,502.0,51.0,10314.0,121.0,1372 FOREST HILL ROAD,NY,V0,11,C,"FOXWOOD FOREST LENCA, LLC",15104,0,101.42,150.0,5,47640,0,,,5,943434.0,152771.0,40.5859032,-74.1469495,26c,,New York
SI,1236,55,501.0,49.0,10303.0,121.0,3010 RICHMOND TERRACE,NY,V1,11,,3010 RICHMOND TER. LLC,3089,0,42.0,93.0,3,60300,0,,,5,939756.0,171398.0,40.6370127,-74.1603141,20c,,New York
SI,1264,3,501.0,49.0,10303.0,121.0,116 ARLINGTON AVENUE,NY,V0,11,,BASIL JACKMAN,3625,0,25.0,145.0,5,10860,0,,,5,937666.0,171581.0,40.6375043,-74.1678457,20c,,New York
SI,1272,395,501.0,49.0,10303.0,121.0,116 NORTHFIELD AVENUE,NY,V0,11,,116 NORTHFIELD AVE VENTURES LLC,3750,0,37.5,100.0,5,11220,0,,,5,937494.0,171603.0,40.6375637,-74.1684656,20c,,New York
SI,1257,18,501.0,49.0,10303.0,121.0,223 SOUTH AVENUE,NY,V1,11,,GERALDINE WILLIS,3600,0,25.0,144.0,5,59850,0,,,5,938209.0,170413.0,40.6343012,-74.1658813,20c,,New York
SI,7896,8,503.0,51.0,10307.0,123.0,7392 AMBOY ROAD,NY,V0,11,X,OUR LDY HELP CHRISTIANS,5760,0,45.0,128.0,5,20820,0,,,5,916664.0,125184.0,40.5100187,-74.2430534,35a,,New York
SI,1272,272,501.0,49.0,10303.0,121.0,23 MARTINEAU STREET,NY,V0,11,,RIVERA PEDRO,3200,0,32.0,100.0,5,9600,0,,,5,937340.0,172366.0,40.6396572,-74.1690258,20c,,New York
SI,7966,32,503.0,51.0,10307.0,123.0,70 WARDS POINT AVENUE,NY,V0,11,,LEAD FOOT ENTERPRISES LLC,55000,0,100.0,558.0,2,73446,0,,,5,913283.0,123664.0,40.5058202,-74.2551962,35a,,New York
SI,7792,309,503.0,51.0,10307.0,123.0,215 CHEEVERS LANE,NY,V0,11,,UNAVAILABLE OWNER,5996,0,50.0,120.0,5,22920,0,,,5,919571.0,126159.0,40.5127166,-74.2326085,35a,,New York
SI,7792,311,503.0,51.0,10307.0,123.0,207 CHEEVERS LANE,NY,V0,11,,UNAVAILABLE OWNER,5996,0,50.0,120.0,5,22920,0,,,5,919475.0,126140.0,40.5126637,-74.2329536,35a,,New York
SI,7792,312,503.0,51.0,10307.0,123.0,205 CHEEVERS LANE,NY,V0,11,,UNAVAILABLE OWNER,7910,0,69.0,140.0,5,29580,0,,,5,919423.0,126138.0,40.5126579,-74.2331406,35a,,New York
SI,7915,74,503.0,51.0,10307.0,123.0,35 SWINNERTON STREET,NY,V0,11,X,ST. PAUL'S UNITED METHODIST CHURCH,5800,0,58.0,100.0,5,11100,0,,,5,915524.0,124410.0,40.5078855,-74.2471452,35a,,New York
SI,4754,54,503.0,50.0,10306.0,122.0,16 KISSAM AVENUE,NY,V0,11,C,CITY OF NEW YORK,2060,0,25.0,82.42,5,6060,0,,,5,952611.0,142115.0,40.5566921,-74.1138598,34a,,New York
SI,1685,108,501.0,49.0,10303.0,121.0,2172 FOREST AVENUE,NY,V1,11,,"2272 FOREST AVE., L.L.C.",13159,0,103.0,126.0,5,153450,0,,,5,939319.0,167524.0,40.6263772,-74.1618628,20d,,New York
SI,1706,21,501.0,49.0,10303.0,121.0,1816 FOREST AVENUE,NY,V1,11,,P & SON PROPERTY LLC,18300,0,130.0,138.0,5,562500,0,,,5,942698.0,166972.0,40.6248786,-74.1496867,20d,,New York
SI,7710,150,503.0,51.0,10309.0,123.0,567 RICHARD AVENUE,NY,V0,11,X,THE PEOPLE OF THE STATE OF NY,25444,0,120.0,260.0,5,66600,0,,,5,922239.0,122983.0,40.5040181,-74.2229844,35a,,New York
SI,7775,83,503.0,51.0,10307.0,123.0,96 OTTAVIO PROMENADE,NY,V0,11,,BLOCK 7775 CORP,10500,0,150.0,83.0,5,37440,0,,,5,920592.0,122687.0,40.503194,-74.2289041,35a,,New York
SI,7775,174,503.0,51.0,10307.0,123.0,65 LEONELLO LANE,NY,V0,11,,"SAVO, LEONELLO JR",9358,0,112.61,93.63,3,37080,0,,,5,920110.0,122631.0,40.5030368,-74.2306367,35a,,New York
SI,7775,55,503.0,51.0,10307.0,123.0,64 OTTAVIO PROMENADE,NY,V0,11,,64 &74 OTTAVIO PROMENADE VENTURES LLC,10280,0,86.24,124.68,5,36600,0,,,5,920320.0,122580.0,40.5028984,-74.2298811,35a,,New York
SI,7775,40,503.0,51.0,10307.0,123.0,81 OTTAVIO PROMENADE,NY,V0,11,,"PERREMUTO, SANTO",10044,0,80.0,106.0,5,35760,0,,,5,920446.0,122777.0,40.50344,-74.2294299,35a,,New York
SI,7775,131,503.0,51.0,10307.0,123.0,24 OTTAVIO PROMENADE,NY,V0,11,,LEONELLO SAVO,12611,0,84.66,157.96,5,44940,0,,,5,920001.0,122433.0,40.5024926,-74.2310268,35a,,New York
SI,7826,220,503.0,51.0,10307.0,123.0,309 SPRAGUE AVENUE,NY,V0,11,,ESTELLE PROPERTIES LLC,4590,0,45.0,102.0,5,15480,0,,,5,918284.0,122768.0,40.5033995,-74.237204,35a,,New York
SI,7826,215,503.0,51.0,10307.0,123.0,311 SPRAGUE AVENUE,NY,V0,11,,ESTELLE PROPERTIES LLC,19950,0,95.0,210.0,5,68160,0,,,5,918351.0,122711.0,40.5032435,-74.2369625,35a,,New York
SI,7880,14,503.0,51.0,10307.0,123.0,684 YETMAN AVENUE,NY,V0,11,,CEE JAY REAL ESTATE DEVELOPMENT CORP.,2500,0,25.0,100.0,5,8280,0,,,5,917523.0,121167.0,40.4989993,-74.2399247,35a,,New York
SI,4084,3,502.0,50.0,10306.0,122.0,85 CEDAR GROVE AVENUE,NY,V0,11,,"SHEHADEH, FARID",1800,0,30.0,60.0,5,5940,0,,,5,956568.0,144239.0,40.5625353,-74.0996284,27b,,New York
SI,5520,138,503.0,51.0,10312.0,122.0,306 ELTINGVILLE BOULEVARD,NY,V0,11,,GENESEE AVENUE DEVELOPERS LLC,3710,0,37.0,100.0,5,4860,0,,,5,938018.0,140601.0,40.5524724,-74.1663654,33c,,New York
SI,5520,142,503.0,51.0,10312.0,122.0,314 ELTINGVILLE BOULEVARD,NY,V0,11,,GENESEE AVENUE DEVELOPERS LLC,3710,0,37.0,100.0,5,4860,0,,,5,938006.0,140674.0,40.5526727,-74.1664091,33c,,New York
SI,4085,5,502.0,50.0,10306.0,122.0,103 CEDAR GROVE AVENUE,NY,V0,11,,"PEPITONE, RAYMOND",1800,0,30.0,60.0,5,5940,0,,,5,956467.0,144095.0,40.5621397,-74.0999913,27b,,New York
SI,5520,55,503.0,51.0,10312.0,122.0,338 GENESEE AVENUE,NY,V0,11,,RICHMOND 45 INC.,7639,0,45.0,96.0,3,16920,0,,,5,937617.0,140656.0,40.5526213,-74.1678088,33c,,New York
SI,5520,141,503.0,51.0,10312.0,122.0,310 ELTINGVILLE BOULEVARD,NY,V0,11,,GENESEE AVENUE DEVELOPERS LLC,3710,0,37.0,100.0,5,4860,0,,,5,938012.0,140637.0,40.5525712,-74.1663873,33c,,New York
SI,5520,137,503.0,51.0,10312.0,122.0,302 ELTINGVILLE BOULEVARD,NY,V0,11,,GENESEE AVENUE DEVELOPERS LLC,3710,0,37.0,100.0,5,4860,0,,,5,938024.0,140564.0,40.5523709,-74.1663436,33c,,New York
SI,5520,52,503.0,51.0,10312.0,122.0,326 GENESEE AVENUE,NY,V0,11,,RICHMOND 45 INC.,3432,0,35.0,96.0,0,12840,0,,,5,937732.0,140638.0,40.5525725,-74.1673949,33c,,New York
SI,5515,73,503.0,51.0,10312.0,122.0,56 BARTLETT AVE,NY,V0,11,,ISLAND WIDE BUILDING CORP.,5801,0,45.5,127.5,5,15660,0,,,5,937981.0,139306.0,40.5489177,-74.1664897,33c,,New York
SI,3960,350,502.0,50.0,10306.0,122.0,460 NEW DORP LANE,NY,V1,11,,"SUNRISE OF NEW DORP LANDCO, LLC",134071,0,297.0,519.0,5,2382750,0,,,5,954166.0,146335.0,40.5682806,-74.1082826,27b,,New York
SI,4081,27,502.0,50.0,10306.0,122.0,25 WAVECREST STREET,NY,V0,11,C,"PROJECT REBUILD, INC.",1800,0,30.0,60.0,5,5940,0,,,5,956436.0,144742.0,40.5639155,-74.1001055,27b,,New York
SI,2102,110,502.0,51.0,10314.0,121.0,2108 RICHMIND AVENUE,NY,V1,11,,WN DEVELOPMENT OF NY LLC,10727,0,100.0,116.0,5,204750,0,,,5,939114.0,156427.0,40.5959172,-74.1625272,26c,,New York
SI,2102,106,502.0,51.0,10314.0,121.0,2094 RICHMOND AVENUE,NY,V1,11,,WN DEVELOPMENT OF NY LLC,15221,0,128.0,116.0,5,377550,0,,,5,939096.0,156535.0,40.5962136,-74.1625927,26c,,New York
SI,4043,69,502.0,50.0,10306.0,122.0,82 WINHAM AVENUE,NY,V0,11,,4043 WINHAM AVENUE LLC,3567,0,23.0,153.0,5,5940,0,,,5,955209.0,145135.0,40.5649903,-74.1045233,27b,,New York
SI,4043,68,502.0,50.0,10306.0,122.0,84 WINHAM AVENUE,NY,V0,11,,4043 WINHAM AVENUE LLC,3541,0,23.0,153.0,5,5940,0,,,5,955196.0,145116.0,40.5649381,-74.10457,27b,,New York
SI,5308,1,503.0,51.0,10308.0,122.0,13 CRESCENT BEACH,NY,V0,11,C,"HORMANN, PAUL M",4560,0,95.0,48.0,2,19980,0,,,5,944292.0,135056.0,40.5372829,-74.1437558,33d,,New York
SI,5206,1,503.0,51.0,10308.0,122.0,12 CORNISH STREET,NY,V1,11,,PHILIP V POWLES,5000,0,40.0,125.0,5,79650,0,,,5,944582.0,137205.0,40.5431828,-74.1427251,33c,,New York
SI,1246,22,501.0,49.0,10303.0,121.0,273 LOCKMAN AVENUE,NY,V0,11,,MS L M ARRINGTON,5150,0,50.0,103.0,5,15120,0,,,5,939430.0,168915.0,40.6301958,-74.1614722,20c,,New York
SI,5158,45,503.0,51.0,10308.0,122.0,287 NELSON AVENUE,NY,V1,11,,"KNICKERBOCKER LANDCO, LLC",5925,0,43.54,148.34,5,101250,0,,,5,943625.0,137119.0,40.5429424,-74.1461678,33c,,New York
SI,5158,44,503.0,51.0,10308.0,122.0,283 NELSON AVENUE,NY,V1,11,,"KNICKERBOCKER LANDCO, LLC",4865,0,30.25,155.72,5,83250,0,,,5,943597.0,137145.0,40.5430137,-74.1462687,33c,,New York
SI,3042,1,502.0,50.0,10305.0,122.0,97 PIEDMONT AVENUE,NY,V0,11,,"LAJKA, HODO",4550,0,60.0,87.0,3,30240,0,,,5,963465.0,158357.0,40.6013053,-74.0748493,27c,,New York
SI,1517,24,501.0,49.0,10314.0,121.0,789 WILLOW ROAD WEST,NY,V0,11,,"QUIGLEY, MARK",6745,0,60.0,112.42,3,23700,0,,,5,941188.0,163318.0,40.6148419,-74.155103,20d,,New York
SI,4658,57,503.0,50.0,10306.0,122.0,17 CHAMPLAIN AVENUE,NY,V0,11,,RAKHIMOFF & CO. LLC,8400,0,60.0,140.0,5,24240,0,,,5,948768.0,144266.0,40.5625816,-74.127701,27b,,New York
SI,7035,1,503.0,51.0,10309.0,123.0,175 MASON BOULEVARD,NY,V0,11,,MCGUIRE AVENUE LLC,3987,0,51.15,79.72,3,20820,0,,,5,925116.0,137590.0,40.5441312,-74.2127667,33a,,New York
SI,7035,4,503.0,51.0,10309.0,123.0,91 BOMBAY STREET,NY,V0,11,,BOMBAY RADIGAN LLC,4020,0,40.2,100.51,5,19140,0,,,5,925123.0,137652.0,40.5443014,-74.2127421,33a,,New York
SI,5407,24,503.0,51.0,10312.0,123.0,157 BATHGATE STREET,NY,V0,11,,"RUPOLO, NATALIE",2500,0,25.0,100.0,5,8280,0,,,5,939186.0,132417.0,40.5300149,-74.1621079,33d,,New York
SI,3755,15,502.0,50.0,10305.0,122.0,292 SLATER BOULEVARD,NY,V0,11,C,CITY OF NEW YORK,2250,0,20.0,112.5,5,6600,0,,,5,960148.0,150184.0,40.5788636,-74.0867651,27d,,New York
SI,3831,3,502.0,50.0,10305.0,122.0,402 SLATER BOULEVARD,NY,V0,11,,"PALMA, SCOTT",2040,0,34.0,60.0,3,5400,0,,,5,961029.0,149436.0,40.5768129,-74.083591,27d,,New York
SI,6272,16,503.0,51.0,10312.0,123.0,22 CANTON AVENUE,NY,V0,11,,25 HOLCOMB LLC,3960,0,40.0,99.0,5,14040,0,,,5,931550.0,138765.0,40.5473969,-74.1896261,33a,,New York
SI,6249,209,503.0,51.0,10312.0,123.0,32 TENAFLY PLACE,NY,V0,11,,TENAFLY HOMES LLC,5420,0,46.0,129.0,5,16920,0,,,5,934198.0,135143.0,40.5374705,-74.1800713,33b,,New York
SI,4470,148,503.0,50.0,10306.0,122.0,100 REAR CLARKE AVENUE,NY,V0,11,,CUTILLO ANTOINETTE,2408,0,43.0,57.0,5,8460,0,,,5,946655.0,145155.0,40.5650131,-74.1353106,26d,,New York
SI,1598,1,502.0,50.0,10314.0,121.0,157 LANDER AVENUE,NY,V0,11,,"MOBILE AVENUE, LLC",3877,0,38.0,100.0,3,8580,0,,,5,938651.0,163079.0,40.6141732,-74.1642393,20d,,New York
SI,1612,2,502.0,50.0,10314.0,121.0,1370 RICHMOND AVENUE,NY,V0,11,,PAT PAPPALARDO,12730,0,31.0,164.0,5,54420,0,,,5,940333.0,163194.0,40.6144974,-74.1581818,20d,,New York
SI,810,22,502.0,50.0,10314.0,121.0,82 GRAVES STREET,NY,V0,11,,"MANOR HEIGHTS ESTATES, LLC",2350,0,23.5,100.0,5,7560,0,,,5,948170.0,159166.0,40.6034767,-74.1299327,27a,,New York
SI,3729,33,502.0,50.0,10306.0,122.0,123 MORELAND STREET,NY,V0,11,X,"THE NATURE CONSERVANCY, INC.",2313,0,21.42,108.0,5,6780,0,,,5,957706.0,149297.0,40.576422,-74.0955526,27b,,New York
SI,4689,24,503.0,50.0,10306.0,122.0,595 RIGA STREET,NY,V0,11,X,"SIY SOCCER LEAGUE, INC.",2300,0,23.0,100.0,5,6720,0,,,5,951275.0,141637.0,40.5553752,-74.1186654,34a,,New York
SI,3798,15,502.0,50.0,10306.0,122.0,824 NUGENT AVENUE,NY,V0,11,,NUGENT HOLDINGS GROUP LLC,4000,0,40.0,100.0,5,12000,0,,,5,957889.0,148428.0,40.5740373,-74.0948904,27b,,New York
SI,1560,50,502.0,50.0,10314.0,121.0,38 CALCAGNO COURT,NY,V0,11,X,CALCAGNO COURT HOMEOWNERS ASSOCIATION IN C.,8095,0,94.0,95.0,5,0,0,,,5,939748.0,161292.0,40.6092739,-74.1602763,20d,,New York
SI,3860,12,502.0,50.0,10305.0,122.0,8 IROQUOIS STREET,NY,V0,11,,18 IROQUOIS LLC,2040,0,34.0,60.0,5,6000,0,,,5,960396.0,148604.0,40.5745275,-74.0858667,27d,,New York
SI,5474,16,503.0,51.0,10308.0,122.0,39 EAST READING AVENUE,NY,V0,11,,"EAST READING HOLDINGS, LLC",5192,0,26.0,200.0,5,17580,0,,,5,939657.0,142243.0,40.5569878,-74.1604784,33c,,New York
SI,4689,19,503.0,50.0,10306.0,122.0,589 RIGA STREET,NY,V0,11,X,"SIY SOCCER LEAGUE, INC.",2300,0,23.0,100.0,5,6720,0,,,5,951320.0,141694.0,40.5555318,-74.1185037,34a,,New York
SI,5474,24,503.0,51.0,10308.0,122.0,17 EAST READING AVENUE,NY,V0,11,,"EAST READING HOLDINGS, LLC",5192,0,26.0,200.0,5,17580,0,,,5,939862.0,142277.0,40.5570821,-74.1597408,33c,,New York
SI,3830,39,502.0,50.0,10305.0,122.0,427 SLATER BOULEVARD,NY,V0,11,,SLATER BLVD REALTY LLC,3093,0,22.0,150.0,5,9900,0,,,5,961304.0,149405.0,40.5767285,-74.0826009,27d,,New York
SI,3570,34,502.0,50.0,10306.0,122.0,311 HUSSON STREET,NY,V0,11,,"MAI, LINDA LI",3000,0,30.0,100.0,5,6300,0,,,5,955727.0,151072.0,40.5812879,-74.102684,27b,,New York
SI,1760,115,502.0,50.0,10314.0,121.0,600 GULF AVENUE,NY,V1,11,,"STATEN ISLAND MARINE OWNERS        ASSOC IATION, INC.",469610,0,165.0,4000.0,5,359100,0,,,5,931417.0,166144.0,40.6225458,-74.1903187,20b,,New York
SI,3481,49,502.0,50.0,10305.0,122.0,717 LIBERTY AVENUE,NY,V0,11,,DIVERCITY SPORTS INC.,2200,0,22.0,100.0,0,6420,0,,,5,962102.0,150435.0,40.5795577,-74.0797317,27d,,New York
SI,4160,20,503.0,50.0,10306.0,122.0,51 KISSAM AVENUE,NY,V0,11,C,CITY OF NEW YORK,4100,0,50.0,82.0,5,13920,0,,,5,953011.0,141830.0,40.5559113,-74.112419,34a,,New York
SI,3729,25,502.0,50.0,10306.0,122.0,105 MORELAND STREET,NY,V0,11,X,"THE NATURE CONSERVANCY, INC.",2299,0,25.5,90.17,5,6720,0,,,5,957794.0,149398.0,40.5766995,-74.0952362,27b,,New York
SI,810,16,502.0,50.0,10314.0,121.0,71 WELLBROOK AVENUE,NY,V0,11,,"MANOR HEIGHTS ESTATES, LLC",3325,0,35.0,95.0,3,7680,0,,,5,948058.0,159277.0,40.6037809,-74.1303367,27a,,New York
SI,3837,2,502.0,50.0,10305.0,122.0,733 BUEL AVENUE,NY,V0,11,,"HARBEN, MICHAEL",2248,0,20.0,112.42,5,6600,0,,,5,962093.0,150104.0,40.5786491,-74.079763,27d,,New York
SI,1186,124,501.0,49.0,10303.0,121.0,126 SIMONSON AVENUE,NY,V0,11,,"TABORE MAR THOMA CHURCH STATEN ISLAND, I NC.",7638,0,76.75,115.33,3,18240,0,,,5,941998.0,170231.0,40.6338205,-74.1522288,20c,,New York
SI,2627,20,502.0,50.0,10314.0,121.0,106 BURKE AVENUE,NY,V0,11,,"WALLACE AVENUE BUIDERS, LLC",2500,0,25.0,100.0,5,5520,0,,,5,932204.0,155249.0,40.592646,-74.1873998,26a,,New York
SI,4781,40,503.0,50.0,10306.0,122.0,112 FOX LANE,NY,V0,11,C,CITY OF NEW YORK,1800,0,30.0,60.0,5,5280,0,,,5,952632.0,140482.0,40.5522099,-74.1137766,34a,,New York
SI,3729,39,502.0,50.0,10306.0,122.0,139 MORELAND STREET,NY,V0,11,X,"THE NATURE CONSERVANCY, INC.",2527,0,21.42,118.0,5,7380,0,,,5,957642.0,149214.0,40.576194,-74.0957826,27b,,New York
SI,4792,72,503.0,50.0,10306.0,122.0,88 FOX BEACH AVENUE,NY,V0,11,C,CITY OF NEW YORK,3575,0,25.0,142.42,5,11160,0,,,5,952522.0,140319.0,40.5517621,-74.1141717,34a,,New York
SI,637,24,501.0,49.0,10304.0,120.0,91 IRVING PLACE,NY,V0,11,,DAYNA MANAGEMENT CORP,2500,0,25.0,100.0,5,10260,0,,,5,961159.0,164116.0,40.6171068,-74.0831732,21d,,New York
SI,918,4,502.0,50.0,10314.0,122.0,18 PERU STREET,NY,V0,11,,"MARKE, SHEHADIN",8000,0,80.0,100.0,5,20400,0,,,5,950973.0,158324.0,40.6011766,-74.1198343,27a,,New York
SI,2784,4,502.0,50.0,10314.0,121.0,3837 VICTORY BOULEVARD,NY,V1,11,,VICTORY-SIMON HOLDING LLC,532088,0,760.0,842.0,5,1901250,0,,,5,932914.0,156776.0,40.5968414,-74.1848549,26a,,New York
SI,4454,49,503.0,51.0,10308.0,121.0,327 ARTHUR KILL ROAD,NY,V0,11,C,NYC DEPARTMENT OF PARKS AND RECREATION,5042,0,50.42,100.0,5,17100,0,,,5,941554.0,145697.0,40.5664777,-74.1536734,26d,,New York
SI,7786,133,503.0,51.0,10307.0,123.0,646 PAGE AVENUE,NY,V0,11,C,NYC DEPARTMENT OF CITYWIDE ADMINISTRATIVE SERVICES,29340,0,60.0,489.0,5,100200,0,,,5,919960.0,124393.0,40.5078721,-74.2311928,35a,,New York
SI,4754,53,503.0,50.0,10306.0,122.0,14 KISSAM AVENUE,NY,V0,11,C,CITY OF NEW YORK,2060,0,25.0,82.42,5,6060,0,,,5,952594.0,142136.0,40.5567497,-74.1139211,34a,,New York
SI,5900,100,503.0,51.0,10312.0,123.0,1315 ARTHUR KILL ROAD,NY,V1,11,C,NYC DEPARTMENT OF SANITATION,10323720,0,1137.0,3648.0,5,101757600,0,,,5,932044.0,146583.0,40.5688586,-74.1879089,26b,,New York
SI,3805,42,502.0,50.0,10306.0,122.0,590 HUNTER AVENUE,NY,V0,11,C,NYC DEPARTMENT OF CITYWIDE ADMINISTRATIVE SERVICES,1260,0,28.0,40.0,5,1794,0,,,5,959087.0,148583.0,40.5744662,-74.0905786,27b,,New York
SI,4084,49,502.0,50.0,10306.0,122.0,18 CENTER PLACE,NY,V0,11,C,NYC HOUSING PRESERVATION AND DEVELOPMENT,1240,0,20.0,62.0,5,4002,0,,,5,956204.0,144521.0,40.5633082,-74.1009396,27b,,New York
SI,4767,25,503.0,50.0,10306.0,122.0,598 MILL ROAD,NY,V0,11,X,NYS DEPARTMENT OF TRANSPORTATION,3596,0,29.0,124.0,3,12360,0,,,5,951797.0,141377.0,40.5546635,-74.1167856,34a,,New York
SI,4767,30,503.0,50.0,10306.0,122.0,592 MILL ROAD,NY,V0,11,C,NYC DEPARTMENT OF PARKS AND RECREATION,5109,0,39.0,131.0,3,17040,0,,,5,951841.0,141460.0,40.5548915,-74.1166277,34a,,New York
SI,4030,24,503.0,50.0,10306.0,122.0,477 MILL ROAD,NY,V0,11,C,NYC HOUSING PRESERVATION AND DEVELOPMENT,3900,0,30.0,130.0,5,11700,0,,,5,952654.0,142475.0,40.5576804,-74.1137068,34a,,New York
SI,7859,40,503.0,51.0,10307.0,123.0,687 YETMAN AVENUE,NY,V0,11,C,CITY OF NEW YORK,7175,0,75.0,100.0,5,23280,0,,,5,917675.0,121204.0,40.499102,-74.2393785,35a,,New York
SI,4085,32,502.0,50.0,10306.0,122.0,125 MARINE WAY,NY,V0,11,C,NYC HOUSING PRESERVATION AND DEVELOPMENT,2480,0,40.0,62.0,5,7500,0,,,5,956062.0,144367.0,40.5628851,-74.10145,27b,,New York
SI,4043,66,502.0,50.0,10306.0,122.0,90 WINHAM AVENUE,NY,V0,11,C,NYC HOUSING PRESERVATION AND DEVELOPMENT,7650,0,50.0,153.0,5,24840,0,,,5,955174.0,145086.0,40.5648557,-74.1046491,27b,,New York
SI,7460,18,503.0,51.0,10309.0,123.0,3 STREET,NY,V0,11,C,NYC DEPARTMENT OF CITYWIDE ADMINISTRATIVE SERVICES,6000,0,60.0,100.0,5,17580,0,,,5,919158.0,133504.0,40.5328742,-74.2341644,32d,,New York
SI,3722,24,502.0,50.0,10306.0,122.0,439 HUNTER AVENUE,NY,V0,11,C,NYC DEPARTMENT OF ENVIRONMENTAL PROTECTION,1020,0,51.0,20.0,5,120,0,,,5,957889.0,149489.0,40.5769496,-74.0948946,27b,,New York
SI,3791,54,502.0,50.0,10306.0,122.0,947 OLYMPIA BOULEVARD,NY,V0,11,C,NYC DEPARTMENT OF CITYWIDE ADMINISTRATIVE SERVICES,1900,0,20.0,95.0,5,5580,0,,,5,958998.0,148950.0,40.5754733,-74.0909004,27b,,New York
SI,4767,5,503.0,50.0,10306.0,122.0,149 FOX BEACH AVENUE,NY,V0,11,C,NYC DEPARTMENT OF PARKS AND RECREATION,3000,0,25.0,120.0,5,9180,0,,,5,952139.0,141033.0,40.5537205,-74.1155533,34a,,New York
SI,4762,29,503.0,50.0,10306.0,122.0,239 FOX LANE,NY,V0,11,C,NYC DEPARTMENT OF PARKS AND RECREATION,1500,0,25.0,60.0,5,4380,0,,,5,951903.0,141498.0,40.554996,-74.1164048,34a,,New York
SI,4108,273,503.0,50.0,10306.0,122.0,286 ROMA AVENUE,NY,V0,11,C,CITY OF NEW YORK,7440,0,80.0,93.0,5,24180,0,,,5,954863.0,142960.0,40.5590192,-74.1057592,34a,,New York
SI,4030,26,503.0,50.0,10306.0,122.0,479 MILL ROAD,NY,V0,11,C,NYC HOUSING PRESERVATION AND DEVELOPMENT,2575,0,25.0,119.0,5,7860,0,,,5,952633.0,142455.0,40.5576254,-74.1137822,34a,,New York
SI,7786,136,503.0,51.0,10307.0,123.0,654 PAGE AVENUE,NY,V0,11,C,NYC DEPARTMENT OF CITYWIDE ADMINISTRATIVE SERVICES,37000,0,51.0,489.0,5,131820,0,,,5,919947.0,124315.0,40.5076579,-74.2312388,35a,,New York
SI,7859,39,503.0,51.0,10307.0,123.0,689 YETMAN AVENUE,NY,V0,11,C,NYC HOUSING PRESERVATION AND DEVELOPMENT,553,0,25.0,100.0,5,8580,0,,,5,917658.0,121151.0,40.4989564,-74.2394391,35a,,New York
SI,5306,58,503.0,51.0,10308.0,122.0,214 WIMAN AVENUE,NY,V0,11,C,NYC HOUSING PRESERVATION AND DEVELOPMENT,3375,0,25.0,135.0,5,10800,0,,,5,943897.0,135680.0,40.5389939,-74.1451806,33c,,New York
SI,5309,28,503.0,51.0,10308.0,122.0,128 GOODALL STREET,NY,V0,11,C,CITY OF NEW YORK,6750,0,50.0,135.0,5,21900,0,,,5,944046.0,135082.0,40.5373532,-74.144641,33d,,New York
SI,185,45,501.0,49.0,10310.0,120.0,1595 RICHMOND TERRACE,NY,V1,11,C,NYC DEPARTMENT OF PARKS AND RECREATION,6345,0,47.0,135.0,5,121950,0,,,5,950762.0,172719.0,40.640687,-74.1206655,21a,,New York
SI,6400,54,503.0,51.0,10312.0,123.0,498 LIPSETT AVENUE,NY,V1,11,C,NYC DEPARTMENT OF PARKS AND RECREATION,1825,0,25.0,73.0,5,47250,0,,,5,937391.0,130264.0,40.524096,-74.1685501,33d,,New York
SI,3684,3,502.0,50.0,10306.0,122.0,395 HUNTER AVENUE,NY,V0,11,C,NYC DEPARTMENT OF CITYWIDE ADMINISTRATIVE SERVICES,1580,0,20.0,79.0,5,120,0,,,5,957526.0,149779.0,40.5777445,-74.0962024,27b,,New York
SI,7374,22,503.0,51.0,10309.0,123.0,160 ENGLEWOOD AVENUE,NY,V0,11,C,NYC DEPARTMENT OF CITYWIDE ADMINISTRATIVE SERVICES,20000,0,200.0,100.0,5,59100,0,,,5,920083.0,133520.0,40.5329248,-74.230837,32d,,New York
SI,4085,46,502.0,50.0,10306.0,122.0,16 TOPPING STREET,NY,V0,11,C,NYC HOUSING PRESERVATION AND DEVELOPMENT,2480,0,40.0,62.0,5,7200,0,,,5,956098.0,144418.0,40.5630252,-74.1013207,27b,,New York
SI,4085,1,502.0,50.0,10306.0,122.0,101 CEDAR GROVE AVENUE,NY,V0,11,C,NYC HOUSING PRESERVATION AND DEVELOPMENT,4960,0,62.0,80.0,3,21780,0,,,5,956487.0,144137.0,40.5622551,-74.0999195,27b,,New York
SI,5306,55,503.0,51.0,10308.0,122.0,208 WIMAN AVENUE,NY,V0,11,C,NYC HOUSING PRESERVATION AND DEVELOPMENT,3375,0,25.0,135.0,5,11400,0,,,5,943860.0,135714.0,40.5390871,-74.1453139,33c,,New York
SI,7786,165,503.0,51.0,10307.0,123.0,6845 HYLAN BOULEVARD,NY,V0,11,C,NYC DEPARTMENT OF CITYWIDE ADMINISTRATIVE SERVICES,2060,0,153.0,27.0,5,7140,0,,,5,919808.0,124209.0,40.5073659,-74.2317377,35a,,New York
SI,7287,220,503.0,51.0,10309.0,123.0,2351 VETERANS ROAD WEST,NY,V1,11,X,NYS DEPARTMENT OF ENVIRONMENTAL CONSERVATION,58000,0,485.0,155.0,5,682200,0,,,5,921612.0,135248.0,40.5376788,-74.2253525,32c,,New York
SI,1885,35,501.0,49.0,10314.0,121.0,250 GOETHALS ROAD NORTH,NY,V7,11,X,PORT AUTHORITY OF NY AND NJ,248675,0,300.0,804.0,5,275400,0,,,5,931096.0,169743.0,40.6324224,-74.1915034,20a,,New York
SI,6351,14,503.0,51.0,10312.0,123.0,22 BAYVIEW TERRACE,NY,V0,11,C,NYC DEPARTMENT OF PARKS AND RECREATION,1700,0,20.0,85.0,5,5880,0,,,5,938937.0,131363.0,40.5271206,-74.1629966,33d,,New York
SI,2283,66,502.0,50.0,10306.0,122.0,64 SPRUCE STREET,NY,V0,11,C,NYC DEPARTMENT OF ENVIRONMENTAL PROTECTION,33780,0,100.0,310.0,5,120360,0,,,5,945654.0,148616.0,40.5745085,-74.1389332,26d,,New York
SI,2847,86,501.0,49.0,10305.0,120.0,1 VIRGINIA AVENUE,NY,V1,11,X,NYC SCHOOL CONSTRUCTION AUTHORITY,22500,0,96.0,227.0,3,237600,0,,,5,965413.0,163580.0,40.6156457,-74.0678489,21d,,New York
SI,6400,41,503.0,51.0,10312.0,123.0,478 LIPSETT AVENUE,NY,V1,11,C,NYC DEPARTMENT OF PARKS AND RECREATION,2060,0,20.0,103.0,5,1800,0,,,5,937341.0,130536.0,40.5248424,-74.1687319,33d,,New York
SI,1109,14,501.0,49.0,10303.0,121.0,2695 RICHMOND TERRACE,NY,V1,11,C,NYC DEPARTMENT OF SMALL BUSINESS SERVICES,33913,0,94.0,520.0,5,168750,0,,,5,942662.0,171726.0,40.6379271,-74.1498457,20c,,New York
SI,1309,2,501.0,49.0,10303.0,121.0,3615 RICHMOND TERRACE,NY,V1,11,C,NYC DEPARTMENT OF SMALL BUSINESS SERVICES,22750,0,175.1,130.0,5,305550,0,,,5,934636.0,172906.0,40.6411246,-74.1787728,20a,,New York
SI,1318,9,501.0,49.0,10303.0,121.0,3418 RICHMOND TERRACE,NY,V1,11,C,NYC DEPARTMENT OF PARKS AND RECREATION,1502820,0,3000.0,2800.0,5,10298250,0,,,5,935689.0,171459.0,40.6371588,-74.1749681,20c,,New York
SI,4449,1,503.0,51.0,10306.0,121.0,215 ARTHUR KILL ROAD,NY,V0,11,C,NYC DEPARTMENT OF PARKS AND RECREATION,450150,0,769.0,662.5,5,1603860,0,,,5,941707.0,146672.0,40.5691546,-74.1531288,26d,,New York
SI,860,75,502.0,50.0,10304.0,122.0,83 OLD FARMERS LANE,NY,V0,11,C,NYC DEPARTMENT OF PARKS AND RECREATION,53700,0,83.0,143.0,5,205920,0,,,5,956063.0,158163.0,40.6007523,-74.101504,27a,,New York
SI,7035,10,503.0,51.0,10309.0,123.0,79 BOMBAY STREET,NY,V0,11,,BOMBAY RADIGAN LLC,4020,0,40.2,100.51,5,19140,0,,,5,925088.0,137769.0,40.5446223,-74.212869,33a,,New York
SI,346,109,501.0,50.0,10314.0,120.0,134 FAIRVIEW AVENUE,NY,V0,11,,"SCHWALL, JOHN",8000,0,80.0,100.0,5,25380,0,,,5,951233.0,163755.0,40.6160845,-74.1189246,21b,,New York
SI,3636,2,502.0,50.0,10306.0,122.0,345 EDISON STREET,NY,V0,11,,"SAVO, LEONELLO JR",4000,0,35.0,100.0,5,12780,0,,,5,952830.0,148196.0,40.573384,-74.1131,27b,,New York
SI,160,7,501.0,49.0,10310.0,120.0,208 BEMENT AVENUE,NY,V0,11,,EVELYN S CHASE,3700,0,37.0,100.0,3,12720,0,,,5,952873.0,171506.0,40.6373653,-74.1130535,21a,,New York
SI,6909,11,503.0,51.0,10309.0,123.0,400 BRADFORD AVENUE,NY,V0,11,,"TERRANOVA, RICHARD",8000,0,80.0,100.0,5,26700,0,,,5,927016.0,132419.0,40.5299502,-74.2058867,33b,,New York
SI,4767,15,503.0,50.0,10306.0,122.0,167 FOX BEACH AVENUE,NY,V0,11,C,CITY OF NEW YORK,2980,0,24.83,120.0,5,9120,0,,,5,951993.0,141209.0,40.5542031,-74.1160795,34a,,New York
SI,4688,30,503.0,50.0,10306.0,122.0,564 LYNN STREET,NY,V0,11,C,NYC DEPARTMENT OF ENVIRONMENTAL PROTECTION,6600,0,66.0,100.0,5,18960,0,,,5,951097.0,141984.0,40.556327,-74.1193076,34a,,New York
SI,4803,18,595.0,50.0,10306.0,122.0,134 TARLTON STREET,NY,V0,11,C,CITY OF NEW YORK,6000,0,75.0,80.0,3,18780,0,,,5,952655.0,139928.0,40.5506894,-74.1136913,34a,,New York
SI,8048,78,503.0,51.0,10307.0,123.0,238 MAIN STREET,NY,V1,11,,"MKG,LLC",1900,0,20.0,95.0,5,47700,0,,,5,915460.0,124913.0,40.5092657,-74.2473804,35a,,New York
SI,3491,14,502.0,50.0,10305.0,122.0,385 FATHER CAPODANNO BL,NY,V0,11,,385 FATHER CAP LLC,6928,0,40.0,192.0,5,30900,0,,,5,965029.0,153681.0,40.5884741,-74.0692039,27c,,New York
SI,4081,66,502.0,50.0,10306.0,122.0,54 SEAFOAM STREET,NY,V1,11,C,NYC HOUSING PRESERVATION AND DEVELOPMENT,2400,0,40.0,60.0,5,59850,0,,,5,956710.0,144638.0,40.5636309,-74.099119,27b,,New York
SI,3796,24,502.0,50.0,10306.0,122.0,540 HUNTER AVENUE,NY,V0,11,,FREEBORN EMPTY LOTS LLC,2160,0,20.0,108.0,5,6360,0,,,5,958638.0,148851.0,40.5752006,-74.0921959,27b,,New York
SI,6681,70,503.0,51.0,10309.0,123.0,5788 AMBOY ROAD,NY,V0,11,,AMBOY RD NY PARTNERS LLC,8848,0,75.0,158.0,5,27420,0,,,5,928428.0,131224.0,40.5266792,-74.2007975,33b,,New York
SI,388,82,501.0,50.0,10302.0,121.0,496 JEWETT AVENUE,NY,V1,11,,496 JEWETT AVE LLC,2875,0,25.0,115.0,5,78300,0,,,5,947573.0,166949.0,40.624837,-74.1321249,21b,,New York
SI,536,45,501.0,49.0,10304.0,120.0,12 GORDON STREET,NY,V0,11,,14 GORDON ST VENTURES LLC,2330,0,23.0,101.09,5,8880,0,,,5,961352.0,167648.0,40.6268019,-74.08249,21c,,New York
SI,540,37,501.0,49.0,10304.0,120.0,8 GRAY STREET,NY,V0,11,,"FINE TONE TRADING, INC.",2886,0,74.0,39.0,5,9480,0,,,5,961517.0,167148.0,40.6254299,-74.0818939,21d,,New York
SI,543,7,501.0,49.0,10304.0,120.0,261 BROAD STREET,NY,V1,11,,"BROAD TARGEE DEVELOPMENT, LLC",1687,0,26.0,58.0,5,48150,0,,,5,961127.0,166493.0,40.6236311,-74.0832966,21d,,New York
SI,513,94,501.0,49.0,10304.0,120.0,88 PROSPECT STREET,NY,V1,11,,8490 PROSPECT STREET LLC,3600,0,36.0,100.0,5,120600,0,,,5,962774.0,168204.0,40.6283316,-74.077369,21c,,New York
SI,4160,349,503.0,50.0,10306.0,122.0,103 KISSAM AVENUE,NY,V0,11,C,CITY OF NEW YORK,12300,0,150.0,82.0,5,42000,0,,,5,953439.0,141289.0,40.5544278,-74.1108763,34a,,New York
SI,246,59,501.0,49.0,10301.0,120.0,1191 CLOVE ROAD,NY,V0,11,,1197 CLOVE LLC,6911,0,49.99,138.0,5,30060,0,,,5,955378.0,164265.0,40.6174988,-74.1039968,21b,,New York
SI,8039,31,503.0,51.0,10307.0,123.0,96 CRAIG AVENUE,NY,V0,11,,DAYNA KASPROWITZ TRUSTEE,5432,0,56.22,97.44,5,18480,0,,,5,917590.0,127047.0,40.5151393,-74.2397416,35a,,New York
SI,3419,1,502.0,50.0,10305.0,122.0,308 OLYMPIA BOULEVARD,NY,V0,11,,"MAZ - 300 OLYMPIA, LLC",2520,0,30.0,84.0,3,12360,0,,,5,962673.0,154124.0,40.5896846,-74.0776879,27c,,New York
SI,3762,28,502.0,50.0,10305.0,122.0,47 BADEN PLACE,NY,V0,11,,0 GRAHAM BLVD LLC,5700,0,60.0,95.0,5,858,0,,,5,959972.0,149447.0,40.5768402,-74.087396,27d,,New York
SI,695,14,501.0,49.0,10314.0,120.0,11 TODT HILL ROAD,NY,V0,11,X,UNITED BRETHRENS CHURCH,2695,0,35.0,77.0,5,9720,0,,,5,951256.0,162556.0,40.6127936,-74.1188359,21b,,New York
SI,6324,47,503.0,51.0,10312.0,123.0,122 COLLYER AVENUE,NY,V0,11,,"SCHNOB, REA",9445,0,54.0,174.0,5,14880,0,,,5,932352.0,134093.0,40.5345779,-74.1867045,33b,,New York
SI,6249,211,503.0,51.0,10312.0,123.0,1010 ANNADALE ROAD,NY,V0,11,,TENAFLY HOMES LLC,4422,0,46.0,105.0,5,13800,0,,,5,934300.0,135073.0,40.537279,-74.1797038,33b,,New York
SI,6249,212,503.0,51.0,10312.0,123.0,28 TENAFLY PLACE,NY,V0,11,,TENAFLY HOMES LLC,5469,0,46.0,130.0,5,17100,0,,,5,934226.0,135180.0,40.5375722,-74.1799708,33b,,New York
SI,6249,210,503.0,51.0,10312.0,123.0,1016 ANNADALE ROAD,NY,V0,11,,TENAFLY HOMES LLC,4352,0,46.0,104.0,5,13560,0,,,5,934272.0,135038.0,40.5371827,-74.1798043,33b,,New York
SI,6249,208,503.0,51.0,10312.0,123.0,36 TENAFLY PLACE,NY,V0,11,,TENAFLY HOMES LLC,5366,0,46.0,128.0,0,16800,0,,,5,934170.0,135106.0,40.5373688,-74.1801717,33b,,New York
SI,6252,12,503.0,51.0,10312.0,123.0,30 BUFFINGTON AVENUE,NY,V0,11,,6252 BUFFINGTON LLC,5881,0,22.0,100.0,5,14280,0,,,5,933551.0,135430.0,40.5382546,-74.1824011,33a,,New York
SI,6212,113,503.0,51.0,10312.0,123.0,1144 ARDEN AVENUE,NY,V0,11,,"TOMAR MANAGEMENT, LLC",3270,0,30.0,109.0,5,11520,0,,,5,936383.0,136861.0,40.5421982,-74.1722225,33c,,New York
SI,6240,130,503.0,51.0,10312.0,123.0,4941 AMBOY ROAD,NY,V0,11,,MVL DEVELOPMENT LLC,5029,0,50.0,95.0,5,19440,0,,,5,935495.0,135088.0,40.5373268,-74.1754047,33d,,New York
SI,6240,128,503.0,51.0,10312.0,123.0,10 FORNES PLACE,NY,V0,11,,MVL DEVELOPMENT LLC,7078,0,68.0,86.0,3,26220,0,,,5,935552.0,135124.0,40.5374259,-74.1751999,33d,,New York
SI,6229,27,503.0,51.0,10312.0,123.0,149 EDGEGROVE AVENUE,NY,V0,11,,GOLDJOY PROPERTY LLC,8000,0,40.0,200.0,5,12900,0,,,5,934224.0,137921.0,40.5450957,-74.1799983,33a,,New York
SI,6244,20,503.0,51.0,10312.0,123.0,10 SNEDEN AVENUE,NY,V1,11,,SNEDEN AVE REALTY LLC,1674,0,20.0,93.75,5,42750,0,,,5,935072.0,136209.0,40.5404014,-74.1769347,33c,,New York
SI,6244,21,503.0,51.0,10312.0,123.0,12 SNEDEN AVENUE,NY,V1,11,,SNEDEN AVE REALTY LLC,2076,0,20.0,113.82,5,53100,0,,,5,935095.0,136204.0,40.5403878,-74.1768519,33c,,New York
SI,3830,24,502.0,50.0,10305.0,122.0,708 QUINCY AVENUE,NY,V0,11,,"COLLINS, JOHN",1800,0,30.0,60.0,5,858,0,,,5,961184.0,149581.0,40.5772113,-74.0830335,27d,,New York
SI,5316,102,503.0,51.0,10312.0,122.0,355 TENNYSON DRIVE,NY,V0,11,C,"PROJECT REBUILD, INC.",1700,0,21.0,84.0,5,5880,0,,,5,943152.0,134314.0,40.5352411,-74.1478526,33d,,New York
SI,5474,14,503.0,51.0,10308.0,122.0,45 EAST READING AVENUE,NY,V0,11,,"EAST READING HOLDINGS, LLC",5192,0,26.0,200.0,5,17580,0,,,5,939606.0,142235.0,40.5569656,-74.1606618,33c,,New York
SI,2974,1,501.0,49.0,10305.0,120.0,253 VIRGINIA AVENUE,NY,V0,11,,"PAPPALARDO, PAT",3954,0,50.0,71.0,5,13620,0,,,5,963435.0,162190.0,40.611826,-74.0749692,21d,,New York
SI,249,100,501.0,49.0,10301.0,120.0,306R FOREST AVENUE,NY,V0,11,,3770 HYLAN APTS LLC,1001,0,19.0,52.0,5,4080,0,,,5,956803.0,169182.0,40.6309995,-74.098884,21a,,New York
SI,6677,9,503.0,51.0,10309.0,123.0,131 SEGUINE AVENUE,NY,V0,11,,JAMES DEMONACO,10000,0,50.0,200.0,5,29760,0,,,5,928872.0,130048.0,40.5234541,-74.1991908,33b,,New York
SI,6909,26,503.0,51.0,10309.0,123.0,152 PARKWOOD AVENUE,NY,V0,11,,"SHI, MEI JUAN",5000,0,50.0,100.0,3,10980,0,,,5,927237.0,132365.0,40.5298034,-74.2050913,33b,,New York
SI,40,71,501.0,49.0,10301.0,120.0,99 HENDRICKS AVENUE,NY,V0,11,,"RUPEE, SUBHAS",2500,0,25.0,100.0,5,7320,0,,,5,960724.0,172618.0,40.6404419,-74.0847697,21c,,New York
SI,2780,40,502.0,50.0,10314.0,121.0,15 MEREDITH AVENUE,NY,V0,11,,VICTORY-SIMON HOLDING,501724,0,50.0,750.0,5,239040,0,,,5,932220.0,156478.0,40.5960194,-74.1873516,26a,,New York
SI,2627,21,502.0,50.0,10314.0,121.0,108 BURKE AVENUE,NY,V0,11,,"WALLACE AVENUE BUIDERS, LLC",2500,0,25.0,100.0,5,5520,0,,,5,932224.0,155235.0,40.5926077,-74.1873277,26a,,New York
SI,1801,35,502.0,50.0,10314.0,121.0,1900 SOUTH AVENUE,NY,V1,11,,1900 SOUTH OWNER LLC,196399,0,395.0,567.0,3,144000,0,,,5,930329.0,158664.0,40.6020082,-74.1941782,26a,,New York
SI,1087,7,501.0,49.0,10302.0,121.0,131 HARRISON AVENUE,NY,V0,11,,DEPIETRO JOHN,2475,0,25.0,99.0,5,10080,0,,,5,945757.0,171406.0,40.6370628,-74.1386923,20c,,New York
SI,5380,56,503.0,51.0,10312.0,123.0,1539 ARDEN AVENUE,NY,V0,11,,JOHN MALONE,2000,0,20.0,100.0,5,8220,0,,,5,938565.0,133863.0,40.5339807,-74.1643516,33d,,New York
SI,4699,22,503.0,51.0,10306.0,122.0,3130 AMBOY ROAD,NY,V1,11,,SUSAN I. MASTER,12800,0,116.0,158.0,3,310500,0,,,5,947677.0,144837.0,40.5641445,-74.1316306,27b,,New York
SI,1257,81,501.0,49.0,10303.0,121.0,242 GRANDVIEW AVENUE,NY,V1,11,,MYRTLE MANANAGEMENT CORP.,2600,0,25.0,104.0,5,50400,0,,,5,938328.0,170286.0,40.6339532,-74.1654517,20c,,New York
SI,3295,46,502.0,50.0,10304.0,122.0,105 ATLANTIC AVENUE,NY,V0,11,,"FEDORCSAK, JOHN",7126,0,75.08,94.83,5,29820,0,,,5,957973.0,155488.0,40.5934159,-74.0946155,27a,,New York
SI,3197,1,502.0,50.0,10304.0,122.0,950 WEST FINGERBOARD RD,NY,V1,11,X,950 W. FINGERBOARD LLC,179500,0,420.58,3024.83,5,1918800,0,,,5,960150.0,157971.0,40.6002374,-74.0867856,27c,,New York
SI,209,58,501.0,49.0,10310.0,120.0,1110 CASTLETON AVENUE,NY,V1,11,,HERITAGE HOUSE,5000,0,50.0,100.0,5,114300,0,,,5,951064.0,170328.0,40.6341254,-74.1195656,21a,,New York
SI,205,39,501.0,49.0,10310.0,120.0,182 CLOVE ROAD,NY,V1,11,,512 TOMPKINS LLC,15343,0,67.0,229.0,5,225000,0,,,5,949017.0,170898.0,40.635682,-74.1269437,21a,,New York
SI,207,39,501.0,49.0,10310.0,120.0,1074 CASTLETON AVENUE,NY,V1,11,,FULL GOSPEL TABR CHURC#A,4800,0,60.0,80.0,3,27900,0,,,5,951408.0,170376.0,40.6342584,-74.1183265,21a,,New York
SI,7971,280,503.0,51.0,10307.0,123.0,168 PAGE AVENUE,NY,V1,11,,"BEST EQUITIES, LLC",24942,0,103.0,243.0,5,456750,0,,,5,918762.0,128869.0,40.5201491,-74.2355442,32d,,New York
SI,6681,1,503.0,51.0,10309.0,123.0,57 SEGUINE AVENUE,NY,V1,11,,"SEGUINE AVE HOLDING, LLC",14591,0,102.75,142.0,3,81900,0,,,5,928570.0,130592.0,40.5249454,-74.2002815,33b,,New York
SI,50,89,501.0,49.0,10301.0,120.0,150 WESTERVELT AVENUE,NY,V0,11,,MELVIN RICHMOND,4100,0,41.0,100.0,5,12300,0,,,5,960717.0,173873.0,40.6438865,-74.0847993,21c,,New York
SI,1560,55,502.0,50.0,10314.0,121.0,1583 RICHMOND AVENUE,NY,V0,11,,"RANDY PROPERTIES, LLC",3651,0,63.5,57.5,3,13320,0,,,5,939768.0,161413.0,40.6096061,-74.1602051,20d,,New York
SI,3837,12,502.0,50.0,10305.0,122.0,715 BUEL AVENUE,NY,V0,11,C,CITY OF NEW YORK,4480,0,40.0,112.0,5,13440,0,,,5,961938.0,150211.0,40.5789424,-74.0803213,27d,,New York
SI,6396,5,503.0,51.0,10312.0,123.0,1 COURT,NY,V0,11,,"ANTHONY A. LENZA, JR.",2000,0,40.0,50.0,5,6660,0,,,5,937773.0,130842.0,40.5256846,-74.1671801,33d,,New York
SI,942,28,502.0,50.0,10306.0,122.0,2459 RICHMOND ROAD,NY,V0,11,,RICHMOND LANDING LLC,3231,0,25.0,128.0,5,11460,0,,,5,950829.0,149136.0,40.5759568,-74.1203074,27b,,New York
SI,1155,94,501.0,49.0,10303.0,121.0,77 GRANITE AVENUE,NY,V1,11,,CENTURY LASALLE STREET PARTNERS LLC,2000,0,20.0,100.0,5,27900,0,,,5,943340.0,170815.0,40.6354298,-74.1473973,20c,,New York
SI,3831,10,502.0,50.0,10305.0,122.0,410 SLATER BOULEVARD,NY,V0,11,,RH PROPERTIES OF N.Y.C. LTD,3600,0,60.0,60.0,5,10800,0,,,5,961097.0,149362.0,40.5766099,-74.0833459,27d,,New York
SI,1318,220,501.0,49.0,10303.0,121.0,172 HOLLAND AVENUE,NY,V0,11,,170-172 HOLLAND LLC,2200,0,25.0,87.0,5,4260,0,,,5,936658.0,170921.0,40.6356873,-74.171473,20c,,New York
SI,3847,44,502.0,50.0,10305.0,122.0,7 CHEROKEE STREET,NY,V0,11,,"TAHIR, GHULAM",1800,0,30.0,60.0,5,5280,0,,,5,960824.0,149124.0,40.5759559,-74.0843279,27d,,New York
SI,6662,56,503.0,51.0,10309.0,123.0,139 COASTAL LOOP,NY,V0,11,,PMBL LLC,4638,0,56.5,82.02,5,12060,0,,,5,929454.0,125742.0,40.5116385,-74.1970625,35c,,New York
SI,2865,14,501.0,49.0,10305.0,120.0,23A EGBERT PLACE,NY,V0,11,,"UNIVERSAL BUILDING SOLUTIONS, CORP",3010,0,35.0,86.0,5,14520,0,,,5,965883.0,161055.0,40.6087161,-74.0661491,21d,,New York
SI,1226,121,501.0,49.0,10303.0,121.0,21 MCGEE LANE,NY,V0,11,,"647-649 WASHINGTON AVE., LLC",2903,0,27.0,107.0,5,6240,0,,,5,940236.0,170120.0,40.6335073,-74.1585763,20c,,New York
SI,33,14,501.0,49.0,10301.0,120.0,15 PIKE STREET,NY,V1,11,X,MT SINAI UNITED CHRIS,5451,0,50.0,100.0,5,211050,0,,,5,961283.0,171290.0,40.6367983,-74.0827509,21c,,New York
SI,23,34,501.0,49.0,10301.0,120.0,17 FREMONT STREET,NY,V1,11,,EVERYTHING GOES REALTY,1250,0,25.0,50.0,5,69750,0,,,5,961715.0,171565.0,40.6375542,-74.0811954,21c,,New York
SI,1121,74,501.0,49.0,10302.0,121.0,105 JOHN STREET,NY,V0,11,,AMERICAN SRI LANKA BUDDHIST ASSOCIATION  INC.,9187,0,20.0,122.0,5,35700,0,,,5,944592.0,171122.0,40.6362781,-74.1428882,20c,,New York
SI,6475,520,503.0,51.0,10312.0,123.0,349 ARBUTUS AVENUE,NY,V0,11,X,ARBUTUS HYLAN REALTY CORP,13200,0,21.0,250.0,5,0,0,,,5,934346.0,130939.0,40.5259322,-74.1795078,33b,,New York
SI,3755,1,502.0,50.0,10305.0,122.0,792 OLYMPIA BOULEVARD,NY,V0,11,C,CITY OF NEW YORK,6004,0,28.0,212.0,5,18000,0,,,5,960032.0,150076.0,40.5785669,-74.0871823,27d,,New York
SI,3843,19,502.0,50.0,10305.0,122.0,23 CHEROKEE STREET,NY,V0,11,C,CITY OF NEW YORK,1800,0,30.0,60.0,5,6300,0,,,5,960640.0,149322.0,40.5764989,-74.0849909,27d,,New York
SI,3850,16,502.0,50.0,10305.0,122.0,12 SIOUX STREET,NY,V0,11,,ESL4 PROPERTIES LLC,1800,0,30.0,60.0,5,5280,0,,,5,960700.0,148883.0,40.5752941,-74.0847734,27d,,New York
SI,357,163,501.0,50.0,10314.0,120.0,313 KINGSLEY AVENUE,NY,V0,11,,"TERICO, JOSEPH",3600,0,40.0,90.0,5,12180,0,,,5,947760.0,165871.0,40.6218789,-74.1314455,21b,,New York
SI,4160,38,503.0,50.0,10306.0,122.0,27 KISSAM AVENUE,NY,V0,11,C,CITY OF NEW YORK,4100,0,50.0,82.0,3,18000,0,,,5,952805.0,142090.0,40.5566242,-74.1131616,34a,,New York
SI,3478,42,502.0,50.0,10305.0,122.0,569 QUINCY AVENUE,NY,V0,11,,"MCKEON-CALASCIONE, CATHERINE SCARCIOFOLO",2475,0,32.5,77.33,5,7560,0,,,5,961890.0,150620.0,40.5800649,-74.0804955,27d,,New York
SI,3481,8,502.0,50.0,10305.0,122.0,730 SEAVIEW AVENUE,NY,V0,11,,"DENORA, JENNIFER",4000,0,50.0,80.0,3,15540,0,,,5,962042.0,150610.0,40.5800379,-74.0799482,27d,,New York
SI,3481,51,502.0,50.0,10305.0,122.0,711 LIBERTY AVENUE,NY,V0,11,,"NIKIJEVA, LILIYA",4000,0,40.0,100.0,5,12000,0,,,5,962059.0,150464.0,40.5796372,-74.0798866,27d,,New York
SI,3481,35,502.0,50.0,10305.0,122.0,645 OCEANSIDE AVENUE,NY,V0,11,,DIVERCITY SPORTS INC.,1720,0,20.0,86.0,5,5040,0,,,5,962313.0,150291.0,40.5791629,-74.0789716,27d,,New York
SI,3481,40,502.0,50.0,10305.0,122.0,735 LIBERTY AVENUE,NY,V0,11,,"BEHAROVIC, ELEZ",2000,0,20.0,100.0,5,5880,0,,,5,962251.0,150333.0,40.5792781,-74.0791949,27d,,New York
SI,3755,4,502.0,50.0,10305.0,122.0,788 OLYMPIA BOULEVARD,NY,V0,11,C,CITY OF NEW YORK,5639,0,26.0,214.0,5,16920,0,,,5,960061.0,150121.0,40.5786905,-74.087078,27d,,New York
SI,4781,9,503.0,50.0,10306.0,122.0,87 FOX BEACH AVENUE,NY,V0,11,C,CITY OF NEW YORK,1500,0,25.0,60.0,5,4380,0,,,5,952599.0,140429.0,40.5520643,-74.1138951,34a,,New York
SI,4793,42,503.0,50.0,10306.0,122.0,62 TARLTON STREET,NY,V0,11,C,CITY OF NEW YORK,2000,0,25.0,80.0,5,5880,0,,,5,952124.0,140580.0,40.5524771,-74.1156051,34a,,New York
SI,3838,33,502.0,50.0,10305.0,122.0,693 OCEANSIDE AVENUE,NY,V0,11,,"TAVELLA, VINCENT",1747,0,22.0,93.0,5,180,0,,,5,962014.0,149963.0,40.5782619,-74.0800469,27d,,New York
SI,1272,394,501.0,49.0,10303.0,121.0,114 NORTHFIELD AVENUE,NY,V0,11,,116 NORTHFIELD AVE VENTURES LLC,3750,0,37.5,100.0,5,11220,0,,,5,937495.0,171641.0,40.637668,-74.1684623,20c,,New York
SI,895,61,502.0,50.0,10306.0,122.0,1891 RICHMOND ROAD,NY,V0,11,,"MANGONE DEVELOPERS, INC.",31318,0,277.0,103.0,5,112320,0,,,5,954569.0,152408.0,40.5849511,-74.1068587,27a,,New York
SI,4767,13,503.0,50.0,10306.0,122.0,165 FOX BEACH AVENUE,NY,V0,11,C,CITY OF NEW YORK,1500,0,25.0,60.0,5,4380,0,,,5,952010.0,141188.0,40.5541455,-74.1160182,34a,,New York
SI,3871,6,502.0,50.0,10306.0,122.0,103 MAPLETON AVENUE,NY,V0,11,,ZNB LLC,1900,0,20.0,95.0,5,5580,0,,,5,959442.0,148015.0,40.5729082,-74.0892986,27d,,New York
SI,1149,81,501.0,49.0,10303.0,121.0,66 MORNINGSTAR ROAD,NY,V0,11,,68 MORNINGSTAR ROAD VENTURES LLC,2893,0,22.0,131.5,5,9960,0,,,5,943814.0,171071.0,40.6361346,-74.145691,20c,,New York
SI,3595,11,502.0,50.0,10306.0,122.0,70A FREMONT AVENUE,NY,V0,11,,JOSEPH MARCHESE,2500,0,25.0,100.0,5,8340,0,,,5,953350.0,150462.0,40.5796056,-74.1112385,27b,,New York
SI,3844,6,502.0,50.0,10305.0,122.0,20 CHEROKEE STREET,NY,V0,11,,"LAROCCA, ANTHONY",1800,0,30.0,60.0,5,5280,0,,,5,960634.0,149194.0,40.5761476,-74.0850121,27d,,New York
SI,3837,5,502.0,50.0,10305.0,122.0,727 BUEL AVENUE,NY,V0,11,,"HARBEN, MICHAEL",2240,0,20.0,112.0,5,6540,0,,,5,962044.0,150138.0,40.5787423,-74.0799395,27d,,New York
SI,4767,81,503.0,50.0,10306.0,122.0,129 FOX BEACH AVENUE,NY,V0,11,C,CITY OF NEW YORK,3000,0,50.0,60.0,5,9180,0,,,5,952277.0,140821.0,40.5531391,-74.1150557,34a,,New York
SI,4768,46,503.0,50.0,10306.0,122.0,70 KISSAM AVENUE,NY,V0,11,C,CITY OF NEW YORK,4100,0,50.0,82.0,5,12300,0,,,5,953035.0,141578.0,40.5552196,-74.1123315,34a,,New York
SI,6523,26,503.0,51.0,10312.0,123.0,113 ARBUTUS AVENUE,NY,V0,11,,ARBUTUS WOODS CORP.,22477,0,154.31,160.92,5,84120,0,,,5,933098.0,133025.0,40.5316507,-74.1840127,33b,,New York
SI,808,17,502.0,50.0,10314.0,121.0,210 HOLDEN BOULEVARD,NY,V0,11,,210 HOLDEN LLC,4000,0,40.0,100.0,5,11820,0,,,5,948569.0,159305.0,40.6038599,-74.1284966,27a,,New York
SI,810,28,502.0,50.0,10314.0,121.0,98 GRAVES STREET,NY,V0,11,,"MANOR HEIGHTS ESTATES, LLC",2350,0,23.5,100.0,5,7560,0,,,5,948186.0,159026.0,40.6030925,-74.1298744,27a,,New York
SI,810,3,502.0,50.0,10314.0,121.0,99 WELLBROOK AVENUE,NY,V0,11,,"MANOR HEIGHTS ESTATES, LLC",2350,0,23.5,100.0,5,7560,0,,,5,948092.0,158967.0,40.6029302,-74.1302125,27a,,New York
SI,810,25,502.0,50.0,10314.0,121.0,92 GRAVES STREET,NY,V0,11,,"MANOR HEIGHTS ESTATES, LLC",2350,0,23.5,100.0,5,7560,0,,,5,948178.0,159096.0,40.6032846,-74.1299035,27a,,New York
SI,623,125,501.0,49.0,10304.0,120.0,1040 VAN DUZER STREET,NY,V0,11,,"GIANT THUJAS, INC.",7700,0,50.0,154.0,5,21600,0,,,5,959921.0,162924.0,40.6138317,-74.0876281,21d,,New York
SI,7800,60,503.0,51.0,10307.0,123.0,8 COLITA COURT,NY,V0,11,M,COLITA COURT LLC,10028,0,97.0,118.0,3,1998,0,,,5,919799.0,122316.0,40.50217,-74.231752,35a,,New York
SI,7826,243,503.0,51.0,10307.0,123.0,261 SPRAGUE AVENUE,NY,V0,11,,"CELLO BUILDERS, INC.",11200,0,56.0,200.0,5,30180,0,,,5,918220.0,123242.0,40.5047,-74.2374388,35a,,New York
SI,2627,19,502.0,50.0,10314.0,121.0,104 BURKE AVENUE,NY,V0,11,,"WALLACE AVENUE BUIDERS, LLC",2500,0,25.0,100.0,5,5520,0,,,5,932183.0,155264.0,40.592687,-74.1874755,26a,,New York
SI,3203,13,502.0,50.0,10305.0,122.0,25 MARIE STREET,NY,V0,11,,ALL SHORES LLC,3307,0,22.5,113.7,5,9300,0,,,5,960749.0,158284.0,40.6010981,-74.0846297,27c,,New York
SI,197,132,501.0,49.0,10310.0,120.0,1155 CASTLETON AVENUE,NY,V1,11,,"VASERMAN, VITALIY",1134,0,11.0,100.0,8,12960,0,,,5,950686.0,170449.0,40.6344561,-74.1209281,21a,,New York
SI,5147,49,503.0,51.0,10308.0,122.0,83 RUSTIC PLACE,NY,V0,11,,ISLAND WIDE BUILDING CORP.,6716,0,44.99,150.0,5,28260,0,,,5,943258.0,138785.0,40.5475136,-74.1474984,33c,,New York
SI,3837,10,502.0,50.0,10305.0,122.0,719 BUEL AVENUE,NY,V0,11,C,CITY OF NEW YORK,2240,0,20.0,112.0,5,6540,0,,,5,961962.0,150194.0,40.5788958,-74.0802349,27d,,New York
SI,3838,14,502.0,50.0,10305.0,122.0,628 QUINCY AVENUE,NY,V0,11,C,CITY OF NEW YORK,4000,0,40.0,100.0,5,12000,0,,,5,961727.0,150098.0,40.5786317,-74.0810805,27d,,New York
SI,3837,16,502.0,50.0,10305.0,122.0,610 QUINCY AVENUE,NY,V0,11,C,CITY OF NEW YORK,2600,0,26.0,100.0,3,9120,0,,,5,961822.0,150236.0,40.5790107,-74.080739,27d,,New York
SI,3837,8,502.0,50.0,10305.0,122.0,725A BUEL AVENUE,NY,V0,11,C,CITY OF NEW YORK,1406,0,12.0,112.0,5,4140,0,,,5,962010.0,150161.0,40.5788054,-74.080062,27d,,New York
SI,3837,108,502.0,50.0,10305.0,122.0,723 BUEL AVENUE,NY,V0,11,C,CITY OF NEW YORK,2240,0,20.0,112.0,5,6540,0,,,5,961995.0,150171.0,40.5788328,-74.080116,27d,,New York
SI,3838,30,502.0,50.0,10305.0,122.0,730 BUEL AVENUE,NY,V0,11,,"TAVELLA, VINCENT",1700,0,20.0,85.0,5,180,0,,,5,961966.0,149987.0,40.5783277,-74.0802198,27d,,New York
SI,3838,41,502.0,50.0,10305.0,122.0,711 OCEANSIDE AVENUE,NY,V0,11,C,CITY OF NEW YORK,2852,0,45.94,60.0,5,9120,0,,,5,961848.0,149872.0,40.5780117,-74.0806442,27d,,New York
SI,3838,32,502.0,50.0,10305.0,122.0,691 FATHER CAPODANNO BL,NY,V0,11,X,VINCENT TAVELLA,2996,0,28.0,107.0,3,10380,0,,,5,962033.0,149978.0,40.5783031,-74.0799786,27d,,New York
SI,3837,1,502.0,50.0,10305.0,122.0,735 BUEL AVENUE,NY,V0,11,,LISA FAMILY IRREVOCABLE TRUST B,2840,0,20.0,112.0,3,9840,0,,,5,962142.0,150134.0,40.5787316,-74.0795867,27d,,New York
SI,3837,3,502.0,50.0,10305.0,122.0,731 BUEL AVENUE,NY,V0,11,,"HARBEN, MICHAEL",2248,0,20.0,112.42,5,6600,0,,,5,962077.0,150115.0,40.5786793,-74.0798206,27d,,New York
SI,3864,1,502.0,50.0,10306.0,122.0,929 FATHER CAPODANNO BL,NY,V0,11,,"TINKARI, SMRITI",5547,0,43.0,129.0,5,17340,0,,,5,960269.0,148492.0,40.5742197,-74.0863235,27d,,New York
SI,3481,18,502.0,50.0,10305.0,122.0,752 SEAVIEW AVENUE,NY,V0,11,,"XU, JIN HUA",2000,0,20.0,100.0,5,5880,0,,,5,962191.0,150496.0,40.5797253,-74.0794115,27d,,New York
SI,3481,5,502.0,50.0,10305.0,122.0,572 QUINCY AVENUE,NY,V0,11,,"RAHANIS, EFSTRATIOS",2000,0,20.0,100.0,5,5880,0,,,5,962024.0,150537.0,40.5798374,-74.0800128,27d,,New York
SI,3802,5,502.0,50.0,10306.0,122.0,521 LINCOLN AVENUE,NY,V0,11,,RESILIENT HOMES HOUSING DEVELOPMENT FUND  COMPANY INC.,2000,0,20.0,100.0,5,5160,0,,,5,957634.0,147967.0,40.5727712,-74.0958065,27b,,New York
SI,6228,58,503.0,51.0,10312.0,123.0,139 DETROIT AVENUE,NY,V0,11,,137 DETROIT AVE LLC,4000,0,40.0,100.0,5,8640,0,,,5,934571.0,137882.0,40.5449906,-74.1787494,33a,,New York
SI,3881,3,502.0,50.0,10306.0,122.0,527 GREELEY AVENUE,NY,V0,11,,RESILIENT HOMES HOUSING DEVELOPMENT FUND  COMPANY INC.,2900,0,29.0,100.0,5,9600,0,,,5,957403.0,147569.0,40.5716781,-74.0966364,27b,,New York
SI,4746,20,503.0,50.0,10306.0,122.0,35 DELWIT AVENUE,NY,V0,11,X,"SIY SOCCER LEAGUE, INC.",3900,0,26.0,150.0,5,11700,0,,,5,951409.0,140954.0,40.553501,-74.1181798,34a,,New York
SI,4746,4,503.0,50.0,10306.0,122.0,677 MILL ROAD,NY,V0,11,X,"SIY SOCCER LEAGUE, INC.",2520,0,14.0,175.0,5,7680,0,,,5,951541.0,141091.0,40.5538775,-74.1177055,34a,,New York
SI,4746,16,503.0,50.0,10306.0,122.0,23 DELWIT AVENUE,NY,V0,11,X,"SIY SOCCER LEAGUE, INC.",2400,0,16.0,150.0,5,7020,0,,,5,951493.0,140973.0,40.5535535,-74.1178776,34a,,New York
SI,4746,2,503.0,50.0,10306.0,122.0,673 MILL ROAD,NY,V0,11,X,"SIY SOCCER LEAGUE, INC.",2380,0,14.0,178.0,5,7260,0,,,5,951543.0,141120.0,40.5539572,-74.1176984,34a,,New York
SI,4690,139,503.0,50.0,10306.0,122.0,560 RIGA STREET,NY,V0,11,X,"SIY SOCCER LEAGUE, INC.",1920,0,24.0,80.0,5,5640,0,,,5,951598.0,141795.0,40.5558101,-74.1175038,34a,,New York
SI,4690,114,503.0,50.0,10306.0,122.0,597 MILL ROAD,NY,V0,11,X,"SIY SOCCER LEAGUE, INC.",1325,0,14.0,102.0,5,4080,0,,,5,951713.0,141626.0,40.5553466,-74.1170891,34a,,New York
SI,4690,110,503.0,50.0,10306.0,122.0,589 MILL ROAD,NY,V0,11,X,"SIY SOCCER LEAGUE, INC.",2150,0,22.0,90.0,5,6600,0,,,5,951744.0,141678.0,40.5554895,-74.1169778,34a,,New York
SI,4690,121,503.0,50.0,10306.0,122.0,607 MILL ROAD,NY,V0,11,X,"SIY SOCCER LEAGUE, INC.",1278,0,14.0,91.0,5,3900,0,,,5,951669.0,141536.0,40.5550995,-74.117247,34a,,New York
SI,4767,38,503.0,50.0,10306.0,122.0,226 FOX LANE,NY,V0,11,C,CITY OF NEW YORK,1500,0,25.0,60.0,5,4380,0,,,5,951923.0,141339.0,40.5545597,-74.116332,34a,,New York
SI,4767,22,503.0,50.0,10306.0,122.0,179 FOX BEACH AVENUE,NY,V0,11,C,CITY OF NEW YORK,2700,0,45.0,60.0,5,7920,0,,,5,951857.0,141326.0,40.5545237,-74.1165695,34a,,New York
SI,4767,39,503.0,50.0,10306.0,122.0,222 FOX LANE,NY,V0,11,C,CITY OF NEW YORK,1500,0,25.0,60.0,5,4380,0,,,5,951940.0,141320.0,40.5545076,-74.1162708,34a,,New York
SI,3856,17,502.0,50.0,10306.0,122.0,637 JEFFERSON AVENUE,NY,V0,11,C,NYC DEPARTMENT OF ENVIRONMENTAL PROTECTION,1740,0,30.0,58.0,2,5100,0,,,5,960110.0,148741.0,40.5749028,-74.0868967,27d,,New York
SI,6523,25,503.0,51.0,10312.0,123.0,119 ARBUTUS AVENUE,NY,V0,11,,ARBUTUS WOODS CORP.,7156,0,50.0,145.61,0,20580,0,,,5,933149.0,132939.0,40.531415,-74.1838286,33b,,New York
SI,5474,19,503.0,51.0,10308.0,122.0,31 EAST READING AVENUE,NY,V0,11,,"EAST READING HOLDINGS, LLC",5192,0,26.0,200.0,5,17580,0,,,5,939734.0,142256.0,40.5570238,-74.1602013,33c,,New York
SI,4792,208,503.0,50.0,10306.0,122.0,641 CEDAR GROVE AVENUE,NY,V0,11,C,CITY OF NEW YORK,1775,0,25.0,71.0,5,5220,0,,,5,952720.0,140126.0,40.5512331,-74.1134583,34a,,New York
SI,1801,45,502.0,50.0,10314.0,121.0,1780 SOUTH AVENUE,NY,V1,11,,1900 SOUTH OWNER LLC,309896,0,552.0,584.0,3,431550,0,,,5,930691.0,158951.0,40.6027982,-74.1928769,26a,,New York
SI,3792,12,502.0,50.0,10306.0,122.0,952 OLYMPIA BOULEVARD,NY,V0,11,,"YAN, XIAN JING",3760,0,40.0,94.0,5,11280,0,,,5,959100.0,148827.0,40.575136,-74.0905327,27b,,New York
SI,4754,59,503.0,50.0,10306.0,122.0,24 KISSAM AVENUE,NY,V0,11,C,CITY OF NEW YORK,2060,0,25.0,82.42,5,6060,0,,,5,952674.0,142035.0,40.5564727,-74.1136327,34a,,New York
SI,1262,18,501.0,49.0,10303.0,121.0,445 SOUTH AVENUE,NY,V1,11,,FOREST ASSOCIATES,4525,0,25.0,181.0,5,99450,0,,,5,938165.0,168215.0,40.6282679,-74.1660248,20c,,New York
SI,5238,7,503.0,51.0,10312.0,122.0,460 THORNYCROFT AVENUE,NY,V0,11,,UNAVAILABLE OWNER,1020,0,15.0,68.0,5,3720,0,,,5,939557.0,137196.0,40.5431342,-74.1608049,33c,,New York
SI,8008,80,503.0,51.0,10309.0,123.0,46 MURRAY STREET,NY,V0,11,,MURRAY PAGE 74 LLC,4729,0,40.0,119.35,5,1260,0,,,5,919300.0,127980.0,40.5177129,-74.2336006,32d,,New York
SI,3692,39,502.0,50.0,10306.0,122.0,303 LINCOLN AVENUE,NY,V0,11,,"RICHARD ELITE, TRSTEE-CURRO PRESERVATION  TRUST IV",6310,0,41.0,149.0,5,19980,0,,,5,955709.0,149317.0,40.5764707,-74.1027414,27b,,New York
SI,1226,119,501.0,49.0,10303.0,121.0,25 MCGEE LANE,NY,V0,11,,"647-649 WASHINGTON AVE., LLC",2907,0,27.0,107.0,5,6300,0,,,5,940183.0,170120.0,40.633507,-74.1587673,20c,,New York
SI,3481,28,502.0,50.0,10305.0,122.0,772 SEAVIEW AVENUE,NY,V0,11,,"AUGUST, EDWARD",900,0,15.0,60.0,5,2454,0,,,5,962379.0,150392.0,40.5794403,-74.0787343,27d,,New York
SI,1598,2,502.0,50.0,10314.0,121.0,161 LANDER AVENUE,NY,V0,11,,"MOBILE AVENUE, LLC",3500,0,35.0,100.0,5,7620,0,,,5,938613.0,163085.0,40.6141895,-74.1643762,20d,,New York
SI,6394,5,503.0,51.0,10312.0,123.0,3 COURT,NY,V0,11,,DAWN BREGULLA,2000,0,40.0,50.0,5,6660,0,,,5,937562.0,130725.0,40.5253623,-74.1679382,33d,,New York
SI,47,56,501.0,49.0,10301.0,120.0,255 YORK AVENUE,NY,V0,11,,A F HALL,2760,0,30.0,92.0,5,18180,0,,,5,959905.0,172541.0,40.6402283,-74.0877204,21c,,New York
SI,6662,55,503.0,51.0,10309.0,123.0,143 COASTAL LOOP,NY,V0,11,,PMBL LLC,4641,0,56.5,82.15,5,12060,0,,,5,929469.0,125797.0,40.5117896,-74.197009,35c,,New York
SI,2827,200,501.0,49.0,10305.0,120.0,32 SYLVATON TERRACE,NY,V0,11,,SYLVATON HOLDINGS LLC,8640,0,60.0,144.0,5,46800,0,,,5,965575.0,163971.0,40.6167192,-74.0672665,21d,,New York
SI,378,18,501.0,50.0,10314.0,120.0,1963 VICTORY BLVD.,NY,V1,11,,SISTERS OF THE LAND LLC,10300,0,100.0,103.0,5,258300,0,,,5,948286.0,162578.0,40.6128424,-74.1295331,21b,,New York
SI,3840,14,502.0,50.0,10305.0,122.0,712 NAUGHTON AVENUE,NY,V0,11,C,CITY OF NEW YORK,3874,0,23.0,159.0,5,12120,0,,,5,961508.0,149597.0,40.577256,-74.0818672,27d,,New York
SI,3840,16,502.0,50.0,10305.0,122.0,716 NAUGHTON AVENUE,NY,V0,11,C,CITY OF NEW YORK,3042,0,23.0,124.0,5,9720,0,,,5,961548.0,149590.0,40.5772369,-74.0817232,27d,,New York
SI,4762,30,503.0,50.0,10306.0,122.0,588 MILL ROAD,NY,V0,11,C,CITY OF NEW YORK,2720,0,34.0,80.0,3,9360,0,,,5,951850.0,141536.0,40.5551001,-74.1165957,34a,,New York
SI,5238,8,503.0,51.0,10312.0,122.0,464 THORNYCROFT AVENUE,NY,V0,11,,UNAVAILABLE OWNER,1020,0,15.0,68.0,5,3720,0,,,5,939548.0,137208.0,40.5431671,-74.1608373,33c,,New York
SI,4690,134,503.0,50.0,10306.0,122.0,570 RIGA STREET,NY,V0,11,X,"SIY SOCCER LEAGUE, INC.",2155,0,25.0,94.0,5,6600,0,,,5,951546.0,141720.0,40.555604,-74.1176905,34a,,New York
SI,540,32,501.0,49.0,10304.0,120.0,51 GORDON STREET,NY,V0,11,,51 GORDON MK LLC,2500,0,25.0,100.0,5,7440,0,,,5,961455.0,167238.0,40.6256768,-74.0821175,21d,,New York
SI,877,86,502.0,50.0,10304.0,122.0,653 TODT HILL ROAD,NY,V0,11,,TODT HILL LLC,15228,0,81.0,188.0,5,40080,0,,,5,953568.0,156594.0,40.5964374,-74.1104816,27a,,New York
SI,6662,124,503.0,51.0,10309.0,123.0,19 COASTAL LOOP,NY,V0,11,,PMBL LLC,15368,0,47.9,203.8,2,27840,0,,,5,930483.0,125962.0,40.5122487,-74.1933637,35c,,New York
SI,6662,121,503.0,51.0,10309.0,123.0,31 COASTAL LOOP,NY,V0,11,,PMBL LLC,11875,0,46.23,192.08,2,38640,0,,,5,930358.0,125806.0,40.5118197,-74.193812,35c,,New York
SI,6662,71,503.0,51.0,10309.0,123.0,27 ANCHORAGE LANE,NY,V0,11,,PMBL LLC,4108,0,47.35,82.02,5,10680,0,,,5,929793.0,125621.0,40.5113085,-74.1958424,35c,,New York
SI,6662,60,503.0,51.0,10309.0,123.0,36 SCHOONER LANE,NY,V0,11,,PMBL LLC,4062,0,52.83,80.56,5,10560,0,,,5,929732.0,125742.0,40.5116403,-74.1960628,35c,,New York
SI,6662,96,503.0,51.0,10309.0,123.0,123 COASTAL LOOP,NY,V0,11,,PMBL LLC,9003,0,47.79,173.63,2,18000,0,,,5,929391.0,125509.0,40.5109986,-74.1972872,35c,,New York
SI,2987,35,501.0,49.0,10305.0,120.0,71 BELL STREET,NY,V0,11,,HOPE HILL LLC,3190,0,123.0,33.0,3,9540,0,,,5,962817.0,162429.0,40.6124805,-74.0771958,21d,,New York
SI,6662,125,503.0,51.0,10309.0,123.0,15 COASTAL LOOP,NY,V0,11,,PMBL LLC,11484,0,68.24,194.53,3,27660,0,,,5,930455.0,126043.0,40.5124709,-74.1934651,35c,,New York
SI,6352,46,503.0,51.0,10312.0,123.0,75 BOARDWALK AVENUE,NY,V0,11,,ROBERT MAZZUOCCOLA,11495,0,121.0,95.0,5,40980,0,,,5,938532.0,131068.0,40.5263088,-74.1644514,33d,,New York
SI,628,140,501.0,49.0,10301.0,120.0,144 CAMPUS ROAD,NY,V0,11,X,WAGNER COLLEGE,784000,0,713.0,892.0,5,2693460,0,,,5,957397.0,162386.0,40.6123477,-74.0967169,21b,,New York
SI,6662,100,503.0,51.0,10309.0,123.0,109 COASTAL LOOP,NY,V0,11,,PMBL LLC,10854,0,54.52,168.93,2,21720,0,,,5,929517.0,125315.0,40.5104669,-74.1968325,35c,,New York
SI,6662,54,503.0,51.0,10309.0,123.0,147 COASTAL LOOP,NY,V0,11,,PMBL LLC,4639,0,56.5,82.15,5,12060,0,,,5,929483.0,125851.0,40.5119379,-74.1969591,35c,,New York
SI,6662,28,503.0,51.0,10309.0,123.0,159 COASTAL LOOP,NY,V0,11,,PMBL LLC,5035,0,55.18,81.72,3,13080,0,,,5,929529.0,126025.0,40.5124158,-74.1967951,35c,,New York
SI,6662,53,503.0,51.0,10309.0,123.0,151 COASTAL LOOP,NY,V0,11,,PMBL LLC,4640,0,56.5,82.19,5,12060,0,,,5,929497.0,125906.0,40.512089,-74.1969092,35c,,New York
SI,6662,24,503.0,51.0,10309.0,123.0,15 DUNE LANE,NY,V0,11,,PMBL LLC,4600,0,40.0,124.82,5,12000,0,,,5,930113.0,125932.0,40.5121641,-74.1946941,35c,,New York
SI,1226,113,501.0,49.0,10303.0,121.0,37 MCGEE LANE,NY,V0,11,,"647-649 WASHINGTON AVE., LLC",2896,0,27.0,107.0,5,6240,0,,,5,940024.0,170119.0,40.6335035,-74.1593401,20c,,New York
SI,1226,107,501.0,49.0,10303.0,121.0,49 MCGEE LANE,NY,V0,11,,"647-649 WASHINGTON AVE., LLC",2829,0,27.0,105.0,5,6120,0,,,5,939863.0,170117.0,40.6334972,-74.1599202,20c,,New York
SI,218,79,501.0,49.0,10310.0,120.0,617 DELAFIELD AVENUE,NY,V0,11,,"RIVERA JR., ROBERTO",11930,0,78.64,152.15,6,30840,0,,,5,951103.0,169159.0,40.6309169,-74.1194194,21a,,New York
SI,6662,52,503.0,51.0,10309.0,123.0,155 COASTAL LOOP,NY,V0,11,,PMBL LLC,5413,0,65.68,82.19,5,14100,0,,,5,929512.0,125964.0,40.5122482,-74.1968558,35c,,New York
SI,1226,120,501.0,49.0,10303.0,121.0,23 MCGEE LANE,NY,V0,11,,"647-649 WASHINGTON AVE., LLC",2905,0,27.0,107.0,5,6240,0,,,5,940209.0,170120.0,40.6335071,-74.1586736,20c,,New York
SI,513,96,501.0,49.0,10304.0,120.0,84 PROSPECT STREET,NY,V1,11,,8490 PROSPECT STREET LLC,6300,0,63.0,100.0,5,174150,0,,,5,962843.0,168207.0,40.62834,-74.0771204,21c,,New York
SI,1003,1,501.0,49.0,10302.0,121.0,41 PORT RICHMOND AVENUE,NY,V1,11,,AVLM REALTY LLC,5060,0,50.5,100.0,3,229500,0,,,5,947665.0,172312.0,40.6395576,-74.1318226,21a,,New York
SI,2829,16,501.0,49.0,10305.0,120.0,68A CLIFTON AVENUE,NY,V2,11,,"WANG, JIE",3500,0,25.0,140.0,5,17340,0,,,5,965910.0,163322.0,40.6149386,-74.0660581,21d,,New York
SI,526,8,501.0,49.0,10304.0,120.0,81 BROAD STREET,NY,V1,11,,81 BROAD STREET LLC,5790,0,51.0,120.0,5,189900,0,,,5,962547.0,167112.0,40.6253337,-74.0781833,21d,,New York
SI,3599,54,502.0,50.0,10306.0,122.0,71 PRESCOTT AVENUE,NY,V0,11,,VILLAGE DEVELOPMENT CORP OF S.I. INC,3750,0,37.5,100.0,5,12180,0,,,5,953140.0,150171.0,40.5788061,-74.1119932,27b,,New York
SI,3638,46,502.0,50.0,10306.0,122.0,202 BRYANT AVE,NY,V0,11,,204 BRYANT AVE LLC,4000,0,40.0,100.0,5,14040,0,,,5,953799.0,148879.0,40.5752621,-74.109615,27b,,New York
SI,355,174,501.0,50.0,10310.0,120.0,248 EGBERT AVENUE,NY,V0,11,X,DRYDEN ESTATE INC,3620,0,38.0,99.0,9,0,0,,,5,947769.0,166746.0,40.6242806,-74.1314178,21b,,New York
SI,1226,112,501.0,49.0,10303.0,121.0,39 MCGEE LANE,NY,V0,11,,"647-649 WASHINGTON AVE., LLC",2887,0,27.0,107.0,5,6240,0,,,5,939997.0,170118.0,40.6335006,-74.1594374,20c,,New York
SI,1226,83,501.0,49.0,10303.0,121.0,36 MCGEE LANE,NY,V0,11,,"647-649 WASHINGTON AVE., LLC",5177,0,37.5,141.0,5,11160,0,,,5,940038.0,169996.0,40.6331659,-74.1592889,20c,,New York
SI,1226,105,501.0,49.0,10303.0,121.0,53 MCGEE LANE,NY,V0,11,,"647-649 WASHINGTON AVE., LLC",4573,0,46.0,103.0,3,7680,0,,,5,939800.0,170115.0,40.6334914,-74.1601471,20c,,New York
SI,1226,115,501.0,49.0,10303.0,121.0,33 MCGEE LANE,NY,V0,11,,"647-649 WASHINGTON AVE., LLC",2914,0,27.0,107.0,5,6300,0,,,5,940077.0,170119.0,40.6335037,-74.1591492,20c,,New York
SI,1226,111,501.0,49.0,10303.0,121.0,41 MCGEE LANE,NY,V0,11,,"647-649 WASHINGTON AVE., LLC",3752,0,28.0,140.0,5,8100,0,,,5,939971.0,170102.0,40.6334566,-74.1595309,20c,,New York
SI,1226,118,501.0,49.0,10303.0,121.0,27 MCGEE LANE,NY,V0,11,,"647-649 WASHINGTON AVE., LLC",2909,0,27.0,107.0,5,6300,0,,,5,940156.0,170120.0,40.6335069,-74.1588645,20c,,New York
SI,1226,117,501.0,49.0,10303.0,121.0,29 MCGEE LANE,NY,V0,11,,"647-649 WASHINGTON AVE., LLC",2911,0,27.0,107.0,5,6300,0,,,5,940130.0,170120.0,40.6335068,-74.1589582,20c,,New York
SI,1226,110,501.0,49.0,10303.0,121.0,43 MCGEE LANE,NY,V0,11,,"647-649 WASHINGTON AVE., LLC",3642,0,27.0,136.0,5,7860,0,,,5,939944.0,170103.0,40.6334592,-74.1596282,20c,,New York
SI,7566,1,503.0,51.0,10309.0,123.0,345 COLE STREET,NY,V0,11,,ELOC FTK LLC,226617,0,244.0,1077.0,3,274800,0,,,5,920844.0,129704.0,40.5224561,-74.2280636,32d,,New York
SI,3410,60,502.0,50.0,10305.0,122.0,81 ANDREWS STREET,NY,V0,11,C,"PROJECT REBUILD, INC.",7000,0,56.0,125.0,3,29640,0,,,5,964334.0,154287.0,40.5901359,-74.0717079,27c,,New York
SI,517,28,501.0,49.0,10304.0,120.0,167 BEACH STREET,NY,V0,11,X,ST JOHN BAPT DE LA SA,4000,0,40.0,100.0,5,13380,0,,,5,961750.0,168780.0,40.62991,-74.08106,21c,,New York
SI,3235,66,502.0,50.0,10305.0,122.0,15 KERMIT AVENUE,NY,V1,11,,"E & Q INVESTORS, INC.",3000,0,30.0,100.0,5,115650,0,,,5,961435.0,157177.0,40.5980614,-74.0821556,27c,,New York
SI,6616,62,503.0,51.0,10312.0,123.0,5526 AMBOY ROAD,NY,V0,11,,4 BOYS BUILDING INC.,3501,0,34.0,103.0,3,12780,0,,,5,930477.0,132734.0,40.5308365,-74.1934391,33b,,New York
SI,6616,65,503.0,51.0,10312.0,123.0,8 ANDROVETTE AVENUE,NY,V0,11,,4 BOYS BUILDING INC.,3592,0,37.0,94.0,5,12720,0,,,5,930545.0,132742.0,40.5308589,-74.1931945,33b,,New York
SI,6616,66,503.0,51.0,10312.0,123.0,12 ANDROVETTE AVENUE,NY,V0,11,,4 BOYS BUILDING INC.,5814,0,37.0,165.0,5,22020,0,,,5,930537.0,132692.0,40.5307216,-74.1932229,33b,,New York
SI,6699,71,503.0,51.0,10309.0,123.0,342 SEGUINE AVENUE,NY,V0,11,X,STATEN ISLAND UNVRST HSPTL,7611,0,54.83,162.83,3,23940,0,,,5,929382.0,127942.0,40.5176767,-74.1973393,33b,,New York
SI,6665,13,503.0,51.0,10309.0,123.0,12 WILBUR STREET,NY,V0,11,,"FICESCO 12 WILBUR, LLC",7500,0,50.0,150.0,5,21540,0,,,5,929707.0,126881.0,40.5147664,-74.1961619,35c,,New York
SI,515,65,501.0,49.0,10304.0,120.0,49 JACKSON STREET,NY,V0,11,,ALEX KRIS,5000,0,50.0,100.0,5,16740,0,,,5,962073.0,168837.0,40.6300673,-74.0798965,21c,,New York
SI,527,49,501.0,49.0,10304.0,120.0,191 CANAL STREET,NY,V1,11,,"CANAL STREET PROPERTIES, LLC",39940,0,420.45,95.0,5,1253700,0,,,5,962281.0,167341.0,40.6259616,-74.0791423,21d,,New York
SI,492,31,501.0,49.0,10304.0,120.0,1 WATER STREET,NY,V1,11,,ZACK HOME LLC,13500,0,180.0,75.0,3,383850,0,,,5,963521.0,167876.0,40.6274331,-74.0746769,21c,,New York
SI,492,9,501.0,49.0,10304.0,120.0,14 CROSS STREET,NY,V1,11,,FTU HOLDINGS LLC,1875,0,25.0,75.0,5,44550,0,,,5,963234.0,167918.0,40.6275477,-74.0757109,21c,,New York
SI,488,157,501.0,49.0,10304.0,120.0,27 WAVE STREET,NY,V1,11,,BFC 475 RESIDENTIAL LLC,10317,0,137.27,101.05,5,120600,0,,,5,963218.0,168763.0,40.629867,-74.0757712,21c,,New York
SI,492,48,501.0,49.0,10304.0,120.0,33 WATER STREET,NY,V1,11,,"MARKU, STEVEN",3750,0,50.0,75.0,5,125550,0,,,5,963282.0,167848.0,40.6273557,-74.0755378,21c,,New York
SI,536,47,501.0,49.0,10304.0,120.0,14 GORDON STREET,NY,V0,11,,14 GORDON ST VENTURES LLC,2802,0,28.63,101.09,5,9180,0,,,5,961349.0,167623.0,40.6267333,-74.0825007,21c,,New York
SI,536,7,501.0,49.0,10304.0,120.0,14 GROVE STREET,NY,V0,11,,CEE JAY REAL ESTATE DEVELOPMENT CORP.,2700,0,50.0,63.0,5,8040,0,,,5,961628.0,167736.0,40.6270442,-74.081496,21c,,New York
SI,1013,44,501.0,49.0,10302.0,121.0,88 JEWETT AVENUE,NY,V0,11,,"DHILLON, VEERU",16853,0,39.42,393.0,5,27180,0,,,5,948264.0,170672.0,40.6350587,-74.1296555,21a,,New York
SI,105,4,501.0,49.0,10301.0,120.0,276 CORSON AVENUE,NY,V0,11,,"RIZZOTTI, RONALD",1950,0,25.0,78.0,3,5160,0,,,5,960011.0,171121.0,40.636331,-74.0873334,21c,,New York
SI,3636,1,502.0,50.0,10306.0,122.0,343 EDISON STREET,NY,V0,11,,"SAVO, LEONELLO JR",3500,0,35.0,100.0,5,11160,0,,,5,952850.0,148224.0,40.573461,-74.1130281,27b,,New York
SI,1140,8,501.0,49.0,10302.0,121.0,784 PORT RICHMOND AVENUE,NY,V1,11,,WEST POINT DEVELOPMENT LLC,1373,0,30.0,35.0,3,68850,0,,,5,944023.0,167119.0,40.6252882,-74.1449144,20d,,New York
SI,309,22,501.0,49.0,10310.0,120.0,533 CLOVE ROAD,NY,V0,11,,CLOVE ROAD PROPERTIES LLC,9512,0,82.0,116.0,3,23940,0,,,5,950720.0,168028.0,40.6278111,-74.1207936,21a,,New York
SI,7314,5,503.0,51.0,10309.0,123.0,4246 ARTHUR KILL ROAD,NY,V9,11,,"ARTHUR KILL GROUP, LLC",19592,0,95.75,200.0,5,135900,0,,,5,918376.0,135638.0,40.5387258,-74.2369984,32c,,New York
SI,7310,87,503.0,51.0,10309.0,123.0,497 SHARROTTS ROAD,NY,V1,11,,497 SHARROTTS LLC,10080,0,70.0,144.0,5,72900,0,,,5,918837.0,135481.0,40.5382983,-74.2353383,32c,,New York
SI,7408,17,503.0,51.0,10309.0,123.0,130 KREISCHER STREET,NY,V1,11,,130 KREISCHER LLC,5350,0,50.0,107.0,5,158400,0,,,5,917627.0,134730.0,40.5362279,-74.2396842,32d,,New York
SI,7407,1,503.0,51.0,10309.0,123.0,53 ANDROVETTE STREET,NY,V1,11,,65 ANDROVETTE STREET LLC,64804,0,170.0,320.0,3,463500,0,,,5,918172.0,134491.0,40.535576,-74.2377211,32d,,New York
SI,7407,80,503.0,51.0,10309.0,123.0,83 ANDROVETTE STREET,NY,V1,11,,65 ANDROVETTE STREEET LLC,3960,0,30.0,132.0,5,31050,0,,,5,917869.0,134431.0,40.5354091,-74.2388106,32d,,New York
SI,7407,82,503.0,51.0,10309.0,123.0,65 ANDROVETTE STREET,NY,V1,11,,65 ANDROVETTE STREET LLC,55225,0,235.0,235.0,5,362700,0,,,5,917997.0,134463.0,40.5354978,-74.2383504,32d,,New York
SI,8008,85,503.0,51.0,10309.0,123.0,56 MURRAY STREET,NY,V0,11,,MURRAY PAGE 74 LLC,4240,0,40.0,110.45,5,1140,0,,,5,919262.0,128050.0,40.5179048,-74.233738,32d,,New York
SI,7578,262,503.0,51.0,10309.0,123.0,18 MADSEN AVENUE,NY,V0,11,,NINA GRACE ESTATES INC,7550,0,50.0,151.0,5,15360,0,,,5,919133.0,129264.0,40.521236,-74.2342136,32d,,New York
SI,7584,33,503.0,51.0,10309.0,123.0,4934 ARTHUR KILL ROAD,NY,V1,11,,RICHMOND VALLEY RD LLC,19250,0,75.0,236.0,5,195300,0,,,5,917848.0,129435.0,40.5216959,-74.2388372,32d,,New York
SI,7584,20,503.0,51.0,10309.0,123.0,291 RICHMOND VALLEY ROAD,NY,V1,11,,RICHMOND VALLEY RD LLC,24035,0,269.0,105.0,5,209250,0,,,5,917843.0,129347.0,40.5214543,-74.2388543,32d,,New York
SI,7991,26,503.0,51.0,10307.0,123.0,43 ELLIS STREET,NY,V1,11,,CEE JAY REAL ESTATE DEVELOPMENT CORP.,2048,0,22.55,90.75,5,32850,0,,,5,916963.0,127776.0,40.5171356,-74.2420039,32d,,New York
SI,7995,30,503.0,51.0,10307.0,123.0,115 ELLIS STREET,NY,V2,11,,"MAKLARI, MICHAEL",6750,0,97.45,80.0,5,17220,0,,,5,916380.0,127432.0,40.5161869,-74.2440972,32d,,New York
SI,8008,82,503.0,51.0,10309.0,123.0,52 MURRAY STREET,NY,V0,11,,MURRAY PAGE 74 LLC,4551,0,40.0,116.53,5,1260,0,,,5,919279.0,128014.0,40.5178061,-74.2336765,32d,,New York
SI,8008,87,503.0,51.0,10309.0,123.0,60 MURRAY STREET,NY,V0,11,,MURRAY PAGE 74 LLC,6250,0,70.0,100.98,5,1680,0,,,5,919243.0,128102.0,40.5180474,-74.2338068,32d,,New York
SI,878,35,502.0,50.0,10304.0,122.0,18 CALLAN AVENUE,NY,V0,11,,"PILKU, ILBER",12000,0,100.0,120.0,5,40080,0,,,5,954304.0,157679.0,40.5994181,-74.1078361,27a,,New York
SI,868,20,502.0,50.0,10304.0,122.0,51 BENEDICT ROAD,NY,V0,11,,DOUBLE M DEVELOPMENT LLC,32000,0,26.0,257.0,5,114000,0,,,5,954606.0,156549.0,40.5963175,-74.1067437,27a,,New York
SI,830,39,502.0,50.0,10304.0,122.0,225 DOUGLAS ROAD,NY,V0,11,,"DOUGLAS ROAD DEVELOPMENT, LLC",10000,0,97.0,112.0,5,41880,0,,,5,957575.0,160429.0,40.6069767,-74.0960681,21b,,New York
SI,4212,27,502.0,50.0,10306.0,122.0,100 NEW DORP PLAZA,NY,V1,11,X,"COMMUNITY HEALTH CENTER OF RICHMOND, INC .",24550,0,190.0,143.0,3,770850,0,,,5,951491.0,147848.0,40.572424,-74.1179181,27b,,New York
SI,942,27,502.0,50.0,10306.0,122.0,2455 RICHMOND ROAD,NY,V0,11,,RICHMOND LANDING LLC,3258,0,50.0,128.0,5,10200,0,,,5,950851.0,149149.0,40.5759926,-74.1202283,27b,,New York
SI,908,160,502.0,50.0,10304.0,122.0,38 WHITLOCK AVENUE,NY,V0,11,,526 HOLDING CORP,24697,0,200.0,137.0,5,88020,0,,,5,953358.0,156120.0,40.5951357,-74.1112356,27a,,New York
SI,354,15,501.0,50.0,10302.0,120.0,465 JEWETT AVENUE,NY,V3,11,X,UNAVAILABLE OWNER,9000,0,35.0,254.0,5,0,0,,,5,947878.0,167219.0,40.6255793,-74.1310277,21b,,New York
SI,370,144,501.0,50.0,10314.0,120.0,39 CROWELL AVENUE,NY,V0,11,,"AGP ENTERPRISES, INC.",4200,0,42.0,100.0,5,14100,0,,,5,949636.0,163758.0,40.6160867,-74.1246768,21b,,New York
SI,1003,16,501.0,49.0,10302.0,121.0,2040 RICHMOND TERRACE,NY,V1,11,,"RICHMOND TERR VENTURES, LLC",5096,0,49.0,104.0,5,165600,0,,,5,947812.0,172526.0,40.6401456,-74.1312941,21a,,New York
SI,1082,58,501.0,49.0,10302.0,121.0,211 FABER STREET,NY,V1,11,,211 FABER ST PARTNERS LLC,1250,0,12.5,100.0,5,28800,0,,,5,946543.0,170877.0,40.6356142,-74.1358573,20c,,New York
SI,898,9,502.0,50.0,10304.0,122.0,303 FLAGG PLACE,NY,V0,11,,303 FLAGG PLACE CORP,16000,0,100.0,150.0,5,57780,0,,,5,954107.0,152329.0,40.5847327,-74.1085217,27a,,New York
SI,1021,1,501.0,49.0,10302.0,121.0,209 PARK AVENUE,NY,V0,11,,209 PARK AVE VENTURES LLC,5619,0,51.08,110.0,3,22080,0,,,5,947235.0,170843.0,40.6355238,-74.1333639,21a,,New York
SI,1077,70,501.0,49.0,10302.0,121.0,178 PORT RICHMOND AVENUE,NY,V1,11,,EAST LAM LLC,1667,0,36.0,49.0,6,59850,0,,,5,946931.0,171510.0,40.6373533,-74.1344629,20c,,New York
SI,354,8,501.0,50.0,10302.0,120.0,485 JEWETT AVENUE,NY,V1,11,,UASMBDY LLC,4488,0,30.75,146.0,5,77400,0,,,5,947776.0,167003.0,40.624986,-74.1313939,21b,,New York
SI,354,9,501.0,50.0,10302.0,120.0,481 JEWETT AVENUE,NY,V1,11,,UASMBDY LLC,4783,0,30.75,148.0,5,82350,0,,,5,947784.0,167035.0,40.6250739,-74.1313653,21b,,New York
SI,1227,49,501.0,49.0,10303.0,121.0,17 HARBOR ROAD,NY,V1,11,,"OLUSHINA, ADERONKE",7176,0,52.0,138.0,5,117000,0,,,5,939886.0,171226.0,40.6365413,-74.1598446,20c,,New York
SI,1213,86,501.0,49.0,10303.0,121.0,14 DE HART AVENUE,NY,V1,11,,HUDSON RIVER MARINE SERVICES LLC,5590,0,43.0,130.0,5,122850,0,,,5,940605.0,171203.0,40.6364817,-74.1572539,20c,,New York
SI,457,116,501.0,50.0,10314.0,121.0,882 JEWETT AVENUE,NY,V0,11,X,DEPENDABLE MGMNT/WINDSOR SQUARE HOA,33875,0,30.0,253.0,5,0,0,,,5,947525.0,163416.0,40.6151394,-74.1322786,21b,,New York
SI,2834,17,501.0,49.0,10305.0,120.0,68A NAUTILUS STREET,NY,V0,11,,"LIEW, KHEN WUE",2500,0,25.0,100.0,5,10260,0,,,5,966948.0,161722.0,40.610549,-74.0623152,21d,,New York
SI,6517,87,503.0,51.0,10312.0,123.0,42 SANTINA DRIVE,NY,V0,11,,"RUBICON SGA, LLC",6470,0,50.0,129.4,5,840,0,,,5,933756.0,132416.0,40.5299829,-74.1816411,33b,,New York
SI,1717,67,501.0,49.0,10303.0,121.0,834 MORROW STREET,NY,V1,11,,BIG MORROW LLC,5000,0,50.0,100.0,5,80550,0,,,5,935917.0,167237.0,40.6255716,-74.1741164,20d,,New York
SI,1318,219,501.0,49.0,10303.0,121.0,170 HOLLAND AVENUE,NY,V0,11,,170-172HOLLAND LLC,2200,0,25.0,88.0,5,6300,0,,,5,936657.0,170947.0,40.6357587,-74.1714767,20c,,New York
SI,1266,69,501.0,49.0,10303.0,121.0,206 SOUTH AVENUE,NY,V1,11,,RICHARD TERRANOVA,47700,0,300.0,159.0,5,640800,2010,,,5,937999.0,170361.0,40.6341574,-74.1666375,20c,,New York
SI,1290,85,501.0,49.0,10303.0,121.0,12 KINSEY PLACE,NY,V1,11,,KINSEY HOLDNGS LLC,2465,0,29.0,85.0,3,48600,0,,,5,937299.0,168378.0,40.6287108,-74.1691458,20c,,New York
SI,1270,50,501.0,49.0,10303.0,121.0,435 NORTHFIELD AVENUE,NY,V1,11,,NORTHFIELD ALLIANCE LLC,3135,0,33.0,95.0,5,40050,0,,,5,937552.0,168455.0,40.6289235,-74.1682348,20c,,New York
SI,1290,63,501.0,49.0,10303.0,121.0,19 KINSEY PLACE,NY,V1,11,,"23 KINSEY ASSOCIATES, LLC",3200,0,32.0,100.0,5,33300,0,,,5,937116.0,168254.0,40.6283695,-74.1698042,20c,,New York
SI,1290,64,501.0,49.0,10303.0,121.0,17 KINSEY PLACE,NY,V1,11,,17 KINSEY EQUITIES LLC,3040,0,32.0,95.0,5,43200,0,,,5,937149.0,168250.0,40.6283587,-74.1696853,20c,,New York
SI,1384,150,501.0,49.0,10303.0,121.0,2577 FOREST AVENUE,NY,V1,11,,"SFG ISF STATEN ISLAND FOREST, LLC",278835,0,521.0,880.0,5,1077300,0,,,5,935632.0,167876.0,40.6273239,-74.1751477,20c,,New York
SI,6396,27,503.0,51.0,10312.0,123.0,105 ALLEN PLACE,NY,V0,11,,"LENZA, ANTHONY A JR.",2000,0,40.0,50.0,5,6660,0,,,5,937714.0,130855.0,40.5257199,-74.1673924,33d,,New York
SI,6364,120,503.0,51.0,10312.0,123.0,44 LUNA CIRCLE,NY,V0,11,,MARINA ITZKOWITCH,6800,0,100.0,68.0,5,22080,0,,,5,937989.0,132317.0,40.5297343,-74.1664132,33d,,New York
SI,6431,35,503.0,51.0,10312.0,123.0,45 DOMINICK LANE,NY,V0,11,,LEONELLO SAVO,10012,0,95.57,88.75,5,34200,0,,,5,936709.0,130307.0,40.5242104,-74.1710035,33d,,New York
SI,6400,49,503.0,51.0,10312.0,123.0,492 LIPSETT AVENUE,NY,V0,11,C,"PROJECT REBUILD, INC.",3758,0,40.0,103.96,5,12720,0,,,5,937347.0,130366.0,40.5243758,-74.1687091,33d,,New York
SI,6523,27,503.0,51.0,10312.0,123.0,115 HOGAN AVENUE,NY,V0,11,,ARBUTUS WOODS CORP.,48708,0,160.0,306.0,0,157122,0,,,5,933323.0,133123.0,40.531921,-74.183204,33b,,New York
SI,6523,24,503.0,51.0,10312.0,123.0,117 ARBUTUS AVENUE,NY,V0,11,,ARBUTUS WOODS BY VERTUS LLC,15300,0,52.0,306.0,5,48720,0,,,5,933373.0,133034.0,40.531677,-74.1830235,33b,,New York
SI,6475,185,503.0,51.0,10312.0,123.0,140 NICOLOSI DRIVE,NY,V0,11,,"FABOZZI, VINCENZA",32610,0,150.0,245.0,2,116160,0,,,5,935051.0,128943.0,40.5204575,-74.1769574,33d,,New York
SI,6475,500,503.0,51.0,10312.0,123.0,381 ARBUTUS AVENUE,NY,V0,11,,THE BATTILORO IRREVOCABLE TRUST,53707,0,280.0,150.0,2,191340,0,,,5,934385.0,130717.0,40.5253231,-74.1793659,33b,,New York
SI,6517,84,503.0,51.0,10312.0,123.0,60 SANTINA DRIVE,NY,V0,11,,"RUBICON SGA, LLC",6470,0,50.0,129.4,5,840,0,,,5,933680.0,132545.0,40.5303366,-74.1819155,33b,,New York
SI,6517,101,503.0,51.0,10312.0,123.0,96 SANTINA DRIVE,NY,V0,11,,"RUBICON SGA, LLC",12747,0,54.0,0.0,5,1740,0,,,5,933570.0,132738.0,40.5308657,-74.1823126,33b,,New York
SI,6517,82,503.0,51.0,10312.0,123.0,72 SANTINA DRIVE,NY,V0,11,,"RUBICON SGA, LLC",6470,0,50.0,129.4,5,840,0,,,5,933630.0,132632.0,40.5305751,-74.182096,33b,,New York
SI,6517,83,503.0,51.0,10312.0,123.0,66 SANTINA DRIVE,NY,V0,11,,"RUBICON SGA, LLC",6470,0,50.0,129.4,5,840,0,,,5,933655.0,132589.0,40.5304572,-74.1820057,33b,,New York
SI,6517,86,503.0,51.0,10312.0,123.0,48 SANTINA DRIVE,NY,V0,11,,"RUBICON SGA, LLC",6470,0,50.0,129.4,5,840,0,,,5,933731.0,132459.0,40.5301008,-74.1817314,33b,,New York
SI,6517,88,503.0,51.0,10312.0,123.0,36 SANTINA DRIVE,NY,V0,11,,"RUBICON SGA, LLC",6775,0,49.16,129.4,5,900,0,,,5,933780.0,132371.0,40.5298595,-74.1815544,33b,,New York
SI,6517,91,503.0,51.0,10312.0,123.0,49 SANTINA DRIVE,NY,V0,11,,"RUBICON SGA, LLC",6534,0,50.0,130.42,5,900,0,,,5,933845.0,132533.0,40.5303046,-74.1813218,33b,,New York
SI,6517,95,503.0,51.0,10312.0,123.0,73 SANTINA DRIVE,NY,V0,11,,"RUBICON SGA, LLC",6719,0,50.0,134.0,5,900,0,,,5,933745.0,132706.0,40.5307789,-74.1816828,33b,,New York
SI,6517,96,503.0,51.0,10312.0,123.0,79 SANTINA DRIVE,NY,V0,11,,"RUBICON SGA, LLC",6813,0,50.0,136.0,5,900,0,,,5,933720.0,132750.0,40.5308995,-74.1817731,33b,,New York
SI,6517,92,503.0,51.0,10312.0,123.0,55 SANTINA DRIVE,NY,V0,11,,"RUBICON SGA, LLC",6560,0,50.0,130.94,5,900,0,,,5,933820.0,132576.0,40.5304225,-74.1814121,33b,,New York
SI,6517,93,503.0,51.0,10312.0,123.0,61 SANTINA DRIVE,NY,V0,11,,"RUBICON SGA, LLC",6585,0,50.0,131.45,5,900,0,,,5,933795.0,132620.0,40.5305431,-74.1815023,33b,,New York
SI,6517,94,503.0,51.0,10312.0,123.0,67 SANTINA DRIVE,NY,V0,11,,"RUBICON SGA, LLC",6627,0,50.0,133.0,5,900,0,,,5,933770.0,132663.0,40.530661,-74.1815926,33b,,New York
SI,5403,14,503.0,51.0,10312.0,123.0,240 SHIRLEY AVENUE,NY,V0,11,,WICHER AND DEBORAH KOBES FAMILY TRUST,5000,0,50.0,100.0,5,16860,0,,,5,938569.0,133326.0,40.5325068,-74.1643336,33d,,New York
SI,622,93,501.0,49.0,10304.0,120.0,28 PLEASANT VALLEY AVENUE,NY,V0,11,,H&E TALES CONSTRUCTION LLC,3000,0,25.0,120.0,5,9000,0,,,5,959567.0,163581.0,40.6156341,-74.0889056,21d,,New York
SI,5425,34,503.0,51.0,10312.0,123.0,11 SANDGAP STREET,NY,V0,11,,PRALL AVENUE LLC,2500,0,25.0,100.0,5,8520,0,,,5,939348.0,131934.0,40.52869,-74.161522,33d,,New York
SI,6454,40,503.0,51.0,10312.0,123.0,477 BERTRAM AVENUE,NY,V0,11,,"SAVO, BRUNO",10260,0,114.0,90.0,5,35040,0,,,5,935846.0,130148.0,40.5237693,-74.1741066,33d,,New York
SI,6454,30,503.0,51.0,10312.0,123.0,41 ZEPHYR AVENUE,NY,V0,11,,"CRISPI, NATALINA",11250,0,125.0,90.0,3,41700,0,,,5,935903.0,130047.0,40.5234924,-74.1739008,33d,,New York
SI,618,125,501.0,49.0,10301.0,120.0,23 CEDARCLIFF ROAD,NY,V0,11,,WESTSIDE GUY REALTY LLC,12015,0,96.0,114.0,5,11400,0,,,5,959642.0,164213.0,40.617369,-74.0886377,21d,,New York
SI,4438,98,503.0,50.0,10306.0,122.0,343 ARDSLEY STREET,NY,V0,11,,"J & G DEVELOPERS, INC.",8472,0,75.0,1125.0,5,19140,0,,,5,944776.0,147342.0,40.5710078,-74.1420862,26d,,New York
SI,2272,66,502.0,50.0,10306.0,122.0,291 NUGENT STREET,NY,V0,11,,RICHARD TOBING,4200,0,100.0,42.0,5,15360,0,,,5,946371.0,149207.0,40.5761338,-74.1363555,26d,,New York
SI,2264,59,502.0,50.0,10306.0,122.0,4 BOYLE PLACE,NY,V0,11,,NSN 23 LLC,5000,0,50.0,100.0,3,21960,0,,,5,947712.0,149273.0,40.5763206,-74.1315286,27b,,New York
SI,2283,40,502.0,50.0,10306.0,122.0,392 ST GEORGE ROAD,NY,V0,11,,"MANCUSO, JOSEPH",10342,0,103.42,100.0,5,35340,0,,,5,945310.0,148659.0,40.574625,-74.1401717,26d,,New York
SI,2264,50,502.0,50.0,10306.0,122.0,16 BOYLE PLACE,NY,V0,11,,PARADOX ACQUISITIONS LLC,7500,0,75.0,100.0,3,15780,0,,,5,947655.0,149399.0,40.5766662,-74.1317345,27b,,New York
SI,618,371,501.0,49.0,10301.0,120.0,64 CEDARCLIFF ROAD,NY,V0,11,,"GRAY, WILLIAM",5420,0,40.0,140.0,5,16560,0,,,5,959239.0,164133.0,40.6171483,-74.090089,21b,,New York
SI,105,26,501.0,49.0,10301.0,120.0,7-9 STANLEY AVENUE,NY,V1,11,,482 JERSEY ST LLC,4071,0,55.91,69.6,5,121050,0,,,5,960302.0,171210.0,40.6365761,-74.0862852,21c,,New York
SI,104,20,501.0,49.0,10301.0,120.0,38 BRIGHTON AVENUE,NY,V0,11,,WILLIAM GIVENS,3351,0,85.0,59.0,3,11700,0,,,5,959784.0,171488.0,40.6373377,-74.0881526,21c,,New York
SI,47,32,501.0,49.0,10301.0,120.0,295 YORK AVENUE,NY,V1,11,,295 YORK AVE VENTURES LLC,4515,0,30.0,152.0,4,278550,0,,,5,959891.0,172146.0,40.6391441,-74.0877695,21c,,New York
SI,103,30,501.0,49.0,10301.0,120.0,444A JERSEY STREET,NY,V1,11,,"444 JERSEY, LLC",5000,0,50.0,100.0,5,227700,0,,,5,960044.0,171525.0,40.63744,-74.0872159,21c,,New York
SI,103,28,501.0,49.0,10301.0,120.0,436 JERSEY STREET,NY,V1,11,,436 EL EL SI LLC,2857,0,28.0,99.0,5,99900,0,,,5,960020.0,171557.0,40.6375277,-74.0873025,21c,,New York
SI,1125,65,501.0,49.0,10303.0,121.0,11 MORNINGSTAR ROAD,NY,V1,11,,"BOLLA EM REALTY, LLC",26200,0,141.0,271.0,3,287550,0,,,5,944166.0,171669.0,40.6377776,-74.1444263,20c,,New York
SI,1086,56,501.0,49.0,10302.0,121.0,2-34 PORT LANE,NY,V0,11,,KUNLE O OKUNOLA,91026,0,108.73,165.58,5,317220,0,,,5,945782.0,172109.0,40.6389925,-74.1386062,20c,,New York
SI,123,56,501.0,49.0,10301.0,120.0,306 BRIGHTON AVENUE,NY,V0,11,,"BRIGHTON AVENUE ASSOCIATES, LLC",3849,0,40.0,94.0,5,12900,0,,,5,957725.0,170763.0,40.6353418,-74.0955685,21a,,New York
SI,1074,6,501.0,49.0,10302.0,121.0,51 GROVE AVENUE,NY,V1,11,,GROVE AVENUE DEVELOPERS LLC,2686,0,24.42,110.0,5,66600,0,,,5,946776.0,171923.0,40.6384862,-74.1350237,20c,,New York
SI,1116,60,501.0,49.0,10302.0,121.0,14 OPENVIEW LANE,NY,V0,11,,"ZHANG, BIYUN",4330,0,34.72,112.5,5,14940,0,,,5,945077.0,172234.0,40.6393325,-74.1411472,20c,,New York
SI,1116,71,501.0,49.0,10302.0,121.0,15 OPENVIEW LANE,NY,V0,11,,139 ALVIN LLC,5993,0,55.52,145.5,5,20640,0,,,5,945188.0,172284.0,40.6394702,-74.1407475,20c,,New York
SI,1116,83,501.0,49.0,10302.0,121.0,48 EDGEVIEW LANE,NY,V0,11,,NICHOLAS AVENUE ESTATES HOMEOWNERS ASSOC IATION INC,8956,0,111.92,120.0,5,31200,0,,,5,945560.0,172290.0,40.6394883,-74.1394072,20c,,New York
SI,859,42,502.0,50.0,10304.0,122.0,38 OAKDALE AVENUE,NY,V0,11,,36 OAKDALE LLC,7000,0,60.0,110.0,0,31140,0,,,5,956529.0,157107.0,40.5978553,-74.0998215,27a,,New York
SI,1077,1,501.0,49.0,10302.0,121.0,11 HARRISON AVENUE,NY,V1,11,,"GENDUSO, KIM R",2500,0,25.0,99.08,5,84150,0,,,5,946835.0,171369.0,40.6369658,-74.134808,20c,,New York
SI,845,16,502.0,50.0,10304.0,122.0,12 ELTINGE STREET,NY,V0,11,,"ELTINGE STREET, LLC",25125,0,125.0,201.0,3,105120,0,,,5,957799.0,158824.0,40.602572,-74.0952551,27a,,New York
SI,7971,14,503.0,51.0,10309.0,123.0,32 RICHMOND VALLEY ROAD,NY,V2,11,,ATFE LLC,9999,0,208.0,115.0,5,630,0,,,5,920227.0,128825.0,40.520039,-74.2302746,32d,,New York
SI,534,75,501.0,49.0,10304.0,120.0,129 TOMPKINS AVENUE,NY,V1,11,C,NYC DEPARTMENT OF EDUCATION,52161,0,303.61,200.0,5,684000,0,,,5,962851.0,165511.0,40.62094,-74.0770831,21d,,New York
SI,7092,75,503.0,51.0,10309.0,123.0,640 BLOOMINGDALE ROAD,NY,V0,11,O,NYC SCHOOL CONSTRUCTION AUTHORITY,14600,0,146.5,0.0,3,63540,0,,,5,923642.0,136527.0,40.5412035,-74.2180607,33a,,New York
SI,6616,75,503.0,51.0,10312.0,123.0,24 ANDROVETTE AVENUE,NY,V0,11,,4 BOYS BUILDING INC.,6421,0,37.0,168.0,5,20760,0,,,5,930585.0,132590.0,40.5304419,-74.1930494,33b,,New York
SI,1226,114,501.0,49.0,10303.0,121.0,35 MCGEE LANE,NY,V0,11,,"647-649 WASHINGTON AVE., LLC",2905,0,27.0,107.0,5,6240,0,,,5,940050.0,170119.0,40.6335036,-74.1592464,20c,,New York
SI,13,100,501.0,49.0,10301.0,120.0,8 STUYVESANT PLACE,NY,V1,11,,RICHMOND SI OWNER LLC,39405,0,251.0,184.0,3,2002050,0,,,5,962364.0,174479.0,40.6455541,-74.0788664,21c,,New York
SI,13,95,501.0,49.0,10301.0,120.0,2 STUYVESANT PLACE,NY,V1,11,,RICHMOND SI OWNER 1 LLC,9366,0,55.0,184.0,5,355500,0,,,5,962324.0,174612.0,40.6459191,-74.079011,21c,,New York
SI,843,70,502.0,50.0,10304.0,122.0,40 KEUNE COURT,NY,V0,11,,OUTCROP ROCK HOA,326180,0,134.0,54.0,5,60,0,,,5,956532.0,158432.0,40.6014921,-74.0998162,27a,,New York
SI,860,54,502.0,50.0,10304.0,122.0,84 REAR RIDGE AVENUE,NY,V0,11,,DAVID ALCORN,2500,0,25.0,100.0,5,10260,0,,,5,956707.0,157879.0,40.5999748,-74.0991837,27a,,New York
SI,887,48,502.0,50.0,10304.0,122.0,150 FLAGG PLACE,NY,V0,11,,"FLAGG PLACE, LLC",8885,0,194.0,61.0,5,31860,0,,,5,955252.0,153261.0,40.5872947,-74.1044034,27a,,New York
SI,887,55,502.0,50.0,10304.0,122.0,142 FLAGG PLACE,NY,V0,11,,"FLAGG PLACE, LLC",13236,0,184.0,81.0,5,51780,0,,,5,955365.0,153414.0,40.587715,-74.1039972,27a,,New York
SI,1155,97,501.0,49.0,10303.0,121.0,71 GRANITE AVENUE,NY,V1,11,,CENTURY LASALLE STREET PARTNERS LLC,2000,0,20.0,100.0,5,27900,0,,,5,943354.0,170873.0,40.635589,-74.1473472,20c,,New York
SI,1155,96,501.0,49.0,10303.0,121.0,73 GRANITE AVENUE,NY,V1,11,,CENTURY LASALLE STREET PARTNERS LLC,2000,0,20.0,100.0,5,27900,0,,,5,943349.0,170854.0,40.6355369,-74.1473651,20c,,New York
SI,1155,95,501.0,49.0,10303.0,121.0,75 GRANITE AVENUE,NY,V1,11,,CENTURY LASALLE STREET PARTNERS LLC,2000,0,20.0,100.0,5,27900,0,,,5,943345.0,170834.0,40.635482,-74.1473794,20c,,New York
SI,1155,92,501.0,49.0,10303.0,121.0,85 GRANITE AVENUE,NY,V1,11,,CENTURY LASALLE STREET PARTNERS LLC,4000,0,40.0,100.0,5,64350,0,,,5,943324.0,170748.0,40.6352458,-74.1474545,20c,,New York
SI,1155,90,501.0,49.0,10303.0,121.0,93 GRANITE AVENUE,NY,V1,11,,CENTURY LASALLE STREET PARTNERS LLC,4000,0,40.0,100.0,5,64350,0,,,5,943305.0,170670.0,40.6350316,-74.1475225,20c,,New York
SI,1226,108,501.0,49.0,10303.0,121.0,47 MCGEE LANE,NY,V0,11,,"647-649 WASHINGTON AVE., LLC",2851,0,27.0,105.0,5,6180,0,,,5,939889.0,170117.0,40.6334973,-74.1598265,20c,,New York
SI,1226,104,501.0,49.0,10303.0,121.0,52 MCGEE LANE,NY,V0,11,,"647-649 WASHINGTON AVE., LLC",6454,0,62.0,110.0,3,11340,0,,,5,939805.0,170013.0,40.6332114,-74.1601284,20c,,New York
SI,1226,109,501.0,49.0,10303.0,121.0,45 MCGEE LANE,NY,V0,11,,"647-649 WASHINGTON AVE., LLC",3335,0,27.0,133.0,5,7200,0,,,5,939917.0,170108.0,40.6334728,-74.1597255,20c,,New York
SI,1226,103,501.0,49.0,10303.0,121.0,50 MCGEE LANE,NY,V0,11,,"647-649 WASHINGTON AVE., LLC",2819,0,25.0,115.0,5,6060,0,,,5,939847.0,170009.0,40.6332007,-74.1599771,20c,,New York
SI,1226,124,501.0,49.0,10303.0,121.0,15 MCGEE LANE,NY,V0,11,,"647-649 WASHINGTON AVE., LLC",3384,0,28.0,111.0,5,7320,0,,,5,940317.0,170125.0,40.6335214,-74.1582845,20c,,New York
SI,1226,123,501.0,49.0,10303.0,121.0,17 MCGEE LANE,NY,V0,11,,"647-649 WASHINGTON AVE., LLC",2919,0,27.0,107.0,5,6300,0,,,5,940289.0,170121.0,40.6335103,-74.1583854,20c,,New York
SI,1226,77,501.0,49.0,10303.0,121.0,26 MCGEE LANE,NY,V0,11,,"647-649 WASHINGTON AVE., LLC",2475,0,25.0,99.0,5,5340,0,,,5,940168.0,169961.0,40.6330705,-74.1588203,20c,,New York
SI,1226,85,501.0,49.0,10303.0,121.0,38 MCGEE LANE,NY,V0,11,,"647-649 WASHINGTON AVE., LLC",5015,0,37.5,137.0,5,10800,0,,,5,940004.0,169998.0,40.6331706,-74.1594099,20c,,New York
SI,1226,122,501.0,49.0,10303.0,121.0,19 MCGEE LANE,NY,V0,11,,"647-649 WASHINGTON AVE., LLC",2901,0,27.0,107.0,5,6240,0,,,5,940262.0,170121.0,40.6335102,-74.1584826,20c,,New York
SI,7314,36,503.0,51.0,10309.0,123.0,47 STORER AVENUE,NY,V9,11,,"STORER AVENUE GROUP, LLC",31390,0,155.0,227.0,5,215100,0,,,5,918629.0,135562.0,40.5385191,-74.2360874,32c,,New York
SI,7328,272,503.0,51.0,10309.0,123.0,516 SHARROTTS ROAD,NY,V9,11,,516 SHARROTTS ROAD LLC,5500,0,50.0,110.0,5,39600,0,,,5,918624.0,135357.0,40.5379564,-74.2361034,32c,,New York
SI,6662,50,503.0,51.0,10309.0,123.0,47 SCHOONER LANE,NY,V0,11,,PMBL LLC,4109,0,49.33,79.82,5,10680,0,,,5,929666.0,125902.0,40.512079,-74.1963014,35c,,New York
SI,6662,72,503.0,51.0,10309.0,123.0,31 ANCHORAGE LANE,NY,V0,11,,PMBL LLC,4054,0,46.75,82.01,5,10560,0,,,5,929750.0,125645.0,40.5113741,-74.1959973,35c,,New York
SI,6662,64,503.0,51.0,10309.0,123.0,18 SCHOONER LANE,NY,V0,11,,PMBL LLC,4058,0,52.83,80.5,5,10560,0,,,5,929905.0,125642.0,40.5113668,-74.1954398,35c,,New York
SI,6662,62,503.0,51.0,10309.0,123.0,28 SCHOONER LANE,NY,V0,11,,PMBL LLC,4056,0,52.83,80.48,5,10560,0,,,5,929821.0,125698.0,40.51152,-74.1957424,35c,,New York
SI,6662,85,503.0,51.0,10309.0,123.0,20 ANCHORAGE LANE,NY,V0,11,,PMBL LLC,4672,0,57.37,86.69,5,12180,0,,,5,929780.0,125468.0,40.5108885,-74.1958879,35c,,New York
SI,6662,68,503.0,51.0,10309.0,123.0,15 ANCHORAGE LANE,NY,V0,11,,PMBL LLC,3854,0,48.6,81.88,3,10020,0,,,5,929910.0,125533.0,40.5110677,-74.195421,35c,,New York
SI,6662,103,503.0,51.0,10309.0,123.0,97 COASTAL LOOP,NY,V0,11,,PMBL LLC,13209,0,53.68,174.83,2,26400,0,,,5,929671.0,125218.0,40.5102016,-74.1962779,35c,,New York
SI,6662,48,503.0,51.0,10309.0,123.0,39 SCHOONER LANE,NY,V0,11,,PMBL LLC,4119,0,49.32,80.18,5,10740,0,,,5,929763.0,125869.0,40.511989,-74.1959523,35c,,New York
SI,6662,78,503.0,51.0,10309.0,123.0,135 COASTAL LOOP,NY,V0,11,,PMBL LLC,4673,0,56.54,82.02,5,12180,0,,,5,929441.0,125688.0,40.5114902,-74.1971089,35c,,New York
SI,6662,89,503.0,51.0,10309.0,123.0,100 COASTAL LOOP,NY,V0,11,,PMBL LLC,3819,0,45.0,82.35,5,9960,0,,,5,929716.0,125408.0,40.5107234,-74.1961176,35c,,New York
SI,6662,101,503.0,51.0,10309.0,123.0,105 COASTAL LOOP,NY,V0,11,,PMBL LLC,9826,0,55.99,181.66,2,19680,0,,,5,929570.0,125283.0,40.5103794,-74.1966417,35c,,New York
SI,6662,29,503.0,51.0,10309.0,123.0,50 DUNE LANE,NY,V0,11,,PMBL LLC,3852,0,46.97,81.45,3,10020,0,,,5,929637.0,125991.0,40.5123231,-74.1964064,35c,,New York
SI,6662,58,503.0,51.0,10309.0,123.0,44 SCHOONER LANE,NY,V0,11,,PMBL LLC,4053,0,52.83,80.52,5,10560,0,,,5,929637.0,125775.0,40.5117302,-74.1964047,35c,,New York
SI,6662,75,503.0,51.0,10309.0,123.0,43 ANCHORAGE LANE,NY,V0,11,,PMBL LLC,4069,0,47.17,81.67,5,10560,0,,,5,929610.0,125699.0,40.5115215,-74.1965012,35c,,New York
SI,6662,82,503.0,51.0,10309.0,123.0,36 ANCHORAGE LANE,NY,V0,11,,PMBL LLC,4706,0,57.42,88.03,5,12240,0,,,5,929641.0,125547.0,40.5111045,-74.1963885,35c,,New York
SI,6662,63,503.0,51.0,10309.0,123.0,22 SCHOONER LANE,NY,V0,11,,PMBL LLC,4056,0,52.83,80.48,5,10560,0,,,5,929864.0,125671.0,40.5114462,-74.1955875,35c,,New York
SI,6662,73,503.0,51.0,10309.0,123.0,35 ANCHORAGE LANE,NY,V0,11,,PMBL LLC,4153,0,47.95,81.94,5,10800,0,,,5,929704.0,125666.0,40.5114315,-74.1961629,35c,,New York
SI,6662,59,503.0,51.0,10309.0,123.0,40 SCHOONER LANE,NY,V0,11,,PMBL LLC,4058,0,52.84,80.67,5,10560,0,,,5,929685.0,125760.0,40.5116894,-74.1962319,35c,,New York
SI,6662,33,503.0,51.0,10309.0,123.0,34 DUNE LANE,NY,V0,11,,PMBL LLC,4016,0,51.74,80.58,5,10440,0,,,5,929824.0,125930.0,40.5121568,-74.1957334,35c,,New York
SI,6662,88,503.0,51.0,10309.0,123.0,96 COASTAL LOOP,NY,V0,11,,PMBL LLC,4541,0,28.59,82.35,3,11820,0,,,5,929761.0,125382.0,40.5106523,-74.1959556,35c,,New York
SI,6662,32,503.0,51.0,10309.0,123.0,38 DUNE LANE,NY,V0,11,,PMBL LLC,4025,0,51.74,80.66,5,10500,0,,,5,929778.0,125949.0,40.5122087,-74.195899,35c,,New York
SI,6662,80,503.0,51.0,10309.0,123.0,46 ANCHORAGE LANE,NY,V0,11,,PMBL LLC,4390,0,56.65,86.51,3,11400,0,,,5,929541.0,125580.0,40.5111944,-74.1967484,35c,,New York
SI,6662,86,503.0,51.0,10309.0,123.0,14 ANCHORAGE LANE,NY,V0,11,,PMBL LLC,4693,0,57.42,85.31,3,12240,0,,,5,929822.0,125434.0,40.5107954,-74.1957366,35c,,New York
SI,6662,99,503.0,51.0,10309.0,123.0,113 COASTAL LOOP,NY,V0,11,,PMBL LLC,11227,0,53.96,152.77,2,22440,0,,,5,929461.0,125360.0,40.5105901,-74.1970343,35c,,New York
SI,6662,98,503.0,51.0,10309.0,123.0,117 COASTAL LOOP,NY,V0,11,,PMBL LLC,12582,0,54.32,156.3,2,25140,0,,,5,929406.0,125415.0,40.5107407,-74.1972325,35c,,New York
SI,6662,95,503.0,51.0,10309.0,123.0,127 COASTAL LOOP,NY,V0,11,,PMBL LLC,5674,0,49.61,107.51,2,18480,0,,,5,929413.0,125575.0,40.5111799,-74.1972086,35c,,New York
SI,6662,61,503.0,51.0,10309.0,123.0,32 SCHOONER LANE,NY,V0,11,,PMBL LLC,4058,0,52.83,80.56,5,10560,0,,,5,929777.0,125721.0,40.5115829,-74.1959008,35c,,New York
SI,6662,30,503.0,51.0,10309.0,123.0,46 DUNE LANE,NY,V0,11,,PMBL LLC,4035,0,51.75,80.91,5,10500,0,,,5,929684.0,125980.0,40.5122932,-74.1962373,35c,,New York
SI,6662,51,503.0,51.0,10309.0,123.0,51 SCHOONER LANE,NY,V0,11,,PMBL LLC,3907,0,49.31,79.88,3,10140,0,,,5,929618.0,125913.0,40.5121089,-74.1964741,35c,,New York
SI,6662,81,503.0,51.0,10309.0,123.0,42 ANCHORAGE LANE,NY,V0,11,,PMBL LLC,4730,0,58.18,87.52,5,12300,0,,,5,929591.0,125566.0,40.5111563,-74.1965684,35c,,New York
SI,6662,83,503.0,51.0,10309.0,123.0,30 ANCHORAGE LANE,NY,V0,11,,PMBL LLC,4720,0,57.42,88.06,5,12300,0,,,5,929690.0,125525.0,40.5110444,-74.1962121,35c,,New York
SI,6662,90,503.0,51.0,10309.0,123.0,104 COASTAL LOOP,NY,V0,11,,PMBL LLC,3949,0,45.0,86.84,5,10260,0,,,5,929678.0,125430.0,40.5107835,-74.1962545,35c,,New York
SI,6662,93,503.0,51.0,10309.0,123.0,120 COASTAL LOOP,NY,V0,11,,PMBL LLC,4271,0,109.31,83.23,3,11100,0,,,5,929551.0,125500.0,40.5109749,-74.1967117,35c,,New York
SI,6662,92,503.0,51.0,10309.0,123.0,112 COASTAL LOOP,NY,V0,11,,PMBL LLC,3869,0,45.18,86.33,5,10080,0,,,5,929599.0,125473.0,40.5109011,-74.1965389,35c,,New York
SI,6662,118,503.0,51.0,10309.0,123.0,43 COASTAL LOOP,NY,V0,11,,PMBL LLC,12662,0,57.72,230.22,2,41160,0,,,5,930246.0,125681.0,40.511476,-74.1942138,35c,,New York
SI,6662,39,503.0,51.0,10309.0,123.0,10 DUNE LANE,NY,V0,11,,PMBL LLC,3987,0,51.4,80.51,3,10380,0,,,5,930076.0,125775.0,40.5117329,-74.1948259,35c,,New York
SI,6662,25,503.0,51.0,10309.0,123.0,19 DUNE LANE,NY,V0,11,,PMBL LLC,3853,0,40.05,105.43,5,10020,0,,,5,930075.0,125947.0,40.512205,-74.1948309,35c,,New York
SI,6662,35,503.0,51.0,10309.0,123.0,26 DUNE LANE,NY,V0,11,,PMBL LLC,4009,0,51.73,80.48,5,10440,0,,,5,929913.0,125887.0,40.5120394,-74.195413,35c,,New York
SI,6662,44,503.0,51.0,10309.0,123.0,23 SCHOONER LANE,NY,V0,11,,PMBL LLC,4129,0,49.12,80.54,5,10740,0,,,5,929944.0,125774.0,40.5117294,-74.1953006,35c,,New York
SI,6662,46,503.0,51.0,10309.0,123.0,31 SCHOONER LANE,NY,V0,11,,PMBL LLC,4142,0,49.31,80.52,5,10800,0,,,5,929856.0,125826.0,40.5118716,-74.1956175,35c,,New York
SI,6662,65,503.0,51.0,10309.0,123.0,14 SCHOONER LANE,NY,V0,11,,PMBL LLC,4874,0,52.83,80.56,3,12660,0,,,5,929947.0,125606.0,40.5112683,-74.1952885,35c,,New York
SI,6662,122,503.0,51.0,10309.0,123.0,27 COASTAL LOOP,NY,V0,11,,PMBL LLC,12319,0,49.12,192.08,2,40080,0,,,5,930402.0,125851.0,40.5119435,-74.1936541,35c,,New York
SI,6662,42,503.0,51.0,10309.0,123.0,15 SCHOONER LANE,NY,V0,11,,PMBL LLC,3956,0,49.31,80.57,3,10320,0,,,5,930025.0,125713.0,40.5115625,-74.1950088,35c,,New York
SI,6662,26,503.0,51.0,10309.0,123.0,25 DUNE LANE,NY,V0,11,,PMBL LLC,6298,0,88.13,87.57,5,16380,0,,,5,930015.0,125971.0,40.5122706,-74.1950469,35c,,New York
SI,6662,43,503.0,51.0,10309.0,123.0,19 SCHOONER LANE,NY,V0,11,,PMBL LLC,4148,0,49.3,80.57,5,10800,0,,,5,929986.0,125744.0,40.5116473,-74.1951493,35c,,New York
SI,6662,36,503.0,51.0,10309.0,123.0,22 DUNE LANE,NY,V0,11,,PMBL LLC,4008,0,51.73,80.47,5,10440,0,,,5,929956.0,125862.0,40.511971,-74.1952582,35c,,New York
SI,6662,38,503.0,51.0,10309.0,123.0,14 DUNE LANE,NY,V0,11,,PMBL LLC,4009,0,51.73,80.48,5,10440,0,,,5,930037.0,125805.0,40.511815,-74.1949664,35c,,New York
SI,6662,123,503.0,51.0,10309.0,123.0,23 COASTAL LOOP,NY,V0,11,,PMBL LLC,12849,0,46.97,188.72,2,41820,0,,,5,930442.0,125904.0,40.5120892,-74.1935107,35c,,New York
SI,6662,108,503.0,51.0,10309.0,123.0,77 COASTAL LOOP,NY,V0,11,,PMBL LLC,11112,0,49.92,227.83,2,36120,0,,,5,929986.0,125335.0,40.5105247,-74.1951461,35c,,New York
SI,6662,112,503.0,51.0,10309.0,123.0,65 COASTAL LOOP,NY,V0,11,,PMBL LLC,13738,0,59.93,263.12,2,44700,0,,,5,930096.0,125444.0,40.5108245,-74.1947513,35c,,New York
SI,6662,105,503.0,51.0,10309.0,123.0,89 COASTAL LOOP,NY,V0,11,,PMBL LLC,16454,0,44.59,212.06,2,38820,0,,,5,929858.0,125213.0,40.510189,-74.1956054,35c,,New York
SI,6662,116,503.0,51.0,10309.0,123.0,51 COASTAL LOOP,NY,V0,11,,PMBL LLC,12200,0,52.12,249.54,2,39660,0,,,5,930184.0,125597.0,40.511245,-74.1944361,35c,,New York
SI,6662,104,503.0,51.0,10309.0,123.0,93 COASTAL LOOP,NY,V0,11,,PMBL LLC,18278,0,47.23,186.44,2,36540,0,,,5,929761.0,125192.0,40.5101308,-74.1959541,35c,,New York
SI,6662,34,503.0,51.0,10309.0,123.0,30 DUNE LANE,NY,V0,11,,PMBL LLC,4012,0,51.73,80.52,5,10200,0,,,5,929869.0,125910.0,40.5121022,-74.1955714,35c,,New York
SI,6662,106,503.0,51.0,10309.0,123.0,85 COASTAL LOOP,NY,V0,11,,PMBL LLC,12468,0,49.44,220.01,2,29400,0,,,5,929912.0,125257.0,40.5103101,-74.1954116,35c,,New York
SI,6662,119,503.0,51.0,10309.0,123.0,39 COASTAL LOOP,NY,V0,11,,PMBL LLC,12591,0,50.09,218.54,2,40980,0,,,5,930282.0,125722.0,40.5115887,-74.1940847,35c,,New York
SI,6662,22,503.0,51.0,10309.0,123.0,36 COASTAL LOOP,NY,V0,11,,PMBL LLC,4066,0,44.56,95.14,5,10560,0,,,5,930171.0,125902.0,40.5120821,-74.1944853,35c,,New York
SI,6662,21,503.0,51.0,10309.0,123.0,32 COASTAL LOOP,NY,V0,11,,PMBL LLC,4030,0,42.73,82.48,5,10500,0,,,5,930201.0,125932.0,40.5121646,-74.1943776,35c,,New York
SI,6662,23,503.0,51.0,10309.0,123.0,40 COASTAL LOOP,NY,V0,11,,PMBL LLC,3991,0,44.94,80.64,3,10380,0,,,5,930140.0,125868.0,40.5119886,-74.1945965,35c,,New York
SI,521,17,501.0,49.0,10304.0,120.0,8 UNION PLACE,NY,V1,11,,BEACH STREET REALTY LLC,2072,0,28.0,74.67,5,51300,0,,,5,962977.0,167929.0,40.6275773,-74.0766368,21c,,New York
SI,1267,16,501.0,49.0,10303.0,121.0,222 ARLINGTON AVENUE,NY,V1,11,,ARLINGTON AVENUE REALTY LLC,12217,0,89.0,137.0,5,164250,0,,,5,937640.0,170568.0,40.6347237,-74.1679324,20c,,New York
SI,6354,40,503.0,51.0,10312.0,123.0,705 BARCLAY AVENUE,NY,V0,11,,BARCLAY BOARDWALK LLC,5000,0,40.0,125.0,5,17640,0,,,5,938037.0,130846.0,40.5256969,-74.1662305,33d,,New York
SI,6431,10,503.0,51.0,10312.0,123.0,55 JOANNE COURT,NY,V0,11,,"MARKOW,REGINA",22132,0,138.0,146.0,5,78840,0,,,5,936952.0,130388.0,40.5244341,-74.1701301,33d,,New York
SI,238,167,501.0,49.0,10310.0,120.0,99 LLEWELLYN PLACE,NY,V0,11,,ROYAL PRIME LLC,8129,0,17.0,152.0,5,16080,0,,,5,948311.0,167990.0,40.6276973,-74.1294719,21a,,New York
SI,1226,116,501.0,49.0,10303.0,121.0,31 MCGEE LANE,NY,V0,11,,"647-649 WASHINGTON AVE., LLC",2914,0,27.0,107.0,5,6300,0,,,5,940103.0,170120.0,40.6335066,-74.1590555,20c,,New York
SI,6662,31,503.0,51.0,10309.0,123.0,42 DUNE LANE,NY,V0,11,,PMBL LLC,4027,0,51.75,80.77,5,10500,0,,,5,929732.0,125966.0,40.5122551,-74.1960646,35c,,New York
SI,6662,91,503.0,51.0,10309.0,123.0,108 COASTAL LOOP,NY,V0,11,,PMBL LLC,3938,0,45.0,88.16,5,10260,0,,,5,929639.0,125452.0,40.5108437,-74.1963949,35c,,New York
SI,6662,57,503.0,51.0,10309.0,123.0,48 SCHOONER LANE,NY,V0,11,,PMBL LLC,4314,0,52.83,70.29,3,11280,0,,,5,929587.0,125787.0,40.5117629,-74.1965846,35c,,New York
SI,6662,79,503.0,51.0,10309.0,123.0,131 COASTAL LOOP,NY,V0,11,,PMBL LLC,5047,0,55.95,90.0,5,13140,0,,,5,929427.0,125632.0,40.5113364,-74.1971588,35c,,New York
SI,6662,115,503.0,51.0,10309.0,123.0,55 COASTAL LOOP,NY,V0,11,,PMBL LLC,13019,0,38.29,258.03,2,42360,0,,,5,930159.0,125554.0,40.5111268,-74.1945257,35c,,New York
SI,6662,37,503.0,51.0,10309.0,123.0,18 DUNE LANE,NY,V0,11,,PMBL LLC,4008,0,51.73,80.48,5,10440,0,,,5,929997.0,125834.0,40.5118944,-74.1951105,35c,,New York
SI,6662,107,503.0,51.0,10309.0,123.0,81 COASTAL LOOP,NY,V0,11,,PMBL LLC,11947,0,49.5,219.41,2,38880,0,,,5,929952.0,125296.0,40.5104174,-74.195268,35c,,New York
SI,6662,111,503.0,51.0,10309.0,123.0,69 COASTAL LOOP,NY,V0,11,,PMBL LLC,13256,0,46.92,252.88,2,43140,0,,,5,930061.0,125405.0,40.5107173,-74.1948769,35c,,New York
SI,6662,47,503.0,51.0,10309.0,123.0,35 SCHOONER LANE,NY,V0,11,,PMBL LLC,4132,0,49.31,80.4,5,10740,0,,,5,929810.0,125849.0,40.5119344,-74.1957831,35c,,New York
SI,6662,76,503.0,51.0,10309.0,123.0,47 ANCHORAGE LANE,NY,V0,11,,PMBL LLC,3800,0,47.53,81.45,3,9900,0,,,5,929563.0,125709.0,40.5115486,-74.1966703,35c,,New York
SI,6662,74,503.0,51.0,10309.0,123.0,39 ANCHORAGE LANE,NY,V0,11,,PMBL LLC,4094,0,47.35,81.83,5,10680,0,,,5,929658.0,125684.0,40.5114806,-74.1963284,35c,,New York
SI,6662,110,503.0,51.0,10309.0,123.0,73 COASTAL LOOP,NY,V0,11,,PMBL LLC,11781,0,50.05,239.19,2,38340,0,,,5,930022.0,125370.0,40.510621,-74.1950169,35c,,New York
SI,489,30,501.0,49.0,10304.0,120.0,326 FRONT ST,NY,V1,11,,326 FRONT LLC RICHARD MCCRAY,6056,0,32.0,161.0,5,68850,0,,,5,963435.0,168531.0,40.6292307,-74.0749887,21c,,New York
SI,6662,70,503.0,51.0,10309.0,123.0,23 ANCHORAGE LANE,NY,V0,11,,PMBL LLC,4107,0,47.35,81.97,5,10680,0,,,5,929835.0,125594.0,40.5112347,-74.1956912,35c,,New York
SI,6662,84,503.0,51.0,10309.0,123.0,24 ANCHORAGE LANE,NY,V0,11,,PMBL LLC,4713,0,57.46,87.61,5,12240,0,,,5,929736.0,125498.0,40.5109705,-74.1960464,35c,,New York
SI,6662,102,503.0,51.0,10309.0,123.0,101 COASTAL LOOP,NY,V0,11,,PMBL LLC,10229,0,56.23,182.15,2,20460,0,,,5,929617.0,125254.0,40.5103001,-74.1964724,35c,,New York
SI,6662,117,503.0,51.0,10309.0,123.0,47 COASTAL LOOP,NY,V0,11,,PMBL LLC,13140,0,45.59,240.73,2,42720,0,,,5,930213.0,125639.0,40.5113605,-74.1943321,35c,,New York
SI,6662,120,503.0,51.0,10309.0,123.0,35 COASTAL LOOP,NY,V0,11,,PMBL LLC,11795,0,56.0,206.68,2,38340,0,,,5,930318.0,125765.0,40.511707,-74.1939555,35c,,New York
SI,1226,106,501.0,49.0,10303.0,121.0,51 MCGEE LANE,NY,V0,11,,"647-649 WASHINGTON AVE., LLC",2801,0,27.0,104.0,5,6060,0,,,5,939836.0,170116.0,40.6334943,-74.1600174,20c,,New York
SI,1006,74,501.0,49.0,10302.0,121.0,50 A RICHMOND TERRACE,NY,V2,11,,MICHAEL PENCAK,3043,0,21.0,83.0,5,16080,0,,,5,948112.0,172011.0,40.6387333,-74.1302103,21a,,New York
SI,6665,138,503.0,51.0,10309.0,123.0,83 PURDY PLACE,NY,V0,11,,"CICALA, VINCENT",5114,0,61.0,101.0,3,13800,0,,,5,930325.0,126202.0,40.5129065,-74.1939338,35c,,New York
SI,3418,3,502.0,50.0,10305.0,122.0,63 VULCAN STREET,NY,V0,11,,GOOD KARMA REALTY CORP,4081,0,40.0,90.0,5,9180,0,,,5,962944.0,154297.0,40.5901601,-74.0767127,27c,,New York
SI,4437,6,503.0,50.0,10306.0,122.0,211 CENTER STREET,NY,V0,11,,"LANZA, MICHAEL",8250,0,75.0,110.0,5,24780,0,,,5,944705.0,147609.0,40.5717403,-74.1423434,26d,,New York
SI,2823,11,501.0,49.0,10305.0,120.0,975 BAY STREET,NY,V1,11,,"MIFTARI, DASHNOR",3002,0,38.0,79.0,3,76500,0,,,5,964974.0,164785.0,40.6189522,-74.0694336,21d,,New York
SI,2827,205,501.0,49.0,10305.0,120.0,4 WIMAN PLACE,NY,V0,11,,SYLVATON HOLDINGS LLC,6162,0,85.0,145.0,5,34680,0,,,5,965677.0,164030.0,40.6168814,-74.0668992,21d,,New York
SI,864,3,502.0,50.0,10301.0,122.0,2 WOODHAVEN AVE,NY,V0,11,,"MUKHERJEE, ROBIN",31979,0,195.0,154.0,5,49620,0,,,5,953714.0,158946.0,40.6028937,-74.1099665,27a,,New York
SI,300,58,501.0,49.0,10310.0,120.0,788 FOREST AVENUE,NY,V1,11,,HAJIRAN LLC,5650,0,50.0,113.0,5,114300,0,,,5,952188.0,168386.0,40.6287991,-74.1155067,21a,,New York
SI,7323,50,503.0,51.0,10309.0,123.0,240 SHARROTTS ROAD,NY,V1,11,X,NYS DIV OF LANDS AND FORESTS,8514,0,53.0,436.0,5,100800,0,,,5,921451.0,134559.0,40.5357865,-74.2259253,32d,,New York
SI,6580,70,503.0,51.0,10312.0,123.0,171 ANDROVETTE AVENUE,NY,V0,11,,"AMBOY INVESTMENTS, LLC",11775,0,75.0,157.66,5,39360,0,,,5,931488.0,131359.0,40.5270685,-74.1897915,33b,,New York
SI,6397,12,503.0,51.0,10312.0,123.0,750 BARCLAY AVENUE,NY,V0,11,,BARCLAY BOARDWALK LLC,10200,0,102.0,100.0,5,34860,0,,,5,937933.0,130746.0,40.5254219,-74.1666039,33d,,New York
SI,1318,223,501.0,49.0,10303.0,121.0,178 HOLLAND AVENUE,NY,V1,11,,H&H 178 HOLLAND AVE LLC,113256,0,300.83,300.83,5,776250,0,,,5,936469.0,171011.0,40.6359334,-74.1721546,20c,,New York
SI,1309,10,501.0,49.0,10303.0,121.0,3625 RICHMOND TERRACE,NY,V1,11,X,PORT AUTHORITY OF NY AND NJ,1698840,0,39.0,2800.0,5,4612500,0,,,5,934003.0,173761.0,40.6434679,-74.18106,20a,,New York
SI,618,107,501.0,49.0,10301.0,120.0,51 CEDARCLIFF ROAD,NY,V0,11,,WESTSIDE GUY REALTY LLC,12002,0,119.0,107.0,5,11400,0,,,5,959423.0,164221.0,40.6173903,-74.0894266,21d,,New York
SI,16,116,501.0,49.0,10301.0,120.0,420 ST MARKS PLACE,NY,V1,11,,420 ST. MARKS PLACE PARTNERS LLC,2125,0,25.0,85.0,5,50400,0,,,5,962700.0,172256.0,40.6394533,-74.0776485,21c,,New York
SI,3418,1,502.0,50.0,10305.0,122.0,67 VULCAN STREET,NY,V0,11,,GOOD KARMA REALTY CORP,4788,0,110.0,90.0,5,10020,0,,,5,962979.0,154248.0,40.5900257,-74.0765865,27c,,New York
SI,6517,81,503.0,51.0,10312.0,123.0,78 SANTINA DRIVE,NY,V0,11,,"RUBICON SGA, LLC",6631,0,50.0,129.4,5,900,0,,,5,933604.0,132675.0,40.530693,-74.1821898,33b,,New York
SI,6517,85,503.0,51.0,10312.0,123.0,54 SANTINA DRIVE,NY,V0,11,,"RUBICON SGA, LLC",6470,0,50.0,129.4,5,840,0,,,5,933706.0,132502.0,40.5302187,-74.1818216,33b,,New York
SI,6517,89,503.0,51.0,10312.0,123.0,37 SANTINA DRIVE,NY,V0,11,,"RUBICON SGA, LLC",6898,0,50.0,129.4,5,900,0,,,5,933895.0,132444.0,40.5300606,-74.1811413,33b,,New York
SI,6810,22,503.0,51.0,10309.0,123.0,6192 AMBOY ROAD,NY,V0,11,,FIRST BIBLE CHURCH,10710,0,63.0,170.0,5,31860,0,,,5,925195.0,130248.0,40.5239793,-74.2124184,33b,,New York
SI,2830,36,501.0,49.0,10305.0,120.0,42 HYLAN BOULEVARD,NY,V0,11,,42 HYLAN BLVD LLC,2525,0,25.0,101.0,5,13320,0,,,5,966396.0,163230.0,40.614687,-74.0643073,21d,,New York
SI,3110,68,502.0,50.0,10305.0,122.0,68 ARTHUR AVENUE,NY,V0,11,,"FIGUEROA, JOANNE",4480,0,40.25,115.08,3,14700,0,,,5,965131.0,156183.0,40.5953418,-74.0688437,27c,,New York
SI,3599,55,502.0,50.0,10306.0,122.0,65 PRESCOTT AVENUE,NY,V0,11,,VILLAGE DEVELOPMENT CORP OF S.I. INC,3750,0,37.5,100.0,5,12180,0,,,5,953111.0,150191.0,40.5788609,-74.1120977,27b,,New York
SI,878,350,502.0,50.0,10304.0,122.0,121 CIRCLE ROAD,NY,V0,11,,"LEVITZ, LEONARD",11373,0,96.0,151.0,5,39660,0,,,5,954361.0,157567.0,40.5991108,-74.1076304,27a,,New York
SI,1224,1,501.0,49.0,10303.0,121.0,17 COONLEY COURT,NY,V0,11,,"LEE, DAVID",4697,0,47.25,99.42,3,16260,0,,,5,940208.0,171030.0,40.6360049,-74.1586831,20c,,New York
SI,1149,80,501.0,49.0,10303.0,121.0,64 MORNINGSTAR ROAD,NY,V0,11,,68 MORNINGSTAR ROAD VENTURES LLC,3452,0,26.25,131.5,5,12240,0,,,5,943819.0,171095.0,40.6362005,-74.1456731,20c,,New York
SI,1226,128,501.0,49.0,10303.0,121.0,134 UNION AVENUE,NY,V0,11,,"647-649 WASHINGTON AVE., LLC",2500,0,25.0,100.0,3,5400,0,,,5,940277.0,169991.0,40.6331534,-74.1584277,20c,,New York
SI,1226,127,501.0,49.0,10303.0,121.0,132 UNION AVENUE,NY,V0,11,,"647-649 WASHINGTON AVE., LLC",6427,0,68.0,104.0,5,13860,0,,,5,940279.0,170035.0,40.6332742,-74.1584208,20c,,New York
SI,487,50,501.0,49.0,10304.0,120.0,5 HUDSON VIEW LOOP,NY,V1,11,,HOMEPORT II L.L.C.,119397,0,332.8,306.0,5,2605050,0,,,5,963784.0,168064.0,40.6279497,-74.07373,21c,,New York
SI,7152,10,503.0,51.0,10309.0,123.0,2365 ARTHUR KILL ROAD,NY,V1,11,,"DONJON MARINE CO., INC.",20150,0,155.0,300.0,2,470700,0,,,5,924622.0,141874.0,40.5558866,-74.2145819,33a,,New York
SI,7596,45,503.0,51.0,10309.0,123.0,88 KREISCHER STREET,NY,V1,11,,"THE INTEGRATED ATHLETIC INITIATIVE, CORP .",97291,0,355.0,219.0,5,666900,0,,,5,917479.0,133947.0,40.5340776,-74.2402089,32d,,New York
SI,7380,40,503.0,51.0,10309.0,123.0,43 ENGLEWOOD AVENUE,NY,V9,11,,ROCK ENGLEWOOD LLC,19600,0,140.0,140.0,5,131850,0,,,5,918946.0,133906.0,40.533976,-74.234931,32d,,New York
SI,7465,100,503.0,51.0,10309.0,123.0,4462 ARTHUR KILL ROAD,NY,V1,11,,HANSON REALTY  LLC,13987,0,115.0,175.0,5,95850,0,,,5,918396.0,133722.0,40.5334669,-74.2369078,32d,,New York
SI,8041,34,503.0,51.0,10307.0,123.0,237 BARNARD AVENUE,NY,V0,11,,"LEOD, LLC",4445,0,35.0,127.0,5,11520,0,,,5,917362.0,126355.0,40.5132382,-74.2405548,35a,,New York
SI,6600,203,503.0,51.0,10312.0,123.0,243 CHESTER AVENUE,NY,V0,11,,PLUMBING SALES INSTALLATION,2420,0,20.0,121.0,5,8040,0,,,5,932149.0,128737.0,40.5198755,-74.1873936,33b,,New York
SI,6616,64,503.0,51.0,10312.0,123.0,2 ANDROVETTE AVENUE,NY,V0,11,,4 BOYS BUILDING INC.,5199,0,54.0,91.0,3,22500,0,,,5,930523.0,132783.0,40.5309713,-74.193274,33b,,New York
SI,6616,61,503.0,51.0,10312.0,123.0,5530 AMBOY ROAD,NY,V0,11,,4 BOYS BUILDING INC.,3551,0,34.0,104.0,5,13140,0,,,5,930447.0,132718.0,40.5307924,-74.1935469,33b,,New York
SI,6616,69,503.0,51.0,10312.0,123.0,20 ANDROVETTE AVENUE,NY,V0,11,,4 BOYS BUILDING INC.,6359,0,37.0,167.0,5,22500,0,,,5,930568.0,132624.0,40.5305351,-74.1931108,33b,,New York
SI,6370,71,503.0,51.0,10312.0,123.0,395 SHIRLEY AVENUE,NY,V0,11,,JACK RUSSO,6000,0,60.0,100.0,5,20280,0,,,5,937196.0,132761.0,40.5309488,-74.1692689,33d,,New York
SI,6517,97,503.0,51.0,10312.0,123.0,85 SANTINA DRIVE,NY,V0,11,,"RUBICON SGA, LLC",6908,0,50.0,139.1,5,900,0,,,5,933695.0,132793.0,40.5310174,-74.1818633,33b,,New York
SI,6517,100,503.0,51.0,10312.0,123.0,103 SANTINA DRIVE,NY,V0,11,,"RUBICON SGA, LLC",8066,0,54.15,141.56,5,1080,0,,,5,933669.0,132840.0,40.5311462,-74.1819572,33b,,New York
SI,6517,90,503.0,51.0,10312.0,123.0,43 SANTINA DRIVE,NY,V0,11,,"RUBICON SGA, LLC",6508,0,50.0,129.4,5,900,0,,,5,933870.0,132490.0,40.5301867,-74.1812316,33b,,New York
SI,6394,9,503.0,51.0,10312.0,123.0,18 3 COURT,NY,V0,11,,"TALLO, LEONARD",9586,0,80.0,100.0,5,34140,0,,,5,937557.0,130670.0,40.5252113,-74.1679558,33d,,New York
SI,6395,23,503.0,51.0,10312.0,123.0,17 3RD COURT,NY,V0,11,,LEONARD TALLO,5450,0,109.0,50.0,5,18540,0,,,5,937676.0,130660.0,40.5251845,-74.1675277,33d,,New York
SI,6431,37,503.0,51.0,10312.0,123.0,25 DOMINICK LANE,NY,V0,11,,"SAVO JR, LEONELLO",14495,0,163.87,88.75,5,49500,0,,,5,936637.0,130426.0,40.5245367,-74.1712634,33d,,New York
SI,854,79,502.0,50.0,10304.0,122.0,63 OVERLOOK AVENUE,NY,V0,11,,"PERCIBALLI, EGIDIO",10414,0,100.0,107.33,5,41340,0,,,5,957213.0,156612.0,40.5964987,-74.0973565,27a,,New York
SI,618,373,501.0,49.0,10301.0,120.0,68 CEDARCLIFF ROAD,NY,V0,11,,"GRAY, WILLIAM",5708,0,40.0,131.0,5,17460,0,,,5,959198.0,164144.0,40.6171783,-74.0902368,21b,,New York
SI,618,69,501.0,49.0,10304.0,120.0,177 HILLSIDE AVENUE,NY,V0,11,,TUCCIARONE MARIO A,5434,0,50.0,120.0,5,11760,0,,,5,959651.0,163895.0,40.6164962,-74.0886041,21d,,New York
SI,618,68,501.0,49.0,10304.0,120.0,183 HILLSIDE AVENUE,NY,V0,11,,TUCCIARONE MARIO A,5711,0,50.0,120.0,5,12300,0,,,5,959696.0,163878.0,40.6164496,-74.088442,21d,,New York
SI,1309,1,501.0,49.0,10303.0,121.0,3599 RICHMOND TERRACE,NY,V1,11,,CMA CGM SA,6188,0,34.0,182.0,5,91350,0,,,5,934735.0,172939.0,40.6412158,-74.1784163,20c,,New York
SI,1003,20,501.0,49.0,10302.0,121.0,2036 RICHMOND TERRACE,NY,V1,11,,RICHMOND TERR VENTURES LLC,2226,0,21.0,106.0,5,74700,0,,,5,947841.0,172506.0,40.6400909,-74.1311895,21a,,New York
SI,7534,197,503.0,51.0,10309.0,123.0,6407 AMBOY ROAD,NY,V1,11,,6401-6407 LLC,34185,0,129.0,265.0,5,795150,0,,,5,923727.0,129318.0,40.5214168,-74.2176904,33b,,New York
SI,105,22,501.0,49.0,10301.0,120.0,482 JERSEY STREET,NY,V1,11,,482 JERSEY ST LLC,3232,0,29.0,96.0,5,127350,0,,,5,960276.0,171260.0,40.6367132,-74.0863791,21c,,New York
SI,112,15,501.0,49.0,10301.0,120.0,38 TRUMBULL PLACE,NY,V0,11,,"BUONO , LEONARD",4450,0,50.0,89.0,5,13320,0,,,5,959220.0,170531.0,40.6347094,-74.0901812,21a,,New York
SI,4220,32,502.0,50.0,10306.0,122.0,38 10 STREET,NY,V0,11,,NEW DORP BAPTIST CHUR,4040,0,40.0,101.0,5,13740,0,,,5,952392.0,147582.0,40.5716972,-74.1146737,27b,,New York
SI,1155,91,501.0,49.0,10303.0,121.0,89 GRANITE AVENUE,NY,V1,11,,CENTURY LASALLE STREET PARTNERS LLC,4000,0,40.0,100.0,5,64350,0,,,5,943315.0,170709.0,40.6351387,-74.1474867,20c,,New York
SI,1226,102,501.0,49.0,10303.0,121.0,48 MCGEE LANE,NY,V0,11,,"647-649 WASHINGTON AVE., LLC",2932,0,25.0,119.0,5,6300,0,,,5,939872.0,170007.0,40.6331953,-74.159887,20c,,New York
SI,1226,101,501.0,49.0,10303.0,121.0,46 MCGEE LANE,NY,V0,11,,"647-649 WASHINGTON AVE., LLC",3045,0,25.0,124.0,5,6540,0,,,5,939897.0,170005.0,40.6331899,-74.1597969,20c,,New York
SI,6662,49,503.0,51.0,10309.0,123.0,43 SCHOONER LANE,NY,V0,11,,PMBL LLC,4104,0,49.33,79.82,5,10680,0,,,5,929715.0,125887.0,40.5120381,-74.1961251,35c,,New York
SI,6662,69,503.0,51.0,10309.0,123.0,19 ANCHORAGE LANE,NY,V0,11,,PMBL LLC,4001,0,46.1,81.88,5,10440,0,,,5,929874.0,125564.0,40.5111525,-74.1955507,35c,,New York
SI,6662,113,503.0,51.0,10309.0,123.0,61 COASTAL LOOP,NY,V0,11,,PMBL LLC,11640,0,45.15,273.37,2,37860,0,,,5,930110.0,125496.0,40.5109673,-74.1947014,35c,,New York
SI,6662,45,503.0,51.0,10309.0,123.0,27 SCHOONER LANE,NY,V0,11,,PMBL LLC,4161,0,49.49,80.54,5,10800,0,,,5,929901.0,125801.0,40.5118032,-74.1954555,35c,,New York
SI,230,31,501.0,49.0,10310.0,120.0,756 DELAFIELD AVENUE,NY,V0,11,,RENEE J HENRIGUEZ,5625,0,37.0,150.0,5,16860,0,,,5,949871.0,168343.0,40.6286724,-74.1238537,21a,,New York
SI,544,107,501.0,49.0,10304.0,120.0,38 TARGEE STREET,NY,V0,11,,"MALANGA, ANTONIO",2500,0,25.0,100.0,5,7740,0,,,5,961046.0,167477.0,40.6263318,-74.0835918,21d,,New York
SI,7991,1,503.0,51.0,10307.0,123.0,91 ELLIS STREET,NY,V1,11,,99 ELLIS STREET REALTY CORP,4794,0,47.0,102.0,5,89550,0,,,5,916567.0,127509.0,40.5163997,-74.2434254,32d,,New York
SI,2827,203,501.0,49.0,10305.0,120.0,28 SYLVATON TERRACE,NY,V0,11,,SYLVATON HOLDINGS LLC,5538,0,39.0,142.0,3,39420,0,,,5,965622.0,163996.0,40.616788,-74.0670972,21d,,New York
SI,3847,47,502.0,50.0,10305.0,122.0,11 CHEROKEE STREET,NY,V0,11,,"BERTACCHI, ELLEN M",1800,0,30.0,60.0,5,5280,0,,,5,960783.0,149168.0,40.5760766,-74.0844756,27d,,New York
SI,3736,6,502.0,50.0,10306.0,122.0,497 MIDLAND AVENUE,NY,V0,11,,JOHN W FUNK,4000,0,40.0,100.0,5,12000,0,,,5,957634.0,148450.0,40.5740969,-74.0958084,27b,,New York
SI,4080,17,502.0,50.0,10306.0,122.0,39 SEAFOAM STREET,NY,V0,11,C,NYC HOUSING PRESERVATION AND DEVELOPMENT,1080,0,18.0,60.0,5,4080,0,,,5,956645.0,144775.0,40.5640068,-74.0993535,27b,,New York
SI,203,41,501.0,49.0,10310.0,120.0,130 DONGAN STREET,NY,V0,11,,VINCENT NICHILO,5750,0,50.0,115.0,5,17220,0,,,5,949690.0,170478.0,40.6345318,-74.1245167,21a,,New York
SI,5202,115,503.0,51.0,,,112 MANSION AVENUE,NY,V1,11,,MANSION MARINA LLC,134757,0,269.19,457.0,2,197820,0,,,5,945839.0,137946.0,40.5452223,-74.1382066,33c,,New York
SI,3848,6,502.0,50.0,10305.0,122.0,10 CHEROKEE STREET,NY,V0,11,,ESL3 PROPERTIES LLC,1800,0,30.0,60.0,5,5280,0,,,5,960757.0,149060.0,40.5757801,-74.0845688,27d,,New York
SI,4767,1,503.0,50.0,10306.0,122.0,143 FOX BEACH AVENUE,NY,V0,11,C,CITY OF NEW YORK,1500,0,25.0,60.0,5,4380,0,,,5,952173.0,140947.0,40.5534846,-74.1154305,34a,,New York
SI,1780,150,502.0,50.0,10314.0,121.0,220 BLOOMFIELD AVENUE,NY,V1,11,X,S DIFAZIO & SONS CONSTRUCTION INC,52272,0,400.0,416.0,5,798750,0,,,5,932420.0,162481.0,40.6124976,-74.1866775,20b,,New York
SI,109,36,501.0,49.0,10301.0,120.0,10 CASTLETON AVENUE,NY,V0,11,,ALBANIAN ISLAMIC & CULTURAL CTR,4450,0,50.0,100.0,3,24660,0,,,5,960628.0,171042.0,40.6361158,-74.0851101,21c,,New York
SI,3574,43,502.0,50.0,10306.0,122.0,202 HUNTER AVENUE,NY,V0,11,,"DZAFA, DRITERO",6700,0,67.0,100.0,5,11640,0,,,5,955901.0,150712.0,40.5803003,-74.1020561,27b,,New York
SI,4767,18,503.0,50.0,10306.0,122.0,173 FOX BEACH AVENUE,NY,V0,11,C,CITY OF NEW YORK,3000,0,50.0,60.0,5,9180,0,,,5,951920.0,141253.0,40.5543236,-74.1163424,34a,,New York
SI,3797,35,502.0,50.0,10306.0,122.0,993 OLYMPIA BOULEVARD,NY,V0,11,,994 OLYMPIA BOULEVARD CORP.,2000,0,40.0,50.0,5,5880,0,,,5,958752.0,148540.0,40.5743473,-74.0917843,27b,,New York
SI,3557,1,502.0,50.0,10306.0,122.0,153 HULL AVENUE,NY,V0,11,,M & D SAND LANE LLC,4000,0,40.0,100.0,5,10500,0,,,5,956073.0,151558.0,40.582623,-74.1014404,27a,,New York
SI,4746,107,503.0,50.0,10306.0,122.0,655 MILL ROAD,NY,V0,11,X,"SIY SOCCER LEAGUE, INC.",1234,0,15.0,85.25,5,3600,0,,,5,951574.0,141230.0,40.5542592,-74.1175874,34a,,New York
SI,4746,111,503.0,50.0,10306.0,122.0,659 MILL ROAD,NY,V0,11,X,"SIY SOCCER LEAGUE, INC.",1279,0,15.0,85.25,5,3900,0,,,5,951575.0,141199.0,40.5541741,-74.1175837,34a,,New York
SI,4791,71,503.0,50.0,10306.0,122.0,80 FOX LANE,NY,V0,11,C,CITY OF NEW YORK,3780,0,60.0,63.0,5,11820,0,,,5,952785.0,140295.0,40.5516972,-74.1132252,34a,,New York
SI,6977,31,503.0,51.0,10309.0,123.0,92 MAQUIRE AVE,NY,V0,11,,ATTILDO EDWARD NUCCI,7700,0,104.0,95.0,3,10200,0,,,5,925605.0,131616.0,40.5277369,-74.2109555,33b,,New York
SI,7066,24,503.0,51.0,10309.0,123.0,51 BARRY STREET,NY,V0,11,X,ST JOSEPH-ST THOMAS CHURCH,14427,0,80.0,177.0,5,65760,0,,,5,924757.0,140583.0,40.552344,-74.2140847,33a,,New York
SI,4160,51,503.0,50.0,10306.0,122.0,7 KISSAM AVENUE,NY,V0,11,C,CITY OF NEW YORK,2000,0,44.0,45.0,5,6900,0,,,5,952633.0,142278.0,40.5571396,-74.1137814,34a,,New York
SI,3795,37,502.0,50.0,10306.0,122.0,111 GRIMSBY STREET,NY,V0,11,,RESILIENT HOMES HOUSING DEVELOPMENT FUND  COMPANY INC.,2850,0,30.0,95.0,5,7860,0,,,5,958384.0,148942.0,40.5754496,-74.0931106,27b,,New York
SI,3734,16,502.0,50.0,10306.0,122.0,1178 MASON AVENUE,NY,V0,11,,"MCKAY, PATRICIA",1480,0,20.0,74.0,5,4320,0,,,5,957353.0,148897.0,40.575323,-74.0968217,27b,,New York
SI,4758,11,503.0,50.0,10306.0,122.0,496 MILL ROAD,NY,V0,11,C,CITY OF NEW YORK,1854,0,18.0,103.0,5,5640,0,,,5,952262.0,142121.0,40.5567073,-74.1151158,34a,,New York
SI,4746,25,503.0,50.0,10306.0,122.0,45 DELWIT AVENUE,NY,V0,11,X,"SIY SOCCER LEAGUE, INC.",2400,0,16.0,150.0,5,7020,0,,,5,951320.0,140934.0,40.5534458,-74.1185,34a,,New York
SI,3871,51,502.0,50.0,10306.0,122.0,109A MAPLETON AVENUE,NY,V0,11,,"LIAO, GUOXUN",1480,0,40.0,37.0,5,4500,0,,,5,959515.0,148000.0,40.5728672,-74.0890358,27d,,New York
SI,3834,5,502.0,50.0,10305.0,122.0,659 QUINCY AVENUE,NY,V0,11,,LAI SHEUNG HUIE REVOCABLE TRUST DATED 11 //19/97,4000,0,40.0,100.0,5,684,0,,,5,961419.0,149944.0,40.5782082,-74.0821888,27d,,New York
SI,3840,17,502.0,50.0,10305.0,122.0,720 NAUGHTON AVENUE,NY,V0,11,C,CITY OF NEW YORK,4280,0,40.0,107.0,5,12840,0,,,5,961580.0,149582.0,40.577215,-74.081608,27d,,New York
SI,4767,75,503.0,50.0,10306.0,122.0,115 FOX BEACH AVENUE,NY,V0,11,C,CITY OF NEW YORK,3000,0,25.0,120.0,3,10440,0,,,5,952397.0,140722.0,40.5528678,-74.1146234,34a,,New York
SI,7775,75,503.0,51.0,10307.0,123.0,80 OTTAVIO PROMENADE,NY,V0,11,,UNAVAILABLE OWNER,6851,0,75.25,97.41,5,23220,0,,,5,920493.0,122648.0,40.5030862,-74.2292597,35a,,New York
SI,5474,22,503.0,51.0,10308.0,122.0,23 EAST READING AVENUE,NY,V0,11,,"EAST READING HOLDINGS, LLC",5192,0,26.0,200.0,5,17580,0,,,5,939811.0,142269.0,40.5570599,-74.1599243,33c,,New York
SI,3725,6,502.0,50.0,10306.0,122.0,416 HUNTER AVENUE,NY,V0,11,,MARCELLA T LIOTTA,1500,0,20.0,75.0,5,4380,0,,,5,957622.0,149585.0,40.5772123,-74.0958561,27b,,New York
SI,4689,17,503.0,50.0,10306.0,122.0,585 RIGA STREET,NY,V0,11,X,"SIY SOCCER LEAGUE, INC.",2300,0,23.0,100.0,5,6720,0,,,5,951335.0,141712.0,40.5555813,-74.1184498,34a,,New York
SI,6272,14,503.0,51.0,10312.0,123.0,26 CANTON AVENUE,NY,V0,11,,V & L PROPERTIES LLC,3960,0,40.0,99.0,5,14040,0,,,5,931516.0,138788.0,40.5474598,-74.1897486,33a,,New York
SI,7881,65,503.0,51.0,10307.0,123.0,437 BRIGHTON STREET,NY,V0,11,,STEEL INDUSTRIES LLC,5000,0,50.0,100.0,5,14760,0,,,5,917133.0,121235.0,40.4991831,-74.2413276,35a,,New York
SI,4624,29,503.0,51.0,10308.0,122.0,51 GIFFORDS LANE,NY,V1,11,,"GIFFORDS LANDCO, LLC",10575,0,75.0,141.0,5,196650,0,,,5,942429.0,140587.0,40.5524559,-74.1504924,33c,,New York
SI,5147,47,503.0,51.0,10308.0,122.0,79 RUSTIC PLACE,NY,V0,11,,ISLAND WIDE BUILDING CORP.,6716,0,44.99,150.0,5,22080,0,,,5,943298.0,138804.0,40.5475659,-74.1473546,33c,,New York
SI,6212,114,503.0,51.0,10312.0,123.0,1160 ARDEN AVENUE,NY,V0,11,,TOMAR MANAGEMENT LLC,19950,0,150.0,133.0,5,67500,0,,,5,936297.0,136732.0,40.5418436,-74.172531,33c,,New York
SI,3825,21,502.0,50.0,10305.0,122.0,659 SEAVER AVENUE,NY,V0,11,,VSM REAL ESTATE HOLDINGS LLC,5400,0,90.0,60.0,5,16200,0,,,5,960878.0,149508.0,40.5770101,-74.0841348,27d,,New York
SI,4689,13,503.0,50.0,10306.0,122.0,575 RIGA STREET,NY,V0,11,X,"SIY SOCCER LEAGUE, INC.",3200,0,32.0,100.0,5,9600,0,,,5,951393.0,141785.0,40.5557819,-74.1182414,34a,,New York
SI,69,100,501.0,49.0,10301.0,120.0,19 CLINTON AVENUE,NY,V1,11,,CLINTON AVE STRUCTURE LLC,2500,0,25.0,100.0,5,58050,0,,,5,957021.0,173983.0,40.6441779,-74.0981179,21a,,New York
SI,4754,63,503.0,50.0,10306.0,122.0,32 KISSAM AVENUE,NY,V0,11,C,CITY OF NEW YORK,4121,0,50.0,82.42,5,12360,0,,,5,952747.0,141943.0,40.5562205,-74.1133696,34a,,New York
SI,810,20,502.0,50.0,10314.0,121.0,78 GRAVES STREET,NY,V0,11,,"MANOR HEIGHTS ESTATES, LLC",2350,0,23.5,100.0,5,7560,0,,,5,948165.0,159213.0,40.6036057,-74.129951,27a,,New York
SI,178,80,501.0,49.0,10310.0,120.0,295 BROADWAY,NY,V1,11,,295 BROADWAY SI LLC,3300,0,33.0,100.0,3,87300,0,,,5,951821.0,170331.0,40.6341364,-74.1168382,21a,,New York
SI,730,65,501.0,50.0,10314.0,121.0,81 KELL AVENUE,NY,V0,11,,CHRISTA SHINNERS AND JANINE SERDAROS AS  CO-TRUSTEE,2000,0,20.0,100.0,5,8640,0,,,5,946814.0,162033.0,40.6113404,-74.1348319,20d,,New York
SI,8008,70,503.0,51.0,10309.0,123.0,40 MURRAY STREET,NY,V0,11,,MURRAY PAGE 74 LLC,4777,0,40.0,119.0,5,1320,0,,,5,919321.0,127946.0,40.5176197,-74.2335248,32d,,New York
SI,1220,1,501.0,49.0,10303.0,121.0,150 MAPLE PARKWAY,NY,V0,11,,JOMEL PROPERTIES LLC,8816,0,76.0,116.0,3,26940,0,,,5,940700.0,168739.0,40.629719,-74.1568957,20c,,New York
SI,17,95,501.0,49.0,10301.0,120.0,82 MONTGOMERY AVENUE,NY,V0,11,,MONTGO LLC,2500,0,25.0,100.0,5,18060,0,,,5,962430.0,172410.0,40.6398753,-74.0786219,21c,,New York
SI,3481,44,502.0,50.0,10305.0,122.0,727 LIBERTY AVENUE,NY,V0,11,,DIVERCITY SPORTS INC.,2000,0,20.0,100.0,5,5160,0,,,5,962185.0,150378.0,40.5794014,-74.0794327,27d,,New York
SI,3481,46,502.0,50.0,10305.0,122.0,723 LIBERTY AVENUE,NY,V0,11,,DIVERCITY SPORTS INC.,2000,0,20.0,100.0,5,5880,0,,,5,962152.0,150401.0,40.5794645,-74.0795516,27d,,New York
SI,3847,12,502.0,50.0,10305.0,122.0,24 IONA STREET,NY,V0,11,,"BUONO, JOSEPH",1800,0,30.0,60.0,5,5280,0,,,5,960867.0,149164.0,40.5760658,-74.0841732,27d,,New York
SI,5474,18,503.0,51.0,10308.0,122.0,33 EAST READING AVENUE,NY,V0,11,,"EAST READING HOLDINGS, LLC",5192,0,26.0,200.0,5,17160,0,,,5,939708.0,142252.0,40.5570127,-74.1602949,33c,,New York
