borough,Tax block,Tax lot,community board,council district,postcode,policeprct,address,state,bldgclass,landuse,ownertype,ownername,lotarea,unitstotal,lotfront,lotdepth,lottype,assessland,yearbuilt,histdist,landmark,borocode,x,y,latitude,longitude,zonemap,notes
MN,1262,29,105.0,4.0,10036.0,18.0,13 WEST 46 STREET,,V1,11,,13 W 46 OWNER LLC,2161,0,21.42,100.42,5,1201050,0,,,1,989864.0,214918.0,40.7565749,-73.9797362,8d,
MN,1432,14,108.0,5.0,10075.0,19.0,235 EAST 77 STREET,,V1,11,,"EAST SEVEN SEVEN, LLC",2554,0,25.0,102.17,5,465750,0,,,1,996193.0,220770.0,40.7726309,-73.9568812,8c,
MN,1450,109,108.0,5.0,10021.0,19.0,EAST 75 STREET,,V1,11,,EAST 76 ST RLTY CP,81,0,25.0,3.75,6,450,0,,,1,996468.0,220072.0,40.7707147,-73.9558896,9a,
MN,1431,120,108.0,5.0,10021.0,19.0,EAST 76 STREET,,V1,11,,"242-44 EAST 77TH STREET, L.L.C.",173,0,80.0,2.17,6,2250,0,,,1,996203.0,220524.0,40.7719557,-73.9568455,8c,
MN,1452,151,108.0,5.0,10075.0,19.0,SECOND AVENUE,,V1,11,X,UNAVAILABLE OWNER,153,0,25.5,6.0,6,0,0,,,1,996614.0,220612.0,40.7721966,-73.9553615,9a,
MN,1480,116,108.0,5.0,10065.0,19.0,F D R DRIVE,,V1,11,X,THE ROCKEFELLER UNIVERSITY,56,0,3.5,17.0,8,1350,0,,,1,996839.0,216969.0,40.7621972,-73.954556,9a,
MN,1480,115,108.0,5.0,10065.0,19.0,F D R DRIVE,,V1,11,X,THE ROCKEFELLER UNIVERSITY,56,0,3.5,17.0,8,1350,0,,,1,996906.0,217055.0,40.7624332,-73.954314,9a,
MN,1435,1,108.0,5.0,10065.0,19.0,1140 2 AVENUE,,V1,11,,"1711 FIRST AVENUE, LLC",3000,0,40.0,75.0,3,434700,0,,,1,994353.0,216618.0,40.761237,-73.9635305,8c,
MN,1435,151,108.0,5.0,10065.0,19.0,1152 2 AVENUE,,V1,11,,1152 MANHATTAN LLC,1500,0,20.0,75.0,5,337500,0,,,1,994407.0,216715.0,40.7615032,-73.9633354,8c,
MN,1480,110,108.0,5.0,10065.0,19.0,FDR DRIVE,,V1,11,X,THE ROCKEFELLER UNIVERSITY,3142,0,6.0,936.0,8,35550,0,,,1,997065.0,217444.0,40.7635007,-73.9537393,9a,
MN,1480,112,108.0,5.0,10065.0,19.0,F D R DRIVE,,V1,11,X,THE ROCKEFELLER UNIVERSITY,60,0,3.5,17.0,8,1350,0,,,1,997074.0,217295.0,40.7630917,-73.953707,9a,
MN,1480,118,108.0,5.0,10065.0,19.0,F D R DRIVE,,V1,11,X,THE ROCKEFELLER UNIVERSITY,56,0,3.5,17.0,8,1350,0,,,1,996706.0,216815.0,40.7617747,-73.9550364,9a,
MN,1480,111,108.0,5.0,10065.0,19.0,F D R DRIVE,,V1,11,X,THE ROCKEFELLER UNIVERSITY,60,0,3.5,17.0,8,1350,0,,,1,997122.0,217367.0,40.7632892,-73.9535336,9a,
MN,1273,9,105.0,4.0,10019.0,18.0,43 WEST 57 STREET,,V1,11,,BOB 57 DEVELOPMENT LLC,3256,0,32.42,100.42,5,2095200,0,,,1,990843.0,217699.0,40.7642074,-73.9761997,8c,
MN,1273,7,105.0,4.0,10019.0,18.0,45 WEST 57 STREET,,V1,11,,BOB 57 DEVELOPMENT LLC,5045,0,50.25,100.42,5,3006450,0,,,1,990807.0,217719.0,40.7642623,-73.9763297,8c,
MN,1426,120,108.0,5.0,10021.0,19.0,257 EAST 71 STREET,,V1,11,,259 EAST 72 OWNER LLC,1890,0,18.5,102.17,5,477900,0,,,1,995560.0,219264.0,40.7684981,-73.9591691,8c,
MN,1426,25,108.0,5.0,10021.0,19.0,1357 2 AVENUE,,V1,11,,CF EAST 72 OWNER LLC,6068,0,102.17,59.33,3,895500,0,,,1,995665.0,219325.0,40.7686654,-73.9587899,8c,
MN,1426,121,108.0,5.0,10021.0,19.0,259 EAST 71 STREET,,V1,11,,259 EAST 72 OWNER LLC,1890,0,18.5,102.17,5,477900,0,,,1,995576.0,219254.0,40.7684707,-73.9591113,8c,
MN,1262,32,105.0,4.0,10036.0,18.0,5 WEST 46 STREET,,V1,11,,46/47 OWNER LLC,2152,0,21.42,100.42,5,895500,0,,,1,989939.0,214877.0,40.7564624,-73.9794655,8d,
MN,1262,34,105.0,4.0,10036.0,18.0,562 5 AVENUE,,V1,11,,562 LNBL LLC,3575,0,27.08,100.0,3,3899700,920,,,1,989991.0,214815.0,40.7562922,-73.9792779,8d,
MN,1368,143,106.0,4.0,10022.0,17.0,EAST 57 STREET,,V1,11,,KENNETH G BROWN,66,0,2.67,20.0,5,900,0,,,1,994641.0,215313.0,40.7576548,-73.9624929,8d,
MN,1480,120,108.0,5.0,10065.0,19.0,F D R DRIVE,,V1,11,X,THE ROCKEFELLER UNIVERSITY,56,0,3.5,17.0,8,1350,0,,,1,996580.0,216673.0,40.7613852,-73.9554915,9a,
MN,1480,117,108.0,5.0,10065.0,19.0,F D R DRIVE,,V1,11,X,THE ROCKEFELLER UNIVERSITY,56,0,3.5,17.0,8,1350,0,,,1,996769.0,216890.0,40.7619805,-73.9548088,9a,
MN,1311,13,105.0,4.0,10022.0,18.0,126 EAST 57 STREET,,V1,11,,MRR 1326 LLC,13213,0,115.0,100.42,5,7230150,0,,,1,992623.0,216387.0,40.7606048,-73.9697757,8c,
MN,1288,69,105.0,4.0,10022.0,18.0,665 5 AVENUE,,V1,11,,ROLEX REALTY COMPANY LLC,11050,0,85.42,125.0,3,8934750,0,,,1,991009.0,216200.0,40.7600929,-73.975602,8c,
MN,1309,69,105.0,4.0,10022.0,18.0,407 PARK AVENUE,,V1,11,,CLOVER PARK DEVELOPMENT LLC,10975,0,75.42,108.75,3,4949100,0,,,1,992160.0,216152.0,40.7599602,-73.9714473,8d,
MN,1402,41,108.0,4.0,10065.0,19.0,168 EAST 68 STREET,,V5,11,X,PARK EAST SYNAGOGUE,2009,0,20.0,100.42,5,427950,2013,,,1,994466.0,218792.0,40.767204,-73.9631193,8c,
MN,1395,21,108.0,4.0,10022.0,19.0,145 EAST 60 STREET,,V1,11,,PARKVIEW TOWER OWNER LLC,4017,0,40.0,100.42,5,1596150,0,,,1,993318.0,217226.0,40.7629069,-73.9672658,8c,
MN,1395,26,108.0,4.0,10022.0,19.0,155 EAST 60 STREET,,V1,11,,PARKVIEW TOWER OWNER LLC,8033,0,80.0,100.42,5,3578850,0,,,1,993424.0,217168.0,40.7627476,-73.9668832,8c,
MN,1395,24,108.0,4.0,10022.0,19.0,151 EAST 60 STREET,,V1,11,,PARKVIEW TOWER OWNER LLC,2008,0,20.0,100.42,5,810450,0,,,1,993362.0,217202.0,40.762841,-73.967107,8c,
MN,1395,23,108.0,4.0,10022.0,19.0,149 EAST 60 STREET,,V1,11,,PARKVIEW TOWER OWNER LLC,2008,0,20.0,100.42,5,1008000,0,,,1,993344.0,217211.0,40.7628657,-73.967172,8c,
MN,1395,25,108.0,4.0,10022.0,19.0,153 EAST 60 STREET,,V1,11,,PARKVIEW TOWER OWNER LLC,2008,0,20.0,100.42,5,1080000,0,,,1,993380.0,217192.0,40.7628136,-73.967042,8c,
MN,1313,63,105.0,4.0,10022.0,18.0,120 EAST 59 STREET,,V1,11,,118 EAST 59TH STREET REALTY LLC,5021,0,50.0,100.42,5,2952900,0,,,1,992827.0,217019.0,40.7623393,-73.9690385,8c,
MN,2050,158,109.0,9.0,10030.0,30.0,ST NICHOLAS AVENUE,,V1,11,,CHIN YUIEN M,990,0,55.0,18.0,6,12150,0,,,1,999139.0,238927.0,40.8224624,-73.9462047,6a,
MN,2034,17,110.0,9.0,10039.0,32.0,223 WEST 148 STREET,,V1,11,X,HARLEM CONGREGATION FOR COMMUNITY IMPROV EMENT INC,2498,0,25.0,99.92,5,193950,0,,,1,1001155.0,239608.0,40.824328,-73.938919,6a,
MN,2034,15,110.0,9.0,10039.0,32.0,WEST 148 STREET,,V1,11,X,HARLEM CONGREGATIONS FOR COMMUNITY IMPRO VEMENT INC,2498,0,25.0,99.92,5,193950,0,,,1,1001111.0,239632.0,40.8243939,-73.9390779,6a,
MN,2050,4,109.0,9.0,10031.0,30.0,287 CONVENT AVENUE,,V1,11,X,UNITED STATES OF AMERICA,4675,0,46.75,100.0,5,401400,0,,,1,998757.0,238871.0,40.8223094,-73.947585,6a,
MN,1744,13,110.0,9.0,10039.0,32.0,HARLEM RIVER DRIVE,,V1,11,C,NYC DEPARTMENT OF SMALL BUSINESS SERVICES,48096,0,1367.0,30.0,2,3580650,0,,,1,1002507.0,238639.0,40.8216656,-73.9340366,6a,
MN,1373,11,108.0,5.0,10044.0,114.0,MAIN STREET,,V1,11,,"RIVERWALK 8 AFFORDABLE, L.P.",3705,0,101.49,107.52,6,614250,0,,,1,997620.0,215627.0,40.7585126,-73.9517394,9b,
MN,1373,25,108.0,5.0,10044.0,114.0,WEST LOOP ROAD,,V1,11,C,CORNELL UNIVERSITY,43277,0,251.64,489.64,2,11391300,0,,,1,996266.0,214325.0,40.7549409,-73.9566291,8d,
MN,1373,20,108.0,5.0,10044.0,114.0,SOUTH LOOP ROAD,,V1,11,C,CORNELL UNIVERSITY,286626,0,808.41,364.48,4,50637150,0,,,1,996134.0,213959.0,40.7539365,-73.9571062,8d,
MN,1273,10,105.0,4.0,10019.0,18.0,41 WEST 57 STREET,,V1,11,,BOB 57 DEVELOPMENT LLC,3414,0,34.0,100.42,5,2200950,0,,,1,990872.0,217683.0,40.7641635,-73.9760951,8c,
MN,1273,65,105.0,4.0,10019.0,18.0,50 WEST 58 STREET,,V1,11,,BOB 57 DEVELOPMENT LLC,7532,0,75.0,100.42,5,3857400,0,,,1,990913.0,217780.0,40.7644297,-73.975947,8c,
MN,812,45,105.0,4.0,10018.0,14.0,989 AVENUE OF THE AMERICAS,,V1,11,,RPY 989 LLC,8041,0,98.75,100.0,3,3546000,0,,,1,987897.0,213111.0,40.7516162,-73.9868371,8d,
MN,1310,14,105.0,4.0,10022.0,18.0,656 LEXINGTON AVENUE,,V1,11,,660 LEXINGTON AVENUE DEVELOPMENT LLC,4410,0,60.42,73.0,3,2380500,0,,,1,992503.0,216117.0,40.7598638,-73.9702092,8d,
MN,1309,1,105.0,4.0,10022.0,18.0,405 PARK AVENUE,,V1,11,,"RAR2 - 405 PARK, LLC",9037,0,100.42,90.0,3,6626250,0,,,1,992101.0,216066.0,40.7597242,-73.9716604,8d,
MN,1273,17,105.0,4.0,10019.0,18.0,27 WEST 57 STREET,,V1,11,,29 WEST 57TH STREET OWNER LLC,4820,0,48.0,100.42,5,3092400,0,,,1,991028.0,217598.0,40.76393,-73.975532,8c,
MN,1273,16,105.0,4.0,10019.0,18.0,31 WEST 57 STREET,,V1,11,,31 WEST 57TH STREET OWNER LLC,2711,0,27.0,100.42,5,1747800,1920,,,1,990996.0,217616.0,40.7639795,-73.9756475,8c,
MN,1272,50,105.0,4.0,10019.0,18.0,16 WEST 57 STREET,,V1,11,,16 WEST 57TH STREET COMPANY LLC,5020,0,50.0,100.42,5,3241350,0,,,1,991085.0,217344.0,40.7632328,-73.9753265,8c,
MN,1273,15,105.0,4.0,10019.0,18.0,33 WEST 57 STREET,,V1,11,,VNO 33 WEST 57TH STREET LLC,2513,0,25.0,100.42,5,1620000,1939,,,1,990972.0,217629.0,40.7640152,-73.9757341,8c,
MN,1272,52,105.0,4.0,10019.0,18.0,20 WEST 57 STREET,,V1,11,,20 WEST 57TH STREET REALTY LLC,5020,0,50.0,100.42,5,3221100,0,,,1,991042.0,217368.0,40.7632987,-73.9754817,8c,
MN,1305,128,106.0,4.0,10022.0,17.0,EAST 51 STREET,,V1,11,,"569 LEXINGTON OWNER, LLC",31,0,75.0,0.42,6,20700,0,,,1,992200.0,214877.0,40.7564606,-73.9713044,8d,
MN,1270,44,105.0,4.0,10019.0,18.0,10 WEST 55TH STREET,,V1,11,,10 W 55 LLC,10344,0,23.0,100.42,5,3701250,0,,,1,990918.0,216842.0,40.7618551,-73.9759298,8c,
MN,1271,48,105.0,4.0,10019.0,18.0,WEST 56 STREET,,V1,11,,ERDELYI BRUNHILDE,150,0,5.42,50.0,8,2250,0,,,1,991009.0,217029.0,40.7623683,-73.9756012,8c,
MN,1272,23,105.0,4.0,10019.0,18.0,21 WEST 56 STREET,,V1,11,,"NINETEEN WEST REALTY COMPANY, LLC",5020,0,50.0,100.42,5,1718100,0,,,1,991012.0,217263.0,40.7630106,-73.9755901,8c,
MN,1289,65,105.0,4.0,10022.0,18.0,8 EAST 54 STREET,,V1,11,,TISHMAN SPEYER,1500,0,15.0,100.0,5,817200,0,,,1,991224.0,216369.0,40.7605566,-73.9748257,8c,
MN,1342,51,106.0,4.0,10022.0,17.0,300 EAST 50 STREET,,V1,11,,300 EAST 50TH STREET OWNER LLC,11398,0,113.5,100.42,3,1952100,0,,,1,993024.0,214181.0,40.7545495,-73.9683311,8d,
MN,2063,36,109.0,9.0,10031.0,30.0,773 ST NICHOLAS AVENUE,,V1,11,,VINCENT SOLLAZZO-LAMP,2060,0,20.42,105.42,5,160200,0,Hamilton Heights / Sugar Hill Historic District,,1,999901.0,240442.0,40.8266194,-73.943448,6a,
MN,1284,21,105.0,4.0,10017.0,18.0,413 MADISON AVENUE,,V1,11,,415 MADISON AVE LLC,11675,0,100.0,116.67,3,9971100,0,,,1,990883.0,214950.0,40.7566621,-73.9760581,8d,
MN,705,50,104.0,3.0,10001.0,10.0,WEST 34 STREET,,V1,11,,HUDSON BOULEVARD SLIVER OWNER LLC,2176,0,16.82,197.5,8,25200,0,,,1,984052.0,214244.0,40.7547268,-74.0007147,8d,
MN,2024,154,110.0,9.0,10030.0,32.0,WEST 139 STREET,,V1,11,,"ROBERTS, MICHELE A",1199,0,12.0,99.92,8,13500,0,,,1,999767.0,237476.0,40.8184788,-73.9439391,6a,
MN,2023,55,110.0,9.0,10030.0,32.0,WEST 138 STREET,,V1,11,C,NYC DEPARTMENT OF CITYWIDE ADMINISTRATIVE SERVICES,1188,0,12.0,99.0,8,13500,0,,,1,999631.0,237256.0,40.8178752,-73.9444309,6a,
MN,1960,34,110.0,9.0,10030.0,32.0,321 WEST 136 STREET,,V1,11,,GRATITUDE CAPITAL LLC,2548,0,25.5,99.92,5,270000,0,Dorrance Brooks Square Historic District,,1,998959.0,237214.0,40.817761,-73.9468588,6a,
MN,2026,15,110.0,9.0,10030.0,32.0,225 WEST 140 STREET,,V1,11,X,MAXWELL DEVELOPMENT L,5562,0,55.66,99.92,5,550350,0,,,1,1000088.0,237777.0,40.8193044,-73.9427786,6a,
MN,2024,132,110.0,9.0,10030.0,32.0,7 AVENUE,,V1,11,,2370 ADAM CLAYTON POWELL JR. LLC,971,0,12.5,77.67,8,12150,0,,,1,1000190.0,237191.0,40.8176958,-73.9424115,6a,
MN,2026,24,110.0,9.0,10030.0,32.0,207-209 WEST 140TH STREET,,V1,11,X,"NYC PARTNERSHIP HDFC, INC.",5596,0,36.0,99.92,5,612000,0,,,1,1000284.0,237669.0,40.8190076,-73.9420707,6a,
MN,2024,43,110.0,9.0,10030.0,32.0,WEST 139 STREET,,V1,11,C,"JESSIMAN-KETCHAM, KATHARINE",1199,0,12.0,99.92,8,13500,0,,,1,1000021.0,237336.0,40.8180941,-73.9430217,6a,
MN,2062,2,109.0,7.0,10031.0,30.0,1763 AMSTERDAM AVENUE,,V1,11,,"EMPIRE DEVELOPMENT FUND, LLC",12467,0,124.67,100.0,5,1045800,0,,,1,999153.0,240462.0,40.8266755,-73.9461507,6a,
MN,2011,48,110.0,9.0,10030.0,32.0,126 WEST 143 STREET,,V1,11,X,MALCOLM X II PHASE AASC,4163,0,41.67,99.92,5,306000,0,,,1,1001209.0,237866.0,40.8195466,-73.9387283,6a,
MN,1363,64,106.0,4.0,10022.0,17.0,EAST 52 STREET,,V1,11,,BEEKMAN CAMPANILE INC,3300,0,100.75,47.83,3,1797750,0,,,1,994460.0,213984.0,40.7540072,-73.9631483,8d,
MN,2067,7,109.0,7.0,10031.0,30.0,475 WEST 152 STREET,,V1,11,,475 WEST 152 LLC,1475,0,32.17,77.92,6,54000,0,,,1,999873.0,241525.0,40.8295919,-73.9435467,3b,
MN,859,4,105.0,2.0,10016.0,14.0,273 5 AVENUE,,V1,11,,"PREMIER 273 FIFTH, LLC",2600,0,26.0,100.0,5,1166400,0,,,1,988037.0,210865.0,40.7454515,-73.986333,8d,
MN,831,1,105.0,3.0,10001.0,14.0,836 AVENUE OF THE AMER,,V1,11,,"K.C. 836, LLC",996,0,24.67,40.33,3,691650,0,,,1,987082.0,211307.0,40.746665,-73.9897794,8d,
MN,2177,255,112.0,10.0,10033.0,34.0,CABRINI BOULEVARD,,V1,11,X,PORT AUTHORITY OF NY AND NJ,54400,0,200.0,272.0,3,4885650,0,,,1,1000490.0,249011.0,40.8501377,-73.941299,3a,
MN,2139,80,112.0,10.0,10032.0,33.0,WEST 168 STREET,,V6,11,X,TRUSTEES OF COLUMBIA UNIVERSITY,8550,0,41.08,34.0,5,1278450,0,,,1,999952.0,246121.0,40.8422065,-73.9432504,3b,
MN,2111,37,112.0,10.0,10032.0,33.0,455 WEST 164 STREET,,V1,11,,445 W 164 LLC,3275,0,25.0,142.42,5,254250,0,,,1,1001496.0,244242.0,40.8370463,-73.937675,3b,
MN,919,35,106.0,4.0,10016.0,17.0,246 EAST 39 STREET,,V9,11,,242 REALTY LLC,2469,0,25.0,98.75,5,363600,0,,,1,991402.0,211766.0,40.7479224,-73.9741881,8d,
MN,970,2,106.0,4.0,10017.0,17.0,EAST 40 STREET,,V1,11,,"708 FIRST REALTY COMPANY,LLC",82497,0,422.1,197.5,3,45311400,0,,,1,992633.0,211615.0,40.7475069,-73.9697456,8d,
MN,2120,62,112.0,10.0,10032.0,33.0,565 WEST 161 STREET,,V1,11,,SJM HOLDINGS 565 LLC,1890,0,18.92,99.92,5,146700,0,,,1,1000319.0,243978.0,40.8363239,-73.9419292,3b,
MN,970,1,106.0,4.0,10016.0,17.0,666 1 AVENUE,,V1,11,,"700 FIRST REALTY COMPANY, LLC",193528,0,515.0,336.86,3,101485350,0,,,1,992449.0,211320.0,40.7466973,-73.97041,8d,
MN,2170,31,112.0,10.0,10033.0,34.0,663 WEST 187 STREET,,V1,11,,187 STREET MAZAL LLC,1582,0,16.67,94.92,5,153900,0,,,1,1002840.0,250452.0,40.8540882,-73.9328007,3a,
MN,2170,27,112.0,10.0,10033.0,34.0,655 WEST 187 STREET,,V1,11,,187 STREET MAZAL LLC,1582,0,16.67,94.92,5,153900,0,,,1,1002899.0,250420.0,40.8540002,-73.9325875,3a,
MN,2123,36,112.0,10.0,10032.0,33.0,506 WEST 166 STREET,,V1,11,,TRUSTEES OF COLUMBIA UNIVERSITY,2625,0,25.0,107.83,5,203850,0,,,1,1001257.0,244847.0,40.8387073,-73.9385372,3b,
MN,2130,58,112.0,10.0,10032.0,33.0,525 WEST 173 STREET,,V1,11,,"CITIMORTGAGE, INC.",1875,0,18.75,100.0,5,230400,0,,,1,1002107.0,246608.0,40.8435391,-73.9354606,3b,
MN,2180,75,112.0,10.0,10033.0,34.0,BENNETT AVENUE,,V1,11,,BENNETT ROCK LLC,4858,0,50.0,161.83,4,411750,0,,,1,1001774.0,249396.0,40.851192,-73.9366569,3a,
MN,2215,173,208.0,10.0,10463.0,50.0,TERRACE VIEW AVENUE,,V1,11,,7-15 TERRACE VIEW AVENUE LLC,8175,0,108.0,70.0,5,479700,0,,,1,1008985.0,259200.0,40.8780837,-73.9105555,1d,
MN,2128,48,112.0,10.0,10032.0,33.0,2238A AMSTERDAM AVENUE,,V1,11,,"NEW YORK HE TRADING CO., LLC",2500,0,25.0,100.0,5,189000,0,,,1,1002045.0,246084.0,40.842101,-73.9356861,3b,
MN,2069,28,109.0,9.0,10032.0,30.0,89 ST NICHOLAS PLACE,,V1,11,,GETTY PETROLEUM CORP,12,0,1.92,9.75,8,1170,0,,,1,1000503.0,241927.0,40.8306942,-73.9412692,3b,
MN,2179,474,112.0,10.0,10033.0,34.0,CHITTENDEN AVENUE,,V1,11,,BLOCK 2179 LOT 474 LLC,11000,0,121.08,85.0,5,983250,0,,,1,1001382.0,251249.0,40.8562787,-73.9380691,3a,
MN,2179,243,112.0,10.0,10033.0,34.0,RIVERSIDE DRIVE,,V1,11,,"RIEDER RUBIN, ANNETTE",3990,0,50.95,79.32,5,204300,0,,,1,1000980.0,250810.0,40.8550745,-73.9395234,3a,
MN,2140,85,112.0,10.0,10032.0,33.0,RIVERSIDE DRIVE,,V1,11,X,PORT AUTHORITY OF NY AND NJ,15875,0,60.58,364.67,5,2490300,0,,,1,999541.0,246423.0,40.8430361,-73.9447352,3b,
MN,1347,22,106.0,4.0,10022.0,17.0,349 EAST 54 STREET,,V1,11,,LAWRENCE YASUYO,2010,0,20.0,100.5,5,369900,0,,,1,994031.0,214995.0,40.7567827,-73.9646952,8d,
MN,2106,400,112.0,10.0,10033.0,33.0,AMSTERDAM AVENUE,,V7,11,X,PORT AUTHORITY OF NY AND NJ,450,0,86.42,33.83,5,450,0,,,1,1003020.0,247554.0,40.8461337,-73.9321582,3b,
MN,2120,58,112.0,10.0,10032.0,33.0,557 WEST 161 STREET,,V1,11,,557 WEST 161ST STREET LLC,1799,0,18.0,99.92,5,248850,0,,,1,1000382.0,243943.0,40.8362277,-73.9417016,3b,
MN,2108,71,112.0,10.0,10032.0,33.0,467 WEST 157 STREET,,V1,11,,"467 WEST 157 HOLDING, LLC",4996,0,50.0,99.92,5,369000,0,,,1,1000481.0,242702.0,40.8328214,-73.9413468,3b,
MN,2134,41,112.0,7.0,10032.0,33.0,WEST 156 STREET,,V1,11,,HISPANIC SO OF AMER,4996,0,50.0,99.92,5,645300,0,,,1,998967.0,243062.0,40.8338121,-73.9468171,3b,
MN,2064,34,109.0,9.0,10031.0,30.0,793 ST NICHOLAS AVENUE,,V1,11,,FLORENCE WHEELER,1000,0,25.5,42.0,5,113400,0,,,1,1000000.0,240645.0,40.8271764,-73.9430898,3b,
MN,941,9,106.0,4.0,10016.0,17.0,2 AVENUE,,V1,11,X,MTA - BRIDGES AND TUNNELS,8097,0,41.0,197.5,5,1251000,0,,,1,991308.0,210877.0,40.7454824,-73.9745283,8d,
MN,2121,59,112.0,10.0,10032.0,33.0,WEST 163 STREET,,V1,11,,EMS GARDEN APARTMENTS LLC,200,0,10.0,20.0,8,2250,0,,,1,1000931.0,244192.0,40.8369101,-73.939717,3b,
MN,2121,1,112.0,10.0,10032.0,33.0,1040 ST NICHOLAS AVENUE,,V1,11,,"CATS 1040 ST. NICHOLAS AVENUE, LLC",10560,0,208.58,164.5,1,826200,0,,,1,1000926.0,244049.0,40.8365177,-73.9397354,3b,
MN,2039,63,110.0,9.0,10039.0,32.0,2902 FREDRICK DOUGLASS BL,,V1,11,,"2902 FREDERICK DOUGLAS BLVD. HOLDING, LL C.",4000,0,40.0,100.0,5,293850,0,,,1,1001511.0,241001.0,40.8281507,-73.9376291,3b,
MN,2067,149,109.0,7.0,10031.0,30.0,WEST 153 STREET,,V1,11,C,NYC DEPARTMENT OF CITYWIDE ADMINISTRATIVE SERVICES,20,0,7.83,2.5,8,900,0,,,1,1000130.0,241538.0,40.8296272,-73.942618,3b,
MN,2107,2,112.0,10.0,10032.0,33.0,WEST 155 STREET,,V1,11,C,NYC DEPARTMENT OF ENVIRONMENTAL PROTECTION,15032,0,50.0,419.67,5,1119150,0,,,1,1000647.0,242132.0,40.8312566,-73.9407483,3b,
MN,2110,55,112.0,10.0,10032.0,33.0,WEST 162 STREET,,V1,11,,LEX162 INC.,2306,0,3.5,112.5,5,179100,0,,,1,1001123.0,243760.0,40.8357241,-73.9390242,3b,
MN,2136,49,112.0,7.0,10032.0,33.0,FT WASHINGTON AVENUE,,V1,11,,DONALD E FITZPATRICK,1,0,1.83,1.58,8,450,0,,,1,999562.0,243718.0,40.8356116,-73.9446654,3b,
MN,2101,63,109.0,7.0,10031.0,30.0,WEST 145 STREET,,V1,11,X,AMTRAK HEADQUARTERS,5444,0,38.0,66.0,5,236700,0,,,1,997362.0,240712.0,40.8273646,-73.9526217,3b,
MN,2174,114,112.0,10.0,10040.0,34.0,ELLWOOD STREET,,V1,11,,ELWOOD RD. CORPORATION,1000,0,10.0,100.0,8,11700,0,,,1,1004040.0,253080.0,40.8612986,-73.9284552,3a,
MN,2174,97,112.0,10.0,10040.0,34.0,NAGLE AVENUE,,V1,11,,NAGLE AVE DNB LLC,2800,0,70.0,40.0,6,129150,0,,,1,1004119.0,252928.0,40.8608813,-73.9281701,3a,
MN,2156,75,112.0,10.0,10033.0,34.0,528 WEST 187 STREET,,V1,11,,YESHIVA UNIVERSITY,1444,0,19.25,75.0,5,202500,0,,,1,1003797.0,249736.0,40.8521209,-73.9293435,3a,
MN,2179,154,112.0,10.0,10033.0,34.0,205 CABRINI BOULEVARD,,V1,11,,GOLD CHIP VENTURES LLC,5258,0,68.67,88.0,5,690750,0,,,1,1001222.0,250526.0,40.8542946,-73.9386493,3a,
MN,2179,152,112.0,10.0,10033.0,34.0,CABRINI BOULEVARD,,V1,11,,"MAZZELLA, MATTHEW",642,0,7.12,90.12,8,7200,0,,,1,1001208.0,250492.0,40.8542013,-73.9387,3a,
MN,2238,35,112.0,10.0,10034.0,34.0,4849 BROADWAY,,V1,11,,RITA S SKLAR,15000,0,100.0,150.0,5,1431900,0,,,1,1005109.0,255108.0,40.8668624,-73.9245842,3a,
MN,394,5,103.0,2.0,10009.0,9.0,183 AVENUE B,,V1,11,,TOMPKINS 183 LLC,1779,0,17.17,93.0,5,379800,0,,,1,990069.0,204382.0,40.7276561,-73.9790053,12c,
MN,384,21,103.0,2.0,10009.0,9.0,EAST 2 STREET,,V1,11,,ALTADINO 1 LLC,3989,0,50.0,80.08,5,1994400,0,,,1,989129.0,202088.0,40.7213602,-73.9823985,12c,
MN,374,34,103.0,2.0,10009.0,9.0,55 AVENUE D,,V1,11,,"RASH, LLC.",3294,0,41.17,80.0,3,248850,0,,,1,990437.0,202272.0,40.7218644,-73.9776796,12c,
MN,374,36,103.0,2.0,10009.0,9.0,53 AVENUE D,,V1,11,,"RASH, LLC",1760,0,22.0,80.0,5,132750,0,,,1,990421.0,202245.0,40.7217903,-73.9777373,12c,
MN,336,25,103.0,1.0,10002.0,7.0,31 BIALYSTOKER PLACE,,V1,11,,UNAVAILABLE OWNER,4731,0,63.08,75.0,3,1354500,0,,,1,989006.0,200261.0,40.7163456,-73.9828435,12c,
MN,384,40,103.0,2.0,10009.0,9.0,EAST HOUSTON STREET,,V1,11,,PACO EAST HOUSTON LLC,471,0,7.85,120.38,8,2250,0,,,1,989098.0,202053.0,40.7212642,-73.9825103,12c,
MN,372,64,103.0,2.0,10009.0,9.0,270 EAST 2 STREET,,V1,11,,FREEDOM VILLAGE HOUSING DEVELOPMENT FUND  CORPORATI,8162,0,77.0,105.92,5,4447350,0,,,1,989693.0,201946.0,40.7209701,-73.9803639,12c,
MN,784,6,105.0,3.0,10001.0,14.0,267 WEST 34 STREET,,V1,11,,CANING RLTY CORP,1644,0,21.67,78.0,5,922050,0,,,1,986208.0,213337.0,40.7522371,-73.992933,8d,
MN,293,30,103.0,1.0,10002.0,5.0,6 1/2 ELDRIDGE STREET,,V1,11,,DAI FUNG RLTY CORP,131,0,3.0,43.67,8,900,0,,,1,986011.0,199614.0,40.7145708,-73.9936476,12d,
MN,544,68,102.0,2.0,10003.0,9.0,35 EAST 4 STREET,,V1,11,M,10-12 COOPER SQUAREINC,9835,0,75.0,132.25,5,3719250,0,,,1,986433.0,204386.0,40.7276687,-73.9921238,12c,
MN,240,6,103.0,1.0,10038.0,5.0,SOUTH STREET,,V9,11,C,NYC DEPARTMENT OF SMALL BUSINESS SERVICES,924750,0,1938.17,540.0,5,71091000,0,,,1,985706.0,197428.0,40.7085709,-73.9947483,12d,
MN,764,120,104.0,3.0,10011.0,10.0,WEST 14 STREET,,V1,11,,WALTER E SCHMIDT,100,0,3.5,28.25,6,450,0,,,1,983988.0,208737.0,40.7396114,-74.0009455,8d,
MN,281,36,103.0,1.0,10002.0,5.0,MARKET STREET,,V1,11,,BING KING REALTY CORP,8,0,4.48,1.27,5,1755,0,,,1,985680.0,199395.0,40.7139698,-73.9948417,12d,
MN,162,41,103.0,1.0,10038.0,5.0,6 CHATHAM SQUARE,,V1,11,,H W C C REALTY CORP,3190,7,24.08,135.83,5,342450,1913,,,1,984712.0,199407.0,40.7140028,-73.9983335,12d,
MN,764,75,104.0,3.0,10011.0,10.0,92 8 AVENUE,,V1,11,,GO 8TH AVENUE LLC,2407,0,25.75,93.5,5,344700,0,,,1,983715.0,208887.0,40.7400231,-74.0019306,8b,
MN,475,61,102.0,1.0,10013.0,1.0,72 GRAND STREET,,V1,11,,72 GRAND PARTNERS,2500,0,25.0,100.0,3,1062000,0,,,1,983496.0,202360.0,40.7221081,-74.0027202,12a,
MN,593,48,102.0,3.0,10014.0,6.0,14 GAY STREET,,V1,11,,GAY STREET REVIVAL INITIATIVE 1 LLC,990,0,22.0,45.0,5,122400,0,Greenwich Village Historic District,,1,984096.0,206564.0,40.7336471,-74.0005557,12c,
MN,818,56,105.0,3.0,10011.0,13.0,8 WEST 17 STREET,,V1,11,,10 WEST 17TH STREET FEE LLC,4140,0,45.0,92.0,5,1887750,0,Ladies' Mile Historic District,,1,986151.0,208175.0,40.7380687,-73.9931402,8d,
MN,410,13,103.0,1.0,10002.0,7.0,89 RIVINGTON STREET,,V1,11,,FIRST ROUMANIAN AMER CNG,7653,0,76.0,100.0,5,1989900,0,,,1,987345.0,201593.0,40.7200024,-73.9888347,12c,
MN,2215,235,208.0,10.0,10463.0,50.0,106 TERRACE VIEW AVENUE,,V1,11,,TERRACE DEVELOPERS LLC,2267,0,25.67,93.41,5,243450,0,,,1,1008443.0,258648.0,40.8765701,-73.9125174,1b,
MN,2215,234,208.0,10.0,10463.0,50.0,108 TERRACE VIEW AVENUE,,V1,11,,TERRACE DEVELOPERS LLC,2098,0,26.16,87.63,0,188550,0,,,1,1008428.0,258627.0,40.8765125,-73.9125717,1b,
MN,309,27,103.0,1.0,10002.0,7.0,39 LUDLOW STREET,,V5,11,C,NYC DEPARTMENT OF EDUCATION,2195,0,25.08,87.5,5,1127700,0,,,1,986864.0,200236.0,40.7162779,-73.9905704,12c,
MN,426,35,103.0,1.0,10002.0,5.0,183 CHRYSTIE STREET,,V1,11,,185 CHRYSTIE STREET LLC,4875,0,50.0,99.33,5,501750,0,,,1,986369.0,202220.0,40.7217236,-73.9923554,12c,
MN,784,5,105.0,3.0,10001.0,14.0,488 8 AVENUE,,V1,11,,488 EIGHTH AVENUE OWNER LLC,2368,0,23.67,100.0,5,851850,0,,,1,986214.0,213395.0,40.7523963,-73.9929114,8d,
MN,1069,30,104.0,3.0,10018.0,10.0,11 AVENUE,,V1,11,,UNAVAILABLE OWNER,50007,0,270.83,119.58,5,15875550,0,,,1,984860.0,215924.0,40.7593379,-73.9977981,8d,
MN,1074,63,104.0,3.0,10036.0,18.0,616 11 AVENUE,,V1,11,,ELEVEN W46 REALTY LLC,27019,0,119.0,200.0,5,562500,0,,,1,985301.0,217206.0,40.7628566,-73.996206,8c,
MN,282,34,103.0,1.0,10002.0,5.0,85 EAST BROADWAY,,V9,11,C,NYC DEPARTMENT OF TRANSPORTATION,54,0,5.57,18.42,8,1350,0,,,1,985948.0,199272.0,40.7136321,-73.993875,12d,
MN,804,171,105.0,3.0,10001.0,13.0,WEST 29 STREET,,V1,11,,BRO PLUS LLC,99,0,2.0,98.75,8,1350,0,,,1,986313.0,211612.0,40.7475023,-73.9925546,8d,
MN,1095,39,104.0,3.0,10036.0,18.0,608 WEST 48 STREET,,V1,11,,MANHATTAN WEST 48 LLC,2510,0,25.0,100.42,5,225900,0,,,1,985260.0,217885.0,40.7647203,-73.9963539,8c,
MN,349,33,103.0,1.0,10002.0,7.0,156 RIVINGTON STREET,,V1,11,X,"ABC NO RIO, INC.",2300,0,23.0,100.0,5,588150,0,,,1,988312.0,201367.0,40.7193817,-73.9853463,12c,
MN,447,32,103.0,2.0,10003.0,9.0,89 1 AVENUE,,V1,11,,89 FIRST AVENUE LLC,2425,0,24.25,100.0,5,667800,0,,,1,987927.0,203852.0,40.7262025,-73.9867339,12c,
MN,273,29,103.0,1.0,10002.0,7.0,140 HENRY STREET,,V1,11,,RUI FEN XIA,2383,0,23.83,100.0,5,521550,0,,,1,986871.0,199088.0,40.7131269,-73.9905456,12d,
MN,542,6,102.0,2.0,10014.0,6.0,6 AVENUE,,V1,11,,290 TENANTS CORP.,12,0,5.67,3.92,8,900,0,,,1,983767.0,205296.0,40.7301667,-74.0017427,12a,
MN,209,21,102.0,1.0,10013.0,5.0,126 LAFAYETTE STREET,,V1,11,,YEE TAI ENTERPRISESCORP,6295,5,74.5,89.0,5,305550,1915,,,1,984133.0,201208.0,40.7189462,-74.0004221,12c,
MN,1077,29,104.0,3.0,10036.0,18.0,509 WEST 48 STREET,,V1,11,C,ACTORS HK HOUSING DEVELOPMENT FUND CORPO RATION,21924,0,100.0,200.83,3,8719650,0,,,1,986137.0,217643.0,40.7640559,-73.9931881,8c,
MN,831,30,105.0,3.0,10001.0,14.0,3 WEST 29 STREET,,V1,11,,HFZ KIK 30TH STREET OWNER LLC,7357,0,74.5,98.75,5,3512250,0,,,1,987726.0,210994.0,40.7458057,-73.9874554,8d,
MN,831,48,105.0,3.0,10001.0,14.0,8 WEST 30 STREET,,V1,11,,HFZ KIK 30TH STREET OWNER LLC,9875,0,100.0,98.75,5,4714650,0,,,1,987764.0,211090.0,40.7460691,-73.9873182,8d,
MN,286,35,103.0,1.0,10002.0,7.0,225 EAST BROADWAY,,V1,11,X,YOUNG ISRAEL SYNAGOGUE,8375,0,94.33,90.0,5,2271600,0,,,1,987928.0,199448.0,40.7141146,-73.9867327,12d,
MN,1637,25,111.0,8.0,10029.0,23.0,159 EAST 109 STREET,,V1,11,,CARITAS DEVELOPMENT L,2523,0,25.0,100.92,5,259200,0,,,1,999685.0,228618.0,40.7941661,-73.9442557,6b,
MN,1637,24,111.0,8.0,10029.0,23.0,157 EAST 109 STREET,,V1,11,,CARITAS DEVELOPMENT L,2523,0,25.0,100.92,5,256500,0,,,1,999663.0,228631.0,40.7942019,-73.9443351,6b,
MN,1675,1,111.0,8.0,10029.0,23.0,2000 2 AVENUE,,V1,11,,NAB 2000 REALTY LLC,1896,0,25.42,74.58,3,274950,0,,,1,999893.0,226618.0,40.7886763,-73.9435091,6b,
MN,344,157,103.0,1.0,10002.0,7.0,ATTORNEY STREET,,V1,11,,139 ATTORNEY STREET LLC,1390,0,18.75,74.92,5,490050,0,,,1,988690.0,201516.0,40.7197904,-73.9839826,12c,
MN,344,158,103.0,1.0,10002.0,7.0,ATTORNEY STREET,,V1,11,C,NYC DEPARTMENT OF PARKS AND RECREATION,1405,0,18.75,74.92,5,495000,0,,,1,988683.0,201499.0,40.7197438,-73.9840079,12c,
MN,1533,28,108.0,5.0,10128.0,19.0,1695 2ND AVENUE,,V1,11,,ALCHEMY-ABR UES LLC,6057,0,75.71,80.0,5,544950,0,,,1,997767.0,223142.0,40.7791391,-73.9511936,9a,
MN,1483,120,108.0,5.0,10021.0,19.0,FDR DRIVE,,V1,11,,NY SOCIETY FOR THE RELIEF OF THE RUPTURE D & CRIPPL,47,0,13.01,3.58,0,4050,0,,,1,997617.0,218087.0,40.7652647,-73.9517453,9a,
MN,1483,113,108.0,5.0,10021.0,19.0,FDR DRIVE,,V1,11,,NY SOCIETY FOR THE RELIEF OF THE RUPTURE D & CRIPPL,17,0,5.5,3.0,0,1755,0,,,1,997534.0,218144.0,40.7654213,-73.9520448,9a,
MN,1483,122,108.0,5.0,10021.0,19.0,FDR DRIVE,,V1,11,,NY SOCIETY FOR THE RELIEF OF THE RUPTURE D & CRIPPL,73,0,20.38,3.58,0,5850,0,,,1,997643.0,218125.0,40.765369,-73.9516514,9a,
MN,1629,57,111.0,8.0,10029.0,23.0,1602 LEXINGTON AVENUE,,V1,11,,K1600 LEXINGTON LLC,1243,0,16.58,75.0,5,177300,0,,,1,998485.0,226913.0,40.7894884,-73.9485931,6b,
MN,1629,16,111.0,8.0,10029.0,23.0,1600 LEXINGTON AVENUE,,V1,11,,K1600 LEXINGTON LLC,1243,0,16.58,75.0,5,177300,0,,,1,998477.0,226898.0,40.7894472,-73.9486221,6b,
MN,1583,114,108.0,5.0,10028.0,19.0,HENDERSON PLACE,,V1,11,,TAFFNER DONALD J,94,0,10.0,56.0,8,1350,0,,,1,999486.0,221753.0,40.7753239,-73.9449899,9a,
MN,1628,57,111.0,8.0,10029.0,23.0,1578 LEXINGTON AVENUE,,V1,11,,LEXINGTON TWO HOLDINGS LLC,19605,0,48.5,75.42,5,394200,0,,,1,998327.0,226751.0,40.789044,-73.9491641,6b,
MN,1645,32,111.0,8.0,10035.0,25.0,183 EAST 117 STREET,,V1,11,,CITY LIGHTS PROPERTIES LLC,1529,0,19.0,90.0,5,173250,0,,,1,1000878.0,230386.0,40.7990167,-73.9399427,6b,
MN,1644,42,111.0,8.0,10035.0,25.0,180 EAST 117 STREET,,V1,11,,ROBERT ANAZAGASTI JR,1802,0,25.0,72.08,5,166950,0,,,1,1000798.0,230278.0,40.7987204,-73.9402319,6b,
MN,2078,55,109.0,7.0,10031.0,30.0,538 WEST 147 STREET,,V1,11,,553 WEST 146TH STREET LLC,4992,0,50.0,99.1,5,428400,0,,,1,998426.0,240641.0,40.827168,-73.9487772,3b,
MN,1676,35,111.0,8.0,10029.0,23.0,336 EAST 105 STREET,,V1,11,,105 REALTY 2018 LLC,3784,0,37.5,100.92,5,391050,0,,,1,1000441.0,226775.0,40.7891063,-73.9415298,6b,
MN,2045,14,110.0,9.0,10039.0,32.0,2737 8 AVENUE,,V1,11,,2737 TRADING,3488,1,31.0,112.5,3,344250,0,,,1,1000347.0,239320.0,40.823539,-73.9418392,6a,
MN,2034,16,110.0,9.0,10039.0,32.0,WEST 148 STREET,,V1,11,X,HARLEM CONGREGATIONS FOR COMMUN ITY IMRO VEMENT INC,2498,0,25.0,99.92,5,193950,0,,,1,1001134.0,239620.0,40.8243609,-73.9389949,6a,
MN,2046,127,110.0,9.0,10039.0,32.0,303 WEST 151 STREET,,V1,11,X,HARLEM URBAN DEV CORP,1948,0,19.5,99.92,5,239400,0,,,1,1001005.0,240582.0,40.8270016,-73.9394586,3b,
MN,2047,10,110.0,9.0,10039.0,32.0,8 AVENUE,,V1,11,,BETHANY II HOUSING DEVELOPMENT FUND CORP .,2500,0,25.08,100.0,5,190800,0,,,1,1001315.0,241051.0,40.8282883,-73.9383372,3b,
MN,1526,108,108.0,5.0,10075.0,19.0,215A EAST 80 STREET,,V1,11,X,UNAVAILABLE OWNER,35,0,21.33,1.67,6,0,0,,,1,996416.0,221672.0,40.7751063,-73.9560744,9a,
MN,1213,128,107.0,6.0,10024.0,20.0,103 WEST 82 STREET,,V1,11,,103-105 WEST 82ND ST,1283,0,50.0,258.0,5,210150,0,,,1,991346.0,224969.0,40.7841613,-73.9743763,5d,
MN,1232,14,107.0,6.0,10024.0,20.0,2326 BROADWAY,,V1,11,,211 WEST 84TH ST OWNER LLC,22102,0,81.0,102.17,3,5361300,0,,,1,990668.0,225989.0,40.7869614,-73.9768236,5d,
MN,1218,129,107.0,6.0,10024.0,24.0,WEST 87 STREET,,V1,11,,110W88 TOWNHOUSE LLC,1253,0,16.0,100.71,5,553950,0,,,1,992049.0,226310.0,40.7878413,-73.9718362,5d,
MN,1635,48,111.0,8.0,10029.0,23.0,156 EAST 108 STREET,,V1,11,,"152-156 REALTY ASSOCIATES,",3718,0,17.0,100.92,5,401400,0,,,1,999464.0,228252.0,40.793162,-73.9450547,6b,
MN,1635,149,111.0,8.0,10029.0,23.0,1733 LEXINGTON AVENUE,,V1,11,,108 LEXINGTON OPERATING LLC,1143,0,17.58,65.0,3,134100,0,,,1,999431.0,228327.0,40.7933679,-73.9451737,6b,
MN,1631,133,111.0,8.0,10029.0,23.0,169 EAST 103 STREET,,V1,11,,PEOPLE'S BAPTIST CHRUCH,1782,0,35.0,50.92,5,275400,0,,,1,999089.0,227079.0,40.789943,-73.9464116,6b,
MN,1629,59,111.0,8.0,10029.0,23.0,1612 LEXINGTON AVENUE,,V1,11,C,NYC HOUSING PRESERVATION AND DEVELOPMENT,1350,0,18.0,75.0,3,172800,0,,,1,998526.0,226987.0,40.7896914,-73.9484449,6b,
MN,1548,23,108.0,5.0,10028.0,19.0,1637 FIRST AVENUE,,V1,11,,350 EAST 86 LLC,26575,0,25.0,75.0,3,4802850,0,,,1,998081.0,222263.0,40.776726,-73.9500617,9a,
MN,1631,30,111.0,8.0,10029.0,23.0,163 EAST 103 STREET,,V1,11,,PEOPLES BAPTIST CHRCH IN,3028,0,30.0,100.92,5,226350,0,,,1,999029.0,227140.0,40.7901106,-73.9466281,6b,
MN,1072,135,104.0,3.0,10036.0,18.0,605 10 AVENUE,,V1,11,,ALONZO RUDOLPH B,1600,0,25.0,63.75,5,484650,0,,,1,985663.0,216482.0,40.7608694,-73.9948994,8c,
MN,1042,24,104.0,3.0,10019.0,18.0,WEST 51 STREET,,V8,11,X,UNITED STATES POSTAL SERVICE,4183,0,41.67,100.42,5,1102050,0,,,1,988042.0,217421.0,40.763446,-73.9863113,8c,
MN,1041,39,104.0,3.0,10019.0,18.0,WEST 51 STREET,,V1,11,,BLOCK 138 CORP,100,0,0.5,100.42,8,1350,0,,,1,987987.0,217272.0,40.7630371,-73.9865099,8c,
MN,1042,53,104.0,3.0,10019.0,18.0,WEST 52 STREET,,V1,11,,352-52 REALTY LLC,2510,0,20.0,100.5,5,653850,0,,,1,987820.0,217659.0,40.7640993,-73.9871126,8c,
MN,2045,90,110.0,9.0,10039.0,32.0,2805 FREDRICK DOUGLASS BL,,V1,11,,FDB GROUP LLC,1993,0,24.92,80.0,5,202050,0,,,1,1000792.0,240091.0,40.8256543,-73.9402294,6a,
MN,2064,149,109.0,9.0,10031.0,30.0,449 CONVENT AVENUE,,V1,11,X,CREATIVE LOFTS LLC,1503,0,18.0,83.5,5,130950,0,,,1,999782.0,240733.0,40.8274183,-73.9438773,3b,
MN,1171,11,107.0,6.0,10069.0,20.0,WEST 70 STREET,,V1,11,C,CITY OF NEW YORK,20514,0,80.25,256.0,5,450,0,,,1,987652.0,223431.0,40.779942,-73.9877161,8c,
MN,1171,12,107.0,6.0,10069.0,20.0,WEST 70 STREET,,V1,11,C,CITY OF NEW YORK,38150,0,81.0,281.25,5,900,0,,,1,987583.0,223303.0,40.7795907,-73.9879653,8c,
MN,1262,35,105.0,4.0,10036.0,18.0,564 5 AVENUE,,V1,11,,46/47 OWNER LLC,4882,0,52.67,100.0,5,3367350,0,,,1,990023.0,214838.0,40.7563553,-73.9791623,8d,
MN,1262,38,105.0,4.0,10036.0,18.0,572 5 AVENUE,,V1,11,,46/47 OWNER LLC,2500,0,25.0,100.0,5,1736550,0,,,1,990043.0,214891.0,40.7565007,-73.9790901,8d,
MN,1262,37,105.0,4.0,10036.0,18.0,570 5 AVENUE,,V1,11,,46/47 OWNER LLC,2080,0,20.67,100.0,5,1444950,0,,,1,990033.0,214872.0,40.7564486,-73.9791262,8d,
MN,1262,33,105.0,4.0,10036.0,18.0,3 WEST 46 STREET,,V1,11,,"46/47 OWNER LLC, A DELAWARE LLC",2152,0,21.42,100.42,5,1494900,0,,,1,989958.0,214866.0,40.7564322,-73.9793969,8d,
MN,1262,22,105.0,4.0,10036.0,18.0,WEST 46 STREET,,V1,11,,PHAETON REALTY CORP,40,0,1.0,39.5,8,1350,0,,,1,989697.0,215046.0,40.7569264,-73.9803389,8d,
MN,1151,12,107.0,6.0,10019.0,20.0,537 WEST 59 STREET,,V1,11,X,W59TH SHELTER HOUSING DEVELOPMENT FUND C ORPORATION,7560,0,75.0,100.67,5,1035450,0,,,1,987249.0,220289.0,40.7713182,-73.9891727,8c,
MN,1132,22,107.0,6.0,10023.0,20.0,156 WEST 61 STREET,,V1,11,X,FORDHAM UNIVERSITY,10801,0,131.42,108.33,3,10511100,0,,,1,987986.0,220298.0,40.7713426,-73.9865119,8c,
MN,1026,21,105.0,6.0,10019.0,18.0,1708 BROADWAY,,V1,11,,BROADWAY PT 1710 LLC,8848,0,129.5,86.67,3,1552500,0,,,1,989210.0,217685.0,40.76417,-73.9820948,8c,
MN,1231,12,107.0,6.0,10024.0,20.0,WEST 84 STREET,,V1,11,,2307 HOLDINGS LLC,410,0,26.33,16.0,6,17550,0,,,1,990209.0,225997.0,40.7869837,-73.9784811,5d,
MN,1042,52,104.0,3.0,10019.0,18.0,350 WEST 52 STREET,,V1,11,,350 WEST 52 LLC,2510,0,25.0,100.42,5,773550,0,,,1,987842.0,217647.0,40.7640664,-73.9870332,8c,
MN,812,167,105.0,3.0,10018.0,14.0,WEST 37 STREET,,V1,11,,UNAVAILABLE OWNER,98,0,1.0,98.0,8,450,0,,,1,987387.0,213401.0,40.7524124,-73.9886777,8d,
MN,1095,11,104.0,3.0,10036.0,18.0,620 JOE DIMAGGIO HIGHWAY,,V1,11,,"VGLP PROPERTIES, LLC",22150,0,200.83,116.83,3,2925000,0,,,1,984943.0,218001.0,40.7650387,-73.9974983,8c,
MN,1069,1,104.0,3.0,10018.0,10.0,514 11 AVENUE,,V1,11,,SILVERSTEIN MB  LLC,41849,0,436.7,197.6,3,19929150,0,,,1,984653.0,216029.0,40.7596261,-73.9985453,8d,
MN,665,11,104.0,3.0,10018.0,10.0,12 AVENUE,,V1,11,,JMB PROPERTY LLC,43954,0,132.5,150.0,5,1598850,0,,,1,983178.0,216006.0,40.7595629,-74.0038696,8b,
MN,665,111,104.0,3.0,10018.0,10.0,12 AVENUE,,V1,11,X,PALATINE REALTY CORP.,4510,0,132.5,36.0,2,0,0,,,1,983328.0,215920.0,40.7593269,-74.0033281,8b,
MN,1262,31,105.0,4.0,10036.0,18.0,7 WEST 46 STREET,,V1,11,,7 WEST 46TH OWNER LLC,2152,0,21.42,100.42,5,1196100,0,,,1,989920.0,214887.0,40.7564898,-73.9795341,8d,
MN,911,29,106.0,2.0,10016.0,17.0,543 2 AVENUE,,V1,11,,543 2ND REALTY LLC,1540,0,20.0,77.0,3,406350,0,,,1,990366.0,209779.0,40.7424693,-73.9779289,8d,
MN,1347,21,106.0,4.0,10022.0,17.0,347 EAST 54 STREET,,V1,11,,"AURORA DEL MAR, LLC",2008,0,20.0,100.42,5,614250,0,,,1,994013.0,215004.0,40.7568074,-73.9647602,8d,
MN,695,3,104.0,3.0,10011.0,10.0,186 11 AVENUE,,V1,11,,NICK & DUKE,4937,0,4938.0,100.0,5,1539450,0,,,1,982453.0,212177.0,40.7490532,-74.0064856,8b,
MN,220,14,101.0,1.0,10013.0,1.0,63 VARICK STREET,,V1,11,C,NYC DEPARTMENT OF TRANSPORTATION,11053,0,175.0,62.25,3,2106450,0,,,1,982402.0,202378.0,40.7221573,-74.0066669,12a,
MN,226,24,102.0,1.0,10013.0,1.0,CANAL STREET,,V1,11,X,PORT AUTHORITY OF NY AND NJ,3595,0,77.0,22.58,3,684450,0,,,1,982142.0,202960.0,40.7237547,-74.0076051,12a,
MN,225,118,101.0,1.0,10013.0,1.0,CANAL STREET,,V1,11,X,UNAVAILABLE OWNER,105,0,23.67,7.83,3,900,0,,,1,981999.0,202927.0,40.7236641,-74.008121,12a,
MN,708,149,104.0,3.0,10018.0,10.0,WEST 36TH STREET,,V1,11,C,NYC DEPARTMENT OF PARKS AND RECREATION,1729,0,15.06,197.5,0,163350,0,,,1,984442.0,214949.0,40.7566618,-73.999307,8d,
MN,700,36,104.0,3.0,10001.0,10.0,327 10 AVENUE,,V1,11,,"PETER J. FILIBERTO, TRUSTEE",2470,0,24.67,100.0,3,1777050,0,,,1,983746.0,213060.0,40.751477,-74.0018191,8b,
MN,699,37,104.0,3.0,10001.0,10.0,311 10 AVENUE,,V1,11,,"311 10TH AVENUE ASSOCIATES, LLC",2467,0,24.67,100.0,3,210150,0,,,1,983621.0,212836.0,40.7508621,-74.0022702,8b,
MN,738,60,104.0,3.0,10011.0,10.0,336 WEST 15 STREET,,V1,11,,336 WEST 15TH STREET LLC,1528,0,18.75,81.5,5,317250,0,,,1,983254.0,209201.0,40.7408849,-74.0035942,8b,
MN,53,12,101.0,1.0,10006.0,1.0,111 WASHINGTON STREET,,V1,11,,"CARLISLE NEW YORK APARTMENTS, LLC",11255,0,136.92,98.25,3,8145450,0,,,1,980389.0,197506.0,40.7087842,-74.0139263,12b,
MN,176,118,101.0,1.0,10013.0,1.0,WEST BROADWAY,,V1,11,X,UNAVAILABLE OWNER,40,0,0.08,50.0,8,0,0,,,1,982286.0,200846.0,40.7179523,-74.007085,12a,
MN,52,16,101.0,1.0,10006.0,1.0,112 LIBERTY STREET,,V1,11,,HW LIBERTY LLC,6100,0,48.15,113.08,4,1638000,0,,,1,980896.0,197801.0,40.7095941,-74.0120978,12b,
MN,482,9,102.0,1.0,10012.0,5.0,57 CROSBY STREET,,V1,11,,"AKASA HOLDINGS, LLC",2508,0,25.0,100.0,5,775800,0,,,1,984761.0,202353.0,40.7220889,-73.9981565,12c,
MN,2030,38,110.0,9.0,10039.0,32.0,210 WEST 145 STREET,,V1,11,,GOSPEL SPREADING CHUR,12490,0,125.0,99.92,5,1058400,0,,,1,1000857.0,238651.0,40.8217018,-73.9399981,6a,
MN,476,56,102.0,1.0,10013.0,1.0,30 THOMPSON STREET,,V1,11,,30 THOMPSON VENTURES LLC,2726,0,29.0,94.0,5,175500,0,,,1,983155.0,202664.0,40.7229425,-74.0039504,12a,
MN,476,57,102.0,1.0,10013.0,1.0,32 THOMPSON STREET,,V1,11,,THOMPSON VENTURES LLC,2700,0,28.5,94.75,5,180900,0,,,1,983171.0,202689.0,40.7230111,-74.0038927,12a,
MN,595,9,101.0,1.0,10013.0,1.0,536I CANAL STREET,,V1,11,,290 WEST VE LLC,538,0,24.0,22.0,6,45000,0,,,1,981304.0,203344.0,40.7248085,-74.0106286,12a,
MN,162,43,103.0,1.0,10013.0,5.0,2 DOYERS STREET,,V1,11,X,HARRY&JANE FISCHEL FOUND,328,0,9.5,39.0,8,0,0,,,1,984855.0,199540.0,40.7143679,-73.9978176,12d,
MN,702,175,104.0,3.0,10001.0,10.0,530 WEST 33 STREET,,V1,11,X,UNAVAILABLE OWNER,148065,0,206.0,267.0,3,0,0,,,1,983687.0,213962.0,40.7539527,-74.0020321,8b,
MN,833,45,105.0,3.0,10001.0,14.0,316 5 AVENUE,,V1,11,,"5TH AVE GATEWAY LAND, LLC",4938,0,49.38,100.0,3,1381950,0,,,1,988155.0,211486.0,40.7471559,-73.9859068,8d,
MN,863,1,105.0,4.0,10016.0,14.0,335 5 AVENUE,,V1,11,,J.P.K. ASSOCIATES LLC,5628,0,59.25,95.0,3,2720250,0,,,1,988501.0,211716.0,40.747787,-73.984658,8d,
MN,517,14,102.0,1.0,10012.0,1.0,109 WEST HOUSTON STREET,,V1,11,X,CHURCH OF ST ANTHONY PADUA,2498,0,125.33,19.92,3,725850,0,,,1,983897.0,204275.0,40.7273643,-74.0012736,12a,
MN,735,60,104.0,3.0,10018.0,10.0,438 WEST 38 STREET,,V1,11,,LOCKWOOD LTD,2913,0,29.5,98.75,5,893700,0,,,1,985249.0,214879.0,40.7564696,-73.9963941,8d,
MN,735,59,104.0,3.0,10018.0,10.0,436 WEST 38 STREET,,V1,11,,LOCKWOOD LTD,2468,0,25.0,98.75,5,536850,0,,,1,985273.0,214866.0,40.7564339,-73.9963075,8d,
MN,734,10,104.0,3.0,10018.0,10.0,439 WEST 36 STREET,,V1,11,,ZDJ 36 LLC,7406,0,75.0,98.75,5,424800,0,,,1,985034.0,214588.0,40.7556709,-73.9971702,8d,
MN,553,44,102.0,2.0,10011.0,6.0,127 WAVERLY PLACE,,V1,11,,378 SIXTH LLC,51,0,0.05,50.92,8,1170,0,,,1,984367.0,206277.0,40.7328593,-73.9995778,12c,
MN,444,1,103.0,2.0,10003.0,9.0,42 SECOND AVENUE,,V1,11,,SECOND AND SECOND PROPERTY LLC,14019,0,161.92,100.0,3,1629900,0,,,1,987062.0,203444.0,40.725083,-73.9898548,12c,
MN,884,39,106.0,2.0,10016.0,13.0,EAST 28 STREET,,V1,11,,157-161 EAST 28TH STREET LLC,250,0,25.0,10.0,3,390600,0,,,1,989528.0,209658.0,40.7421378,-73.9809531,8d,
MN,509,22,102.0,1.0,10012.0,5.0,49 EAST HOUSTON STREET,,V1,11,,49 EAST HOUSTON LLC,2025,0,23.5,86.42,5,731700,0,,,1,985714.0,203255.0,40.7245646,-73.9947182,12c,
MN,464,31,103.0,2.0,10003.0,9.0,236 EAST 9 STREET,,V1,11,,DROBENKO BROS RLTY INC,1160,0,10.0,56.0,5,296100,0,,,1,987581.0,204985.0,40.7293125,-73.9879816,12c,
MN,487,29,102.0,1.0,10012.0,1.0,144 SPRING STREET,,V1,11,,144 SPRING STREET LLC,1600,0,20.0,80.0,3,554850,0,,,1,983874.0,203072.0,40.7240624,-74.0013565,12a,
MN,694,40,104.0,3.0,10011.0,10.0,512 WEST 23 STREET,,V4,11,P,NEW YORK CENTRAL LINES,12097,0,57.5,197.5,5,3516300,0,,,1,982868.0,211637.0,40.7475711,-74.0049877,8b,
MN,609,12,102.0,3.0,10011.0,6.0,152 WEST 14 STREET,,V1,11,,152 W 14 REALTY LLC,2581,0,25.0,103.25,5,1008000,0,,,1,984431.0,208185.0,40.7380963,-73.9993469,8d,
MN,279,70,103.0,1.0,10038.0,5.0,OLIVER STREET,,V9,11,,RED DOOR KIOSK INC.,198,0,4.62,42.92,5,900,0,,,1,984831.0,199068.0,40.7130724,-73.9979042,12d,
MN,279,72,103.0,1.0,10038.0,5.0,OLIVER STREET,,V1,11,,RED DOOR KIOSK INC.,115,0,4.62,24.79,8,2250,0,,,1,984865.0,199074.0,40.7130888,-73.9977816,12d,
MN,630,137,102.0,3.0,10014.0,6.0,GREENWICH STREET,,V1,11,X,"HINSCH, JONATHAN ADAM PARK",3402,0,20.0,82.92,8,0,0,Greenwich Village Historic District,,1,982299.0,206458.0,40.7333559,-74.0070397,12a,
MN,602,86,102.0,3.0,10014.0,6.0,GREENWICH STREET,,V1,11,,UNAVAILABLE OWNER,2525,0,0.0,0.0,0,503550,0,,,1,982166.0,205525.0,40.730795,-74.0075193,12a,
MN,603,53,102.0,3.0,10014.0,6.0,639 GREENWICH STREET,,V1,11,O,NYC SCHOOL CONSTRUCTION AUTHORITY,8166,0,75.25,105.75,3,3090600,0,,,1,982157.0,205806.0,40.7315663,-74.0075519,12a,
MN,641,5,102.0,3.0,10014.0,6.0,497 WEST STREET,,V1,11,,134 JANE STREET LLC,10255,0,146.5,70.0,3,741150,0,,,1,981665.0,208146.0,40.7379889,-74.009328,8b,
MN,662,7,104.0,3.0,10011.0,10.0,MARGINAL STREET,,V1,11,X,NYS DEPARTMENT OF TRANSPORTATION,319775,0,391.67,824.17,2,1546200,0,,,1,981356.0,210540.0,40.7445597,-74.0104441,8b,
MN,605,44,102.0,3.0,10014.0,6.0,465 HUDSON STREET,,V1,11,X,THE BOARD OF MANAGERS OF THE DIOCESAN MI SSIONARY ETC.,6880,0,79.92,86.0,3,1571850,0,,,1,982336.0,205926.0,40.7318957,-74.0069061,12a,
MN,686,29,104.0,3.0,10011.0,10.0,65 11 AVENUE,,V9,11,X,NYS DEPARTMENT OF TRANSPORTATION,24700,0,206.5,79.67,3,6383700,0,,,1,981952.0,209860.0,40.7426935,-74.0082929,8b,
MN,715,3,104.0,3.0,10011.0,10.0,118 TENTH AVENUE,,V1,11,,B&R TENTH AVENUE LLC,12172,0,124.0,100.0,5,1906650,0,,,1,982501.0,210408.0,40.7441977,-74.0063119,8b,
MN,645,21,102.0,3.0,10014.0,6.0,51 LITTLE WEST 12 ST,,V1,11,,LITTLE W 12TH ST INC.,2581,0,25.0,103.25,5,564750,0,,,1,981954.0,209132.0,40.7406953,-74.0082855,8b,
MN,757,20,104.0,3.0,10001.0,14.0,321 WEST 33 STREET,,V1,11,,BPREP 33/34 PARCEL LLC,2624,0,33.33,78.75,5,1456650,0,,,1,985650.0,213310.0,40.7521631,-73.994947,8d,
MN,735,25,104.0,3.0,10018.0,10.0,9 AVENUE,,V1,11,,ZDJ HUDSON YARDS LLC,8559,0,74.08,109.76,3,2434500,0,,,1,985594.0,214553.0,40.7555748,-73.9951489,8d,
MN,759,41,104.0,3.0,10018.0,14.0,8 AVENUE,,V1,11,,GORE INC C/O WOLFE R,40,0,0.5,80.0,8,450,0,,,1,986167.0,213701.0,40.7532362,-73.9930809,8d,
MN,784,17,105.0,3.0,10001.0,14.0,245 WEST 34 STREET,,V1,11,,HW W 34TH ST LLC,4509,0,45.66,98.75,5,2502900,0,,,1,986422.0,213232.0,40.7519488,-73.9921607,8d,
MN,784,1,105.0,3.0,10001.0,14.0,480 8 AVENUE,,V1,11,,VORNADO NEW YORK RRONE,3505,0,58.42,60.0,3,2062350,0,,,1,986166.0,213348.0,40.7522673,-73.9930846,8d,
MN,784,7,105.0,3.0,10001.0,14.0,265 WEST 34 STREET,,V1,11,,265 WEST 34TH STREET OWNER LLC,1690,0,21.67,78.0,5,1092600,0,,,1,986227.0,213327.0,40.7522096,-73.9928645,8d,
MN,784,4,105.0,3.0,10001.0,14.0,486 8 AVENUE,,V1,11,,486 8TH AVENUE OWNER LLC,1178,0,19.64,60.0,5,424350,0,,,1,986187.0,213385.0,40.7523688,-73.9930088,8d,
MN,882,126,106.0,2.0,10016.0,13.0,LEXINGTON AVENUE,,V1,11,,DR NAGEL,63,0,3.33,19.0,6,450,0,,,1,989038.0,209429.0,40.7415095,-73.9827215,8d,
MN,884,18,105.0,2.0,10016.0,13.0,122 LEXINGTON AVENUE,,V1,11,,120 LEXINGTON AVE. CORP.,1517,0,19.33,78.5,5,558450,0,,,1,989072.0,209931.0,40.7428874,-73.9825985,8d,
MN,884,19,105.0,2.0,10016.0,13.0,124 LEXINGTON AVENUE,,V1,11,,120 LEXINGTON AVE. CORP.,1540,0,19.5,78.5,5,558450,0,,,1,989081.0,209948.0,40.742934,-73.982566,8d,
MN,477,57,102.0,1.0,10013.0,1.0,6 AVENUE,,V1,11,,ARTHUR BLASOF,253,0,3.75,67.58,8,2250,0,,,1,982866.0,203043.0,40.7239827,-74.0049931,12a,
MN,831,49,105.0,3.0,10001.0,14.0,16 WEST 30 STREET,,V1,11,,HFZ KIK 30TH STREET OWNER LLC,2666,0,27.0,98.75,5,1027350,0,,,1,987708.0,211120.0,40.7461515,-73.9875202,8d,
MN,581,45,102.0,3.0,10014.0,6.0,388 HUDSON STREET,,V9,11,C,NYC DEPARTMENT OF ENVIRONMENTAL PROTECTION,25000,0,200.0,125.0,3,8634150,0,,,1,982405.0,204906.0,40.7290961,-74.0066568,12a,
MN,732,50,104.0,3.0,10001.0,10.0,WEST 35 STREET,,V1,11,,419 WEST 34TH STREET DII LLC,4937,0,50.0,98.75,5,1456200,0,,,1,985130.0,214064.0,40.7542327,-73.9968237,8d,
MN,731,22,104.0,3.0,10001.0,10.0,431 WEST 33 STREET,,V1,11,X,PORT AUTHORITY OF NY AND NJ,7406,0,75.0,98.75,5,1665450,0,,,1,984772.0,213808.0,40.75353,-73.9981159,8d,
MN,731,40,104.0,3.0,10001.0,10.0,413 9TH AVENUE,,V1,11,,ROMEO-KILO CORP,9480,0,98.75,100.0,5,186750,0,,,1,985101.0,213646.0,40.7530854,-73.9969285,8d,
MN,731,164,104.0,3.0,10001.0,10.0,WEST 34 STREET,,V1,11,C,NYC DEPARTMENT OF CITYWIDE ADMINISTRATIVE SERVICES,25,0,0.25,98.75,8,1350,0,,,1,984851.0,213880.0,40.7537277,-73.9978308,8d,
MN,455,52,103.0,2.0,10003.0,9.0,327 EAST 13 STREET,,V1,11,,"NYEEI HOUSING COMPANY, INC.",14255,0,138.0,103.25,5,5190300,0,,,1,988616.0,205747.0,40.7314035,-73.9842468,12c,
MN,434,48,103.0,2.0,10009.0,9.0,419 EAST 6 STREET,,V1,11,,"BFAB, LLC",1703,0,18.75,90.83,5,468900,0,,,1,988366.0,203852.0,40.7262024,-73.98515,12c,
MN,489,25,102.0,1.0,10012.0,1.0,83 THOMPSON STREET,,V1,11,,SPRING STREET OWNER LLC,4535,0,66.92,100.0,3,1134321,0,Sullivan-Thompson Historic District,,1,983439.0,203345.0,40.7248117,-74.0029259,12a,
MN,609,39,102.0,3.0,10011.0,6.0,525 AVENUE OF THE AMERICAS,,V1,11,,525 6TH AVE LLC,12900,0,125.0,106.5,5,3146850,0,,,1,984979.0,207883.0,40.7372674,-73.9973694,12c,
MN,707,13,104.0,3.0,10001.0,10.0,537 WEST 35 STREET,,V1,11,X,NYS CONVENTION CENTER DEVELOPMENT CORPORATION,945,0,99.38,15.13,3,156600,0,,,1,984142.0,214800.0,40.7562528,-74.0003898,8d,
MN,863,128,105.0,4.0,10016.0,14.0,EAST 33 STREET,,V1,11,,MARK T FISHMAN,50,0,0.5,98.75,8,1350,0,,,1,989015.0,211454.0,40.7470676,-73.9828031,8d,
MN,864,59,106.0,4.0,10016.0,17.0,EAST 35 STREET,,V1,11,,JOHN M ANDERSON&KAREN FULBRIGHT-ANDERSON  REV TRUST,45,0,0.33,98.75,8,1350,0,,,1,989206.0,211807.0,40.7480364,-73.9821135,8d,
MN,539,70,102.0,2.0,10012.0,6.0,THOMPSON STREET,,V1,11,,UNAVAILABLE OWNER,25,0,0.92,25.0,8,1170,0,,,1,984549.0,205053.0,40.7294998,-73.9989212,12c,
MN,866,71,105.0,4.0,10016.0,14.0,6 EAST 37 STREET,,V1,11,,9 EAST 36TH,4938,0,50.0,98.75,5,2538000,0,,,1,989074.0,212469.0,40.7498535,-73.9825895,8d,
MN,763,46,104.0,3.0,10018.0,14.0,308 WEST 40 STREET,,V1,11,,308 REALTY HOLDING LLC,2469,0,25.0,98.75,5,561150,0,,,1,986572.0,214735.0,40.7560741,-73.9916188,8d,
MN,763,17,104.0,3.0,10018.0,14.0,335 WEST 39 STREET,,V1,11,,"335 WEST 39TH STREETREALTY COMPANY,",2475,0,25.0,98.75,5,137700,0,,,1,986259.0,214794.0,40.7562361,-73.9927485,8d,
MN,708,1,104.0,3.0,10018.0,10.0,438 11 AVENUE,,V1,11,,"438-444 ELEVENTH AVENUE, LLC",40809,0,98.75,283.01,3,10208700,0,,,1,984205.0,215085.0,40.7570351,-74.0001624,8d,
MN,707,1,104.0,3.0,10018.0,10.0,418 11 AVENUE,,V1,11,X,NEW YORK CONVENTION CENTER,49375,0,197.5,250.0,3,21676500,0,,,1,984048.0,214899.0,40.7565246,-74.0007291,8d,
MN,831,29,105.0,3.0,10001.0,14.0,9 WEST 29 STREET,,V1,11,,HFZ KIK 30TH STREET OWNER LLC,2765,0,28.0,98.75,5,1169550,0,,,1,987681.0,211019.0,40.7458743,-73.9876177,8d,
MN,834,68,105.0,4.0,10001.0,14.0,WEST 33 STREET,,V1,11,,LOT 68 WEST 33 STREET LLC,890,0,26.01,67.98,5,598050,0,,,1,987763.0,211938.0,40.7483967,-73.9873213,8d,
MN,831,28,105.0,3.0,10001.0,14.0,11 WEST 29 STREET,,V1,11,,HFZ KIK 30TH STREET OWNER LLC,2469,0,25.0,98.75,5,2073150,0,,,1,987658.0,211031.0,40.7459072,-73.9877007,8d,
MN,571,27,102.0,2.0,10003.0,6.0,126 REAR UNIVERSITY PLACE,,V1,11,,THE NEW SCHOOL,546,0,25.0,21.83,5,13500,0,,,1,986323.0,207068.0,40.7350302,-73.9925199,12c,
MN,2215,680,207.0,10.0,10463.0,52.0,HARLEM RIVER DRIVE,,V1,11,C,NYC DEPARTMENT OF CITYWIDE ADMINISTRATIVE SERVICES,5971,0,500.0,78.0,2,346050,0,,,1,1009410.0,257061.0,40.8722116,-73.9090267,1d,
MN,2189,25,112.0,10.0,10034.0,34.0,WEST 215 STREET,,V1,11,C,NYC DEPARTMENT OF SMALL BUSINESS SERVICES,4297,0,69.5,100.25,9,42750,0,,,1,1008643.0,255453.0,40.8678003,-73.9118058,3c,
MN,2215,65,208.0,10.0,10463.0,50.0,170 WEST 225 STREET,,V1,11,,168 W. 225TH LLC,24550,0,189.47,100.0,5,2406150,0,,,1,1008283.0,258297.0,40.8756072,-73.9130972,1b,
MN,2214,1,112.0,10.0,10034.0,34.0,5094 BROADWAY,,V1,11,,THE TRUSTEES OF COLUMBIA UNIV. IN THE CI TY OF NY,17655,0,129.5,141.92,3,186300,0,,,1,1008193.0,256697.0,40.8712159,-73.9134284,1b,
MN,572,41,102.0,2.0,10011.0,6.0,14 5 AVENUE,,V1,11,,FIFTH AVENUE OWNERS GROUP LLC,5255,0,52.5,100.0,5,760500,0,Greenwich Village Historic District,,1,985229.0,206202.0,40.7326534,-73.9964676,12c,
MN,944,9,106.0,4.0,10016.0,17.0,EAST 38 STREET,,V9,11,X,MTA - BRIDGES AND TUNNELS,8200,0,41.58,197.5,5,2277900,0,,,1,991741.0,211522.0,40.7472524,-73.9729649,8d,
MN,920,28,106.0,4.0,10016.0,17.0,729 2ND AVENUE,,V1,11,,NEW SECOND AVENUE OWNER LLC,10763,0,123.44,105.0,3,2245500,0,,,1,991532.0,211889.0,40.7482599,-73.9737188,8d,
MN,944,53,106.0,4.0,10016.0,17.0,EAST 39 STREET,,V1,11,,ARCHSTONE EAST 39TH STREET LAND LLC,467,0,10.5,44.5,8,2250,0,,,1,991589.0,211696.0,40.7477301,-73.9735133,8d,
MN,919,12,106.0,4.0,10016.0,17.0,EAST 38 STREET,,V9,11,X,MTA - BRIDGES AND TUNNELS,8596,0,42.83,197.5,4,2535750,0,,,1,991123.0,211864.0,40.7481916,-73.9751949,8d,
MN,917,32,106.0,4.0,10016.0,17.0,2 AVENUE,,V9,11,,S & M ENTERPRISES,2247,0,6.75,333.0,8,25200,0,,,1,990963.0,211361.0,40.7468111,-73.9757729,8d,
MN,632,1,102.0,3.0,10014.0,6.0,685 WASHINGTON STREET,,V1,11,,"WASHINGTON 685,",2217,0,51.0,61.17,3,627750,0,,,1,981959.0,206786.0,40.7342561,-74.0082666,12a,
MN,735,35,104.0,3.0,10018.0,10.0,9 AVENUE,,V1,11,,ZDJ HUDSON YARDS LLC,7922,0,74.08,93.83,0,2253150,0,,,1,985658.0,214660.0,40.7558685,-73.9949179,8d,
MN,515,14,102.0,1.0,10012.0,1.0,477 WEST BROADWAY,,V1,11,,BLDG 03 LLC,925,0,18.5,50.0,5,236250,0,,,1,984283.0,204019.0,40.7266617,-73.9998809,12c,
MN,709,14,104.0,3.0,10018.0,10.0,545 WEST 37 STREET,,V1,11,,PANORAMIC HUDSON LLC,17281,0,75.0,98.75,5,6558300,0,,,1,984404.0,215299.0,40.7576225,-73.9994441,8d,
MN,641,1,102.0,3.0,10014.0,6.0,489 WEST STREET,,V1,11,,489 WEST STREET PARTNERS LLC,1826,0,22.58,80.0,3,591300,0,,,1,981626.0,208029.0,40.7376678,-74.0094687,12a,
MN,407,39,103.0,2.0,10009.0,9.0,543 EAST 13 STREET,,V1,11,,DORA COLLAZO PLAZA IMITED PARTNERSHIP,2581,0,25.0,103.25,5,678150,0,,,1,990117.0,204915.0,40.729119,-73.9788317,12c,
MN,1262,30,105.0,4.0,10036.0,18.0,11 WEST 46 STREET,,V1,11,,46/47 OWNER LLC,2151,0,21.42,100.42,5,1195650,0,,,1,989883.0,214908.0,40.7565475,-73.9796676,8d,
MN,1262,130,105.0,4.0,10036.0,18.0,9 WEST 46 STREET,,V1,11,,9 WEST 46TH OWNER LLC,2151,0,21.42,100.42,5,1195650,0,,,1,989902.0,214897.0,40.7565173,-73.979599,8d,
MN,1262,45,105.0,4.0,10036.0,18.0,10 WEST 47 STREET,,V1,11,,46/47 OWNER LLC,6451,0,64.25,100.42,5,6412500,0,,,1,989913.0,215008.0,40.7568219,-73.9795592,8d,
MN,92,10,101.0,1.0,10038.0,1.0,57 ANN STREET,,V1,11,,57 ANN ST RLTY ASSOCS,10925,0,53.42,115.5,5,1134450,0,,,1,982469.0,198098.0,40.7104098,-74.0064241,12b,
MN,30,4,101.0,1.0,10004.0,1.0,78 PEARL STREET,,V1,11,,SHAA ASSOCIATES LLC,2291,0,29.5,77.67,5,2676150,0,,,1,981405.0,195674.0,40.7037562,-74.0102609,12b,
MN,25,7,101.0,1.0,10004.0,1.0,43 BROAD STREET,,V1,11,,MADISON 45 BROAD DEVELOPMENT LLC,13202,0,63.44,128.12,5,15075000,2012,,,1,981208.0,196324.0,40.7055402,-74.0109717,12b,
MN,751,20,104.0,3.0,10001.0,10.0,341 8TH AVENUE,,V1,11,,MUTUAL REDEVELOPMENT HOUSES INC,40261,0,163.0,247.0,0,690300,0,,,1,984966.0,211686.0,40.7477057,-73.9974159,8d,
MN,774,173,104.0,3.0,10001.0,10.0,WEST 25 STREET,,V1,11,,"CHABAD YOUNG PROFESSIONALS, INC.",161,0,15.0,10.75,6,900,0,,,1,985111.0,211022.0,40.7458831,-73.9968927,8d,
MN,171,5,101.0,1.0,10013.0,5.0,358 BROADWAY,,V1,11,,FRANKLIN BROADWAY HOLDINGS LLC,9555,20,28.0,175.0,5,603000,1900,,,1,983366.0,200513.0,40.7170385,-74.0031889,12a,
MN,98,1,101.0,1.0,10038.0,1.0,304 PEARL STREET,,V1,11,,"250 SEAPORT DISTRICT, LLC",47880,0,333.0,190.42,1,8274150,0,,,1,983507.0,197296.0,40.7082086,-74.0026799,12b,
MN,95,35,101.0,1.0,10038.0,1.0,50-58 CLIFF STREET,,V1,11,,SMH DEVELOPMENT LLC,6172,0,82.13,77.25,3,1205100,0,,,1,983132.0,197409.0,40.7085187,-74.0040325,12b,
MN,377,71,103.0,2.0,10009.0,9.0,EAST 7 STREET,,V1,11,,7C GARDEN CORP,882,0,17.75,48.75,5,246150,0,,,1,990208.0,203085.0,40.7240961,-73.978505,12c,
MN,73,28,103.0,1.0,10002.0,,MARGINAL STREET,,V1,11,C,NYC DEPARTMENT OF SMALL BUSINESS SERVICES,9650,0,183.5,52.75,5,2366100,0,,,1,984495.0,197214.0,40.7079836,-73.9991163,12d,
MN,226,21,102.0,1.0,10013.0,1.0,CANAL STREET,,V1,11,,NEW REMAINDERMAN 1 HUDSON SQUARE LLC,861,0,23.17,71.08,5,162000,0,,,1,982172.0,202930.0,40.7236724,-74.0074969,12a,
MN,637,21,102.0,3.0,10014.0,6.0,156 PERRY STREET,,V1,11,,156 PERRY STREET PARTNERS LLC,6426,0,20.0,79.67,5,4421700,0,,,1,981752.0,206886.0,40.7345305,-74.0090136,12a,
MN,1483,121,108.0,5.0,10021.0,19.0,FDR DRIVE,,V1,11,,NY SOCIETY FOR THE RELIEF OF THE RUPTURE D & CRIPPL,57,0,15.93,3.58,0,4500,0,,,1,997629.0,218103.0,40.7653086,-73.951702,9a,
MN,1480,113,108.0,5.0,10065.0,19.0,F D R DRIVE,,V1,11,X,THE ROCKEFELLER UNIVERSITY,56,0,3.5,17.0,8,1350,0,,,1,997018.0,217211.0,40.7628612,-73.9539094,9a,
MN,1480,114,108.0,5.0,10065.0,19.0,F D R DRIVE,,V1,11,X,THE ROCKEFELLER UNIVERSITY,56,0,3.5,17.0,8,1350,0,,,1,996964.0,217132.0,40.7626444,-73.9541044,9a,
MN,1483,123,108.0,5.0,10021.0,19.0,FDR DRIVE,,V1,11,,NY SOCIETY FOR THE RELIEF OF THE RUPTURE D & CRIPPL,47,0,13.01,3.58,0,4050,0,,,1,997656.0,218143.0,40.7654184,-73.9516044,9a,
MN,1483,111,108.0,5.0,10021.0,19.0,FDR DRIVE,,V1,11,,NY SOCIETY FOR THE RELIEF OF THE RUPTURE D & CRIPPL,13,0,5.5,2.5,0,1170,0,,,1,997563.0,218187.0,40.7655393,-73.9519401,9a,
MN,1480,119,108.0,5.0,10065.0,19.0,F D R DRIVE,,V1,11,X,THE ROCKEFELLER UNIVERSITY,56,0,3.5,17.0,8,1350,0,,,1,996643.0,216745.0,40.7615827,-73.9552639,9a,
MN,1483,110,108.0,5.0,10021.0,19.0,FDR DRIVE,,V1,11,,NY SOCIETY FOR THE RELIEF OF THE RUPTURE D & CRIPPL,10,0,3.51,2.94,0,1170,0,,,1,997579.0,218208.0,40.7655969,-73.9518823,9a,
MN,1483,112,108.0,5.0,10021.0,19.0,FDR DRIVE,,V1,11,,NY SOCIETY FOR THE RELIEF OF THE RUPTURE D & CRIPPL,13,0,5.5,2.5,0,1170,0,,,1,997549.0,218165.0,40.7654789,-73.9519906,9a,
MN,479,50,102.0,1.0,10012.0,5.0,BROOME STREET,,V1,11,C,NYC DEPARTMENT OF CITYWIDE ADMINISTRATIVE SERVICES,55,0,0.5,103.0,8,450,0,,,1,985541.0,201647.0,40.720151,-73.9953427,12c,
MN,923,35,106.0,2.0,10003.0,13.0,305 FIRST AVENUE,,V1,11,,305 FIRST AVE OWNER LLC,7360,0,92.0,80.0,3,2283300,0,,,1,989470.0,206616.0,40.7337883,-73.9811648,12c,
MN,124,9,101.0,1.0,10007.0,1.0,21 PARK PLACE,,V1,11,,"21 PARK PLACE, NY L.P.",1917,0,25.33,76.0,5,1311750,0,,,1,981861.0,199123.0,40.713223,-74.0086175,12b,
MN,79,6,101.0,1.0,10038.0,1.0,75 NASSAU STREET,,V1,11,,"LEXIN NASSAU PARTNERS, LLC",5240,0,51.67,105.95,5,2790450,0,,,1,981923.0,197902.0,40.7098717,-74.0083935,12b,
MN,79,4,101.0,1.0,10038.0,1.0,79 NASSAU STREET,,V1,11,,"LEXIN NASSAU PARTNERS, LLC",5320,0,51.25,105.95,5,2747700,0,,,1,981951.0,197943.0,40.7099842,-74.0082925,12b,
MN,79,3,101.0,1.0,10038.0,1.0,83 NASSAU STREET,,V1,11,,"LEXIN NASSAU PARTNERS, LLC",2625,0,25.0,109.73,5,3388500,0,,,1,981972.0,197974.0,40.7100693,-74.0082167,12b,
MN,79,27,101.0,1.0,10038.0,1.0,140 FULTON STREET,,V1,11,,140 FULTON ASSOCIATES LLC,5612,0,25.17,108.0,5,4156650,0,,,1,981903.0,198066.0,40.7103218,-74.0084657,12b,
MN,830,69,105.0,3.0,10001.0,13.0,36 WEST 29 STREET,,V1,11,,40 WEST 29 LLC,6419,0,65.0,98.75,5,1878300,0,,,1,987199.0,211106.0,40.7461133,-73.9893572,8d,
MN,64,106,101.0,1.0,10038.0,1.0,LIBERTY PLACE,,V1,11,C,NYC TRANSIT AUTHORITY,66,0,3.5,19.27,8,1350,0,,,1,981668.0,197590.0,40.7090152,-74.0093131,12b,
MN,64,21,101.0,1.0,10038.0,1.0,10 MAIDEN LANE,,V1,11,,"10-12 MLANE, LLC",3241,0,45.42,88.0,5,1498950,0,,,1,981622.0,197709.0,40.7093419,-74.0094791,12b,
MN,528,186,102.0,3.0,10014.0,6.0,49 DOWNING STREET,,V1,11,,UNAVAILABLE OWNER,40,0,8.8,10.0,8,1170,0,,,1,983060.0,204946.0,40.729206,-74.0042936,12a,
MN,171,7,101.0,1.0,10013.0,5.0,360 BROADWAY,,V1,11,,65 FRANKLIN LLC,6443,0,56.0,115.08,3,3432600,0,,,1,983323.0,200567.0,40.7171867,-74.003344,12a,
MN,174,135,101.0,1.0,10013.0,1.0,BROADWAY,,V1,11,,353-357 BROADWAY LLC,161,0,3.0,66.0,6,450,0,,,1,983009.0,200664.0,40.7174529,-74.0044768,12a,
MN,996,49,105.0,4.0,10036.0,14.0,136 WEST 44 STREET,,V1,11,,136 W44TH ST MIRROR LLC,3515,0,35.0,100.42,5,1892250,0,,,1,988472.0,214914.0,40.7565647,-73.9847606,8d,
MN,1262,39,105.0,4.0,10036.0,18.0,574 5 AVENUE,,V1,11,,46/47 OWNER LLC,2500,0,25.0,100.0,5,1736550,0,,,1,990056.0,214914.0,40.7565638,-73.9790432,8d,
MN,1262,42,105.0,4.0,10036.0,18.0,2 WEST 47 STREET,,V1,11,,"46/47 OWNER LLC, A DELAWARE LLC",8610,0,85.75,100.42,5,4598100,0,,,1,989979.0,214971.0,40.7567203,-73.979321,8d,
MN,800,9,104.0,3.0,10011.0,13.0,157 WEST 24 STREET,,V1,11,,157 WEST 24TH STREET LODGING LLC,2057,0,20.83,98.75,5,1032300,0,,,1,985787.0,210594.0,40.7447083,-73.9944532,8d,
MN,1260,4,105.0,4.0,10036.0,14.0,1150 AVENUE OF THE AMERICAS,,V1,11,,MONEAL 1150 OWNER LLC,7375,0,60.42,125.0,5,5126400,914,,,1,989076.0,214825.0,40.7563201,-73.9825805,8d,
MN,1260,45,105.0,4.0,10036.0,14.0,8 WEST 45TH STREET,,V1,11,,8-16 WEST 45TH STREET LLC,9239,0,92.0,100.42,5,1877850,0,,,1,989659.0,214554.0,40.755576,-73.9804764,8d,
MN,1676,48,111.0,8.0,10029.0,23.0,304 EAST 105 STREET,,V1,11,,304 E 105 ST LLC,2523,0,25.0,100.92,5,234450,0,,,1,1000157.0,226933.0,40.7895404,-73.942555,6b,
MN,1675,9,111.0,8.0,10029.0,23.0,311 EAST 103 STREET,,V1,11,X,EXODUS SCHOOL,2523,0,25.0,100.92,5,234450,0,,,1,1000069.0,226564.0,40.7885278,-73.9428737,6b,
MN,1622,35,111.0,9.0,10035.0,25.0,1644 PARK AVENUE,,V1,11,,SPANISH CHRISTIAN CHURCH,2273,0,25.25,90.0,5,362250,0,,,1,999921.0,230645.0,40.7997293,-73.9433986,6b,
MN,1635,49,111.0,8.0,10029.0,23.0,152 EAST 108 STREET,,V1,11,,"152-156 REALTY ASSOCIATES,",1430,0,22.75,73.5,5,170550,0,,,1,999458.0,228284.0,40.7932498,-73.9450763,6b,
MN,1635,150,111.0,8.0,10029.0,23.0,1731 LEXINGTON AVENUE,,V1,11,,108 LEXINGTON OPERATING LLC,1083,0,16.67,65.0,5,105300,0,,,1,999422.0,228312.0,40.7933267,-73.9452062,6b,
MN,1682,3,111.0,8.0,10029.0,23.0,2150 2 AVENUE,,V1,11,,HARLEM VISTA LLC,2500,0,25.0,100.0,5,491400,0,,,1,1000839.0,228296.0,40.7932803,-73.9400887,6b,
MN,1631,32,111.0,8.0,10029.0,23.0,167 EAST 103 STREET,,V1,11,,PEOPLES BAPTIST CHRCH IN,2523,0,25.0,100.92,5,194400,0,,,1,999075.0,227115.0,40.7900419,-73.946462,6b,
MN,1655,121,111.0,8.0,10029.0,23.0,2 AVENUE,,V1,11,,KAMELA PROPERTIES CORP,2354,0,24.42,94.0,3,53045,0,,,1,999990.0,227163.0,40.790172,-73.9431576,6b,
MN,1655,19,111.0,8.0,10029.0,23.0,249 EAST 105 STREET,,V1,11,,BFC 105TH STREET LLC,1640,0,16.25,100.92,5,191700,0,,,1,999935.0,227237.0,40.7903752,-73.943356,6b,
MN,1637,22,111.0,8.0,10029.0,23.0,153 EAST 109 STREET,,V1,11,,CARITAS DEVELOPMENT L,2523,0,25.0,100.92,5,256500,0,,,1,999619.0,228655.0,40.7942678,-73.9444939,6b,
MN,1674,104,111.0,8.0,10029.0,23.0,303 EAST 102 STREET,,V1,11,C,NYC HOUSING PRESERVATION AND DEVELOPMENT,1898,0,25.0,75.92,5,264600,0,,,1,999824.0,226387.0,40.7880424,-73.9437588,6b,
MN,1643,33,111.0,8.0,10029.0,25.0,2102 3 AVENUE,,V1,11,,"STARWOOD GROUP,",3420,0,47.67,71.75,3,80100,0,,,1,1000673.0,229836.0,40.7975074,-73.9406845,6b,
MN,1819,100,111.0,8.0,,,F D R DRIVE,,V8,11,X,OGS BUREAU OF LAND MANAGEMENT,84000,0,40.0,2100.0,5,5080950,0,,,1,1008485.0,227580.0,40.7912974,-73.9124778,6b,
MN,1183,134,107.0,6.0,10023.0,20.0,WEST END AVENUE,,V1,11,,"ROMAW, ALAN",100,0,1.0,100.0,8,1350,0,,,1,988434.0,223319.0,40.7796343,-73.9848926,8c,
MN,1265,40,105.0,4.0,10020.0,18.0,WEST 49 STREET,,V1,11,X,"RCPI LANDMARK PROPERTIES,",12050,0,60.0,200.83,5,0,0,,INDIVIDUAL LANDMARK,1,990152.0,215712.0,40.7587541,-73.9786959,8d,
MN,1162,57,107.0,6.0,10023.0,20.0,256 WEST 71 STREET,,V1,11,C,NYC DEPARTMENT OF PARKS AND RECREATION,1674,0,16.67,100.42,5,343800,0,,,1,988585.0,222948.0,40.7786159,-73.9843476,8c,
MN,1171,128,107.0,6.0,10069.0,20.0,RIVERSIDE BOULEVARD,,V1,11,C,NYC DEPARTMENT OF TRANSPORTATION,36798,0,323.0,265.0,4,450,0,,,1,987490.0,222861.0,40.7783776,-73.9883013,8c,
MN,676,1,104.0,3.0,10001.0,10.0,WEST 30 STREET,,V1,11,,WRY TENANT LLC,147064,0,800.0,196.65,5,25475400,0,,,1,982844.0,214035.0,40.754153,-74.0050748,8b,
MN,676,5,104.0,3.0,10001.0,10.0,WEST 33 STREET,,V1,11,X,MTA - LIRR,424528,0,800.0,538.26,5,0,0,,,1,983031.0,214336.0,40.7549792,-74.0043999,8b,
MN,728,69,104.0,3.0,10001.0,10.0,358 10 AVENUE,,V1,11,,MCCOURT PARTNERS LLC,25775,0,98.75,100.0,3,17405100,0,,,1,984177.0,213332.0,40.7522236,-74.0002635,8d,
MN,1272,69,105.0,4.0,10019.0,18.0,54 WEST 57 STREET,,V1,11,,5657 REALTY CORP,2513,0,25.0,100.42,5,1868850,0,,,1,990682.0,217568.0,40.763848,-73.9767811,8c,
MN,1272,7,105.0,4.0,10019.0,18.0,57 WEST 56 STREET,,V1,11,,5657 REALTY CORP,2510,0,25.0,100.42,5,1020600,0,,,1,990652.0,217463.0,40.7635598,-73.9768895,8c,
MN,1272,5,105.0,4.0,10019.0,18.0,61 WEST 56 STREET,,V1,11,,"5657 REALTY CORP.,",4600,0,46.0,100.42,5,3405600,0,,,1,990621.0,217480.0,40.7636065,-73.9770014,8c,
MN,1272,70,105.0,4.0,10019.0,18.0,56 WEST 57 STREET,,V1,11,,5657 REALTY CORP.,2500,0,25.0,100.42,5,1859400,0,,,1,990661.0,217579.0,40.7638782,-73.9768569,8c,
MN,1026,29,105.0,6.0,10019.0,18.0,842 SEVENTH AVENUE,,V1,11,,201 W 54 LLC,7542,0,75.42,100.0,3,4399650,0,,,1,989338.0,217581.0,40.7638845,-73.9816328,8c,
MN,2170,26,112.0,10.0,10033.0,34.0,653 WEST 187 STREET,,V1,11,,653 WEST 187 LLC,1582,0,16.67,94.92,5,153900,0,,,1,1002914.0,250412.0,40.8539782,-73.9325333,3a,
MN,2170,28,112.0,10.0,10033.0,34.0,657 WEST 187 STREET,,V1,11,,187 STREET MAZAL LLC,1582,0,16.67,94.92,5,153900,0,,,1,1002885.0,250428.0,40.8540222,-73.9326381,3a,
MN,2170,383,112.0,10.0,10040.0,34.0,WADSWORTH TERRACE,,V1,11,,COZY TERRACE LLC,13000,0,260.0,50.0,5,1241550,0,,,1,1002927.0,250752.0,40.8549114,-73.9324854,3a,
MN,2170,29,112.0,10.0,10033.0,34.0,659 WEST 187 STREET,,V1,11,,187 STREET MAZAL LLC,1582,0,16.67,94.92,5,153900,0,,,1,1002871.0,250435.0,40.8540415,-73.9326887,3a,
MN,2154,18,112.0,10.0,10033.0,34.0,552 WEST 182 STREET,,V1,11,,KASSAB OF W 182 LLC,1260,0,18.0,70.0,5,54900,0,,,1,1002989.0,248691.0,40.8492544,-73.932267,3a,
MN,1171,64,107.0,6.0,10069.0,20.0,WEST END AVENUE,,V1,11,,BROADCOM WEST,7050,0,187.83,0.0,5,72000,0,,,1,987158.0,221613.0,40.7749523,-73.9895006,8c,
MN,1171,69,107.0,6.0,10069.0,20.0,WEST 63 STREET,,V1,11,C,CITY OF NEW YORK/DOT,7050,0,187.83,0.0,5,68850,0,,,1,987194.0,221562.0,40.7748123,-73.9893707,8c,
MN,1171,73,107.0,6.0,10069.0,20.0,WEST 63 STREET,,V1,11,C,NYC DEPARTMENT OF TRANSPORTATION,3500,0,40.72,0.0,5,88200,0,,,1,987119.0,221392.0,40.7743457,-73.9896415,8c,
MN,1216,165,107.0,6.0,10024.0,20.0,WEST 86 STREET,,V1,11,,UNAVAILABLE OWNER,140,0,4.67,30.0,5,450,0,,,1,991688.0,225790.0,40.7864144,-73.9731404,5d,
MN,2240,27,112.0,10.0,10034.0,34.0,COOPER STREET,,V1,11,,"COOPER DEVELOPMENT,",5000,0,50.0,100.0,5,483750,0,,,1,1005671.0,255679.0,40.8684283,-73.9225505,3a,
MN,2240,25,112.0,10.0,10034.0,34.0,COOPER STREET,,V1,11,,60 COOPER ST CORP,5000,0,50.0,100.0,5,458550,0,,,1,1005716.0,255700.0,40.8684858,-73.9223877,3a,
MN,1171,251,107.0,6.0,10023.0,20.0,RIVERSIDE BOULEVARD,,V1,11,,SENIOR LIVING OPTIONS INC,27566,0,66.0,425.5,3,18,0,,,1,986660.0,221122.0,40.7736034,-73.9913001,8c,
MN,1171,273,107.0,6.0,10069.0,20.0,RIVERSIDE BOULEVARD,,V1,11,,SENIOR LIVING OPTIONS INC,17966,0,183.33,248.03,0,12,0,,,1,987034.0,221200.0,40.7738186,-73.9899482,8c,
MN,1171,9,107.0,6.0,10069.0,20.0,MILLER HIGHWAY,,V1,11,C,NYC DEPARTMENT OF PARKS AND RECREATION,16917,0,199.0,105.0,5,8695800,0,,,1,987308.0,222670.0,40.7778534,-73.9889586,8c,
MN,1171,61,107.0,6.0,10069.0,20.0,WEST END AVENUE,,V1,11,,125 WEST END ASSOCIATES LLC,48580,0,304.5,144.11,5,11532150,0,,,1,987353.0,221800.0,40.7754655,-73.9887965,8c,
MN,1171,162,107.0,6.0,10069.0,20.0,101 WEST END AVENUE,,V1,11,C,NYC DEPARTMENT OF TRANSPORTATION,10984,0,29.0,376.0,4,900,0,,,1,987345.0,221654.0,40.7750648,-73.9888254,8c,
MN,1299,37,106.0,4.0,10017.0,17.0,710 3 AVENUE,,V1,11,,710 THIRD AVENUE PARTNERS LLC,2375,0,25.0,95.0,5,2008350,0,,,1,991577.0,213447.0,40.7525362,-73.9735547,8d,
MN,1020,59,105.0,3.0,10019.0,18.0,244 WEST 49 STREET,,V1,11,,GORJIAN REALTY LLC,8034,0,80.0,100.42,5,1702350,0,,,1,988081.0,216620.0,40.7612474,-73.986171,8c,
MN,2174,160,112.0,10.0,10040.0,34.0,DYCKMAN STREET,,V1,11,,114-118 DYCKMAN REALTY LLC,400,0,4.0,100.0,8,2250,0,,,1,1004868.0,253369.0,40.86209,-73.9254609,3a,
MN,2174,159,112.0,10.0,10040.0,34.0,DYCKMAN STREET,,V1,11,,"ALDEBOT, LUZ",400,0,4.0,100.0,8,2250,0,,,1,1004866.0,253373.0,40.862101,-73.9254682,3a,
MN,1083,10,104.0,6.0,10019.0,18.0,539 WEST 54 STREET,,V1,11,,539 WEST 54TH STREET LLC,12552,0,125.0,100.42,5,1714050,0,,,1,986577.0,219125.0,40.7681235,-73.9915992,8c,
MN,2180,87,112.0,10.0,10033.0,34.0,4261 BROADWAY,,V1,11,,BLDG MECOX LLC,22100,0,150.42,141.0,3,1650150,0,,,1,1001962.0,249180.0,40.8505987,-73.9359779,3a,
MN,2156,19,112.0,10.0,10033.0,34.0,2506 AMSTERDAM AVENUE,,V1,11,X,YESHIVA UNIVERSITY,2500,0,25.0,100.0,5,189000,0,,,1,1003700.0,249076.0,40.8503096,-73.929696,3a,
MN,2170,400,112.0,10.0,10040.0,34.0,44 FAIRVIEW AVENUE,,V1,11,,4452 BROADWAY OWNER LLC,16217,0,202.42,132.0,5,1083150,0,,,1,1003075.0,251298.0,40.8564097,-73.9319489,3a,
MN,2170,30,112.0,10.0,10033.0,34.0,661 WEST 187 STREET,,V1,11,,187 STREET MAZAL LLC,1582,0,16.67,94.92,5,153900,0,,,1,1002856.0,250444.0,40.8540662,-73.9327429,3a,
MN,2170,32,112.0,10.0,10040.0,34.0,667 WEST 187 STREET,,V1,11,,187 STREET MAZAL LLC,4496,0,50.0,89.92,5,432900,0,,,1,1002810.0,250466.0,40.8541267,-73.9329091,3a,
MN,2184,100,112.0,10.0,10040.0,34.0,WEST 201 ST,,V1,11,,DSBS,15170,0,60.41,272.02,5,932400,0,,,1,1006572.0,252491.0,40.859676,-73.9193035,3a,
MN,2164,52,112.0,10.0,10033.0,34.0,206 WADSWORTH AVENUE,,V1,11,,CAERUS WADSWORTH 184 LLC,14988,0,99.92,150.0,5,1319400,0,,,1,1002464.0,249536.0,40.8515748,-73.9341624,3a,
MN,2180,93,112.0,10.0,10033.0,34.0,4271 BROADWAY,,V1,11,,BLDG MECOX LLC,3250,0,31.58,110.25,5,232650,0,,,1,1002013.0,249263.0,40.8508264,-73.9357933,3a,
MN,2200,15,112.0,10.0,10034.0,34.0,416 WEST 204 STREET,,V1,11,,"CONSOLIDATED EDISON CO.OF N.Y.,INC.",14988,0,150.0,99.92,5,1476900,0,,,1,1006578.0,253287.0,40.8618607,-73.9192791,3a,
MN,2185,10,112.0,10.0,10034.0,34.0,WEST 204 STREET,,V1,11,C,NYC DEPARTMENT OF SMALL BUSINESS SERVICES,35865,0,138.0,203.0,2,4070250,0,,,1,1007024.0,252994.0,40.8610554,-73.9176677,3a,
MN,2149,8,112.0,10.0,10033.0,34.0,2461 AMSTERDAM AVENUE,,V1,11,,2461 AMSTERDAM I LLC,3550,0,36.0,100.0,5,262800,0,,,1,1003599.0,248490.0,40.8487014,-73.9300628,3b,
MN,2156,142,112.0,10.0,10033.0,34.0,6 WASHINGTON TERRACE,,V1,11,,YESHIVA UNIVERSITY,1109,0,17.75,62.5,5,158400,0,,,1,1003695.0,249471.0,40.8513938,-73.9297129,3a,
MN,2170,355,112.0,10.0,10040.0,34.0,WADSWORTH TERRACE,,V1,11,,"SMITH, JOE",170,0,2.42,84.58,8,2250,0,,,1,1003608.0,251529.0,40.8570426,-73.9300215,3a,
MN,2156,41,112.0,10.0,10033.0,34.0,2 WASHINGTON TERRACE,,V1,11,,CFIP CORP,1109,0,17.75,62.5,3,181350,0,,,1,1003713.0,249502.0,40.8514788,-73.9296478,3a,
MN,2237,16,112.0,10.0,10034.0,34.0,CUMMING STREET,,V1,11,,INWOOD HT EQUITIES LLC,18102,0,157.5,120.0,3,558900,0,,,1,1004489.0,255023.0,40.8666306,-73.9268261,3a,
MN,1784,25,111.0,8.0,10035.0,25.0,2331 2 AVENUE,,V1,11,X,PECORA GROUP DEVELOPMENT LLC,2071,0,25.25,82.0,5,314550,0,,,1,1001863.0,230526.0,40.799399,-73.9363847,6b,
MN,1667,29,111.0,8.0,10035.0,25.0,238 EAST 118 STREET,,V1,11,,"DEAN GROUP,",5046,0,50.0,100.92,5,528300,0,,,1,1001542.0,230148.0,40.7983621,-73.9375451,6b,
MN,1784,9,111.0,8.0,10035.0,25.0,217 EAST 119 STREET,,V1,11,,B&D EAST 119 STREET REALTY LLC,5046,0,50.0,100.92,5,544500,0,,,1,1001525.0,230638.0,40.7997071,-73.9376052,6b,
MN,1689,130,111.0,8.0,10035.0,25.0,312 EAST 118 STREET,,V1,11,,BRIJA FRANK,832,0,16.5,50.42,5,135900,0,,,1,1002247.0,229786.0,40.7973671,-73.9349997,6b,
MN,1689,129,111.0,8.0,10035.0,25.0,314 EAST 118 STREET,,V1,11,,"BRIJA, ISA",832,0,16.5,50.42,5,135900,0,,,1,1002261.0,229778.0,40.7973452,-73.9349492,6b,
MN,1711,125,111.0,8.0,10035.0,25.0,EAST 118 STREET,,V1,11,,UPPER E SIDE COM DEV CRP,456,0,20.25,22.5,5,900,0,,,1,1002778.0,229414.0,40.796345,-73.9330829,6b,
MN,1815,13,111.0,8.0,10035.0,25.0,521 EAST 118 STREET,,V1,11,,TIAGO PARKING HOLDINGS LLC,2061,0,20.42,100.92,5,164700,0,,,1,1003370.0,229317.0,40.7960775,-73.9309451,6b,
MN,448,5,103.0,2.0,10003.0,9.0,112 2 AVENUE,,V1,11,,"THE MINISTER, ELDERS, AND DEACONS OF THE  REFORMED",6500,0,52.0,125.0,5,634500,0,East Village / Lower East Side Historic District,,1,987600.0,204376.0,40.7276409,-73.9879134,12c,
MN,463,33,103.0,2.0,10003.0,9.0,123 2 AVENUE,,V1,11,,"123 SECOND AVE, CORP.",2500,0,25.0,100.0,5,656550,0,East Village / Lower East Side Historic District,,1,987503.0,204629.0,40.7283354,-73.9882632,12c,
MN,1666,23,111.0,8.0,10035.0,25.0,2269 2 AVENUE,,V1,11,X,EL CEMI HOUSING DEVELOPMENT FUND CORP,1800,0,20.0,90.0,5,369000,0,,,1,1001465.0,229821.0,40.7974648,-73.937824,6b,
MN,1667,120,111.0,8.0,10035.0,25.0,247 EAST 117 STREET,,V1,11,,247 E 117 STREET LLC,4162,0,55.0,75.67,5,769950,0,,,1,1001531.0,230021.0,40.7980136,-73.9375851,6b,
MN,240,30,103.0,1.0,10038.0,5.0,SOUTH STREET,,V9,11,C,NYC DEPARTMENT OF SMALL BUSINESS SERVICES,8225,0,150.83,55.0,5,2016900,0,,,1,984705.0,197367.0,40.7084035,-73.9983589,12d,
MN,275,2,103.0,1.0,10002.0,5.0,127 MADISON STREET,,V1,11,C,NYC DEPARTMENT OF TRANSPORTATION,116,0,8.67,30.0,8,2250,0,,,1,985953.0,198845.0,40.7124601,-73.9938571,12d,
MN,2024,122,110.0,9.0,10030.0,32.0,WEST 138 STREET,,V1,11,,"JOHN, AMANDA",1199,0,12.0,99.92,8,13500,0,,,1,999983.0,237241.0,40.8178334,-73.9431592,6a,
MN,2023,43,110.0,9.0,10030.0,32.0,WEST 138 STREET,,V1,11,,"PICKENS, JAMES E",1199,0,12.0,99.92,8,6300,0,,,1,999896.0,237110.0,40.817474,-73.9434738,6a,
MN,1995,40,109.0,7.0,10027.0,26.0,614 WEST 125 STREET,,V1,11,X,THE TRUSTEES OF COLUMBIA UNIVERSITY IN T HE CITY OF,13975,0,125.67,150.0,5,465750,0,,,1,995535.0,236624.0,40.8161467,-73.9592302,5c,
MN,1998,29,109.0,7.0,10027.0,26.0,3259 BROADWAY,,V1,11,X,TRUSTEES OF COLUMBIA UNIVERSITY IN THE C ITY OF NEW,19983,0,199.83,100.0,3,2291850,0,,,1,996125.0,237311.0,40.8180315,-73.9570974,5c,
MN,1984,50,109.0,7.0,10027.0,26.0,WEST 126 STREET,,V1,11,C,NYC DEPARTMENT OF CITYWIDE ADMINISTRATIVE SERVICES,3306,0,57.33,117.42,5,303750,0,,,1,996180.0,236512.0,40.8158384,-73.9569001,5c,
MN,1622,36,111.0,9.0,10035.0,25.0,1646 PARK AVENUE,,V1,11,,"MURAMATSU, KAORU DEMLER",2272,0,25.25,90.0,5,72000,0,,,1,999933.0,230668.0,40.7997924,-73.9433552,6b,
MN,1852,40,107.0,7.0,10025.0,24.0,WEST 97 STREET,,V1,11,,PWV OWNER LLC,29824,0,165.0,180.75,5,6680700,0,,,1,993336.0,229174.0,40.795701,-73.9671847,5d,
MN,1852,9,107.0,7.0,10025.0,24.0,WEST 97 STREET,,V1,11,,CF PWV LLC,58575,0,312.0,165.0,5,13121550,0,,,1,993259.0,228928.0,40.7950259,-73.9674631,5d,
MN,440,4,103.0,2.0,10009.0,9.0,206 GARAGE 1 AVENUE,,V1,11,,407 CONDOMINIUM C/O K,592,0,0.0,0.0,6,149400,0,,,1,988988.0,205284.0,40.7301325,-73.9829049,12c,
MN,389,16,103.0,2.0,10009.0,9.0,EAST 7 STREET,,V1,11,,196 EAST 7TH STREET LLC,2275,0,25.0,90.83,5,831150,0,,,1,989648.0,203249.0,40.7245466,-73.9805252,12c,
MN,1865,10,109.0,7.0,10025.0,26.0,AMSTERDAM AVENUE,,V1,11,X,THE CATHEDRAL CHURCH OF ST. JOHN THE DIV INE,7000,0,294.83,0.0,6,1422000,0,,,1,994787.0,232253.0,40.8041504,-73.9619394,5d,
MN,1996,56,109.0,7.0,10027.0,26.0,651 WEST 125 STREET,,V1,11,X,THE TRUSTEES OF COLUMBIA UNIVERSITY,13492,0,111.58,120.92,5,1908900,0,,,1,995419.0,237167.0,40.8176372,-73.9596483,5c,
MN,1998,3,109.0,7.0,10027.0,26.0,2307 JOE DIMAGGIO HIGHWAY,,V1,11,X,TRUSTEES OF COLUMBIA UNIVERSITY IN THE C ITY OF NEW,6992,0,69.92,100.0,5,989100,0,,,1,995513.0,237610.0,40.818853,-73.959308,5c,
MN,1998,1,109.0,7.0,10027.0,26.0,2301 JOE DIMAGGIO HIGHWAY,,V1,11,X,TRUSTEES OF COLUMBIA UNIVERSITY IN THE C ITY OF NEW,3000,0,30.0,100.0,3,298800,0,,,1,995489.0,237567.0,40.818735,-73.9593948,5c,
MN,1996,14,109.0,7.0,10027.0,26.0,637 WEST 125 STREET,,V1,11,,THE TRUSTEES OF COLUMBIA UNIVERSITY,23707,0,166.73,195.2,4,3324600,0,,,1,995516.0,237077.0,40.8173901,-73.959298,5c,
MN,1994,59,109.0,7.0,10027.0,26.0,179 CLAREMONT AVENUE,,V1,11,,TRUSTEES OF COLUMBIA UNIVERSITY,2500,0,25.0,100.0,5,382050,0,,,1,995075.0,235993.0,40.8144153,-73.960893,5c,
MN,1807,5,111.0,8.0,10035.0,25.0,EAST 119 STREET,,V1,11,,"MALU PROPERTIES, INC.",8569,0,85.0,100.92,5,768150,0,,,1,1002723.0,229975.0,40.7978849,-73.93328,6b,
MN,1754,141,111.0,9.0,10037.0,25.0,68 EAST 130 STREET,,V1,11,,"MS II TP4 HOUSING DEVELOPMENT FUND COMPA NY, INC.",1665,0,16.67,99.92,5,153900,0,,,1,1001567.0,233760.0,40.808276,-73.9374455,6a,
MN,1754,142,111.0,9.0,10037.0,25.0,64 EAST 130 STREET,,V1,11,,"MS II TP4 HOUSING DEVELOPMENT FUND COMPA NY, INC.",1665,0,16.67,99.92,5,153900,0,,,1,1001537.0,233776.0,40.80832,-73.9375538,6a,
MN,2071,53,109.0,7.0,10031.0,30.0,HAMILTON PLACE,,V1,11,,"ROGERS, MATT C/DEPRA FERNANDES THE ROGERS FERNANDES FAMILY TRUST ET AL",1040,0,17.67,61.67,5,117900,0,,,1,997603.0,238981.0,40.8226131,-73.9517543,6a,
MN,1957,27,109.0,9.0,10027.0,26.0,ST NICHOLAS AVENUE,,V5,11,X,NY STATE DORM AUTH,6919,0,58.0,122.0,6,792450,0,,,1,997621.0,236962.0,40.8170715,-73.9516933,6a,
MN,1959,53,110.0,9.0,10030.0,32.0,316 WEST 135 STREET,,V1,11,,MT ARARAT BAPTIST CH,2068,0,24.83,99.92,5,147150,0,,,1,998748.0,236813.0,40.8166607,-73.947622,6a,
MN,1830,56,110.0,9.0,10026.0,28.0,270 WEST 115 STREET,,V1,11,O,NYC HOUSING AUTHORITY,2523,0,25.0,100.92,5,234450,0,,,1,996661.0,231908.0,40.8032011,-73.9551709,6b,
MN,885,6,105.0,2.0,10016.0,14.0,103 EAST 29 STREET,,V1,11,,"MONTANA REAL ESTATE, INC.",3761,0,45.0,98.75,5,945000,0,,,1,988956.0,210304.0,40.7439112,-73.9830169,8d,
MN,1967,5,109.0,7.0,10027.0,26.0,WEST 126 STREET,,V1,11,,FACTORY ACQUISITION LLC,1608,0,29.75,61.92,4,315000,0,,,1,996823.0,235524.0,40.8131258,-73.954579,6a,
MN,1969,104,109.0,7.0,10027.0,26.0,AMSTERDAM AVENUE,,V1,11,,"AMSTERDAM CONVENT REALTY ASSOCIATES, LIM ITED",342,0,19.08,36.17,6,450,0,,,1,996885.0,236287.0,40.8152199,-73.9543536,6a,
MN,884,59,106.0,2.0,10016.0,13.0,132 EAST 29 STREET,,V1,11,,WEXINGTON ROSEHILL LLC,1975,0,20.0,98.75,5,414450,0,,,1,989308.0,209936.0,40.7429009,-73.9817468,8d,
MN,1847,33,110.0,9.0,10026.0,28.0,WEST 113 STREET,,V1,11,,YAKUT LLC,1682,0,16.67,100.92,5,303750,0,,,1,995950.0,231703.0,40.8026394,-73.9577394,5d,
MN,1828,10,110.0,9.0,10026.0,28.0,255 WEST 112 STREET,,V1,11,C,NYC DEPARTMENT OF EDUCATION,12312,0,122.0,100.92,5,1163700,0,,,1,996418.0,231326.0,40.801604,-73.9560497,6b,
MN,1829,111,110.0,9.0,10026.0,28.0,261 WEST 113 STREET,,V1,11,O,NYC HOUSING AUTHORITY,1817,0,18.0,100.92,5,168750,0,,,1,996533.0,231561.0,40.8022488,-73.9556339,6b,
MN,1976,19,109.0,7.0,10027.0,26.0,517 WEST 121 STREET,,V1,11,X,TEACHERS COLLEGE COLUMBIA UNIVERITY,12000,0,50.0,191.83,5,1780650,0,,,1,995398.0,234696.0,40.810855,-73.9597283,5c,
MN,2101,130,109.0,7.0,10027.0,30.0,WEST 155 STREET,,V9,11,C,NYC DEPARTMENT OF ENVIRONMENTAL PROTECTION,1870,0,60.5,137.0,5,450,0,,,1,996086.0,239009.0,40.8226921,-73.9572353,5c,
MN,2001,2,109.0,7.0,10031.0,30.0,RIVERSIDE DRIVE,,V1,11,C,NYC DEPARTMENT OF CITYWIDE ADMINISTRATIVE SERVICES,666,0,9.25,75.0,8,7650,0,,,1,995880.0,238283.0,40.8206997,-73.9579809,5c,
MN,1952,41,110.0,9.0,10027.0,28.0,WEST 126 STREET,,V1,11,,313-315 WEST 125TH STREET L.L.C.,4162,0,46.33,89.83,5,903150,0,,,1,997623.0,234761.0,40.8110304,-73.9516905,6a,
MN,1953,123,110.0,9.0,10027.0,28.0,WEST 126 STREET,,V1,11,,319 W 126 LLC,1665,0,16.67,99.92,5,287100,0,,,1,997691.0,234899.0,40.811409,-73.9514445,6a,
MN,1950,128,110.0,9.0,10027.0,28.0,WEST 123 STREET,,V1,11,,"258 SAINT NICHOLAS AVENUE,",836,0,16.67,50.17,5,187650,0,,,1,997405.0,234087.0,40.8091807,-73.9524793,6a,
MN,1958,58,110.0,9.0,10027.0,32.0,ST NICHOLAS AVENUE,,V1,11,X,"HP GENESIS Y15 HOUSING DEVELOPMENT FUND  CO., INC.",3063,0,24.5,125.0,5,435600,0,,,1,998390.0,236014.0,40.8144683,-73.9489171,6a,
MN,1831,63,110.0,9.0,10026.0,28.0,2140 FREDRICK DOUGLASS BL,,V1,11,,BATIA REALTY CORP,2546,0,25.46,100.0,5,324900,0,,,1,996637.0,232204.0,40.8040135,-73.9552571,6b,
MN,1998,38,109.0,7.0,10027.0,26.0,602 WEST 132 STREET,,V1,11,,TRUSTEES OF COLUMBIA UNIVERSITY IN THE C ITY OF NEW,4996,0,50.0,99.92,5,181800,0,,,1,996082.0,237391.0,40.8182512,-73.9572526,5c,
MN,1683,50,111.0,8.0,10029.0,23.0,2174 2 AVENUE,,V1,11,,"COAKLEY, SEAN P.",1875,0,25.0,75.0,5,325350,0,,,1,1001004.0,228618.0,40.7941637,-73.939492,6b,
MN,1896,38,109.0,7.0,10025.0,26.0,WEST 114 STREET,,V1,11,X,ST. HILDA'S AND ST. HUGH'S SCHOOL,1542,0,22.0,70.11,5,430650,0,,,1,993713.0,233559.0,40.8077363,-73.9658169,5c,
MN,1927,3,110.0,9.0,10027.0,28.0,2262 8 AVENUE,,V1,11,,"SUN STAR REAL ESTATE DEVELOPMENT 2021B, LLC",2400,0,24.25,100.0,5,354600,0,,,1,997381.0,233549.0,40.8077041,-73.952567,6a,
MN,1944,42,110.0,9.0,10026.0,28.0,314 WEST 118 STREET,,V1,11,,2173 EQUITIES LLC,2018,0,20.0,100.92,5,187200,0,,,1,996585.0,232893.0,40.8059047,-73.9554436,6a,
MN,1947,41,110.0,9.0,10027.0,28.0,310 WEST 121 STREET,,V1,11,,MLMG ASSOCIATES LLC,2725,0,27.0,100.92,5,223200,0,,,1,996967.0,233580.0,40.8077898,-73.9540625,6a,
MN,1912,61,110.0,9.0,10027.0,32.0,2159 ADAM C POWELL BLVD,,V1,11,,FAMOUS INDUSTRIES INC,2319,0,30.92,75.0,3,243450,0,,,1,999017.0,234617.0,40.8106329,-73.946655,6a,
MN,1845,50,107.0,7.0,10025.0,24.0,CATHEDRAL PARKWAY,,V1,11,,UNAVAILABLE OWNER,1548,0,192.0,15.0,8,900,0,,,1,995619.0,230992.0,40.8006883,-73.9589362,5d,
MN,1955,7,110.0,9.0,10027.0,32.0,305 WEST 128 STREET,,V1,11,,ORANGE BRICK GARAGECORP,9992,0,50.0,199.84,4,1248750,0,,,1,998076.0,235342.0,40.8126243,-73.9500528,6a,
MN,1831,2,110.0,9.0,10026.0,28.0,2136 FREDERICK DOUGLASS BOULEVARD,,V1,11,,"2136 FREDERICK DOUGLASS BOULEVARD, LLC",10000,0,100.0,100.0,5,319050,0,,,1,996588.0,232116.0,40.8037721,-73.9554342,6b,
MN,1943,127,110.0,9.0,10026.0,28.0,WEST 116 STREET,,V1,11,,"SINGLETON, MARCHALLJR",2,0,3.14,1.42,8,1305,0,,,1,996502.0,232581.0,40.8050485,-73.955744,6a,
MN,1944,5,110.0,9.0,10026.0,28.0,WEST 117 STREET,,V1,11,X,"MORNINGSIDE PARC HOMEOWNERS ASSOCIATION,  INC",2523,0,25.0,100.92,5,0,0,,,1,996136.0,233025.0,40.8062676,-73.9570653,5c,
MN,2050,164,109.0,9.0,10031.0,30.0,ST NICHOLAS AVENUE,,V1,11,,"O'BRYAN, CHARLES ELLIOTT",2001,0,86.92,25.5,6,22050,0,,,1,999091.0,238850.0,40.8222512,-73.9463783,6a,
MN,1895,68,109.0,7.0,10025.0,26.0,618 WEST 114 STREET,,V1,11,,TRUSTEES OF COLUMBIA UNIVERSITY,2523,0,25.0,100.92,5,652950,0,,,1,993669.0,233268.0,40.8069376,-73.9659763,5c,
MN,2089,14,109.0,7.0,10031.0,30.0,RIVERSIDE DRIVE,,V1,11,,SOMA 142 LLC,1680,0,91.42,41.92,5,141300,0,,,1,997151.0,239969.0,40.8253256,-73.9533855,6a,
MN,1940,126,110.0,9.0,10030.0,32.0,209 WEST 134 STREET,,V1,11,,ABYSSINIAN CULTURAL BUILDING CORP,1699,0,17.0,99.92,5,238500,0,,,1,999559.0,236240.0,40.8150867,-73.9446933,6a,
MN,1940,8,110.0,9.0,10030.0,32.0,261 WEST 134 STREET,,V4,11,C,NYC POLICE DEPARTMENT,4696,0,47.0,99.92,5,381600,0,,,1,999168.0,236457.0,40.8156829,-73.9461054,6a,
MN,1969,6,109.0,7.0,10027.0,26.0,487 WEST 129 STREET,,V1,11,,487 W 129TH ST PERMANENT HOUSING DEV FUN D CORP,9878,0,97.5,99.92,0,2338650,0,,,1,996986.0,236237.0,40.8150825,-73.9539888,6a,
MN,1967,89,109.0,7.0,10027.0,26.0,460 WEST 128 STREET,,V1,11,,J128 LLC,24366,0,200.33,99.0,5,1696050,0,,,1,996850.0,235776.0,40.8138174,-73.954481,6a,
MN,1969,78,109.0,7.0,10027.0,26.0,498 WEST 130 STREET,,V1,11,,"130 LENOX, INC.",1246,0,25.0,49.83,5,141300,0,,,1,996925.0,236361.0,40.8154229,-73.9542089,6a,
MN,1950,55,109.0,9.0,10027.0,26.0,4 HANCOCK PLACE,,V1,11,,"FAISON, GEORGE",3051,0,39.42,83.58,5,216900,0,,,1,997048.0,234405.0,40.8100541,-73.9537683,6a,
MN,1996,61,109.0,7.0,10027.0,26.0,663 WEST 125 STREET,,V1,11,X,THE TRUSTEES OF COLUMBIA UNIVERSITY,5025,0,139.42,71.25,3,760050,0,,,1,995343.0,237237.0,40.8178294,-73.9599228,5c,
MN,1220,49,107.0,6.0,10024.0,24.0,136 WEST 90 STREET,,V1,11,C,NYC DEPARTMENT OF PARKS AND RECREATION,10070,0,100.0,100.0,5,1028250,0,,,1,991996.0,226920.0,40.7895157,-73.9720269,5d,
MN,1754,67,111.0,9.0,10037.0,25.0,6 EAST 130 STREET,,V1,11,,PHILADELPHIA COMM. SE,1665,0,16.67,99.92,5,154350,0,,,1,1001012.0,234069.0,40.8091252,-73.9394495,6a,
MN,1754,61,111.0,9.0,10037.0,25.0,24 EAST 130 STREET,,V1,11,,PHILADEPHIA COMMUNITY,1665,0,16.67,99.92,5,154350,0,,,1,1001142.0,233995.0,40.8089219,-73.9389801,6a,
MN,1753,108,111.0,9.0,10035.0,25.0,13 EAST 128 STREET,,V1,11,,128 STREET DEVELOPERS LLC,1932,0,19.33,99.92,5,134100,0,,,1,1000886.0,233724.0,40.8081785,-73.9399055,6a,
MN,1754,167,111.0,9.0,10037.0,25.0,4 EAST 130 STREET,,V1,11,,PHILADELPHIA COMM. SE,1665,0,16.67,99.92,5,154350,0,,,1,1000996.0,234077.0,40.8091472,-73.9395073,6a,
MN,1122,37,107.0,6.0,10023.0,20.0,8 WEST 70 STREET,,V1,11,X,TRUST CONG SHEARITH I,6427,0,64.0,100.42,3,1484550,0,Upper West Side / Central Park West Historic District,,1,990442.0,221620.0,40.7749698,-73.9776437,8c,
MN,1966,141,109.0,7.0,10027.0,26.0,461 WEST 125 STREET,,V1,11,,TSTY 125TH STREET LLC,2500,0,25.0,100.0,0,342000,0,,,1,996538.0,235515.0,40.8131015,-73.9556086,6a,
MN,1967,9,109.0,7.0,10027.0,26.0,429 WEST 126 STREET,,V1,11,,423 COLUMBIA REALTY LLC,1200,0,28.17,75.0,5,198000,0,,,1,996859.0,235462.0,40.8129555,-73.9544491,6a,
MN,1953,46,110.0,9.0,10027.0,28.0,ST NICHOLAS AVENUE,,V1,11,,319 W 126 LLC,1649,0,16.71,98.96,5,284850,0,,,1,997676.0,234965.0,40.8115902,-73.9514986,6a,
MN,1451,106,108.0,5.0,10021.0,19.0,EAST 76 STREET,,V1,11,,EAST EGG ASSOCIATES,253,0,3.0,84.17,8,2250,0,,,1,996495.0,220313.0,40.7713761,-73.9557917,9a,
MN,1879,140,107.0,7.0,10025.0,24.0,WEST 108 STREET,,V1,11,,SKEPPLE EDWIN,101,0,0.4,100.92,8,450,0,,,1,993750.0,231427.0,40.8018845,-73.9656863,5d,
MN,1914,146,110.0,9.0,10027.0,32.0,132 WEST 130 STREET,,V1,11,,"132 WEST 130TH, LLC",1749,0,17.5,99.92,5,22950,0,Central Harlem West -- 130-132nd Street Historic District,,1,999590.0,234854.0,40.8112824,-73.9445845,6a,
MN,1941,27,110.0,9.0,10030.0,32.0,203 WEST 135 STREET,,V1,11,C,NYC HOUSING PRESERVATION AND DEVELOPMENT,2498,0,25.0,99.92,5,193950,0,,,1,999717.0,236496.0,40.815789,-73.944122,6a,
MN,1943,25,110.0,9.0,10026.0,28.0,311 WEST 116 STREET,,V1,11,,388 MANHATTAN AVE CORP             C/O Y UCO MANGERMENT INC.,2523,0,25.0,100.92,5,234450,0,,,1,996445.0,232555.0,40.8049772,-73.95595,6a,
MN,1865,41,109.0,7.0,10025.0,26.0,CATHEDRAL PARKWAY,,V1,11,,"AVB MORNINGSIDE PARK, LLC",7040,0,157.11,51.0,5,1138500,0,,,1,994943.0,231514.0,40.8021219,-73.961377,5d,
MN,2023,142,110.0,9.0,10030.0,32.0,WEST 138 STREET,,V1,11,,214 WEST 138TH STREE,1199,0,12.0,99.92,8,6300,0,,,1,999905.0,237104.0,40.8174575,-73.9434413,6a,
MN,1944,40,110.0,9.0,10026.0,28.0,310 WEST 118 STREET,,V1,11,,2173 EQUITIES LLC,2523,0,25.0,100.92,5,234450,0,,,1,996622.0,232873.0,40.8058498,-73.95531,6a,
MN,1730,19,110.0,9.0,10037.0,32.0,WEST 134 STREET,,V1,11,X,CATHOLIC CHARITIES ETAL,5675,0,167.0,214.83,5,422550,0,,,1,1000947.0,235311.0,40.8125343,-73.9396812,6a,
MN,1807,122,111.0,8.0,10035.0,25.0,451 EAST 119 STREET,,V1,11,,HOLY ROSARY CHURCH,3835,0,38.0,100.92,5,396450,0,,,1,1003061.0,229787.0,40.7973682,-73.9320598,6b,
MN,1720,2,110.0,9.0,10027.0,28.0,204 LENOX AVENUE,,V1,11,,"130 LENOX, INC.",1600,0,20.0,80.0,5,151200,0,,,1,998836.0,232430.0,40.8046305,-73.9473136,6a,
MN,1791,46,111.0,8.0,10035.0,25.0,2321 3 AVENUE,,V9,11,C,NYC HOUSING PRESERVATION AND DEVELOPMENT,6983,0,69.83,100.0,3,750150,0,,,1,1002274.0,232346.0,40.8043936,-73.9348954,6b,
MN,1937,65,110.0,9.0,10027.0,32.0,FREDERICK DOUGLASS BOULEVARD,,V1,11,,2460 FDB LP,7765,0,100.0,84.3,0,79650,0,,,1,998713.0,235948.0,40.8142866,-73.9477503,6a,
MN,1730,7,110.0,9.0,10037.0,32.0,73 WEST 132 STREET,,V1,11,,"73-77 WEST 132ND STREET HOLDINGS, LLC",5620,0,56.25,99.92,5,499050,0,,,1,1000478.0,235138.0,40.8120603,-73.941376,6a,
MN,1729,61,110.0,9.0,10037.0,32.0,64 WEST 132 STREET,,V1,11,,EAST 132ND ST LLC,1874,0,18.75,99.92,5,231300,0,,,1,1000496.0,234948.0,40.8115388,-73.9413114,6a,
MN,1784,102,111.0,8.0,10035.0,25.0,3 AVENUE,,V1,11,,19 CRESCENT CORP,25,0,0.25,66.83,8,1305,0,,,1,1001389.0,230687.0,40.7998418,-73.9380963,6b,
MN,1795,116,111.0,8.0,10035.0,25.0,EAST 118 STREET,,V1,11,,"FOUNDATION DR GEORGINA FALU, INC.",1682,0,16.67,100.92,5,189450,0,,,1,1002152.0,229992.0,40.7979327,-73.9353423,6b,
MN,1795,11,111.0,8.0,10035.0,25.0,317 EAST 118 STREET,,V1,11,X,PROJECT LINKAGE HOUSING DEVELOPMENT FUND  CORP,2523,0,25.0,100.92,5,273150,0,,,1,1002053.0,230047.0,40.7980839,-73.9356997,6b,
MN,1795,3,111.0,8.0,10035.0,25.0,2306 2 AVENUE,,V1,11,,"FROM , AARON",2160,0,27.0,80.0,5,433350,0,,,1,1001866.0,230169.0,40.7984191,-73.9363748,6b,
MN,1786,35,111.0,8.0,10035.0,25.0,232 EAST 122 STREET,,V1,11,,CLARKE PATRICK,1901,0,18.83,100.92,5,195300,0,,,1,1001949.0,231121.0,40.801032,-73.9360725,6b,
MN,1796,2,111.0,8.0,10035.0,25.0,2324 2 AVENUE,,V1,11,,2324 2ND AVE LLC,1875,0,25.0,75.0,5,397350,0,,,1,1001977.0,230374.0,40.7989816,-73.9359734,6b,
MN,1784,26,111.0,8.0,10035.0,25.0,2333 2 AVENUE,,V1,11,X,PECORA GROUP DEVELOPMENT LLC,2071,0,25.25,82.0,5,314550,0,,,1,1001875.0,230548.0,40.7994594,-73.9363413,6b,
MN,1788,19,111.0,8.0,10035.0,25.0,245 EAST 123 STREET,,V1,11,,245 EAST 123RD STREET LLC,2725,0,27.0,100.92,5,174600,0,,,1,1002246.0,231436.0,40.8018959,-73.9349989,6b,
MN,1784,28,111.0,8.0,10035.0,25.0,2337 2 AVENUE,,V1,11,X,PECORA GROUP DEVELOPMENT LLC,2064,0,25.17,82.0,3,314100,0,,,1,1001900.0,230593.0,40.7995828,-73.9362509,6b,
MN,1784,27,111.0,8.0,10035.0,25.0,2335 2 AVENUE,,V1,11,X,PECORA GROUP DEVELOPMENT LLC,2071,0,25.25,82.0,5,314550,0,,,1,1001887.0,230570.0,40.7995197,-73.9362979,6b,
MN,2024,10,110.0,9.0,10030.0,32.0,WEST 138 STREET,,V1,11,C,"COHEN REVOCABLE TRUST, LISA W",1199,0,12.0,99.92,8,13500,0,,,1,999707.0,237394.0,40.8182538,-73.944156,6a,
MN,2024,110,110.0,9.0,10030.0,32.0,WEST 138 STREET,,V1,11,,"251W138, LLC",1199,0,12.0,99.92,8,13500,0,,,1,999717.0,237388.0,40.8182373,-73.9441199,6a,
MN,2023,154,110.0,9.0,10030.0,32.0,WEST 138 STREET,,V1,11,,"SHAW, EULALEE",1199,0,12.0,99.92,8,13500,0,,,1,999641.0,237250.0,40.8178587,-73.9443948,6a,
MN,1901,156,110.0,9.0,10026.0,28.0,WEST 117 STREET,,V1,11,X,MALCOLM SHABAZZ GARDENS HOMEOWNERS ASSOC . INC.,1405,0,13.92,100.92,5,0,0,,,1,997715.0,231969.0,40.8033669,-73.9513637,6b,
MN,1901,150,110.0,9.0,10026.0,28.0,WEST 117 STREET,,V1,11,X,MALCOLM SHABAZZ GARDENS HOMEOWNERS ASSOC . INC.,1497,0,14.83,100.92,5,0,0,,,1,997848.0,231895.0,40.8031636,-73.9508835,6b,
MN,1824,21,110.0,9.0,10026.0,28.0,113 WEST 114 STREET,,V1,11,C,NYC HOUSING PRESERVATION AND DEVELOPMENT,2649,0,26.25,100.92,5,206100,0,,,1,997657.0,231239.0,40.8013634,-73.9515747,6b,
MN,1724,117,110.0,9.0,10027.0,28.0,43 WEST 126 STREET,,V1,11,,"ANNETTE B. CARTER, AS TRUSTEE",2082,0,20.83,99.92,5,184050,0,,,1,999941.0,233654.0,40.8079881,-73.9433193,6a,
MN,1728,9,110.0,9.0,10037.0,32.0,61 WEST 130 STREET,,V1,11,C,NYC HOUSING PRESERVATION AND DEVELOPMENT,1998,0,20.0,99.92,5,202500,0,,,1,1000264.0,234662.0,40.8107542,-73.9421502,6a,
MN,1727,51,110.0,9.0,10037.0,32.0,28 WEST 130 STREET,,V1,11,,NINA JUSTINIANO,2498,0,25.0,99.92,5,182700,0,Individual Landmark,INDIVIDUAL LANDMARK,1,1000464.0,234371.0,40.8099552,-73.9414284,6a,
MN,1773,20,111.0,8.0,10035.0,25.0,EAST 125 STREET,,V1,11,X,METROPOLITAN TRANSPORTATION AUTHORITY,36228,0,220.1,179.6,3,2288700,0,,,1,1001611.0,232147.0,40.8038487,-73.9372907,6b,
MN,1907,5,110.0,9.0,10027.0,28.0,WEST 122 STREET,,V1,11,,"ABJ MILANO, LLC",1875,0,18.58,100.92,5,264150,0,,,1,998355.0,233291.0,40.8069945,-73.9490492,6a,
MN,1806,46,111.0,8.0,10035.0,25.0,2316 1 AVENUE,,V1,11,,2316 FIRST LLC,1413,0,22.08,64.0,3,219150,0,,,1,1002577.0,229920.0,40.7977343,-73.9338075,6b,
MN,2030,49,110.0,9.0,10039.0,32.0,WEST 145 STREET,,V1,11,,B WOLF PETROLEUM CP,37,0,0.38,99.92,8,1170,0,,,1,1000656.0,238764.0,40.8220124,-73.9407241,6a,
MN,1666,105,111.0,8.0,10029.0,25.0,205 EAST 116 STREET,,V1,11,,DLRMD REALTY CO,3014,0,30.0,100.92,5,790650,0,,,1,1001037.0,230010.0,40.7979843,-73.9393694,6b,
MN,1666,5,111.0,8.0,10029.0,25.0,207 EAST 116 STREET,,V1,11,,DLRMD REALTY CO,3028,0,30.0,100.92,5,346950,0,,,1,1001061.0,229997.0,40.7979486,-73.9392827,6b,
MN,1643,129,111.0,8.0,10029.0,25.0,EAST 115 STREET,,V1,11,,"PRUITT, KEVIN",329,0,20.29,14.17,6,2250,0,,,1,1000555.0,229976.0,40.7978919,-73.9411103,6b,
MN,1947,145,110.0,9.0,10027.0,28.0,502 MANHATTAN AVENUE,,V1,11,,510 MANHATTAN AFFORDABLE HOUSING LP,1781,0,18.75,95.0,5,150300,0,,,1,996882.0,233624.0,40.8079107,-73.9543694,6a,
MN,1895,63,109.0,7.0,10025.0,26.0,WEST 114 STREET,,V1,11,,TRUSTEES OF COLUMBIA UNIVERSITY,2592,0,25.92,100.0,5,670500,0,,,1,993779.0,233207.0,40.80677,-73.965579,5c,
MN,1608,58,111.0,8.0,10029.0,23.0,22 EAST 103 STREET,,V1,11,X,THE MOUNT SINAI HOSPITAL,2523,0,25.0,100.92,5,681300,0,,,1,997717.0,227687.0,40.791614,-73.9513651,6b,
MN,1608,57,111.0,8.0,10029.0,23.0,24 EAST 103 STREET,,V1,11,X,THE MOUNT SINAI HOSPITAL,2523,0,25.0,100.92,5,681300,0,,,1,997740.0,227674.0,40.7915783,-73.951282,6b,
MN,1822,59,110.0,9.0,10026.0,28.0,144 WEST 113 STREET,,V1,11,X,"GATEWAY PROPERTIES L.P.,",2044,0,20.25,100.92,5,0,0,,,1,997127.0,231052.0,40.8008509,-73.9534894,6b,
MN,1795,49,111.0,8.0,10035.0,25.0,308 EAST 119 STREET,,V1,11,,308 EAST 119TH STREET LLC,2018,0,20.0,100.92,5,218700,0,,,1,1001987.0,230200.0,40.798504,-73.9359377,6b,
MN,1785,29,111.0,8.0,10035.0,25.0,2357 2 AVENUE,,V1,11,X,ODYSSEY HOUSE INC,2013,0,25.17,80.0,3,532800,0,,,1,1002028.0,230822.0,40.8002111,-73.935788,6b,
MN,1953,47,110.0,9.0,10027.0,28.0,ST NICHOLAS AVENUE,,V1,11,,319 W 126 LLC,1377,0,16.72,85.97,5,241200,0,,,1,997662.0,234953.0,40.8115573,-73.9515492,6a,
MN,1953,20,110.0,9.0,10027.0,28.0,322 ST NICHOLAS AVENUE,,V1,11,,319 W 126 LLC,1848,0,30.37,75.24,3,343800,0,,,1,997605.0,234929.0,40.8114915,-73.9517551,6a,
MN,1709,111,111.0,8.0,10029.0,25.0,427 EAST 115 STREET,,V1,11,,HOPE EAST OF FIFTH HOUSING DEVELOPMENT F UND CO INC,1113,0,25.0,58.13,5,94050,0,,,1,1002312.0,228927.0,40.7950093,-73.9347673,6b,
MN,1912,60,110.0,9.0,10027.0,32.0,166 WEST 128 STREET,,V1,11,,FAMOUS INDUSTRIES INC,3747,0,37.5,99.92,5,264150,0,,,1,999050.0,234559.0,40.8104736,-73.9465359,6a,
MN,1912,62,110.0,9.0,10027.0,32.0,2157 ADAM C POWELL BLVD,,V1,11,,FAMOUS INDUSTRIES INC,1425,0,19.0,75.0,5,202950,0,,,1,999005.0,234595.0,40.8105725,-73.9466984,6a,
MN,1599,69,110.0,9.0,10026.0,28.0,68 WEST 116 STREET,,V1,11,C,NYC HOUSING PRESERVATION AND DEVELOPMENT,3028,0,30.0,100.92,5,656550,0,,,1,998252.0,231330.0,40.8016122,-73.9494254,6b,
MN,1717,118,110.0,9.0,10026.0,28.0,WEST 118 STREET,,V1,11,X,MALCOLM SHABAZZ GARDENS HOMEOWNERS ASSOC . INC.,1345,0,13.33,100.92,5,0,0,,,1,998922.0,231782.0,40.8028518,-73.9470044,6b,
MN,1901,138,110.0,9.0,10026.0,28.0,WEST 117 STREET,,V1,11,X,MALCOLM SHABAZZ GARDENS HOMEOWNERS ASSOC IATION INC,1497,0,14.83,100.92,5,0,0,,,1,998118.0,231746.0,40.8027543,-73.9499085,6b,
MN,1789,146,111.0,8.0,10035.0,25.0,3 AVENUE,,V1,11,,UNAVAILABLE OWNER,663,0,25.0,26.0,6,12600,0,,,1,1002099.0,231891.0,40.8031451,-73.9355287,6b,
MN,1786,133,111.0,8.0,10035.0,25.0,236 EAST 122 STREET,,V1,11,,CLARKE PATRICK,1875,0,18.58,100.92,5,194850,0,,,1,1001982.0,231103.0,40.8009825,-73.9359534,6b,
MN,1914,22,110.0,9.0,10027.0,32.0,WEST 129 STREET,,V1,11,C,NYC DEPARTMENT OF CITYWIDE ADMINISTRATIVE SERVICES,1249,0,12.5,99.92,5,176850,0,,,1,999613.0,234724.0,40.8109256,-73.9445017,6a,
MN,1915,52,110.0,9.0,10027.0,32.0,142 WEST 131 STREET,,V1,11,,WEST 131 LLC,3197,0,32.0,99.92,5,287100,0,,,1,999594.0,235150.0,40.8120948,-73.9445694,6a,
MN,1756,16,111.0,9.0,10037.0,25.0,2086 MADISON AVENUE,,V1,11,,MADISON AVE HSG DEVEL FUND CORP,1875,0,25.0,75.0,5,174150,0,,,1,1001424.0,234333.0,40.809849,-73.9379606,6a,
MN,1786,34,111.0,8.0,10035.0,25.0,234 EAST 122 STREET,,V1,11,,CLARKE PATRICK,1892,0,18.75,100.92,5,196650,0,,,1,1001965.0,231112.0,40.8010072,-73.9360148,6b,
MN,1704,5,111.0,8.0,10029.0,23.0,F D R DRIVE,,V1,11,X,1199 HOUSING CORPORATION,12848,0,66.0,201.83,3,793350,0,,,1,1001693.0,227866.0,40.7920984,-73.9370056,6b,
MN,1927,48,110.0,9.0,10027.0,28.0,230 WEST 122 STREET,,V1,11,,"NEP WEST 119TH STREET PROPERTIES, LLC",3431,0,34.0,100.92,5,281250,0,,,1,997736.0,233454.0,40.8074428,-73.9512849,6a,
MN,1926,16,110.0,9.0,10027.0,28.0,227 WEST 120 STREET,,V1,11,C,NYC DEPARTMENT OF EDUCATION,3364,0,16.67,201.83,5,275850,0,,,1,997573.0,233187.0,40.8067102,-73.9518742,6a,
MN,1913,52,110.0,9.0,10027.0,32.0,WEST 129 STREET,,V1,11,C,NYC HOUSING PRESERVATION AND DEVELOPMENT,2548,0,25.5,99.92,5,198900,0,,,1,999347.0,234693.0,40.8108409,-73.9454627,6a,
MN,1915,6,110.0,9.0,10027.0,32.0,WEST 130 STREET,,V1,11,X,FRIENDSHIP BAPTIST CH,12490,0,125.0,450.0,5,1064700,0,,,1,999438.0,235118.0,40.8120073,-73.945133,6a,
MN,1913,153,110.0,9.0,10027.0,32.0,146 WEST 129 STREET,,V1,11,,"DAVID, COHN",1249,0,12.5,99.92,5,86850,0,,,1,999319.0,234709.0,40.8108849,-73.9455638,6a,
MN,1913,53,110.0,9.0,10027.0,32.0,144 WEST 129 STREET,,V1,11,,AMOS FINANCIAL LLC,1249,0,12.5,99.92,5,15300,0,,,1,999331.0,234702.0,40.8108657,-73.9455205,6a,
MN,1751,126,111.0,9.0,10035.0,25.0,45 EAST 126 STREET,,V1,11,,HARLEM MULTI ONE LLC,1998,0,20.0,99.92,5,34650,0,,,1,1001025.0,233053.0,40.8063366,-73.9394051,6a,
MN,1632,20,111.0,8.0,10029.0,23.0,1655 LEXINGTON AVENUE,,V1,11,X,HOPE COMMUNITY INC,3500,0,50.0,70.0,5,302400,0,,,1,998963.0,227477.0,40.7910356,-73.9468657,6b,
MN,1614,15,111.0,9.0,10029.0,23.0,1620 MADISON AVENUE,,V1,11,,1620 GROUP,2187,0,25.0,87.5,5,406350,0,,,1,998456.0,228988.0,40.7951838,-73.9486935,6b,
MN,1608,56,111.0,8.0,10029.0,23.0,1514 MADISON AVENUE,,V1,11,X,THE MOUNT SINAI HOSPITAL,2018,0,20.0,100.92,3,517500,0,,,1,997761.0,227662.0,40.7915453,-73.9512062,6b,
MN,1612,101,111.0,9.0,10029.0,23.0,5 AVENUE,,V1,11,,"LAKEVIEW ACQUISITION CO., L.P.",12276,0,135.71,90.46,5,1440450,0,,,1,998008.0,228644.0,40.7942403,-73.9503122,6b,
MN,1725,107,110.0,9.0,10027.0,32.0,73 WEST 127 STREET,,V1,11,X,HARLEM GROWN INC.,1665,0,16.67,99.92,5,234000,0,,,1,999847.0,234003.0,40.8089462,-73.9436581,6a,
MN,1724,2,110.0,9.0,10027.0,28.0,322 LENOX AVENUE,,V1,11,,ATOC INCORPORATED,2475,0,33.0,75.0,5,169200,0,,,1,999612.0,233836.0,40.8084883,-73.9445074,6a,
MN,1724,71,110.0,9.0,10027.0,28.0,334 LENOX AVENUE,,V1,11,,"328 LENOX AVENUE REALTY CORP., INC.",1403,0,16.5,85.0,5,199800,0,,,1,999661.0,233914.0,40.8087023,-73.9443302,6a,
MN,1726,41,110.0,9.0,10027.0,32.0,4 WEST 129 STREET,,V1,11,X,SHILOH CHURCH/CHRISTINC,7494,0,75.0,99.92,5,715950,0,,,1,1000537.0,234035.0,40.8090328,-73.9411655,6a,
MN,1726,31,110.0,9.0,10027.0,32.0,9 WEST 128 STREET,,V1,11,X,"SHILOH CHURCH OF CHRIST, DISCIPLES",1898,0,19.0,99.92,5,192600,0,,,1,1000479.0,233951.0,40.8088023,-73.9413752,6a,
MN,1773,27,111.0,8.0,10035.0,25.0,EAST 125 STREET,,V1,11,,160 EAST 125TH OWNER LLC,42540,0,240.6,201.1,5,2686950,0,,,1,1001793.0,232057.0,40.8036013,-73.9366335,6b,
MN,1772,47,111.0,8.0,10035.0,25.0,162 EAST 124 STREET,,V1,11,,MAHONEY REALTY LLC,2153,0,21.33,100.92,5,190350,0,,,1,1001569.0,231929.0,40.8032504,-73.937443,6b,
MN,1633,52,111.0,8.0,10029.0,23.0,152 EAST 106 STREET,,V1,11,,PENNSYLVANIA HOLDING LLC,2023,0,25.0,80.92,5,179100,0,,,1,999143.0,227806.0,40.7919384,-73.9462149,6b,
MN,1637,33,111.0,8.0,10029.0,23.0,3RD AVENUE,,V1,11,,THIRD AVE NY REALTY LLC,7682,0,80.86,95.0,3,898650,0,,,1,999909.0,228483.0,40.7937952,-73.943447,6b,
MN,1772,46,111.0,8.0,10035.0,25.0,164 EAST 124 STREET,,V1,11,,MAHONEY REALTY LLC,2153,0,21.33,100.92,5,190350,0,,,1,1001587.0,231919.0,40.803223,-73.937378,6b,
MN,1772,140,111.0,8.0,10035.0,25.0,182 EAST 124 STREET,,V1,11,,178 EAST 124TH STREET LLC,3232,0,31.0,100.92,5,279000,0,,,1,1001731.0,231840.0,40.8030058,-73.936858,6b,
MN,1944,30,110.0,9.0,10026.0,28.0,2173 FREDRICK DOUGLASS BL,,V1,11,,2173 EQUITIES LLC,2567,0,25.67,100.0,5,327600,0,,,1,996688.0,232706.0,40.8053913,-73.9550719,6a,
MN,1680,2,111.0,8.0,10029.0,23.0,2 AVENUE,,V1,11,,UPPER EASTSIDE COMMUNITY DEVELOPMENT CORP,42,0,0.5,100.0,8,450,0,,,1,1000579.0,227826.0,40.7919907,-73.9410289,6b,
MN,1773,69,111.0,9.0,10035.0,25.0,1815 PARK AVENUE,,V1,11,X,METROPOLITAN TRANSPORTATION AUTHORITY MTA REAL ESTATE DEPARTMENT,6810,0,75.67,90.0,3,1633500,0,,,1,1001185.0,232457.0,40.8047004,-73.9388287,6a,
MN,1773,72,111.0,9.0,10035.0,25.0,1811 PARK AVENUE,,V1,11,O,METROPOLITAN TRANSPORTATION AUTHORITY,2843,0,31.58,90.0,5,782550,0,,,1,1001158.0,232408.0,40.804566,-73.9389263,6a,
MN,1773,4,111.0,9.0,10035.0,25.0,1807 PARK AVENUE,,V1,11,O,METROPOLITAN TRANSPORTATION AUTHORITY,2843,0,31.58,90.0,5,782550,0,,,1,1001142.0,232380.0,40.8044891,-73.9389842,6a,
MN,1770,31,111.0,8.0,10035.0,25.0,EAST 121 STREET,,V1,11,,"GROGAN, TERENCE J",1905,0,22.42,85.0,5,162000,0,,,1,1001288.0,231361.0,40.801692,-73.9384594,6b,
MN,1917,36,110.0,9.0,10037.0,32.0,463 LENOX AVENUE,,V1,11,,FAMOUS INDUSTRIES INC,1147,0,17.92,64.0,3,146700,0,,,1,1000249.0,235429.0,40.8128595,-73.9422025,6a,
MN,1918,126,110.0,9.0,10030.0,32.0,WEST 133 STREET,,V4,11,C,FIRE DEPARTMENT OF NEW YORK,1665,0,16.67,99.92,5,234000,0,,,1,1000223.0,235577.0,40.8132657,-73.9422961,6a,
MN,1918,54,110.0,9.0,10030.0,32.0,132 WEST 134 STREET,,V1,11,,132 W LLC,2998,0,30.0,99.92,5,118800,0,,,1,999917.0,235862.0,40.8140485,-73.9434009,6a,
MN,2007,16,110.0,9.0,10030.0,32.0,123 WEST 138 STREET,,V1,11,,THE LAMB'S CENTER FOR URBAN MINISTRY,2598,0,26.0,99.92,5,224550,0,,,1,1000650.0,236871.0,40.8168166,-73.9407504,6a,
MN,1920,143,110.0,9.0,10030.0,32.0,122 WEST 136 STREET,,V1,11,X,WAY OF CROSS TABERNACLE,1499,0,15.0,99.92,5,211050,0,,,1,1000438.0,236217.0,40.815022,-73.9415179,6a,
MN,1772,48,111.0,8.0,10035.0,25.0,160 EAST 124 STREET,,V1,11,,MAHONEY REALTY LLC,2153,0,21.33,100.92,5,190350,0,,,1,1001550.0,231940.0,40.8032807,-73.9375116,6b,
MN,1772,22,111.0,8.0,10035.0,25.0,151 EAST 123 STREET,,V1,11,C,NYC HOUSING PRESERVATION AND DEVELOPMENT,3532,0,35.0,100.92,5,370350,0,,,1,1001428.0,231888.0,40.8031382,-73.9379524,6b,
MN,1752,16,111.0,9.0,10035.0,25.0,2000 MADISON AVENUE,,V1,11,,USC 1994 MADISON LLC,3497,0,99.92,35.0,3,371700,0,,,1,1000931.0,233400.0,40.8072892,-73.9397438,6a,
MN,1960,15,110.0,9.0,10030.0,32.0,2535 FREDRICK DOUGLASS BL,,V1,11,,EMPIRE DEVELOPMENT FUND 2 LLC,9992,0,99.92,100.0,3,1084500,0,,,1,999058.0,236977.0,40.8171104,-73.9465017,6a,
MN,2023,32,110.0,9.0,10030.0,32.0,7 AVENUE,,V1,11,,137TH STREET PROPERTIES LLC,1242,0,12.0,100.0,8,13500,0,,,1,1000050.0,236961.0,40.8170647,-73.9429178,6a,
MN,2024,32,110.0,9.0,10030.0,32.0,7 AVENUE,,V1,11,,ACP MANOR LLC,971,0,12.5,77.67,8,12150,0,,,1,1000184.0,237181.0,40.8176683,-73.9424332,6a,
MN,1727,69,110.0,9.0,10027.0,32.0,400 LENOX AVENUE,,V1,11,,PENTECOSTAL FAITH CHURCH,5525,0,65.0,85.0,5,552150,0,,,1,1000052.0,234619.0,40.8106366,-73.9429161,6a,
MN,1807,22,111.0,8.0,10035.0,25.0,363 PLEASANT AVENUE,,V1,11,X,ROMAN CATHOLIC CHURCH,1569,0,20.92,75.0,3,194400,0,,,1,1003090.0,229724.0,40.7971952,-73.9319552,6b,
MN,1815,14,111.0,8.0,10035.0,25.0,523 EAST 118 STREET,,V1,11,,"TIAGO PARKING HOLDINGS, LLC",2060,0,20.42,100.92,3,222300,0,,,1,1003388.0,229308.0,40.7960528,-73.9308801,6b,
MN,1815,43,111.0,8.0,10035.0,25.0,516 EAST 119 STREET,,V9,11,,KAVOLS LLC,2018,0,20.0,100.92,5,140850,0,,,1,1003362.0,229439.0,40.7964124,-73.9309737,6b,
MN,1801,100,111.0,8.0,10035.0,25.0,EAST 124 STREET,,V1,11,O,NYC HOUSING AUTHORITY,14896,0,27.08,550.0,5,1323900,0,,,1,1002881.0,231312.0,40.8015543,-73.9327057,6b,
MN,1756,66,111.0,9.0,10037.0,25.0,EAST 132 STREET,,V1,11,,RIVERTON REALTY LLC,3497,0,35.0,99.92,5,234900,0,,,1,1001277.0,234516.0,40.8103516,-73.9384911,6a,
MN,1665,24,111.0,8.0,10029.0,25.0,2245 2 AVENUE,,V1,11,,NUEVO EL BARRIO PARA LA REHABILITACION,2603,0,28.92,90.0,5,512550,0,,,1,1001292.0,229509.0,40.7966087,-73.9384496,6b,
MN,1920,57,110.0,9.0,10030.0,32.0,168 WEST 136TH STREET,,V1,11,,HARLEM YIMBY LLC,4163,0,41.67,99.92,5,409950,0,,,1,1000124.0,236390.0,40.8154974,-73.9426518,6a,
MN,1921,49,110.0,9.0,10030.0,32.0,136 WEST 137 STREET,,V1,11,C,NYC HOUSING PRESERVATION AND DEVELOPMENT,2498,0,25.0,99.92,5,220500,0,,,1,1000439.0,236511.0,40.8158289,-73.9415135,6a,
MN,2044,4,110.0,9.0,10030.0,32.0,28 BRADHURST AVENUE,,V1,11,,GRFO 28 BRADHURST LLC,1639,0,21.11,77.75,5,219600,0,,,1,999867.0,238838.0,40.8222169,-73.9435746,6a,
MN,2050,156,109.0,9.0,10031.0,30.0,ST NICHOLAS AVENUE,,V1,11,X,HARLEM ACADEMY,238,0,2.42,119.5,8,450,0,,,1,999216.0,238918.0,40.8224376,-73.9459265,6a,
MN,1753,141,111.0,9.0,10035.0,25.0,66 EAST 129 STREET,,V1,11,X,CHILDREN'S ETAL DBA,1724,0,17.25,99.92,5,158850,0,,,1,1001461.0,233523.0,40.8076257,-73.937829,6a,
MN,1790,9,111.0,8.0,10035.0,25.0,EAST 125 STREET,,V1,11,C,NYC HOUSING PRESERVATION AND DEVELOPMENT,2698,0,27.0,99.92,0,216900,0,,,1,1002321.0,232036.0,40.8035426,-73.9347264,6b,
MN,2007,18,110.0,9.0,10030.0,32.0,119 WEST 138 STREET,,V1,11,,119 WEST 138TH STREET LLC,2598,0,26.0,99.92,5,224550,0,,,1,1000695.0,236846.0,40.8167479,-73.9405878,6a,
MN,1715,49,111.0,8.0,10035.0,25.0,316 PLEASANT AVENUE,,V1,11,,"DARABUNDIT , SIVADOL",2450,0,25.0,98.0,5,226800,0,,,1,1002947.0,229083.0,40.7954361,-73.9324735,6b,
MN,2007,22,110.0,9.0,10030.0,32.0,113 WEST 138 STREET,,V1,11,,"ODELL CLARK PLACE,",2598,0,26.0,99.92,5,224550,0,,,1,1000764.0,236808.0,40.8166435,-73.9403387,6a,
MN,2007,27,110.0,9.0,10030.0,32.0,103 WEST 138 STREET,,V1,11,,ABYSSINIAN DEVELOPMENT CORP,2498,0,25.0,99.92,5,216450,0,,,1,1000883.0,236742.0,40.8164621,-73.9399089,6a,
MN,2007,17,110.0,9.0,10030.0,32.0,121 WEST 138 STREET,,V1,11,,THE LAMB'S CENTER FOR URBAN MINISTRY,2598,0,26.0,99.92,5,224550,0,,,1,1000673.0,236859.0,40.8167836,-73.9406673,6a,
MN,1709,5,111.0,8.0,10029.0,25.0,408 EAST 116 STREET,,V1,11,,408-10 E. 116TH STREET LLC,8805,0,37.25,201.83,4,688500,0,,,1,1002204.0,229069.0,40.7953993,-73.935157,6b,
MN,1745,168,111.0,9.0,10035.0,25.0,4 EAST 119 STREET,,V1,11,,NEMA HOMES CORP.,1260,0,25.0,50.42,5,184050,0,,,1,999567.0,231572.0,40.8022743,-73.9446751,6b,
MN,1795,2,111.0,8.0,10035.0,25.0,2304 2 AVENUE,,V1,11,,"FROM , AARON",2080,0,26.0,80.0,5,417600,0,,,1,1001854.0,230146.0,40.798356,-73.9364182,6b,
MN,1725,68,110.0,9.0,10027.0,32.0,WEST 128 STREET,,V1,11,,68 WEST 128TH STREET PARTNERS LLC,1749,0,17.5,99.92,5,245700,0,,,1,999850.0,234115.0,40.8092536,-73.943647,6a,
MN,1725,8,110.0,9.0,10027.0,32.0,WEST 127 STREET,,V1,11,X,HARLEM GROWN INC.,1665,0,16.67,99.92,5,234000,0,,,1,999861.0,233995.0,40.8089242,-73.9436075,6a,
MN,1914,40,110.0,9.0,10027.0,32.0,WEST 130 STREET,,V1,11,C,NYC DEPARTMENT OF CITYWIDE ADMINISTRATIVE SERVICES,1665,0,16.67,99.92,5,234000,0,,,1,999738.0,234772.0,40.8110571,-73.9440501,6a,
MN,1756,71,111.0,9.0,10037.0,25.0,5 AVENUE,,V1,11,,MADISON AVENUE HOUSING DEVELOPMENT FUND  CORPORATIN,2467,0,24.92,99.0,5,195750,0,,,1,1001162.0,234563.0,40.8104808,-73.9389064,6a,
MN,1756,70,111.0,9.0,10037.0,25.0,2157 5 AVENUE,,V1,11,,MADISON AVENUE HOUSING DEVELOPMENT FUND  CORPORATIN,2475,0,25.0,99.0,5,196650,0,,,1,1001174.0,234585.0,40.8105412,-73.938863,6a,
MN,1753,162,111.0,9.0,10035.0,25.0,20 EAST 129 STREET,,V1,11,,20 E 129 LLC,1765,0,17.67,99.92,5,165600,0,,,1,1000983.0,233788.0,40.808354,-73.939555,6a,
MN,1730,68,110.0,9.0,10037.0,32.0,480 LENOX AVENUE,,V1,11,,LENOX TRRC DVLPMNT ASSOC,32225,0,355.08,85.0,3,821250,0,,,1,1000616.0,235628.0,40.813405,-73.9408762,6a,
MN,1754,33,111.0,9.0,10035.0,25.0,1900 PARK AVENUE,,V1,11,,1900 PARK LLC,8993,0,99.92,90.0,3,1765350,0,,,1,1001580.0,233637.0,40.8079384,-73.9373988,6a,
MN,1722,27,110.0,9.0,10027.0,28.0,15 WEST 124 STREET,,V1,11,,HARLEM LLC,7569,0,75.0,100.92,5,108900,0,,,1,999897.0,233036.0,40.806292,-73.9434797,6a,
MN,1722,24,110.0,9.0,10027.0,28.0,27 WEST 124 STREET,,V1,11,,HANDYMDS MOST PURE HE,3784,0,37.5,100.92,5,263700,0,,,1,999804.0,233087.0,40.8064321,-73.9438155,6a,
MN,1723,53,110.0,9.0,10027.0,28.0,38 WEST 126 STREET,,V1,11,,38 WEST 126TH OWNER LLC,1998,0,20.0,99.92,5,153900,0,,,1,999920.0,233484.0,40.8075216,-73.9433956,6a,
MN,1722,26,110.0,9.0,10027.0,28.0,21 WEST 124 STREET,,V1,11,,HARLEM LLC,2523,0,25.0,100.92,5,113400,0,,,1,999853.0,233060.0,40.8063579,-73.9436386,6a,
MN,1749,46,111.0,9.0,10035.0,25.0,62 EAST 125 STREET,,V1,11,,BRUKHA ASSETS LLC,5046,0,50.0,100.92,5,466650,0,,,1,1000808.0,232650.0,40.8052308,-73.94019,6a,
MN,1749,33,111.0,9.0,10035.0,25.0,1800 PARK AVENUE,,V1,11,,1800 FEE OWNER LLC,36281,0,201.84,215.0,3,8872650,0,,,1,1000918.0,232542.0,40.8049342,-73.9397929,6a,
MN,1710,33,111.0,8.0,10035.0,25.0,442 EAST 117 STREET,,V1,11,,MHANY 2004 HOUSING DEVELOPMENT FUND CORP ORATION,3722,0,36.88,100.92,5,258750,0,,,1,1002653.0,229233.0,40.7958485,-73.9335349,6b,
MN,1708,125,111.0,8.0,10029.0,23.0,277 PLEASANT AVENUE,,V1,11,,277-279 PLEASANT AVECP.,972,0,13.13,74.0,5,109800,0,,,1,1002493.0,228643.0,40.7942294,-73.9341144,6b,
MN,1636,25,111.0,8.0,10029.0,23.0,157 EAST 108 STREET,,V1,11,,TEAM PROPERTIES LLC,1690,0,16.75,100.92,5,171900,0,,,1,999553.0,228393.0,40.7935488,-73.9447329,6b,
MN,1634,158,111.0,8.0,10029.0,23.0,1710 LEXINGTON AVENUE,,V1,11,,"1710 LEXINGTON, INC.",2569,0,34.25,75.0,3,288450,0,,,1,999177.0,228160.0,40.7929099,-73.9460914,6b,
MN,1635,51,111.0,8.0,10029.0,23.0,1725 LEXINGTON AVENUE,,V1,11,,152-156 REALTY ASSOCS.,1084,0,16.67,65.0,5,128700,0,,,1,999398.0,228267.0,40.7932032,-73.945293,6b,
MN,1635,52,111.0,8.0,10029.0,23.0,1723 LEXINGTON AVENUE,,V1,11,,LEXINGTON AVE VENTURE LLC,1083,0,16.67,65.0,5,128700,0,,,1,999390.0,228253.0,40.7931648,-73.9453219,6b,
MN,1815,114,111.0,8.0,10035.0,25.0,525 EAST 118 STREET,,V1,11,,"TIAGO PARKING HOLDINGS, LLC",2060,0,20.42,100.92,5,187200,0,,,1,1003406.0,229298.0,40.7960253,-73.9308151,6b,
MN,1815,12,111.0,8.0,10035.0,25.0,519 EAST 118 STREET,,V1,11,,"TIAGO PARKING HOLDINGS, LLC",2077,0,20.58,100.92,5,165600,0,,,1,1003352.0,229327.0,40.796105,-73.9310101,6b,
MN,1790,30,111.0,8.0,10035.0,25.0,238 EAST 126 STREET,,V1,11,C,NYC HOUSING PRESERVATION AND DEVELOPMENT,2498,0,25.0,99.92,5,560250,0,,,1,1002592.0,232005.0,40.803457,-73.9337476,6b,
MN,1784,45,111.0,8.0,10035.0,25.0,2201 3RD AVENUE,,V1,11,,EAST 120TH HOLDINGS LLC,9300,0,95.0,100.0,3,900900,0,,,1,1001423.0,230817.0,40.8001986,-73.9379732,6b,
MN,1953,45,110.0,9.0,10027.0,28.0,328 ST NICHOLAS AVENUE,,V1,11,,319 W 126 LLC,1717,0,17.62,98.86,5,297450,0,,,1,997689.0,234977.0,40.8116231,-73.9514516,6a,
MN,1954,136,110.0,9.0,10027.0,32.0,WEST 128 STREET,,V1,11,,PROPERTY1 HOLDINGS LLC,1913,0,25.5,75.0,5,266850,0,,,1,997996.0,235160.0,40.8121249,-73.9503422,6a,
MN,1957,20,109.0,9.0,10027.0,26.0,ST NICHOLAS AVENUE,,V5,11,X,NYS DORM AUTH,127584,0,294.58,427.0,5,10457100,0,,,1,997718.0,236378.0,40.8154684,-73.951344,6a,
MN,1725,31,110.0,9.0,10027.0,32.0,9 WEST 127 STREET,,V1,11,,"BROWNE, KAREN V.",1998,0,20.0,99.92,5,202500,0,,,1,1000359.0,233720.0,40.8081685,-73.9418092,6a,
MN,1772,4,111.0,9.0,10035.0,25.0,107 EAST 123 STREET,,V1,11,,107-111 EAST 123RD STREET HOUSING DEV FU ND CORP,8578,0,85.0,100.92,5,848700,0,,,1,1001092.0,232075.0,40.8036521,-73.9391655,6b,
MN,1770,123,111.0,8.0,10035.0,25.0,EAST 121 STREET,,V1,11,,"KIRSH, HATTIE C",81,0,0.4,81.0,8,450,0,,,1,1001179.0,231419.0,40.8018514,-73.938853,6b,
MN,1750,46,111.0,9.0,10035.0,25.0,52 EAST 126 STREET,,V1,11,X,OH 126TH ST. HOUSING DEVELOPMENT FUND CO RP.,3997,0,40.0,99.92,5,53100,0,,,1,1000962.0,232909.0,40.8059414,-73.939633,6a,
MN,1516,138,108.0,5.0,10128.0,19.0,3 AVENUE,,V1,11,,CARNEGIE GREEN LLC,220,0,22.0,10.0,8,170100,0,,,1,997121.0,223541.0,40.7802352,-73.9535254,9a,
MN,1393,4,108.0,4.0,10075.0,19.0,971 5 AVENUE,,V1,11,X,REPUBLIC OF FRANCE,2000,0,20.0,100.0,5,992700,0,,,1,994299.0,222172.0,40.7764814,-73.9637171,8c,
MN,1940,5,110.0,9.0,10030.0,32.0,WEST 134 STREET,,V4,11,C,NYC POLICE DEPARTMENT,4696,0,47.0,99.92,5,332550,0,,,1,999099.0,236495.0,40.8157873,-73.9463546,6a,
MN,1426,27,108.0,5.0,10021.0,19.0,252 EAST 72 STREET,,V1,11,,259 EAST 72 OWNER LLC,4148,0,40.58,102.17,5,1244250,0,,,1,995620.0,219350.0,40.7687341,-73.9589523,8c,
MN,1515,33,108.0,4.0,10028.0,19.0,1530 3 AVENUE,,V1,11,,ZDJ E 86 LLC,5000,0,50.0,100.0,3,1750500,0,,,1,996944.0,223137.0,40.7791266,-73.9541653,9a,
MN,1393,68,108.0,4.0,10075.0,19.0,EAST 79 STREET,,V1,11,,79TH STREET PROPERTY HOLDINGS LLC,1532,0,15.0,102.17,5,756900,0,,,1,994383.0,222197.0,40.7765499,-73.9634138,8c,
MN,1483,114,108.0,5.0,10021.0,19.0,FDR DRIVE,,V1,11,,NY SOCIETY FOR THE RELIEF OF THE RUPTURE D & CRIPPL,10,0,3.5,3.0,0,1170,0,,,1,997520.0,218122.0,40.7653609,-73.9520954,9a,
MN,1948,24,110.0,9.0,10027.0,28.0,311 WEST 121 STREET,,V1,11,,JENCO 121 LLC,2523,0,25.0,100.92,5,212850,0,,,1,997058.0,233711.0,40.8081492,-73.9537335,6a,
MN,1969,7,109.0,7.0,10027.0,26.0,478 WEST 130 STREET,,V1,11,X,487 W 129TH ST PERMANENT HOUSING DEV FUN D CORP,9534,0,95.42,99.92,0,0,0,,,1,997013.0,236284.0,40.8152125,-73.9538929,6a,
MN,1952,61,109.0,9.0,10027.0,26.0,MORNINGSIDE AVENUE,,V8,11,X,UNITED STATES POSTAL SERVICE,4992,0,49.92,100.0,3,1123650,0,,,1,997174.0,235035.0,40.8117831,-73.9533119,6a,
MN,2024,55,110.0,9.0,10030.0,32.0,WEST 139 STREET,,V1,11,,"TAFT, RICHARD",1199,0,12.0,99.92,8,13500,0,,,1,999756.0,237482.0,40.8184953,-73.9439788,6a,
MN,1786,31,111.0,8.0,10035.0,25.0,242 EAST 122 STREET,,V1,11,,PATRICK  CLARK,6694,0,66.33,100.92,5,682650,0,,,1,1002051.0,231065.0,40.800878,-73.9357043,6b,
MN,1786,32,111.0,8.0,10035.0,25.0,240 EAST 122 STREET,,V1,11,,CLARKE PATRICK,1900,0,18.83,100.92,5,195300,0,,,1,1002014.0,231085.0,40.800933,-73.9358378,6b,
MN,1786,123,111.0,8.0,10035.0,25.0,2365 2 AVENUE,,V1,11,,2ND AVE. INVESTMENTS,1078,0,20.0,53.92,5,230400,0,,,1,1002099.0,230926.0,40.8004964,-73.9355312,6b,
MN,1786,22,111.0,8.0,10035.0,25.0,2 AVENUE,,V1,11,,2ND AVE. INVESTMENTS,1395,0,25.92,53.92,3,329400,0,,,1,1002077.0,230887.0,40.8003894,-73.9356108,6b,
MN,884,17,105.0,2.0,10016.0,13.0,120 LEXINGTON AVENUE,,V1,11,,"120 LEXINGTON AVE CORP. C/O SKYLAND MANAGEMENT GROUP, LLC",1590,0,20.25,78.5,3,474750,0,,,1,989062.0,209913.0,40.742838,-73.9826346,8d,
MN,1386,144,108.0,4.0,10021.0,19.0,EAST 72 STREET,,V1,11,,UNAVAILABLE OWNER,2,0,10.0,0.17,0,360,0,,,1,993945.0,220218.0,40.7711185,-73.9649981,8c,
MN,1681,24,111.0,8.0,10029.0,23.0,2123 1 AVENUE,,V1,11,,SHAVSAX LLC,1875,0,25.0,75.0,5,260550,0,,,1,1001194.0,227770.0,40.7918359,-73.938808,6b,
MN,1717,111,110.0,9.0,10026.0,28.0,WEST 118 STREET,,V1,11,X,MALCOLM SHABAZZ GARDENS HOMEOWNERS ASSOC . INC.,1345,0,13.33,100.92,5,0,0,,,1,998781.0,231860.0,40.8030661,-73.9475135,6b,
MN,1940,1,110.0,9.0,10030.0,32.0,2510 FREDRICK DOUGLASS BL,,V1,11,C,NYC POLICE DEPARTMENT,6000,0,60.0,100.0,3,450450,0,,,1,999024.0,236513.0,40.8158369,-73.9466255,6a,
MN,1845,40,107.0,7.0,10025.0,24.0,CATHEDRAL PARKWAY,,V1,11,,UNAVAILABLE OWNER,1043,0,45.0,46.0,3,900,0,,,1,995715.0,230868.0,40.8003478,-73.9585897,5d,
MN,1847,13,110.0,9.0,10026.0,28.0,WEST 112 STREET,,V1,11,C,NYC HOUSING PRESERVATION AND DEVELOPMENT,1682,0,16.67,100.92,5,303750,0,,,1,995930.0,231597.0,40.8023484,-73.9578119,5d,
MN,1928,44,110.0,9.0,10027.0,28.0,224 WEST 123 STREET,,V1,11,,"ARIAS, MARIA E",1682,0,16.67,100.92,5,157050,0,,,1,997954.0,233633.0,40.8079338,-73.950497,6a,
MN,1749,69,111.0,9.0,10035.0,25.0,2015 5 AVENUE,,V1,11,,"507-515-517 W. 171 ST. ASSOCIATES, LLC",5914,0,73.92,80.0,3,761850,0,,,1,1000269.0,232963.0,40.8060909,-73.9421362,6a,
MN,1667,34,111.0,8.0,10035.0,25.0,228 EAST 118 STREET,,V1,11,,228 EAST 118TH STREET REALTY LLC,5551,0,55.0,100.92,5,643500,0,,,1,1001434.0,230208.0,40.798527,-73.937935,6b,
MN,1373,200,106.0,4.0,,,U THANT ISLAND,,V8,11,X,UNAVAILABLE OWNER,22500,0,200.0,100.0,9,122850,0,,,1,993978.0,211294.0,40.7466244,-73.9648919,8d,
MN,1051,8,104.0,3.0,10018.0,10.0,429 WEST 41 STREET,,V7,11,X,PORT AUTHORITY OF NY AND NJ,10068,0,400.0,25.17,3,686700,0,,,1,985611.0,215705.0,40.7587367,-73.9950873,8d,
MN,1790,20,111.0,8.0,10035.0,25.0,249 EAST 125 STREET,,V1,11,C,NYC HOUSING PRESERVATION AND DEVELOPMENT,5296,0,53.0,99.92,5,1173150,0,,,1,1002531.0,231920.0,40.8032238,-73.9339682,6b,
MN,1790,31,111.0,8.0,10035.0,25.0,236 EAST 126 STREET,,V9,11,,NYC ECONOMIC DEVELOPMENT CORPORATION,2498,0,25.0,99.92,5,560250,0,,,1,1002571.0,232017.0,40.80349,-73.9338235,6b,
MN,2005,24,109.0,7.0,10027.0,26.0,BROADWAY,,V9,11,C,NYC DEPARTMENT OF SMALL BUSINESS SERVICES,129750,0,509.92,580.0,9,466650,0,,,1,995212.0,238429.0,40.8211013,-73.9603941,5c,
MN,1705,21,111.0,8.0,10029.0,23.0,F D R DRIVE,,V1,11,C,NYC DEPARTMENT OF SMALL BUSINESS SERVICES,196350,0,836.33,276.0,9,880200,0,,,1,1002645.0,227926.0,40.7922611,-73.9335674,6b,
MN,2004,92,109.0,7.0,10027.0,26.0,MARGINAL STREET,,V1,11,C,NYC DEPARTMENT OF SMALL BUSINESS SERVICES,158428,0,382.5,428.92,9,431550,0,,,1,995058.0,238135.0,40.8202945,-73.960951,5c,
MN,2004,1,109.0,7.0,10027.0,26.0,MARGINAL STREET,,V1,11,C,NYC DEPARTMENT OF SMALL BUSINESS SERVICES,96275,0,292.0,310.0,2,116550,0,,,1,994686.0,237495.0,40.8185384,-73.962296,5c,
MN,1694,51,111.0,8.0,,,F D R DRIVE,,V1,11,C,NYC DEPARTMENT OF SMALL BUSINESS SERVICES,63675,0,287.0,243.0,4,285300,0,,,1,1000924.0,225251.0,40.7849224,-73.9397893,6b,
MN,1695,51,111.0,8.0,,,F D R DRIVE,,V1,11,C,NYC DEPARTMENT OF SMALL BUSINESS SERVICES,59125,0,262.75,300.0,5,265050,0,,,1,1001100.0,225457.0,40.7854875,-73.9391533,6b,
MN,1699,64,111.0,8.0,,,F D R DRIVE,,V1,11,C,NYC DEPARTMENT OF SMALL BUSINESS SERVICES,61850,0,286.42,246.0,2,277200,0,,,1,1001620.0,226381.0,40.7880226,-73.9372731,6b,
MN,1702,22,111.0,8.0,10029.0,23.0,F D R DRIVE,,V1,11,C,NYC DEPARTMENT OF SMALL BUSINESS SERVICES,80225,0,261.83,304.0,9,359550,0,,,1,1001966.0,227103.0,40.7900036,-73.9360217,6b,
MN,2185,36,112.0,10.0,10034.0,34.0,WEST 205 STREET,,V1,11,C,NYC DEPARTMENT OF SMALL BUSINESS SERVICES,36414,0,163.25,199.83,5,5216850,0,,,1,1007175.0,253211.0,40.8616506,-73.9171211,3a,
MN,2187,20,112.0,10.0,10034.0,34.0,WEST 207 STREET,,V1,11,C,NYC DEPARTMENT OF SMALL BUSINESS SERVICES,9427,0,189.0,42.0,9,93600,0,,,1,1007511.0,253597.0,40.8627092,-73.9159051,3a,
MN,241,10,103.0,1.0,10002.0,7.0,260 SOUTH STREET,,V9,11,C,NYC DEPARTMENT OF SMALL BUSINESS SERVICES,292250,0,691.92,425.42,5,10183500,0,,,1,987030.0,197654.0,40.7091908,-73.9899727,12d,
MN,2101,115,109.0,7.0,10031.0,30.0,WEST 155 STREET,,V1,11,C,NYC DEPARTMENT OF PARKS AND RECREATION,8907,0,19.0,285.0,5,247050,0,,,1,995895.0,238744.0,40.821965,-73.9579259,5c,
MN,1171,13,107.0,6.0,10023.0,20.0,WEST 72 STREET,,V1,11,C,NYC DEPARTMENT OF PARKS AND RECREATION,115640,0,157.0,1090.6,5,12460950,0,,,1,987533.0,223349.0,40.779717,-73.9881458,8c,
MN,1171,240,107.0,6.0,10069.0,20.0,RIVERSIDE BOULEVARD,,V1,11,X,CITY OF NEW YORK,38701,0,65.42,396.32,3,26,0,,,1,986818.0,221631.0,40.775003,-73.9907297,8c,
MN,1171,260,107.0,6.0,10023.0,20.0,RIVERSIDE BOULEVARD,,V1,11,X,CITY OF NEW YORK,15840,0,66.0,240.0,0,11,0,,,1,987015.0,220923.0,40.7730593,-73.9900154,8c,
MN,1171,34,107.0,6.0,10069.0,20.0,JOE DIMAGGIO HIGHWAY,,V1,11,C,CITY OF NEW YORK,20400,0,80.0,255.0,5,450,0,,,1,987183.0,222142.0,40.7764042,-73.9894101,8c,
MN,1171,274,107.0,6.0,10069.0,20.0,RIVERSIDE BOULEVARD,,V1,11,X,CITY OF NEW YORK,33724,0,98.84,426.24,3,23,0,,,1,986969.0,221209.0,40.7738436,-73.9901844,8c,
MN,1171,136,107.0,6.0,10069.0,20.0,WEST END AVENUE,,V1,11,C,CITY OF NEW YORK,32504,0,254.2,60.5,4,900,0,,,1,987109.0,222031.0,40.7760996,-73.9896774,8c,
MN,1171,250,107.0,6.0,10069.0,20.0,RIVERSIDE BOULEVARD,,V1,11,X,CITY OF NEW YORK,43561,0,82.55,611.17,3,29,0,,,1,986609.0,221417.0,40.7744148,-73.9914842,8c,
MN,708,50,104.0,3.0,10018.0,10.0,11 AVENUE,,V1,11,C,CITY OF NEW YORK,9938,0,144.75,198.75,0,1355850,0,,,1,984342.0,215030.0,40.7568841,-73.9996679,8d,
MN,1801,1,111.0,8.0,10035.0,25.0,2 AVENUE,,V1,11,O,MTA - BRIDGES AND TUNNELS,75750,0,201.83,650.0,3,7196400,0,,,1,1002879.0,231488.0,40.8020374,-73.9327124,6b,
MN,1811,153,111.0,8.0,10035.0,25.0,1 AVENUE,,V1,11,O,MTA - BRIDGES AND TUNNELS,1129,0,68.0,240.0,5,164700,0,,,1,1003672.0,231059.0,40.8008582,-73.9298494,6b,
MN,1811,50,111.0,8.0,10035.0,25.0,1 AVENUE,,V1,11,O,MTA - BRIDGES AND TUNNELS,81608,0,3395.0,325.0,5,7314750,0,,,1,1003777.0,230486.0,40.7992852,-73.9294718,6b,
MN,1802,1,111.0,8.0,10035.0,25.0,2 AVENUE,,V1,11,O,MTA - BRIDGES AND TUNNELS,71500,0,199.83,615.0,3,6792750,0,,,1,1002976.0,231694.0,40.8026026,-73.9323615,6b,
MN,943,10,106.0,4.0,10016.0,17.0,EAST 37 STREET,,V9,11,X,MTA - BRIDGES AND TUNNELS,8690,0,47.0,197.5,5,2413800,0,,,1,991609.0,211292.0,40.7466212,-73.9734415,8d,
MN,942,1,106.0,4.0,10016.0,17.0,2 AVENUE,,V1,11,C,MTA - BRIDGES AND TUNNELS,128375,0,197.5,650.0,3,41753250,0,,,1,991580.0,211021.0,40.7458774,-73.9735465,8d,
MN,915,9,106.0,4.0,10016.0,17.0,EAST 34 STREET,,V1,11,X,MTA - BRIDGES AND TUNNELS,11109,0,56.25,197.5,4,3983850,0,,,1,990605.0,210972.0,40.7457437,-73.9770653,8d,
MN,916,13,106.0,4.0,10016.0,17.0,EAST 35 STREET,,V7,11,X,MTA - BRIDGES AND TUNNELS,10698,0,54.17,197.5,4,2741850,0,,,1,990748.0,211183.0,40.7463227,-73.976549,8d,
MN,918,50,106.0,4.0,10016.0,17.0,EAST 38 STREET,,V9,11,X,MTA - BRIDGES AND TUNNELS,8799,0,46.5,197.5,4,2606400,0,,,1,991003.0,211639.0,40.7475741,-73.9756282,8d,
MN,940,55,106.0,4.0,10016.0,17.0,EAST 35 STREET,,V1,11,X,MTA - BRIDGES AND TUNNELS,9155,0,51.67,197.5,5,1441800,0,,,1,991184.0,210646.0,40.7448484,-73.974976,8d,
MN,1957,2,109.0,9.0,10027.0,26.0,ST NICHOLAS AVENUE,,V5,11,X,DORMITORY AUTHORITY OF THE STATE OF NEW YORK,3208,0,50.0,64.17,5,261000,0,,,1,997940.0,236271.0,40.8151744,-73.9505422,6a,
MN,1957,18,109.0,9.0,10027.0,26.0,ST NICHOLAS AVENUE,,V5,11,X,DORMITORY AUTHORITY OF THE STATE OF NEW YORK,9943,0,216.17,46.0,5,808200,0,,,1,997566.0,236507.0,40.8158227,-73.9518929,6a,
MN,1957,16,109.0,9.0,10027.0,26.0,ST NICHOLAS AVENUE,,V5,11,X,DORMITORY AUTHORITY OF THE STATE OF NEW YORK,3320,0,46.0,72.17,5,245250,0,,,1,997492.0,236356.0,40.8154084,-73.9521605,6a,
MN,1957,15,109.0,9.0,10027.0,26.0,ST NICHOLAS AVENUE,,V5,11,X,DORMITORY AUTHORITY OF THE STATE OF NEW YORK,4424,0,46.0,96.17,5,359550,0,,,1,997500.0,236279.0,40.815197,-73.9521318,6a,
MN,1957,17,109.0,9.0,10027.0,26.0,ST NICHOLAS AVENUE,,V5,11,X,DORMITORY AUTHORITY OF THE STATE OF NEW YORK,4424,0,46.0,96.17,5,359550,0,,,1,997464.0,236448.0,40.8156609,-73.9522615,6a,
MN,1957,3,109.0,9.0,10027.0,26.0,ST NICHOLAS AVENUE,,V5,11,X,DORMITORY AUTHORITY OF THE STATE OF NEW YORK,3808,0,50.0,76.17,6,334800,0,,,1,997828.0,236230.0,40.815062,-73.9509469,6a,
MN,1940,13,110.0,9.0,10030.0,32.0,WEST 134 STREET,,V4,11,C,NYC POLICE DEPARTMENT,4496,0,45.0,99.92,5,365400,0,,,1,999260.0,236405.0,40.81554,-73.9457732,6a,
MN,1918,53,110.0,9.0,10030.0,32.0,130 WEST 134 STREET,,V1,11,C,NYC HOUSING PRESERVATION AND DEVELOPMENT,2998,0,30.0,99.92,5,256950,0,,,1,999943.0,235848.0,40.81401,-73.943307,6a,
MN,1824,20,110.0,9.0,10026.0,28.0,115 WEST 114 STREET,,V1,11,C,NYC HOUSING PRESERVATION AND DEVELOPMENT,2649,0,26.25,100.92,5,206100,0,,,1,997634.0,231251.0,40.8013964,-73.9516577,6b,
MN,1771,1,111.0,9.0,10035.0,25.0,PARK AVENUE,,V1,11,C,NYC HOUSING PRESERVATION AND DEVELOPMENT,4583,0,50.92,90.0,3,959400,0,,,1,1000862.0,231874.0,40.8031008,-73.9399968,6b,
MN,1790,27,111.0,8.0,10035.0,25.0,2455 2 AVENUE,,V1,11,C,NYC HOUSING PRESERVATION AND DEVELOPMENT,2625,0,25.0,105.0,5,585900,0,,,1,1002643.0,231962.0,40.8033388,-73.9335635,6b,
MN,1790,26,111.0,8.0,10035.0,25.0,2453 2 AVENUE,,V1,11,C,NYC HOUSING PRESERVATION AND DEVELOPMENT,2625,0,25.0,105.0,5,585900,0,,,1,1002631.0,231939.0,40.8032757,-73.9336069,6b,
MN,1790,29,111.0,8.0,10035.0,25.0,2459 2 AVENUE,,V1,11,C,NYC HOUSING PRESERVATION AND DEVELOPMENT,2616,0,24.92,105.0,3,616050,0,,,1,1002668.0,232007.0,40.8034623,-73.9334731,6b,
MN,1911,26,110.0,9.0,10027.0,28.0,109 WEST 126 STREET,,V1,11,C,NYC HOUSING PRESERVATION AND DEVELOPMENT,1782,0,17.83,99.92,5,250650,0,,,1,999333.0,233991.0,40.8089142,-73.9455149,6a,
MN,1754,68,111.0,9.0,10037.0,25.0,2 EAST 130 STREET,,V1,11,C,NYC HOUSING PRESERVATION AND DEVELOPMENT,1665,0,16.67,99.92,5,154350,0,,,1,1000982.0,234085.0,40.8091692,-73.9395579,6a,
MN,1824,19,110.0,9.0,10026.0,28.0,117 WEST 114 STREET,,V1,11,C,NYC HOUSING PRESERVATION AND DEVELOPMENT,2649,0,26.25,100.92,5,206100,0,,,1,997612.0,231264.0,40.8014321,-73.9517372,6b,
MN,1635,43,111.0,8.0,10029.0,23.0,174 EAST 108 STREET,,V1,11,C,NYC HOUSING PRESERVATION AND DEVELOPMENT,1716,0,17.0,100.92,5,176400,0,,,1,999611.0,228179.0,40.7929613,-73.9445239,6b,
MN,2045,13,110.0,9.0,10039.0,32.0,2735 FREDRICK DOUGLASS BL,,V1,11,C,NYC HOUSING PRESERVATION AND DEVELOPMENT,2813,0,25.0,112.5,5,598050,0,,,1,1000334.0,239296.0,40.8234731,-73.9418862,6a,
MN,2045,89,110.0,9.0,10039.0,32.0,2803 FREDRICK DOUGLASS BL,,V1,11,C,NYC HOUSING PRESERVATION AND DEVELOPMENT,2000,0,25.0,80.0,3,215100,0,,,1,1000781.0,240070.0,40.8255967,-73.9402692,6a,
MN,372,11,103.0,2.0,10009.0,9.0,276 EAST 3 STREET,,V1,11,C,NYC HOUSING PRESERVATION AND DEVELOPMENT,2021,0,23.25,86.92,5,724050,0,,,1,989687.0,202086.0,40.7213544,-73.9803854,12c,
MN,2032,2,110.0,9.0,10039.0,32.0,8 AVENUE,,V1,11,C,NYC HOUSING PRESERVATION AND DEVELOPMENT,2500,0,25.0,100.0,5,253350,0,,,1,1000578.0,239320.0,40.8235386,-73.9410045,6a,
MN,1918,16,110.0,9.0,10030.0,32.0,131 WEST 133 STREET,,V1,11,C,NYC HOUSING PRESERVATION AND DEVELOPMENT,3324,0,33.27,99.92,5,285300,0,,,1,999996.0,235703.0,40.813612,-73.9431159,6a,
MN,1681,15,111.0,8.0,10029.0,23.0,329 EAST 109 STREET,,V1,11,C,NYC DEPARTMENT OF HEALTH AND MENTAL HYGIENE,2523,0,25.0,100.92,5,233550,0,,,1,1000980.0,227902.0,40.7921986,-73.9395805,6b,
MN,1819,30,111.0,8.0,10035.0,25.0,WARDS ISLAND,,V1,11,C,NYC DEPARTMENT OF ENVIRONMENTAL PROTECTION,62060,0,150.0,535.98,5,6481800,0,,,1,1005870.0,227458.0,40.7909693,-73.921922,6b,
MN,1788,101,111.0,8.0,10035.0,25.0,3 AVENUE,,V1,11,C,NYC DEPARTMENT OF CITYWIDE ADMINISTRATIVE SERVICES,2,0,5.0,0.55,8,1305,0,,,1,1001926.0,231612.0,40.8023797,-73.9361543,6b,
MN,1921,124,110.0,9.0,10030.0,32.0,113 WEST 136 STREET,,V1,11,C,NYC DEPARTMENT OF CITYWIDE ADMINISTRATIVE SERVICES,1665,0,16.67,99.92,5,234000,0,,,1,1000569.0,236324.0,40.8153154,-73.9410443,6a,
MN,1953,24,110.0,9.0,10027.0,28.0,317 WEST 126 STREET,,V1,11,C,NYC DEPARTMENT OF CITYWIDE ADMINISTRATIVE SERVICES,1665,0,16.67,99.92,5,234000,0,,,1,997706.0,234891.0,40.811387,-73.9513904,6a,
MN,1909,11,110.0,9.0,10027.0,28.0,142 WEST 125 STREET,,V1,11,C,NYC DEPARTMENT OF CITYWIDE ADMINISTRATIVE SERVICES,5248,0,26.0,201.83,4,1287000,0,,,1,998754.0,233728.0,40.8081933,-73.947607,6a,
MN,1788,104,111.0,8.0,10035.0,25.0,3 AVENUE,,V1,11,C,NYC DEPARTMENT OF CITYWIDE ADMINISTRATIVE SERVICES,2184,0,12.58,5.0,6,7200,0,,,1,1001948.0,231652.0,40.8024894,-73.9360747,6b,
MN,1768,3,111.0,9.0,10035.0,25.0,PARK AVENUE,,V1,11,C,NYC DEPARTMENT OF CITYWIDE ADMINISTRATIVE SERVICES,90,0,1.17,90.0,8,450,0,,,1,1000508.0,231232.0,40.8013394,-73.941277,6b,
MN,2015,1,110.0,9.0,10039.0,32.0,2521 ADAM C POWELL BLVD,,V1,11,C,NYC DEPARTMENT OF CITYWIDE ADMINISTRATIVE SERVICES,4040,0,40.0,101.0,3,314550,0,,,1,1001379.0,238855.0,40.8222607,-73.9381116,6a,
MN,1688,34,111.0,8.0,10035.0,25.0,338 EAST 117 STREET,,V1,11,C,NYC DEPARTMENT OF CITYWIDE ADMINISTRATIVE SERVICES,2523,0,25.0,100.92,5,175050,0,,,1,1002048.0,229569.0,40.7967719,-73.9357191,6b,
MN,2169,59,112.0,10.0,10040.0,34.0,WEST 190 STREET,,V1,11,C,NYC DEPARTMENT OF CITYWIDE ADMINISTRATIVE SERVICES,60,0,3.0,20.0,6,450,0,,,1,1003640.0,250951.0,40.8554561,-73.9299074,3a,
MN,2176,2,112.0,10.0,10033.0,33.0,FT WASHINGTON AVENUE,,V1,11,C,NYC DEPARTMENT OF CITYWIDE ADMINISTRATIVE SERVICES,202,0,2.0,100.75,8,2250,0,,,1,1001090.0,248224.0,40.8479765,-73.9391322,3b,
MN,1660,29,111.0,8.0,10029.0,23.0,EAST 111 STREET,,V1,11,C,NYC DEPARTMENT OF CITYWIDE ADMINISTRATIVE SERVICES,75,0,1.0,75.08,8,450,0,,,1,1000675.0,228472.0,40.7937636,-73.9406806,6b,
MN,2197,95,112.0,10.0,10034.0,34.0,WEST 216 STREET,,V9,11,C,NYC DEPARTMENT OF CITYWIDE ADMINISTRATIVE SERVICES,420,0,59.58,10.0,2,450,0,,,1,1008764.0,255861.0,40.8689198,-73.9113668,3c,
MN,990,90,106.0,4.0,10009.0,13.0,F D R DRIVE,,V1,11,C,NYC DEPARTMENT OF PARKS AND RECREATION,10000,0,212.92,90.0,5,1045800,0,,,1,991789.0,205198.0,40.7298945,-73.9727988,12c,
MN,323,101,103.0,2.0,10002.0,7.0,DELANCEY STREET,,V1,11,C,NYC DEPARTMENT OF CITYWIDE ADMINISTRATIVE SERVICES,66,0,66.75,2.0,5,900,0,,,1,991020.0,200655.0,40.7174257,-73.9755779,12c,
MN,2105,51,110.0,9.0,,,HARLEM RIVER DRIVE,,V1,11,C,NYC DEPARTMENT OF CITYWIDE ADMINISTRATIVE SERVICES,301132,0,752.83,400.0,9,583200,0,,,1,1002471.0,241952.0,40.8307589,-73.9341577,3b,
MN,1069,43,104.0,3.0,10018.0,10.0,WEST 41 STREET,,V1,11,X,PORT AUTHORITY OF NY AND NJ,21950,0,105.92,197.5,5,6100200,0,,,1,985012.0,215830.0,40.7590799,-73.9972494,8d,
MN,2152,1,112.0,10.0,10033.0,33.0,260 AUDUBON AVENUE,,V1,11,X,PORT AUTHORITY OF NY AND NJ,74000,0,200.0,370.0,3,6645600,0,,,1,1002836.0,247798.0,40.8468038,-73.9328225,3b,
MN,651,1,102.0,3.0,10014.0,6.0,427 GANSEVOORT STREET,,V1,11,X,NYS DEPARTMENT OF TRANSPORTATION,323300,0,390.42,460.0,5,13713300,0,,,1,981110.0,208878.0,40.7399979,-74.0113311,8b,
MN,665,1,104.0,3.0,10018.0,10.0,331 12 AVENUE,,V9,11,X,NYS DEPARTMENT OF TRANSPORTATION,197075,0,976.58,330.0,9,961200,0,,,1,982432.0,215326.0,40.7576964,-74.0065622,8b,
MN,665,73,104.0,3.0,10018.0,10.0,12 AVENUE,,V9,11,X,NYS DEPARTMENT OF TRANSPORTATION,176650,0,247.5,700.0,9,854100,0,,,1,982311.0,215081.0,40.7570239,-74.0069989,8b,
MN,2177,313,112.0,10.0,10032.0,33.0,RIVERSIDE DRIVE,,V1,11,C,NYC DEPARTMENT OF PARKS AND RECREATION,60375,0,713.75,100.0,5,9027900,0,,,1,1000074.0,248355.0,40.8483379,-73.9428042,3b,
MN,2178,600,112.0,10.0,10034.0,34.0,RIVERSIDE DRIVE,,V9,11,C,NYC DEPARTMENT OF PARKS AND RECREATION,750000,0,245.0,217.0,2,12982050,0,,,1,1002536.0,254770.0,40.8659404,-73.9338879,3a,
MN,2178,420,112.0,10.0,10033.0,34.0,RIVERSIDE DRIVE,,V9,11,C,NYC DEPARTMENT OF PARKS AND RECREATION,364,0,30.0,20.0,5,900,0,,,1,1002693.0,254665.0,40.8656519,-73.9333205,3a,
MN,2180,369,112.0,10.0,10040.0,34.0,OVERLOOK TERRACE,,V1,11,C,NYC TRANSIT AUTHORITY,1000,0,10.0,100.0,8,12150,0,,,1,1001873.0,250798.0,40.8550398,-73.9362953,3a,
MN,2005,8,109.0,7.0,10027.0,30.0,WEST 133 STREET,,V1,11,C,NYC DEPARTMENT OF PARKS AND RECREATION,9246,0,41.5,200.5,3,599400,0,,,1,995547.0,238228.0,40.8205492,-73.9591841,5c,
MN,1789,15,111.0,8.0,10035.0,25.0,231 EAST 124 STREET,,V1,11,C,NYC DEPARTMENT OF PARKS AND RECREATION,2018,0,20.0,100.92,5,436950,0,,,1,1002274.0,231720.0,40.8026754,-73.934897,6b,
MN,1811,127,111.0,8.0,10035.0,25.0,1 AVENUE,,V1,11,C,NYC DEPARTMENT OF PARKS AND RECREATION,5625,0,285.0,333.0,5,396000,0,,,1,1003706.0,230891.0,40.800397,-73.929727,6b,
MN,1788,38,111.0,8.0,10035.0,25.0,226 EAST 124 STREET,,V1,11,O,NYC HOUSING AUTHORITY,3902,0,38.67,100.92,5,250200,0,,,1,1002169.0,231598.0,40.8023407,-73.9352766,6b,
MN,1771,23,111.0,8.0,10035.0,25.0,159 EAST 122 STREET,,V1,11,C,NYC DEPARTMENT OF PARKS AND RECREATION,2523,0,25.0,100.92,5,243450,0,,,1,1001322.0,231650.0,40.8024851,-73.9383359,6b,
MN,1789,14,111.0,8.0,10035.0,25.0,229 EAST 124 STREET,,V1,11,C,NYC DEPARTMENT OF PARKS AND RECREATION,2018,0,20.0,100.92,5,436950,0,,,1,1002256.0,231730.0,40.8027029,-73.934962,6b,
MN,1789,11,111.0,8.0,10035.0,25.0,223 EAST 124 STREET,,V1,11,C,NYC DEPARTMENT OF PARKS AND RECREATION,3028,0,30.0,100.92,5,656100,0,,,1,1002200.0,231761.0,40.8027881,-73.9351642,6b,
MN,1789,13,111.0,8.0,10035.0,25.0,227 EAST 124 STREET,,V1,11,C,NYC DEPARTMENT OF PARKS AND RECREATION,2018,0,20.0,100.92,5,436950,0,,,1,1002239.0,231740.0,40.8027304,-73.9350234,6b,
MN,1771,27,111.0,8.0,10035.0,25.0,167 EAST 122 STREET,,V1,11,C,NYC DEPARTMENT OF PARKS AND RECREATION,6700,0,44.5,201.83,5,643950,0,,,1,1001424.0,231630.0,40.8024301,-73.9379675,6b,
MN,1771,25,111.0,8.0,10035.0,25.0,163 EAST 122 STREET,,V1,11,C,NYC DEPARTMENT OF PARKS AND RECREATION,4491,0,44.5,100.92,5,432450,0,,,1,1001373.0,231622.0,40.8024082,-73.9381517,6b,
MN,1771,24,111.0,8.0,10035.0,25.0,161 EAST 122 STREET,,V1,11,C,NYC DEPARTMENT OF PARKS AND RECREATION,2523,0,25.0,100.92,5,243450,0,,,1,1001343.0,231638.0,40.8024522,-73.93826,6b,
MN,1789,12,111.0,8.0,10035.0,25.0,225 EAST 124 STREET,,V1,11,C,NYC DEPARTMENT OF PARKS AND RECREATION,2018,0,20.0,100.92,5,436950,0,,,1,1002221.0,231749.0,40.8027551,-73.9350884,6b,
MN,289,50,103.0,1.0,10002.0,5.0,FORSYTH STREET,,V9,11,C,NYC DEPARTMENT OF TRANSPORTATION,93360,0,122.92,650.08,3,55580850,1915,Individual Landmark,INDIVIDUAL LANDMARK,1,985658.0,199831.0,40.7151665,-73.994921,12d,
MN,405,29,103.0,2.0,10009.0,9.0,544 EAST 12 STREET,,V1,11,C,NYC DEPARTMENT OF PARKS AND RECREATION,1581,0,25.0,63.25,5,573300,0,,,1,989946.0,204546.0,40.7281063,-73.979449,12c,
MN,1171,10,107.0,6.0,10069.0,20.0,WEST 72 STREET,,V1,11,C,NYC DEPARTMENT OF TRANSPORTATION,23000,0,100.0,453.0,5,900,0,,,1,987778.0,223636.0,40.7805047,-73.9872611,8c,
MN,1171,173,107.0,6.0,10069.0,20.0,RIVERSIDE BOULEVARD,,V1,11,C,NYC DEPARTMENT OF TRANSPORTATION,35147,0,268.0,255.0,4,450,0,,,1,987323.0,222501.0,40.7773896,-73.9889045,8c,
MN,1171,172,107.0,6.0,10069.0,20.0,RIVERSIDE BOULEVARD,,V1,11,C,NYC DEPARTMENT OF TRANSPORTATION,21033,0,263.0,81.0,4,450,0,,,1,987381.0,222626.0,40.7777326,-73.988695,8c,
MN,1171,163,107.0,6.0,10069.0,20.0,53 WEST END AVENUE,,V1,11,C,NYC DEPARTMENT OF TRANSPORTATION,14800,0,40.1,370.0,5,450,0,,,1,987324.0,221623.0,40.7749797,-73.9889013,8c,
MN,120,9,101.0,1.0,10038.0,5.0,FRANKFORT STREET,,V9,11,C,NYC DEPARTMENT OF TRANSPORTATION,24624,0,216.0,114.0,5,1054350,0,,INDIVIDUAL LANDMARK,1,983240.0,198492.0,40.7114913,-74.0036431,12b,
MN,665,211,104.0,3.0,10018.0,10.0,12 AVENUE,,V1,11,X,NYC DEPARTMENT OF TRANSPORTATION,2518,0,132.5,19.0,2,139950,0,,,1,983305.0,215933.0,40.7593626,-74.0034111,8b,
MN,282,4,103.0,1.0,10002.0,5.0,HENRY STREET,,V9,11,C,NYC DEPARTMENT OF TRANSPORTATION,26,0,13.78,3.37,5,1755,0,,,1,985988.0,199183.0,40.7133879,-73.9937307,12d,
MN,1437,10,108.0,5.0,10065.0,19.0,323 EAST 62 STREET,,V1,11,C,NYC DEPARTMENT OF TRANSPORTATION,10142,0,51.0,200.83,4,1988100,0,,,1,994837.0,217039.0,40.762392,-73.9617827,8c,
MN,1639,1,111.0,8.0,10029.0,23.0,111 EAST 111 STREET,,V1,11,C,NYC DEPARTMENT OF EDUCATION,10147,0,47.88,201.83,3,880200,0,,,1,999469.0,229399.0,40.7963102,-73.945034,6b,
MN,1639,17,111.0,8.0,10029.0,23.0,143 EAST 111 STREET,,V1,11,C,NYC DEPARTMENT OF EDUCATION,2882,0,25.0,100.92,3,323550,0,,,1,999765.0,229178.0,40.7957031,-73.9439655,6b,
MN,2197,80,112.0,10.0,10034.0,34.0,WEST 216 STREET,,V9,11,C,NYC DEPARTMENT OF GENERAL SERVICES,56275,0,329.0,227.33,2,2911950,0,,,1,1008792.0,256080.0,40.8695208,-73.9112648,3c,
MN,1632,15,111.0,8.0,10029.0,23.0,1650 LEXINGTON AVENUE,,V5,11,C,NYC DEPARTMENT OF EDUCATION,11101,0,201.83,55.0,3,1062450,0,,,1,998869.0,227588.0,40.7913405,-73.9472049,6b,
MN,1077,35,104.0,3.0,10019.0,18.0,10 AVENUE,,V1,11,,NYC DEPARTMENT OF ENVIRONMENTAL PROTECTION,25104,0,200.83,200.83,0,9984600,0,,,1,986239.0,217582.0,40.7638885,-73.9928199,8c,
MN,1828,56,110.0,9.0,10026.0,28.0,270 WEST 113 STREET,,V1,11,C,NYC DEPARTMENT OF EDUCATION,1817,0,18.0,100.92,5,168750,0,,,1,996402.0,231454.0,40.8019553,-73.9561073,6b,
MN,2029,26,110.0,9.0,10030.0,32.0,WEST 143 STREET,,V1,11,C,NYC DEPARTMENT OF EDUCATION,2498,0,25.0,99.92,5,253350,0,,,1,1000701.0,238325.0,40.8208073,-73.9405625,6a,
MN,415,1,103.0,1.0,10002.0,5.0,154 ELDRIDGE STREET,,V9,11,C,NYC DEPARTMENT OF ENVIRONMENTAL PROTECTION,3201,0,47.0,68.0,3,1560150,0,,,1,986755.0,201472.0,40.7196704,-73.9909632,12c,
MN,2215,653,207.0,10.0,10463.0,52.0,HARLEM RIVER DRIVE,,V1,11,C,NYC DEPARTMENT OF ENVIRONMENTAL PROTECTION,3500,0,100.0,35.0,6,345600,0,,,1,1009377.0,257570.0,40.8736087,-73.9091441,1d,
MN,1919,38,110.0,9.0,10030.0,32.0,WEST 135 STREET,,V1,11,C,NYC DEPARTMENT OF EDUCATION,2498,0,25.0,99.92,5,220500,0,,,1,1000408.0,235887.0,40.8141163,-73.941627,6a,
MN,1957,50,109.0,9.0,10031.0,26.0,ST NICHOLAS AVENUE,,V5,11,X,DORMITORY AUTHORITY OF THE STATE OF NEW YORK,9067,0,220.0,43.42,5,865800,0,,,1,998624.0,238409.0,40.8210415,-73.9480666,6a,
MN,2048,35,110.0,9.0,10030.0,32.0,119 EDGECOMBE AVENUE,,V1,11,C,NYC DEPARTMENT OF CITYWIDE ADMINISTRATIVE SERVICES,2125,0,25.0,85.0,5,165600,0,,,1,999278.0,238242.0,40.8205821,-73.945704,6a,
MN,1918,27,110.0,9.0,10030.0,32.0,WEST 133 STREET,,V4,11,C,FIRE DEPARTMENT OF NEW YORK,1665,0,16.67,99.92,5,234000,0,,,1,1000237.0,235569.0,40.8132437,-73.9422455,6a,
MN,707,56,104.0,3.0,10018.0,10.0,542 WEST 36 STREET,,V1,11,X,NYS CONVENTION CENTER DEVELOPMENT CORPORATION,2043,0,99.38,26.25,3,770400,0,,,1,984192.0,214882.0,40.7564779,-74.0002094,8d,
MN,1790,12,111.0,8.0,10035.0,25.0,225 EAST 125 STREET,,V1,11,,NYC ECONOMIC DEVELOPMENT CORPORATION,1665,0,16.67,99.92,5,340650,0,,,1,1002341.0,232025.0,40.8035124,-73.9346542,6b,
MN,1772,26,111.0,8.0,10035.0,25.0,161 EAST 123 STREET,,V1,11,C,NYC DEPARTMENT OF SANITATION,2632,0,26.08,100.92,5,225900,0,,,1,1001523.0,231836.0,40.8029953,-73.9376094,6b,
MN,1772,28,111.0,8.0,10035.0,25.0,163 EAST 123 STREET,,V1,11,C,NYC DEPARTMENT OF SANITATION,2809,0,27.83,100.92,5,240750,0,,,1,1001547.0,231823.0,40.8029595,-73.9375227,6b,
MN,1788,46,111.0,8.0,10035.0,25.0,204 EAST 124 STREET,,V1,11,C,NYC ADMINISTRATION FOR CHILDRENS SERVICES,2800,0,27.75,100.92,5,179550,0,,,1,1001987.0,231699.0,40.8026183,-73.9359337,6b,
MN,917,34,106.0,4.0,10016.0,17.0,675 2 AVENUE,,V7,11,C,MTA - BRIDGES AND TUNNELS,50075,0,84.25,435.0,3,6113700,0,,,1,991009.0,211380.0,40.7468632,-73.9756068,8d,
MN,2250,32,112.0,10.0,10034.0,34.0,WEST 214 STREET,,V1,11,C,NYC DEPARTMENT OF PARKS AND RECREATION,1650,0,91.5,40.0,5,185400,0,,,1,1006538.0,256837.0,40.8716045,-73.9194119,1b,
MN,297,24,103.0,1.0,10002.0,7.0,11 ESSEX STREET,,V1,11,,11 ESSEX STREET REALTY LLC,2188,0,25.0,87.5,5,332100,0,,,1,986936.0,199801.0,40.7150839,-73.9903109,12d,
MN,2007,24,110.0,9.0,10030.0,32.0,109 WEST 138 STREET,,V1,11,,ABYSSINIAN DEVELOPMENT CORP,2598,0,26.0,99.92,5,224550,0,,,1,1000814.0,236780.0,40.8165665,-73.9401581,6a,
MN,2126,14,112.0,10.0,10032.0,33.0,550 WEST 170 STREET,,V1,11,C,NYC DEPARTMENT OF PARKS AND RECREATION,28527,0,176.58,175.08,3,2684250,0,,,1,1001376.0,245871.0,40.8415177,-73.9381045,3b,
MN,1790,25,111.0,8.0,10035.0,25.0,2 AVENUE,,V1,11,C,NYC HOUSING PRESERVATION AND DEVELOPMENT,1850,0,25.0,74.0,5,425250,0,,,1,1002632.0,231910.0,40.8031961,-73.9336034,6b,
MN,389,55,103.0,2.0,10009.0,9.0,611 EAST 6 STREET,,V1,11,,611 EAST 6TH STREET LLC,2271,0,25.0,90.83,5,573300,0,,,1,989582.0,203180.0,40.7243572,-73.9807634,12c,
MN,277,48,103.0,1.0,10038.0,5.0,25 CATHERINE STREET,,V1,11,,20 HENRY STREET REALTY INC,1418,0,18.0,79.83,3,99000,0,,,1,985114.0,198938.0,40.7127155,-73.9968834,12d,
MN,1772,51,111.0,8.0,10035.0,25.0,EAST 124 STREET,,V1,11,,152 E 124 ST CORP,2153,0,21.33,100.92,5,231300,0,,,1,1001475.0,231981.0,40.8033934,-73.9377824,6b,
MN,535,20,102.0,2.0,10012.0,6.0,251 MERCER STREET,,V1,11,X,NEW YORK UNIVERSITY,4393,0,209.2,21.0,3,1841850,0,,,1,985512.0,204713.0,40.7285665,-73.9954467,12c,
MN,1957,25,109.0,9.0,10027.0,26.0,CONVENT AVENUE,,V5,11,X,DORMITORY AUTHORITY OF THE STATE OF NEW YORK,9382,0,72.17,130.0,5,893250,0,,,1,997803.0,237100.0,40.81745,-73.9510355,6a,
MN,1716,28,111.0,8.0,,,561 EAST 117 STREET,,V1,11,C,NYC DEPARTMENT OF SMALL BUSINESS SERVICES,45822,0,261.84,175.0,2,99000,0,,,1,1003733.0,228884.0,40.7948882,-73.9296353,6b,
MN,1713,38,111.0,8.0,,,PLEASANT AVENUE,,V1,11,C,NYC DEPARTMENT OF SMALL BUSINESS SERVICES,120525,0,601.0,246.0,2,540000,0,,,1,1003190.0,228383.0,40.7935143,-73.9315978,6b,
MN,1318,44,106.0,4.0,10017.0,17.0,210 EAST 45 STREET,,V1,11,,SLG 711 FEE,1672,0,16.67,100.42,5,1564200,0,,,1,991865.0,213332.0,40.7522203,-73.9725153,8d,
MN,2178,3,112.0,10.0,,,RIVERSIDE DRIVE,,V1,11,C,NYC DEPARTMENT OF PARKS AND RECREATION,1901250,0,900.0,100.0,2,52611300,1880,Individual Landmark,INDIVIDUAL LANDMARK,1,1000116.0,250452.0,40.8540935,-73.9426475,3a,
MN,1110,1,107.0,6.0,,,BODY OF WATER,,V1,11,X,NYS OFFICE OF GENERAL SERVICES,22772335,0,0.0,0.0,9,0,0,,,1,986129.0,224054.0,40.7816525,-73.9932152,5d,
MN,2189,50,112.0,10.0,,,WEST 208 STREET,,V9,11,C,NYC DEPARTMENT OF CITYWIDE ADMINISTRATIVE SERVICES,68257,0,470.75,201.17,9,943200,0,,,1,1007704.0,254122.0,40.8641496,-73.9152055,3a,
MN,656,13,102.0,3.0,,,PIER 36,,V1,11,X,NYS DEPARTMENT OF TRANSPORTATION,331450,0,331.0,980.0,2,2076750,0,,,1,980555.0,204269.0,40.7273471,-74.0133313,12a,
MN,665,67,104.0,3.0,,,12 AVENUE,,V9,11,X,NYS DEPARTMENT OF TRANSPORTATION,123200,0,237.33,512.0,9,600750,0,,,1,981783.0,213742.0,40.7533486,-74.0089042,8b,
MN,665,68,104.0,3.0,,,12 AVENUE,,V9,11,X,NYS DEPARTMENT OF TRANSPORTATION,145425,0,292.0,596.58,9,703350,0,,,1,981847.0,213995.0,40.754043,-74.0086733,8b,
MN,1691,6,111.0,8.0,,,F D R DRIVE,,V1,11,C,NYC DEPARTMENT OF SMALL BUSINESS SERVICES,171650,0,570.17,300.0,5,766800,0,,,1,1000360.0,224814.0,40.783724,-73.941827,6b,
MN,1693,30,111.0,8.0,,,F D R DRIVE,,V1,11,C,NYC DEPARTMENT OF SMALL BUSINESS SERVICES,74850,0,297.58,312.0,9,335250,0,,,1,1000700.0,225075.0,40.7844397,-73.9405986,6b,
MN,1690,10,111.0,8.0,,,F D R DRIVE,,V1,11,C,NYC DEPARTMENT OF SMALL BUSINESS SERVICES,89800,0,283.42,300.0,5,383850,0,,,1,1000070.0,224523.0,40.7829258,-73.9428749,6b,
MN,1704,2,111.0,8.0,,,1 AVENUE,,V1,11,C,NYC DEPARTMENT OF SMALL BUSINESS SERVICES,73303,0,272.0,268.0,9,325800,0,,,1,1002252.0,227541.0,40.7912052,-73.9349877,6b,
MN,1703,128,111.0,8.0,,,F D R DRIVE,,V1,11,C,NYC DEPARTMENT OF SMALL BUSINESS SERVICES,80900,0,262.92,270.0,2,362700,0,,,1,1002091.0,227333.0,40.7906346,-73.9355697,6b,
MN,651,9,102.0,3.0,,,PIER 50,,V9,11,X,NYS DEPARTMENT OF TRANSPORTATION,278925,0,374.92,727.0,2,1806300,0,,,1,980951.0,207885.0,40.7372723,-74.0119043,12a,
MN,651,17,102.0,3.0,,,PIER 52,,V9,11,X,NYS DEPARTMENT OF TRANSPORTATION,141950,0,209.0,678.0,2,1072800,0,,,1,980957.0,208533.0,40.7390509,-74.011883,8b,
MN,2140,400,112.0,10.0,,,12 AVENUE,,V1,11,C,NYC DEPARTMENT OF SMALL BUSINESS SERVICES,777914,0,900.0,100.0,5,609750,0,,,1,998339.0,246053.0,40.8420226,-73.9490802,3b,
MN,1786,23,111.0,8.0,10035.0,25.0,2 AVENUE,,V1,11,,2ND AVE. INVESTMENTS,1078,0,20.0,53.92,5,230400,0,,,1,1002089.0,230908.0,40.800447,-73.9355674,6b,
MN,1786,33,111.0,8.0,10035.0,25.0,238 EAST 122 STREET,,V1,11,,"CLARKE, PATRICK D.",1884,0,18.67,100.92,5,195300,0,,,1,1001998.0,231094.0,40.8009577,-73.9358956,6b,
MN,651,48,102.0,3.0,,,PIER 48,,V9,11,X,NYS DEPARTMENT OF TRANSPORTATION,299125,0,377.33,754.0,2,1912500,0,,,1,980869.0,207149.0,40.7352521,-74.0121999,12a,
MN,1696,51,111.0,8.0,,,F D R DRIVE,,V1,11,C,NYC DEPARTMENT OF SMALL BUSINESS SERVICES,152875,0,789.0,207.0,5,685350,0,,,1,1001366.0,225891.0,40.7866782,-73.9381916,6b,
MN,1715,53,111.0,8.0,,,F D R DRIVE,,V1,11,C,NYC DEPARTMENT OF SMALL BUSINESS SERVICES,51800,0,308.83,198.0,9,313200,0,,,1,1003554.0,228665.0,40.7942875,-73.9302824,6b,
MN,1911,22,110.0,9.0,10027.0,28.0,121 WEST 126 STREET,,V1,11,,121 WEST 126 HOLDING LLC,1782,0,17.83,99.92,5,250650,0,,,1,999239.0,234043.0,40.8090571,-73.9458543,6a,
MN,2188,20,112.0,10.0,,,WEST 207 STREET,,V1,11,,WEST FORDHAM STREET RESIDENTS ASSOC,19111,0,100.68,191.11,0,163350,0,,,1,1007675.0,253872.0,40.8634638,-73.9153119,3a,
MN,1726,123,110.0,9.0,10027.0,32.0,WEST 128 STREET,,V1,11,,TWO MANHATTAN LLC.,1249,0,12.5,99.92,5,176850,0,,,1,1000318.0,234039.0,40.8090442,-73.9419566,6a,
MN,1929,23,110.0,9.0,10027.0,28.0,217 WEST 123 STREET,,V1,11,,217 WEST 123 LLC,2523,0,25.0,100.92,5,212850,0,,,1,998077.0,233744.0,40.8082383,-73.9500525,6a,
MN,2156,45,112.0,10.0,10033.0,34.0,13 WASHINGTON TERRACE,,V1,11,,OBC CORP.,1109,0,17.75,62.5,5,158400,0,,,1,1003760.0,249353.0,40.8510698,-73.9294783,3a,
MN,1599,44,110.0,9.0,10026.0,28.0,18 WEST 116 STREET,,V1,11,,"CARTHAGE NEXUS CANADA, L.P.",7064,0,70.0,100.92,5,639000,0,,,1,998777.0,231039.0,40.8008127,-73.9475297,6b,
MN,1395,120,108.0,4.0,10022.0,19.0,143 EAST 60 STREET,,V1,11,,PARKVIEW TOWER OWNER LLC,1608,0,20.0,80.42,5,1292400,0,,,1,993287.0,217231.0,40.7629207,-73.9673777,8c,
MN,1344,138,106.0,4.0,10022.0,17.0,EAST 52 STREET,,V1,11,,REDROCK REALTY ASSOCIATES LLC,22,0,0.3,88.0,8,1170,0,,,1,993541.0,214497.0,40.7554163,-73.9664646,8d,
MN,64,20,101.0,1.0,10038.0,1.0,8 MAIDEN LANE,,V1,11,,"10-12 MLANE, LLC",1890,0,21.0,90.0,5,1578150,0,,,1,981596.0,197725.0,40.7093858,-74.0095729,12b,
MN,1916,16,110.0,9.0,10027.0,32.0,WEST 131 STREET,,V1,11,,137 WEST 131 STREET LLC,1599,0,16.0,99.92,5,150750,0,,,1,999744.0,235248.0,40.8123636,-73.9440273,6a,
MN,1815,7,111.0,8.0,10035.0,25.0,EAST 118 STREET,,V1,11,,LOS TAMARINDOS LLC,1682,0,16.67,100.92,5,117000,0,,,1,1003241.0,229389.0,40.7962754,-73.9314108,6b,
MN,1790,28,111.0,8.0,10035.0,25.0,2 AVENUE,,V1,11,C,NYC HOUSING PRESERVATION AND DEVELOPMENT,2625,0,25.0,105.0,5,573300,0,,,1,1002656.0,231984.0,40.8033992,-73.9335165,6b,
MN,346,39,103.0,1.0,10002.0,7.0,DELANCEY STREET,,V1,11,C,NYC HOUSING PRESERVATION AND DEVELOPMENT,15485,0,70.3,220.67,3,95400,0,,,1,987821.0,200327.0,40.7165273,-73.9871182,12c,
