borough,Tax block,Tax lot,community board,council district,postcode,policeprct,address,state,bldgclass,landuse,ownertype,ownername,lotarea,unitstotal,lotfront,lotdepth,lottype,assessland,yearbuilt,histdist,landmark,borocode,x,y,latitude,longitude,zonemap,notes,city
BK,810,60,307.0,43.0,11220.0,72.0,749 53 STREET,NY,V0,11,,WONDER 749 LLC,4007,0,40.0,100.17,5,31740,0,,,3,982534.0,172500.0,40.6401491,-74.0061831,22a,,New York
BK,6126,40,310.0,47.0,11209.0,68.0,4 AVENUE,NY,V1,11,C,NYC DEPARTMENT OF CITYWIDE ADMINISTRATIVE SERVICES,209,0,1.5,139.0,8,2556,0,,,3,975176.0,163173.0,40.6145439,-74.0326831,22b,,New York
BK,5048,155,309.0,40.0,11225.0,71.0,379 PARKSIDE AVENUE,NY,V0,11,,OXER JEAN,840,0,14.0,60.0,6,6480,0,,,3,996129.0,178361.0,40.6562284,-73.9571871,16d,,New York
BK,3888,42,305.0,37.0,11207.0,75.0,22 SUNNYSIDE COURT,NY,V0,11,,JOAN TASH,2475,0,25.0,99.0,5,6300,0,,,3,1014785.0,188294.0,40.6834476,-73.8899043,17c,,New York
BK,3897,135,305.0,37.0,11207.0,75.0,323A JAMAICA AVENUE,NY,V0,11,,CITY OF NEW YORK,334,0,26.0,12.83,6,756,0,,,3,1014662.0,187771.0,40.6820125,-73.8903501,17c,,New York
BK,7104,42,315.0,44.0,11223.0,61.0,373 AVENUE T,NY,V0,11,,"SHERR, LORRAINE",975,0,9.75,100.0,8,2028,0,,,3,992166.0,157773.0,40.5997231,-73.9714942,28c,,New York
BK,5163,47,314.0,40.0,11226.0,70.0,845 OCEAN AVENUE,NY,V0,11,,UNAVAILABLE OWNER,35,0,0.33,105.0,8,568,0,,,3,995590.0,173202.0,40.6420688,-73.9591383,22c,,New York
BK,8374,81,318.0,46.0,11234.0,63.0,8396 ROYCE STREET,NY,V0,11,,BERGEN COVE DEVELOPMENT CORP,13500,0,50.0,270.0,5,105000,0,,,3,1009600.0,166647.0,40.6240477,-73.9086805,23d,,New York
BK,8374,181,318.0,46.0,11234.0,63.0,1477 ROYCE STREET,NY,V0,11,,CATHOLIC MED CTR/BK&QN I,28515,0,50.0,270.0,5,204840,0,,,3,1010253.0,166487.0,40.6236066,-73.9063287,23d,,New York
BK,1449,14,316.0,37.0,11233.0,73.0,2334 DEAN STREET,NY,V0,11,,JACQUELINE TAYLOR,2404,0,50.0,107.17,5,9300,0,,,3,1009106.0,185021.0,40.6744817,-73.9103923,17c,,New York
BK,6104,51,310.0,47.0,11209.0,68.0,94 STREET,NY,V0,11,,KALLY E.M. BOORAS,2000,0,20.0,100.0,5,19380,0,,,3,973745.0,164640.0,40.618569,-74.0378396,22b,,New York
BK,1017,47,306.0,39.0,11215.0,78.0,464 6 AVENUE,NY,V0,11,,"ROCK, JOAN",1338,0,17.83,75.0,5,11280,0,,,3,988412.0,182340.0,40.6671569,-73.9849973,16d,,New York
BK,5651,16,312.0,43.0,11220.0,66.0,824 51ST STREET,NY,V0,11,,WANG TAO LLC,2504,0,60.0,100.18,5,25620,1920,,,3,983204.0,172430.0,40.639957,-74.003769,22a,,New York
BK,5596,23,312.0,38.0,11219.0,66.0,4217 NEW UTRECHT AVENUE,NY,V1,11,X,HUMAN CARE SERVICES FOR FAMILES &  CHILD REN,20166,0,126.12,162.99,3,389700,0,,,3,985953.0,173117.0,40.6418426,-73.9938636,22c,,New York
BK,5596,41,312.0,38.0,11219.0,66.0,4202/12 FORT HAMILTON PKWY,NY,V1,11,,FORT HAMILTON LOFTS LLC,17159,0,101.82,180.67,3,1001700,0,,,3,986127.0,173104.0,40.6418069,-73.9932366,22c,,New York
BK,5802,55,310.0,38.0,11220.0,68.0,7 AVENUE,NY,V1,11,X,PENTECOSTAL CHRISTIAN CHURCH,7750,0,48.0,155.42,5,469800,0,,,3,980354.0,170685.0,40.6351666,-74.0140371,22a,,New York
BK,5742,1,310.0,38.0,11220.0,68.0,801 65 STREET,NY,V1,11,,CLARITY ASSETS LLC,12000,0,100.0,120.0,3,373050,0,,,3,980909.0,169774.0,40.6326663,-74.012037,22a,,New York
BK,5728,24,310.0,38.0,11220.0,68.0,844 62 STREET,NY,V1,11,,"LI, GUAN YU",4292,0,42.92,100.0,5,120150,0,,,3,981533.0,170076.0,40.6334954,-74.009789,22a,,New York
BK,5983,9,310.0,38.0,11228.0,68.0,7901 7 AVENUE,NY,V1,11,,"WARREN, ROBERT",3179,0,40.0,74.58,3,185850,0,,,3,979002.0,166380.0,40.6233496,-74.0189049,22b,,New York
BK,406,1,306.0,39.0,11217.0,78.0,223 NEVINS STREET,NY,V1,11,,"CONSOLIDATED EDISON COMPANY OF NEW YORK,  INC.",45000,0,200.0,225.0,3,4296600,0,,,3,988404.0,187670.0,40.6817865,-73.9850229,16c,,New York
BK,946,1,306.0,39.0,11217.0,78.0,171 4 AVENUE,NY,V1,11,,"FOURTH AVENUE TOWER, LLC",9214,0,118.0,75.0,3,1203750,0,,,3,989320.0,186575.0,40.6787805,-73.9817211,16c,,New York
BK,6267,2,310.0,38.0,11228.0,68.0,7917 12TH AVENUE,NY,V0,11,,"TANG, MAN YI",3000,0,30.0,100.0,1,26460,0,,,3,980884.0,164740.0,40.618849,-74.0121246,22b,,New York
BK,1036,73,306.0,39.0,11215.0,78.0,331 14 STREET,NY,V0,11,,333 PARK SLOPE CONDOS LLC,582,0,24.17,24.92,5,7080,0,,,3,988199.0,181490.0,40.6648239,-73.9857656,16d,,New York
BK,1004,10,306.0,39.0,11215.0,78.0,222 8 STREET,NY,V0,11,X,R C CH ST THOM AQUINA,1560,0,19.5,80.0,5,22380,0,,,3,987625.0,183575.0,40.670547,-73.9878336,16d,,New York
BK,1049,64,307.0,39.0,11215.0,72.0,309 16 STREET,NY,V0,11,,CHRISTOPHER R CUMMINGS,1333,0,13.33,100.0,5,23460,0,,,3,988144.0,180956.0,40.6633582,-73.9859642,16d,,New York
BK,786,39,307.0,43.0,11220.0,72.0,4904 8 AVENUE,NY,V1,11,,"VJHC HOLDINGS, LLC",8013,0,100.17,80.0,3,414900,0,,,3,983271.0,173043.0,40.6416396,-74.0035276,22a,,New York
BK,1619,7,303.0,36.0,11221.0,81.0,243 MARCUS GARVEY BLVD,NY,V1,11,,RASH LLC,1573,0,19.67,80.0,5,105300,0,,,3,1001148.0,190485.0,40.6894979,-73.9390678,17a,,New York
BK,278,1,302.0,33.0,11201.0,84.0,237 PACIFIC STREET,NY,V1,11,,235 PACIFIC LLC,1875,0,25.0,75.0,3,253350,0,,,3,986711.0,190216.0,40.6887754,-73.991126,16c,,New York
BK,1121,47,302.0,35.0,11238.0,78.0,524 VANDERBILT AVENUE,NY,V1,11,X,METROPOLITAN TRANSPORTATION AUTHORITY,5625,0,75.0,75.0,3,203400,0,,,3,993148.0,187460.0,40.6812066,-73.9679188,16c,,New York
BK,1121,42,302.0,35.0,11238.0,78.0,516 VANDERBILT AVENUE,NY,V1,11,X,MTA - LIRR,11500,0,75.0,95.0,3,288900,0,,,3,993167.0,187565.0,40.6814948,-73.9678502,16c,,New York
BK,6305,6,311.0,38.0,11228.0,62.0,15 AVENUE,NY,V0,11,,DRAZIC FAMILY 2016 REVOCABLE TRUST,1100,0,11.0,100.0,8,1704,0,,,3,982268.0,162717.0,40.6132967,-74.0071387,22b,,New York
BK,1887,40,302.0,35.0,11205.0,88.0,69 VANDERBILT AVENUE,NY,V0,11,,LOUIS A SOMMA,2300,0,23.0,100.0,3,43500,0,Wallabout Historic District,,3,992555.0,192738.0,40.6956941,-73.9700503,12d,,New York
BK,1887,36,302.0,35.0,11205.0,88.0,77 VANDERBILT AVENUE,NY,V0,11,,FRIEDLANDER KENNETH,3248,0,23.0,115.0,5,78240,0,,,3,992592.0,192650.0,40.6954525,-73.969917,12d,,New York
BK,1887,37,302.0,35.0,11205.0,88.0,75 VANDERBILT AVENUE,NY,V0,11,,FRIEDLANDER KENNETH,2867,0,23.0,115.0,5,63120,0,,,3,992584.0,192677.0,40.6955267,-73.9699458,12d,,New York
BK,2045,28,302.0,35.0,11205.0,88.0,85 ADELPHI STREET,NY,V0,11,,MURIEL E PITTS ARTHURS,1667,0,16.67,100.0,5,29340,0,,,3,992022.0,192574.0,40.6952445,-73.9719727,12d,,New York
BK,5769,31,311.0,43.0,11219.0,62.0,1444 67 STREET,NY,V0,11,,"67 STREET DEVELOPMENT, LLC",2400,0,20.0,120.0,5,26160,0,,,3,984432.0,166057.0,40.6224645,-73.9993444,22d,,New York
BK,5720,76,312.0,44.0,11219.0,66.0,61 STREET,NY,V0,11,,"SHUM, LEPSUN",500,0,5.0,100.0,8,316,0,,,3,985258.0,167658.0,40.6268589,-73.9963687,22c,,New York
BK,5719,24,312.0,44.0,11219.0,66.0,1340 60 STREET,NY,V1,11,,1360 60 STREET LLC,8000,0,80.0,100.0,5,218700,0,,,3,984928.0,168050.0,40.6279349,-73.9975575,22c,,New York
BK,5711,52,312.0,44.0,11219.0,66.0,1261 60TH STREET,NY,V1,11,,13 59&60TH LOT LLC,10020,0,100.0,100.17,5,256050,0,,,3,984497.0,168618.0,40.629494,-73.9991101,22c,,New York
BK,5753,35,310.0,43.0,11219.0,68.0,1284 65 STREET,NY,V1,11,,6502 13 LLC,5815,0,60.0,96.92,3,485100,0,,,3,983714.0,167307.0,40.6258955,-74.0019309,22b,,New York
BK,6188,6,310.0,38.0,11228.0,68.0,7211 12 AVENUE,NY,V0,11,,"BIANCHI VITA, DIANA",1000,0,10.0,100.0,8,1638,0,,,3,982065.0,166228.0,40.6229336,-74.007871,22b,,New York
BK,5748,13,311.0,43.0,11219.0,62.0,64 STREET,NY,V1,11,,"1412 64TH STREET REALTY, LLC",2000,0,20.0,100.0,5,46800,0,,,3,984697.0,166906.0,40.6247949,-73.9983897,22d,,New York
BK,6326,72,311.0,38.0,11214.0,62.0,8420 18 AVENUE,NY,V1,11,,"BARAK, JOHN W",815,0,37.83,57.0,3,18900,0,,,3,983806.0,160902.0,40.6083151,-74.0015991,22b,,New York
BK,2014,41,302.0,35.0,11238.0,88.0,480 GRAND AVENUE,NY,V0,11,,MT CALVARY U H CHURCH INC,2200,0,22.0,100.0,5,18000,0,,,3,994850.0,187644.0,40.6817098,-73.9617821,16c,,New York
BK,1951,30,302.0,35.0,11238.0,88.0,50 CLIFTON PLACE,NY,V1,11,,GRAND OLD PROPERTIES INC.,2500,0,25.0,100.0,3,148500,0,,,3,994564.0,189780.0,40.687573,-73.96281,16c,,New York
BK,6399,18,311.0,47.0,11214.0,62.0,139 BAY 14 STREET,NY,V0,11,,NIE S FAMILY LLC,3033,0,27.33,108.33,5,20100,0,,,3,981941.0,160118.0,40.6061629,-74.0083156,22b,,New York
BK,2062,24,302.0,35.0,11201.0,88.0,163 WILLOUGHBY STREET,NY,V1,11,,159 WILLOUGHBY REALTY LLC,4006,0,72.39,75.0,5,39142,0,,,3,989187.0,191461.0,40.6921916,-73.982197,16c,,New York
BK,546,8,306.0,38.0,11231.0,76.0,295 VAN BRUNT STREET,NY,V1,11,,LONUZZI MATTHEW,1219,0,17.5,69.67,5,148050,0,,,3,981184.0,186524.0,40.6786415,-74.0110538,16a,,New York
BK,545,25,306.0,38.0,11231.0,76.0,334 VAN BRUNT STREET,NY,V1,11,,NY 336 VAN BRUNT LLC,1509,0,24.5,61.75,5,121050,0,,,3,981007.0,186527.0,40.6786497,-74.011692,16a,,New York
BK,564,37,306.0,38.0,11231.0,76.0,154 WOLCOTT STREET,NY,V1,11,,CONOVER ASSOC.,2000,0,20.0,100.0,5,137250,0,,,3,980215.0,186552.0,40.6787179,-74.0145474,16a,,New York
BK,598,1,306.0,38.0,11231.0,76.0,403 VAN BRUNT STREET,NY,V1,11,,RED HOOK BUILDING COMPANY LLC,1800,0,20.0,90.0,3,54900,0,,,3,980228.0,185442.0,40.6756713,-74.0144999,16a,,New York
BK,588,8,306.0,38.0,11231.0,76.0,185 RICHARDS STREET,NY,V0,11,,SKINNYHOUSE LLC,2375,0,25.0,75.0,3,34860,0,,,3,980933.0,185398.0,40.6755508,-74.0119582,16a,,New York
BK,598,2,306.0,38.0,11231.0,76.0,401 VAN BRUNT STREET,NY,V1,11,,RED HOOK BUILDING COMPANY LLC,1800,0,20.0,90.0,5,61200,0,,,3,980242.0,185458.0,40.6757152,-74.0144494,16a,,New York
BK,597,27,306.0,38.0,11231.0,76.0,8 VAN BRUNT STREET,NY,V1,11,,OFFICE OF URBAN TERRAINS LLC,1725,0,25.0,69.0,5,203850,0,,,3,980154.0,185578.0,40.6760445,-74.0147667,16a,,New York
BK,603,14,306.0,38.0,11231.0,76.0,153 VAN DYKE STREET,NY,V1,11,,VAN D OPPORTUNITY LLC,2000,0,20.0,100.0,5,241650,0,,,3,979929.0,185548.0,40.6759621,-74.0155779,16a,,New York
BK,603,11,306.0,38.0,11231.0,76.0,157 VAN DYKE STREET,NY,V1,11,,VAN D OPPORTUNITY LLC,4000,0,40.0,100.0,5,278100,0,,,3,979892.0,185581.0,40.6760526,-74.0157113,16a,,New York
BK,597,22,306.0,38.0,11231.0,76.0,408 VAN BRUNT STREET,NY,V0,11,,DEITCHER GLORIA,1235,0,19.0,65.0,5,19980,0,,,3,980229.0,185657.0,40.6762614,-74.0144964,16a,,New York
BK,597,23,306.0,38.0,11231.0,76.0,410 VAN BRUNT STREET,NY,V0,11,,"KROPSKY, GLORIA DEITCHER",2405,0,37.0,65.0,5,39060,0,,,3,980210.0,185637.0,40.6762065,-74.0145649,16a,,New York
BK,610,29,306.0,38.0,11231.0,76.0,452 VAN BRUNT STREET,NY,V1,11,,THE EDNA MIELES 2010 LIVING TRUST,2260,0,25.0,90.42,5,180900,0,,,3,979800.0,185196.0,40.6749958,-74.0160427,16a,,New York
BK,545,26,306.0,38.0,11231.0,76.0,336 VAN BRUNT STREET,NY,V1,11,,NY 336 VAN BRUNT LLC,1548,0,25.0,61.0,3,124200,0,,,3,980989.0,186508.0,40.6785975,-74.0117569,16a,,New York
BK,792,7,307.0,38.0,11220.0,72.0,5003 5 AVENUE,NY,V1,11,,PANTHER REALTY LLC,2500,0,25.0,100.0,5,199800,0,,,3,981413.0,174199.0,40.6448122,-74.010223,22a,,New York
BK,600,3,306.0,38.0,11231.0,76.0,173 DWIGHT STREET,NY,V1,11,,NANCO REAL ESTATE LLC,2500,0,25.0,100.0,5,85500,0,,,3,981095.0,184736.0,40.6737338,-74.0113739,16a,,New York
BK,599,31,306.0,38.0,11231.0,76.0,44 VAN DYKE STREET,NY,V1,11,,"LOCASCIO, DOMENICO",2500,0,25.0,100.0,5,85500,0,,,3,980922.0,184873.0,40.6741098,-74.0119976,16a,,New York
BK,598,3,306.0,38.0,11231.0,76.0,399 VAN BRUNT STREET,NY,V1,11,,RED HOOK BUILDING COMPANY LLC,1800,0,20.0,90.0,5,61200,0,,,3,980256.0,185473.0,40.6757564,-74.0143989,16a,,New York
BK,598,22,306.0,38.0,11231.0,76.0,81 COFFEY STREET,NY,V1,11,,40 TIFFANY CORP,6000,0,60.0,100.0,5,231300,0,,,3,980558.0,185335.0,40.6753777,-74.0133101,16a,,New York
BK,575,35,306.0,38.0,11231.0,76.0,130 DIKEMAN STREET,NY,V0,11,,130 DIKEMAN STREET LLC,2500,0,25.0,100.0,5,40560,0,,,3,980366.0,186068.0,40.6773895,-74.0140027,16a,,New York
BK,577,21,306.0,38.0,11231.0,76.0,23 WOLCOTT STREET,NY,V0,11,,"GRADY, RONALD",2000,0,20.0,100.0,5,32520,0,,,3,981257.0,185410.0,40.6755838,-74.0107902,16a,,New York
BK,574,1,306.0,38.0,11231.0,76.0,63 FERRIS STREET,NY,V1,11,,"NYM 145 WOLCOTT, LLC",80000,0,200.0,500.0,3,2048400,0,,,3,980015.0,186471.0,40.6784955,-74.0152684,16a,,New York
BK,587,24,306.0,38.0,11231.0,76.0,73 DIKEMAN STREET,NY,V0,11,,CABALEIRO JUAN,2500,0,25.0,100.0,5,40560,0,,,3,980745.0,185517.0,40.6758773,-74.012636,16a,,New York
BK,598,6,306.0,38.0,11231.0,76.0,393 VAN BRUNT STREET,NY,V1,11,,393 VAN BRUNT ST. LLC,1800,0,20.0,90.0,5,61200,0,,,3,980294.0,185516.0,40.6758744,-74.014262,16a,,New York
BK,599,1,306.0,38.0,11231.0,76.0,211 RICHARDS STREET,NY,V1,11,,DYMAXION IAS LLC,2000,0,20.0,100.0,5,67500,0,,,3,980696.0,185130.0,40.6748151,-74.0128125,16a,,New York
BK,556,22,306.0,38.0,11231.0,76.0,105 KING STREET,NY,V0,11,,NY 103 KING LLC,2000,0,20.0,100.0,5,32520,0,,,3,981214.0,186145.0,40.6776012,-74.0109455,16a,,New York
BK,546,7,306.0,38.0,11231.0,76.0,297 VAN BRUNT STREET,NY,V1,11,,"SPIELFOGEL, LARRY R",1219,0,17.5,69.67,5,148050,0,,,3,981172.0,186511.0,40.6786058,-74.0110971,16a,,New York
BK,575,12,306.0,38.0,11231.0,76.0,119 WOLCOTT STREET,NY,V0,11,,RED HOOK BUILDING COMPANY LLC,3000,0,30.0,100.0,5,52860,0,,,3,980420.0,186157.0,40.6776339,-74.0138081,16a,,New York
BK,575,16,306.0,38.0,11231.0,76.0,113 WOLCOTT STREET,NY,V3,11,,"RUGGIERO, JOSEPH",2500,0,25.0,100.0,5,40560,0,,,3,980471.0,186112.0,40.6775104,-74.0136242,16a,,New York
BK,5936,24,310.0,47.0,11209.0,68.0,7503 SHORE ROAD,NY,V0,11,X,BAY RIDGE PREPARATORY SCHOOL,4688,0,37.5,125.0,3,45000,0,,,3,974082.0,170040.0,40.6333912,-74.0366338,22a,,New York
BK,728,25,307.0,38.0,11232.0,72.0,342 43 STREET,NY,V0,11,,342 43RD ST LLC,1953,0,19.5,100.17,5,13800,0,,,3,981553.0,176397.0,40.6508452,-74.0097194,16b,,New York
BK,345,26,306.0,39.0,11231.0,76.0,348 COURT STREET,NY,V1,11,,UNION & COURT REALTYCORP.,2500,0,25.0,100.0,3,121500,0,,,3,985297.0,187884.0,40.6823748,-73.996225,16c,,New York
BK,692,48,307.0,38.0,11232.0,72.0,367 36 STREET,NY,V1,11,,367-36 REALTY LLC,1729,0,23.0,75.17,5,103500,0,,,3,982944.0,177807.0,40.6547157,-74.0047068,16b,,New York
BK,5950,47,310.0,47.0,11209.0,68.0,7614 4 AVENUE,NY,V0,11,,7614 LLC,9937,0,90.33,110.0,5,138600,0,,,3,977068.0,168744.0,40.6298369,-74.0258743,22a,,New York
BK,408,41,306.0,39.0,11231.0,76.0,232 SMITH STREET,NY,V1,11,,232 SMITH LLC,5000,0,50.0,100.0,3,532800,0,,,3,986283.0,188405.0,40.6838047,-73.9926699,16c,,New York
BK,397,43,306.0,39.0,11201.0,76.0,371 BALTIC STREET,NY,V0,11,,"SUN STAR REAL ESTATE DEVELOPMENT 2021C,  LLC",2500,0,25.0,100.0,5,39120,0,,,3,987009.0,188617.0,40.6843864,-73.9900521,16c,,New York
BK,411,24,306.0,39.0,11217.0,78.0,226 NEVINS STREET,NY,V1,11,C,DEPT. OF ENVIROMENTAL PROTECTEION  SERVI CES,52000,0,230.0,227.0,3,897750,0,,,3,988034.0,187554.0,40.6814683,-73.986357,16c,,New York
BK,418,1,306.0,39.0,11217.0,78.0,242 NEVINS STREET,NY,V1,11,C,DEPARTMENT OF ENVIRONMENTAL PROTECTION,51750,0,230.0,225.0,3,2046150,0,,,3,987928.0,187347.0,40.6809002,-73.9867393,16c,,New York
BK,915,9,307.0,38.0,11232.0,72.0,712 39 STREET,NY,V1,11,,348 37TH STREET LLC,2113,0,22.0,100.17,5,99900,0,,,3,984442.0,175439.0,40.6482161,-73.9993081,22c,,New York
BK,5751,59,310.0,43.0,11219.0,68.0,66 STREET,NY,V0,11,,"CHEN, SHUN LONG",206,0,5.5,82.17,8,316,0,,,3,982194.0,168344.0,40.6287416,-74.0074069,22a,,New York
BK,1452,35,316.0,41.0,11233.0,73.0,1920 BERGEN STREET,NY,V0,11,,"MCDONALD, WANDA",2000,0,20.0,100.0,5,8640,0,,,3,1007104.0,184879.0,40.6740974,-73.9176101,17a,,New York
BK,782,11,307.0,38.0,11232.0,72.0,314 49 STREET,NY,V0,11,,234-236 52ND REALTYLLC,1553,0,15.5,100.17,5,11160,0,,,3,980393.0,175324.0,40.6478997,-74.0138992,22a,,New York
BK,5293,33,312.0,39.0,11218.0,66.0,3902 13 AVENUE,NY,V1,11,,GGMRE LLC,3460,0,60.0,57.67,3,134550,0,,,3,987958.0,172664.0,40.6405986,-73.9866392,22c,,New York
BK,1867,16,303.0,36.0,11216.0,79.0,521 NOSTRAND AVENUE,NY,V1,11,,"IZ MA, LLC",1933,0,19.33,100.0,5,205650,0,,,3,998311.0,186801.0,40.6793911,-73.9493053,17a,,New York
BK,1867,18,303.0,36.0,11216.0,79.0,517 NOSTRAND AVENUE,NY,V1,11,,TITO PLAZA IV LLC,1950,0,19.5,100.0,3,189000,0,,,3,998314.0,186840.0,40.6794982,-73.9492944,17a,,New York
BK,5690,54,312.0,44.0,11219.0,66.0,1237 57 STREET,NY,V0,11,,1233-57 ST. LLC,8013,0,80.0,100.17,5,100800,0,,,3,984959.0,169250.0,40.6312286,-73.9974457,22c,,New York
BK,5690,58,312.0,44.0,11219.0,66.0,1233 57 STREET,NY,V0,11,,1233-57 ST. LLC,8013,0,80.0,100.17,5,100800,0,,,3,984897.0,169300.0,40.6313659,-73.997669,22c,,New York
BK,1972,23,302.0,35.0,11238.0,88.0,414 CLASSON AVENUE,NY,V0,11,,414 CLASSON LLC,4300,0,43.75,91.0,3,38580,0,,,3,995432.0,189121.0,40.6857631,-73.9596813,16c,,New York
BK,5538,132,311.0,43.0,11204.0,62.0,1611 63 STREET,NY,V1,11,,CATERINA OLIVERI,2000,0,85.0,12.5,5,48600,0,,,3,986420.0,165830.0,40.6218412,-73.9921832,22d,,New York
BK,5600,33,312.0,44.0,11219.0,66.0,1466 42 STREET,NY,V0,11,X,1462 BYBZ LLC,2003,0,20.0,100.17,5,13140,0,,,3,988594.0,171147.0,40.6364345,-73.9843485,22c,,New York
BK,7066,23,313.0,47.0,11224.0,60.0,3212 SURF AVENUE,NY,V0,11,,BEACH FRONT LLC,1536,0,20.17,76.17,5,17040,0,,,3,984665.0,147867.0,40.5725367,-73.9985062,28d,,New York
BK,1818,73,303.0,36.0,11216.0,79.0,243 MADISON STREET,NY,V0,11,X,NEIGHBORHOOD RESTORE HOUSING DEVELOPMENT  FUND CORP,2000,0,20.0,100.0,5,12120,0,,,3,998332.0,188883.0,40.6851057,-73.9492253,17a,,New York
BK,1794,3,303.0,36.0,11216.0,79.0,287 NOSTRAND AVENUE,NY,V1,11,,"INCOMING/OUTGOING, L",1560,0,20.0,78.0,5,101700,0,,,3,997838.0,190255.0,40.6888723,-73.9510037,17a,,New York
BK,5629,60,312.0,44.0,11219.0,66.0,1339 48 STREET,NY,V0,11,,1339 48 ST LLC,4007,0,40.0,100.17,5,33300,0,,,3,986962.0,170651.0,40.6350737,-73.9902288,22c,,New York
BK,1813,30,303.0,36.0,11216.0,79.0,434 GATES AVENUE,NY,V0,11,,MA GREEN BRICKS LLC,2000,0,20.0,100.0,5,16800,0,,,3,998449.0,189277.0,40.686187,-73.9488026,17a,,New York
BK,1789,83,303.0,36.0,11216.0,79.0,321 CLIFTON PLACE,NY,V0,11,,JOYCE MILLER 2019 FAMILY TRUST,2000,0,20.0,100.0,5,11520,0,,,3,997989.0,190469.0,40.6894595,-73.9504588,17a,,New York
BK,5458,131,312.0,44.0,11219.0,66.0,1560 50 STREET,NY,V0,11,,NAME NOT ON FILE,150,0,2.0,75.0,8,316,0,,,3,987871.0,169079.0,40.6307586,-73.9869546,22c,,New York
BK,5650,166,312.0,44.0,11219.0,66.0,1427 51 STREET,NY,V0,11,,THE CHAIM AND SARAH SCHWARTZ REVOCABLE T RUST,301,0,3.0,100.17,8,316,0,,,3,986977.0,169639.0,40.632296,-73.9901752,22c,,New York
BK,1813,27,303.0,36.0,11216.0,79.0,428 GATES AVENUE,NY,V0,11,,GATES CLUSTER DEVELOPMENT COMP,2000,0,20.0,100.0,5,16800,0,,,3,998391.0,189268.0,40.6861624,-73.9490117,17a,,New York
BK,5656,169,312.0,44.0,11219.0,66.0,1315 52 STREET,NY,V1,11,,"POLLAK, CHAYA",200,0,2.0,100.0,8,1535,0,,,3,986132.0,169974.0,40.6332157,-73.9932194,22c,,New York
BK,5458,55,312.0,44.0,11219.0,66.0,1555 51 STREET,NY,V0,11,,1555 51 LLC,3005,0,30.0,100.17,5,22380,0,,,3,987774.0,169011.0,40.630572,-73.9873041,22c,,New York
BK,1813,8,303.0,36.0,11216.0,79.0,394 GATES AVENUE,NY,V1,11,,KV MORTGAGE PARTNERS SPV LLC,1575,0,21.0,75.0,5,33705,0,,,3,997993.0,189220.0,40.6860313,-73.9504469,17a,,New York
BK,1813,9,303.0,36.0,11216.0,79.0,396 GATES AVENUE,NY,V1,11,,KV MORTGAGE PARTNERS SPV LLC,1575,0,21.0,75.0,5,32670,0,,,3,998014.0,189223.0,40.6860395,-73.9503712,17a,,New York
BK,5678,53,312.0,44.0,11219.0,66.0,1453 55 STREET,NY,V0,11,,"KOLEL BETH YECHIEL MECHIL OF TARTIKOV, I NC.",5008,0,50.0,100.17,5,40440,0,,,3,986492.0,168698.0,40.6297133,-73.9919229,22c,,New York
BK,5663,38,312.0,44.0,11219.0,66.0,14 AVENUE,NY,V0,11,,MEISELS DAVID B,5800,0,58.0,100.0,5,46800,0,,,3,986419.0,169497.0,40.6319064,-73.9921856,22c,,New York
BK,5484,1,312.0,44.0,11219.0,66.0,5423 15 AVENUE,NY,V0,11,,"KOZLIK, SHLOMO",6017,0,60.17,100.0,3,60000,0,,,3,986795.0,168430.0,40.6289776,-73.9908313,22c,,New York
BK,5664,52,312.0,44.0,11219.0,66.0,1457 53 STREET,NY,V0,11,,1457 53RD STREET LLC,4758,0,47.5,100.17,5,38400,0,,,3,986845.0,169082.0,40.6307672,-73.990651,22c,,New York
BK,5692,156,312.0,44.0,11219.0,66.0,57 STREET,NY,V0,11,,"MOSKOWITZ, FRAIDEL",2350,0,3.83,100.17,8,3786,0,,,3,986070.0,168368.0,40.6288076,-73.9934433,22c,,New York
BK,5488,31,312.0,44.0,11219.0,66.0,1560 55 STREET,NY,V0,11,,"KNG REALTY NY CO., LLC",4007,0,40.0,100.17,5,29820,0,,,3,987064.0,168043.0,40.6279153,-73.9898624,22c,,New York
BK,5684,33,312.0,44.0,11219.0,66.0,1346 55 STREET,NY,V0,11,,EBT 1346 LLC,3005,0,30.0,100.17,5,24240,0,,,3,985726.0,169101.0,40.6308196,-73.9946824,22c,,New York
BK,5502,12,312.0,44.0,11219.0,66.0,1514 58 STREET,NY,V0,11,X,YOSEF YESHIVA IMREI,4007,0,40.0,100.17,5,50400,0,,,3,986280.0,167666.0,40.6268807,-73.9926869,22c,,New York
BK,5509,58,312.0,44.0,11219.0,66.0,1547 60 STREET,NY,V1,11,,1555 60TH STREET LLC,8013,0,80.0,100.17,5,162450,0,,,3,986289.0,167195.0,40.6255879,-73.9926546,22d,,New York
BK,5511,6,312.0,44.0,11204.0,66.0,5907 17 AVENUE,NY,V0,11,,5907-17TH AVE LLC,4023,0,40.17,100.17,5,50580,0,,,3,987337.0,166457.0,40.6235619,-73.9888796,22d,,New York
BK,1817,35,303.0,36.0,11216.0,79.0,182 MONROE STREET,NY,V1,11,,"HAMM, CHRISTINA",2070,0,20.0,100.0,5,83700,1899,,,3,997560.0,188869.0,40.6850685,-73.9520089,17a,,New York
BK,1822,48,303.0,36.0,11216.0,79.0,200 MADISON STREET,NY,V1,11,,ROZ AIG LLC,2000,0,20.0,100.0,5,18135,0,,,3,997823.0,188636.0,40.6844286,-73.9510611,17a,,New York
BK,1834,59,303.0,36.0,11216.0,79.0,271 HANCOCK STREET,NY,V0,11,,FREEMAN BARBARA,2000,0,20.0,100.0,5,12120,0,,,3,999402.0,188227.0,40.6833034,-73.9453687,17a,,New York
BK,1837,9,303.0,36.0,11216.0,79.0,1207 BEDFORD AVENUE,NY,V1,11,,50-56 HANCOCK ST LLC,2170,0,36.25,59.58,3,138600,0,,,3,997176.0,187752.0,40.6820032,-73.9533956,17a,,New York
BK,1817,1,303.0,36.0,11216.0,79.0,1141 BEDFORD AVENUE,NY,V1,11,X,MILLER MEMORIAL CHURCH OF THE NAZARENE,8641,0,102.87,76.0,3,587700,0,,,3,997043.0,188694.0,40.6845889,-73.9538733,17a,,New York
BK,5295,109,312.0,39.0,11218.0,66.0,12 AVENUE,NY,V1,11,X,CONGREGATION & YESHIVA MACHZIKEI HADAS I NC.,7650,0,153.0,50.0,5,53100,0,,,3,988065.0,173260.0,40.6422344,-73.9862533,22c,,New York
BK,5301,35,312.0,39.0,11218.0,66.0,1353 37 STREET,NY,V1,11,C,NYC TRANSIT AUTHORITY,5630,0,158.17,160.42,3,354150,0,,,3,988805.0,172845.0,40.641095,-73.9835871,22c,,New York
BK,2000,42,303.0,36.0,11216.0,79.0,1189 FULTON STREET,NY,V1,11,,FULTON GRAND LLC,2120,0,20.0,107.17,5,207900,0,,,3,997001.0,187402.0,40.6810427,-73.9540272,17a,,New York
BK,2016,6,303.0,36.0,11238.0,79.0,571 CLASSON AVENUE,NY,V1,11,,MERRICK CAPITAL CORP.,2510,0,58.17,91.0,5,246150,0,,,3,995815.0,187500.0,40.6813134,-73.9583031,16c,,New York
BK,1846,35,303.0,36.0,11216.0,79.0,308 HALSEY STREET,NY,V0,11,,312 HALSEY LLC,2000,0,20.0,100.0,5,12120,0,,,3,1000428.0,187939.0,40.6825111,-73.9416701,17a,,New York
BK,1743,10,303.0,36.0,11206.0,79.0,98 MARTIN L KING PLACE,NY,V1,11,,MLK LY LLC,2500,0,25.0,100.0,5,177750,0,,,3,998386.0,193097.0,40.6966721,-73.9490217,13b,,New York
BK,1999,22,303.0,36.0,11216.0,79.0,16 SPENCER PLACE,NY,V0,11,,"BRICK PROPERTIES, INC.",8088,0,16.0,109.17,5,56940,0,,,3,996786.0,187542.0,40.6814273,-73.9548021,17a,,New York
BK,1999,37,303.0,36.0,11216.0,79.0,1163 FULTON STREET,NY,V1,11,,SSA REO ASSETS 08 LLC,2560,0,20.0,115.0,5,167400,0,,,3,996706.0,187495.0,40.6812984,-73.9550906,17a,,New York
BK,1996,7,303.0,36.0,11216.0,79.0,140 PUTNAM AVENUE,NY,V0,11,,"JAMES, DARIEL",2000,0,20.0,100.0,5,17640,0,,,3,996559.0,188171.0,40.6831541,-73.9556194,17a,,New York
BK,1726,132,303.0,36.0,11206.0,79.0,178 THROOP AVENUE,NY,V1,11,,178 THROOP AVENUE TRUST,2917,0,29.17,100.0,5,123750,0,,,3,999653.0,193968.0,40.6990607,-73.9444506,13b,,New York
BK,2016,56,303.0,36.0,11238.0,79.0,19599 LEFFERTS PLACE,NY,V3,11,,EMPORIUM MANAGEMENTCORP,5062,0,56.0,125.0,5,29820,0,,,3,996464.0,187218.0,40.6805385,-73.9559636,17a,,New York
BK,1999,29,303.0,36.0,11216.0,79.0,1181 FULTON STREET,NY,V1,11,,"1181 FULTON STREET,",5426,0,45.5,119.25,3,516600,0,,,3,996834.0,187449.0,40.681172,-73.9546292,17a,,New York
BK,1991,19,302.0,35.0,11238.0,88.0,28 PUTNAM AVENUE,NY,V1,11,,28 PUTNAM LLC,2400,0,40.0,60.0,3,35100,0,,,3,995106.0,187969.0,40.6826016,-73.9608586,16c,,New York
BK,1796,22,303.0,36.0,11221.0,79.0,116 VAN BUREN STREET,NY,V0,11,,"DAFNA DEVELOPMENT GROUP, LLC",1925,0,19.25,100.0,5,11340,0,,,3,1000582.0,190694.0,40.6900726,-73.9411082,17a,,New York
BK,6919,96,313.0,47.0,11214.0,60.0,2552 WEST 15 STREET,NY,V0,11,,"ROSS, THOMAS",2000,0,20.0,100.0,5,26820,0,,,3,988570.0,152593.0,40.5855076,-73.9844468,28c,,New York
BK,6216,18,311.0,43.0,11204.0,62.0,74 STREET,NY,V0,11,,WAH SING CHIU,600,0,6.0,100.0,8,379,0,,,3,985670.0,162764.0,40.6134258,-73.9948855,22d,,New York
BK,1780,55,303.0,36.0,11216.0,79.0,215 KOSCIUSZKO STREET,NY,V0,11,,RINNEGACONCK LTD.,1333,0,16.67,80.0,5,10140,0,,,3,999129.0,191180.0,40.6914092,-73.9463465,17a,,New York
BK,1664,37,303.0,36.0,11233.0,81.0,456 HALSEY STREET,NY,V0,11,,474 HOLDING CORP.,2000,0,20.0,100.0,5,11100,0,,,3,1002011.0,188180.0,40.6831695,-73.935962,17a,,New York
BK,1775,17,303.0,36.0,11206.0,79.0,94 PULASKI STREET,NY,V0,11,X,IMPACCT HOUSING DEVELOPMENT FUND CORPORA TION,2500,0,25.0,100.0,5,14700,0,,,3,998754.0,191510.0,40.6923156,-73.947698,17a,,New York
BK,1772,14,303.0,36.0,11206.0,79.0,154 HART STREET,NY,V0,11,X,ZION TABERNACLE INC,1583,0,15.83,100.0,5,9180,0,,,3,999423.0,191883.0,40.6933382,-73.9452848,17a,,New York
BK,1605,62,303.0,36.0,11221.0,81.0,857 LAFAYETTE AVENUE,NY,V0,11,,SPRINT GROUP LLC,1875,0,18.75,100.0,5,15660,0,,,3,1001355.0,191253.0,40.6916055,-73.9383194,17a,,New York
BK,1781,33,303.0,36.0,11221.0,79.0,818 DEKALB AVENUE,NY,V1,11,,"RBLB, INC.",1667,0,16.67,100.0,5,103050,0,,,3,999931.0,191414.0,40.6920501,-73.943454,17a,,New York
BK,1771,43,303.0,36.0,11206.0,79.0,176 TOMPKINS AVENUE,NY,V1,11,,TEBA USA CORP,2500,0,25.0,100.0,5,119700,0,,,3,999187.0,191758.0,40.6929955,-73.9461361,17a,,New York
BK,1772,12,303.0,36.0,11206.0,79.0,150 HART STREET,NY,V0,11,X,ZION TABERNACLE INC,1696,0,19.58,100.0,5,10320,0,,,3,999391.0,191884.0,40.693341,-73.9454002,17a,,New York
BK,1780,53,303.0,36.0,11216.0,79.0,219 KOSCIUSZKO STREET,NY,V0,11,,RINNEGACONCK LTD.,1333,0,16.67,80.0,5,10140,0,,,3,999162.0,191185.0,40.6914228,-73.9462275,17a,,New York
BK,1768,28,303.0,36.0,11206.0,79.0,622 WILLOUGHBY AVENUE,NY,V0,11,,622 WB LLC,2000,0,20.0,100.0,5,11520,0,,,3,999654.0,192192.0,40.694186,-73.9444511,13b,,New York
BK,1786,60,303.0,36.0,11221.0,79.0,727 LAFAYETTE AVENUE,NY,V0,11,,MEDICAL AND SCIENTIFIC EQUIPMENT EXPORTE R LLC,2500,0,25.0,100.0,5,14040,0,,,3,999735.0,191008.0,40.690936,-73.9441617,17a,,New York
BK,5085,12,317.0,40.0,11226.0,67.0,737 ROGERS AVENUE,NY,V0,11,,"EVERETT, EMIL",3651,0,27.0,135.42,5,59160,0,,,3,997471.0,177277.0,40.6532512,-73.9523525,17b,,New York
BK,1629,139,303.0,36.0,11221.0,81.0,606 QUINCY STREET,NY,V0,11,,SADOT HOLDINGS AND DEVELOPMENT LLC,2132,0,26.0,82.0,3,15120,0,,,3,1001918.0,190088.0,40.6884067,-73.9362923,17a,,New York
BK,6406,27,311.0,38.0,11214.0,62.0,1910 BENSON AVENUE,NY,V0,11,,"812 MANAGEMENT INC.,",5700,0,50.0,114.0,5,59640,0,,,3,983601.0,159112.0,40.6034019,-74.0023372,28a,,New York
BK,1795,23,303.0,36.0,11221.0,79.0,38 VAN BUREN STREET,NY,V0,11,,SECRETARY OF HOUSING & URBAN DEVELOPMENT  WASH DC,1875,0,18.75,100.0,5,10200,0,,,3,999814.0,190578.0,40.6897556,-73.9438778,17a,,New York
BK,1795,66,303.0,36.0,11221.0,79.0,635 GREENE AVENUE,NY,V0,11,,"POINTDUJOUR, JACQUELINE",1875,0,18.75,100.0,5,10200,0,,,3,999889.0,190485.0,40.6895002,-73.9436076,17a,,New York
BK,1791,80,303.0,36.0,11221.0,79.0,11 VAN BUREN STREET,NY,V0,11,,11 VAN BUREN WW LLC,2025,0,20.25,100.0,5,16980,0,,,3,999555.0,190707.0,40.6901102,-73.9448114,17a,,New York
BK,1791,20,303.0,36.0,11221.0,79.0,722 LAFAYETTE AVENUE,NY,V0,11,,VINCE'S COMMERCIAL PROPERTIES LLC,1917,0,19.17,100.0,5,10440,0,,,3,999714.0,190835.0,40.6904612,-73.9442378,17a,,New York
BK,1614,68,303.0,36.0,11221.0,81.0,747 GREEN AVENUE,NY,V0,11,,"KALOKOH, JACQUELINE",2000,0,20.0,100.0,5,10860,0,,,3,1001328.0,190704.0,40.6900987,-73.9384182,17a,,New York
BK,1624,44,303.0,36.0,11221.0,81.0,214 LEWIS AVENUE,NY,V0,11,,53 VIL CONTRACTING INC.,3500,0,35.0,100.0,5,24120,0,,,3,1001842.0,190321.0,40.6890464,-73.9365657,17a,,New York
BK,8665,594,313.0,48.0,11235.0,60.0,25 BRIGHTON 5 LANE,NY,V0,11,,BRIGHTON 5LN LLC,1600,0,40.0,40.0,6,13920,0,,,3,994512.0,150645.0,40.5801558,-73.963057,28d,,New York
BK,1686,37,303.0,36.0,11233.0,81.0,188 BAINBRIDGE STREET,NY,V1,11,,LANDMARK LIVING LLC,8000,0,80.0,100.0,5,350550,0,,,3,1003884.0,187372.0,40.6809478,-73.9292111,17a,,New York
BK,1030,48,306.0,39.0,11215.0,78.0,381 13 STREET,NY,V1,11,,SLOPE DEVELOPMENT REALTY CORP,750,0,15.0,50.0,5,70650,0,,,3,988722.0,181482.0,40.6648017,-73.9838805,16d,,New York
BK,1686,40,303.0,36.0,11233.0,81.0,340 MALCOLM X BOULEVARD,NY,V1,11,,LANDMARK LIVING LLC,3000,0,40.0,75.0,3,131400,0,Bedford Stuyvesant / Expanded Stuyvesant Heights Historic District,,3,1003956.0,187413.0,40.6810602,-73.9289514,17a,,New York
BK,1686,42,303.0,36.0,11233.0,81.0,344 MALCOLM X BOULEVARD,NY,V1,11,,LANDMARK LIVING LLC,1500,0,20.0,75.0,5,65700,0,Bedford Stuyvesant / Expanded Stuyvesant Heights Historic District,,3,1003961.0,187382.0,40.6809751,-73.9289335,17a,,New York
BK,1814,46,303.0,36.0,11216.0,79.0,321 MONROE STREET,NY,V0,11,,FREDERICK BACON,1600,0,20.0,80.0,5,9960,0,,,3,999415.0,189310.0,40.686276,-73.9453194,17a,,New York
BK,1709,4,303.0,41.0,11233.0,81.0,47 ROCHESTER AVENUE,NY,V0,11,,2836 W 19 REALTY CORP.,1269,0,18.67,68.0,6,8160,0,,,3,1004425.0,186147.0,40.6775842,-73.9272643,17a,,New York
BK,1710,50,303.0,41.0,11233.0,81.0,52 BUFFALO AVENUE,NY,V1,11,,BUFFALO PLAZA 26 INC,803,0,17.83,45.0,5,67500,0,,,3,1005065.0,186064.0,40.6773549,-73.9249572,17a,,New York
BK,1709,17,303.0,41.0,11233.0,81.0,796 HERKIMER STREET,NY,V0,11,X,CALVARY A.M.E. CHURCH,2350,0,25.0,94.0,5,13500,0,,,3,1004495.0,186366.0,40.6781852,-73.9270113,17a,,New York
BK,1596,65,303.0,36.0,11221.0,81.0,441 PULASKI STREET,NY,V0,11,,SOJOURNER TRUTH 1 HOME,2500,0,25.0,100.0,5,13140,0,,,3,1002870.0,192303.0,40.6944845,-73.9328534,13b,,New York
BK,6902,45,313.0,47.0,11214.0,60.0,18 28 AVENUE,NY,V0,11,,DYKER ONE LLC,2900,0,30.0,96.67,5,30360,0,,,3,988439.0,154285.0,40.5901518,-73.9849174,28c,,New York
BK,6904,24,313.0,47.0,11214.0,60.0,7 BAY 49 STREET,NY,V0,11,,MB ZONE LLC,2665,0,70.92,103.0,5,28860,0,,,3,988668.0,153936.0,40.5891938,-73.9840931,28c,,New York
BK,1708,58,303.0,36.0,11233.0,81.0,50 ROCHESTER AVENUE,NY,V0,11,,"LEEBOO, THEODORE",1480,0,18.5,80.0,3,16440,0,,,3,1004281.0,186139.0,40.6775626,-73.9277835,17a,,New York
BK,1714,22,303.0,41.0,11233.0,81.0,332 RALPH AVENUE,NY,V0,11,,BRICK PROPERTIES INC,4620,0,44.0,105.0,5,30660,0,,,3,1005867.0,186194.0,40.6777098,-73.9220654,17a,,New York
BK,1713,8,303.0,41.0,11233.0,81.0,19 KANE PLACE,NY,V0,11,,MJ KANE REALTY LLC,1610,0,15.33,105.0,5,14580,0,,,3,1005484.0,186137.0,40.6775543,-73.9234464,17a,,New York
BK,1714,24,303.0,41.0,11233.0,81.0,336 RALPH AVENUE,NY,V0,11,,BRICK PROPERTIES INC,2415,0,23.0,105.0,5,13920,0,,,3,1005865.0,186161.0,40.6776193,-73.9220727,17a,,New York
BK,6899,32,313.0,47.0,11214.0,60.0,129 BAY 44 STREET,NY,V0,11,,"125 BAY 44TH, LLC",1410,0,30.0,75.92,5,14820,0,,,3,987722.0,154819.0,40.5916179,-73.9874987,28c,,New York
BK,6904,14,313.0,47.0,11214.0,60.0,39 BAY 49 STREET,NY,V0,11,,12 BAY 50 REALTY INC.,1933,0,20.0,96.67,5,22740,0,,,3,988546.0,153735.0,40.5886421,-73.9845325,28c,,New York
BK,1589,32,303.0,36.0,11206.0,81.0,376 VERNON AVENUE,NY,V1,11,,VERNON PLAZA II LLC,8500,0,85.0,100.0,5,423450,0,,,3,1002069.0,192829.0,40.6959299,-73.9357405,13b,,New York
BK,1589,20,303.0,36.0,11206.0,81.0,356 VERNON AVENUE,NY,V0,11,,356 VERNON AVE LLC,1750,0,17.5,100.0,5,10140,0,,,3,1001803.0,192789.0,40.6958206,-73.9366999,13b,,New York
BK,1596,57,303.0,36.0,11221.0,81.0,453A PULASKI STREET,NY,V0,11,,SOJOURNER TRUTH 1 HOME,1875,0,18.75,100.0,6,14700,0,,,3,1003031.0,192328.0,40.6945527,-73.9322728,13b,,New York
BK,6899,130,313.0,47.0,11214.0,60.0,129A BAY 44 STREET,NY,V0,11,,"DARPA, JOHN",3042,0,40.25,75.58,5,37620,0,,,3,987719.0,154774.0,40.5914943,-73.9875095,28c,,New York
BK,6899,69,313.0,47.0,11214.0,60.0,154 27 AVENUE,NY,V0,11,,"WEN, XIAO QUN",953,0,20.0,47.67,5,11280,0,,,3,987605.0,154454.0,40.5906161,-73.9879202,28c,,New York
BK,1586,1,303.0,36.0,11206.0,81.0,43 LEWIS AVENUE,NY,V0,11,,1080 MYRTLE REALTY INC.,3300,0,20.0,165.0,5,21900,0,,,3,1001642.0,192977.0,40.6963369,-73.93728,13b,,New York
BK,6902,47,313.0,47.0,11214.0,60.0,22 28 AVENUE,NY,V0,11,,DYKER ONE LLC,2698,0,20.0,134.92,5,28260,0,,,3,988409.0,154276.0,40.5901271,-73.9850254,28c,,New York
BK,6902,23,313.0,47.0,11214.0,60.0,69 BAY 47 STREET,NY,V0,11,,SHANE JAMIESON,1933,0,20.0,96.67,5,22740,0,,,3,988232.0,154187.0,40.5898829,-73.9856628,28c,,New York
BK,1589,46,303.0,36.0,11221.0,81.0,20 STUYVESANT AVENUE,NY,V0,11,,27 BED STUY HOUSING DEVELOPMENT FUND COR PORATION,2000,0,20.0,100.0,6,12720,0,,,3,1002292.0,192821.0,40.6959074,-73.9349364,13b,,New York
BK,6900,59,313.0,47.0,11214.0,60.0,108 BAY 46 STREET,NY,V0,11,,"TO, CARMEN",1933,0,20.0,96.67,5,22740,0,,,3,987875.0,154393.0,40.5904485,-73.9869481,28c,,New York
BK,1357,16,308.0,41.0,11233.0,77.0,1742 BERGEN STREET,NY,V0,11,,1740 BERGEN LLC,1700,0,17.0,100.0,5,11220,0,,,3,1005209.0,185014.0,40.6744726,-73.9244413,17a,,New York
BK,1343,73,308.0,36.0,11233.0,77.0,1771 DEAN STREET,NY,V0,11,,"ATLANTIC PROPERTIES I, LLC",1786,0,16.67,107.17,5,12540,0,,,3,1003906.0,185564.0,40.6759852,-73.9291371,17a,,New York
BK,1343,74,308.0,36.0,11233.0,77.0,1769 DEAN STREET,NY,V0,11,,"ATLANTIC PROPERTIES I, LLC",1786,0,16.67,107.17,5,12540,0,,,3,1003888.0,185566.0,40.6759907,-73.929202,17a,,New York
BK,1355,21,308.0,36.0,11213.0,77.0,1610 BERGEN STREET,NY,V0,11,,1610 BERGEN STREET JV LLC,3066,0,24.0,127.75,5,22260,0,,,3,1003795.0,185101.0,40.6747146,-73.9295386,17a,,New York
BK,1357,15,308.0,41.0,11233.0,77.0,1740 BERGEN STREET,NY,V0,11,,1740 BERGEN LLC,1708,0,17.08,100.0,5,11280,0,,,3,1005192.0,185015.0,40.6744754,-73.9245026,17a,,New York
BK,1349,32,308.0,36.0,11233.0,77.0,1792 DEAN STREET,NY,V0,11,,HERMAN THALMAN CO. INC.,2545,0,23.75,107.17,5,17340,0,,,3,1004066.0,185375.0,40.6754661,-73.9285608,17a,,New York
BK,1339,39,308.0,41.0,11233.0,77.0,1978 ATLANTIC AVENUE,NY,V1,11,,HAYDEN HESTER,2000,0,20.0,100.0,5,46800,0,,,3,1005712.0,185820.0,40.6766837,-73.9226254,17a,,New York
BK,1566,14,316.0,41.0,11233.0,73.0,9 MARCONI PLACE,NY,V0,11,,FEDERAL NATIONAL MORTGAGE ASSOCIATION,1900,0,20.0,95.0,5,10740,0,,,3,1008546.0,186028.0,40.6772473,-73.9124075,17a,,New York
BK,1567,44,316.0,41.0,11233.0,73.0,2081 ATLANTIC AVENUE,NY,V1,11,,GREENE ATLANTIC LLC,8922,0,98.58,117.5,0,139500,0,,,3,1008798.0,185810.0,40.6766482,-73.9114998,17c,,New York
BK,1561,9,303.0,41.0,11233.0,81.0,17 LOUIS PLACE,NY,V0,11,X,HABITAT MOSAIC HOUSING DEVELOPMENT FUND  CORP,1788,0,18.33,97.5,5,11100,0,,,3,1007253.0,186034.0,40.6772672,-73.9170691,17a,,New York
BK,1559,5,303.0,41.0,11233.0,81.0,309 HOWARD AVENUE,NY,V0,11,,"ISLAM, NAZRUL",692,0,16.92,40.92,5,4560,0,,,3,1006719.0,185991.0,40.6771505,-73.9189944,17a,,New York
BK,1561,25,303.0,41.0,11233.0,81.0,244 SARATOGA AVENUE,NY,V0,11,,BROOKLYN 244 SARATOGA LLC,1015,0,17.5,58.0,5,6360,0,,,3,1007380.0,186117.0,40.6774947,-73.9166109,17a,,New York
BK,1556,32,303.0,41.0,11233.0,81.0,1905 ATLANTIC AVENUE,NY,V1,11,,"LLAMUCA, OSCAR",1200,0,15.0,80.0,5,61650,0,,,3,1006104.0,186001.0,40.6771795,-73.9212116,17a,,New York
BK,1548,32,303.0,41.0,11233.0,81.0,1982 FULTON STREET,NY,V1,11,,1982 BK DEVELOPMENT LLC,3126,0,29.5,100.0,5,206100,0,,,3,1006628.0,186479.0,40.6784902,-73.9193208,17a,,New York
BK,1556,39,303.0,41.0,11233.0,81.0,1897 ATLANTIC AVENUE,NY,V1,11,,1897 ATLANTIC HOMES LLC,1200,0,15.0,80.0,5,61650,0,,,3,1005998.0,186008.0,40.677199,-73.9215937,17a,,New York
BK,1567,42,316.0,41.0,11233.0,73.0,196 ROCKAWAY AVENUE,NY,V1,11,,ROC ATLANTIC INNOVATIVE HOLDINGS CORP.,1640,0,21.17,77.5,3,64800,0,,,3,1008889.0,185774.0,40.6765491,-73.9111719,17c,,New York
BK,1342,16,308.0,36.0,11213.0,77.0,1696 PACIFIC STREET,NY,V0,11,,1696 PACIFIC STREET LLC,3117,0,29.08,107.17,5,25140,0,,,3,1002987.0,185739.0,40.6764675,-73.9324497,17a,,New York
BK,6880,38,311.0,43.0,11214.0,62.0,97 BAY 40 STREET,NY,V0,11,,"HUANG, WEI HUA",2932,0,30.33,96.67,5,34620,0,,,3,987486.0,156164.0,40.5953097,-73.9883478,28c,,New York
BK,1340,21,308.0,36.0,11213.0,77.0,1560 PACIFIC STREET,NY,V0,11,,1563 PACIFIC AVENUE,2143,0,20.0,107.17,5,14580,0,,,3,1001553.0,185840.0,40.6767477,-73.9376193,17a,,New York
BK,1202,41,308.0,36.0,11216.0,77.0,58 BROOKLYN AVENUE,NY,V1,11,,THE SMILE REALTS LLC,1200,0,20.0,60.0,3,89100,0,,,3,999671.0,186288.0,40.6779808,-73.9444033,17a,,New York
BK,1447,20,316.0,41.0,11233.0,73.0,2178 DEAN STREET,NY,V0,11,,"HP MJM HOUSING DEVELOPMENT FUND COMPANY,  INC.",2045,0,19.08,107.17,5,7260,0,,,3,1007682.0,185121.0,40.6747601,-73.9155256,17a,,New York
BK,1451,40,316.0,41.0,11233.0,73.0,398 HOWARD AVENUE,NY,V0,11,X,HABITAT MOSAIC HOUSING DEVELOPMENT FUND  CORP,1800,0,18.0,100.0,5,7200,0,,,3,1006500.0,184888.0,40.6741236,-73.9197876,17a,,New York
BK,1626,10,303.0,36.0,11221.0,81.0,159 STUYVESANT AVENUE,NY,V0,11,,STEPHANIE FAULKNER,1800,0,20.0,90.0,3,8520,0,,,3,1002805.0,190524.0,40.6896017,-73.9330927,17a,,New York
BK,1626,77,303.0,36.0,11221.0,81.0,659 QUINCY STREET,NY,V0,11,,659 QUINCY LLC,2000,0,20.0,100.0,5,10860,0,,,3,1002940.0,190402.0,40.6892665,-73.9326063,17a,,New York
BK,6912,21,313.0,47.0,11214.0,60.0,2665 MILL ROAD,NY,V0,11,,UNIVERSAL ACTIONS LLC,31125,0,160.24,250.0,3,110160,0,,,3,987232.0,154032.0,40.5894579,-73.9892634,28c,,New York
BK,6940,62,313.0,47.0,11214.0,60.0,2099 SHORE PARKWAY,NY,V0,11,,"LUIS F. GANDARA, TRUSTEE",1875,0,30.0,90.08,5,15540,0,,,3,987477.0,152496.0,40.5852418,-73.988382,28c,,New York
BK,1616,92,303.0,36.0,11221.0,81.0,867 GREENE AVENUE,NY,V0,11,,LAND HOLDING INC,2500,0,25.0,100.0,5,14040,0,,,3,1002814.0,190928.0,40.6907105,-73.9330591,17a,,New York
BK,1641,59,303.0,36.0,11221.0,81.0,645 MADISON STREET,NY,V0,11,,647 MADISON LLC,6500,0,65.0,100.0,5,44100,0,,,3,1003313.0,189640.0,40.6871742,-73.9312634,17a,,New York
BK,1276,72,309.0,35.0,11225.0,71.0,1201 PRESIDENT STREET,NY,V1,11,,T S N A CORP,6388,0,50.0,127.75,5,88200,0,,,3,998101.0,182762.0,40.6683053,-73.9500708,17b,,New York
BK,1309,17,309.0,35.0,11225.0,71.0,967 NOSTRAND AVENUE,NY,V1,11,,MINORTICO RLTY CORP,15735,0,114.83,86.33,3,720900,0,,,3,997963.0,181597.0,40.6651079,-73.9505706,17b,,New York
BK,1417,9,309.0,35.0,11213.0,71.0,600 CROWN STREET,NY,V0,11,,PREMINGER LAND LLC,28275,0,181.74,155.58,3,298080,0,,,3,1001597.0,181652.0,40.6652525,-73.9374715,17b,,New York
BK,7024,71,313.0,47.0,11224.0,60.0,4314 MANHATTAN AVENUE,NY,V0,11,,AK 4314 LLC,10500,0,60.0,175.0,5,32640,0,,,3,981655.0,150160.0,40.5788301,-74.0093418,28b,,New York
BK,1360,77,308.0,36.0,11213.0,77.0,1333 PROSPECT PLACE,NY,V0,11,,PROSPECT 1333 CORP.,2300,0,18.0,127.75,5,19560,0,,,3,1003065.0,184695.0,40.6736018,-73.9321715,17a,,New York
BK,7061,27,313.0,47.0,11224.0,60.0,1709 SURF AVENUE,NY,V1,11,,CONEY ISLAND PHASE III HOUSING DEVELOPME NT FUND CO,23917,0,167.42,177.5,5,2657250,0,,,3,988349.0,148967.0,40.575555,-73.9852447,28d,,New York
BK,7056,111,313.0,47.0,11224.0,60.0,2304 MERMAID AVENUE,NY,V1,11,X,SEA BEACH HOMEOWNERSASSOCIATION INC,8872,0,197.62,100.0,5,0,0,,,3,986874.0,149016.0,40.5756901,-73.9905543,28d,,New York
BK,7058,5,313.0,47.0,11224.0,60.0,2118 MERMAID AVENUE,NY,V1,11,,ON THE BEACH HOUSING LLC,3402,0,38.81,100.0,5,205650,0,,,3,987443.0,149124.0,40.5759863,-73.988506,28d,,New York
BK,7021,70,313.0,47.0,11224.0,60.0,2841 WEST 17 STREET,NY,V0,11,X,NORTHESTERN CONFERENCE CORP,4750,0,40.0,118.75,5,40680,0,,,3,988504.0,149805.0,40.5778551,-73.9846862,28d,,New York
BK,7021,72,313.0,47.0,11224.0,60.0,2835 WEST 17 STREET,NY,V0,11,X,NORTHEASTERN CONFERENCE CORPORATION,4750,0,40.0,118.75,5,40680,0,,,3,988498.0,149845.0,40.5779649,-73.9847078,28d,,New York
BK,6971,39,313.0,47.0,11224.0,60.0,3707 CYPRESS AVENUE,NY,V0,11,,3707 REALTY INC.,1200,0,12.0,100.0,3,2640,0,,,3,983201.0,150269.0,40.5791296,-74.0037763,28b,,New York
BK,1317,8,309.0,40.0,11225.0,71.0,428 EMPIRE BOULEVARD,NY,V0,11,X,NORTHEASTERN CONFERENCE CO. OF 7TH DAY A DVENTIST,3000,0,30.0,100.0,5,20400,0,,,3,998746.0,181135.0,40.6638385,-73.9477492,17b,,New York
BK,1317,20,309.0,40.0,11225.0,71.0,434 EMPIRE BOULEVARD,NY,V0,11,X,NORTHEASTERN CONFERENCE CORP /SEVENTH DA Y ADV,292,0,20.17,19.0,5,120,0,,,3,998810.0,181183.0,40.6639702,-73.9475184,17b,,New York
BK,6971,40,313.0,47.0,11224.0,60.0,3709 CYPRESS AVENUE,NY,V0,11,,3707 REALTY INC.,8800,0,88.0,100.0,5,26400,0,,,3,983151.0,150262.0,40.5791104,-74.0039563,28b,,New York
BK,1325,61,309.0,40.0,11225.0,71.0,17 LAMONT COURT,NY,V0,11,,"LAMONT RESIDENCES, LLC",3436,0,36.17,95.0,3,25200,0,,,3,999821.0,181048.0,40.6635979,-73.9438746,17b,,New York
BK,7038,18,313.0,47.0,11224.0,60.0,4500 BEACH 45 STREET,NY,V0,11,,"AKGN, LLC",5490,0,44.98,118.07,2,17460,0,,,3,981073.0,148916.0,40.5754154,-74.0114363,28b,,New York
BK,1376,28,308.0,35.0,11213.0,77.0,1234 STERLING PLACE,NY,V0,11,,1234 STERLING INC,2212,0,20.0,110.58,5,15780,0,,,3,1001494.0,183967.0,40.6716068,-73.9378368,17a,,New York
BK,7066,52,313.0,47.0,11224.0,60.0,3212R BOARDWALK WEST,NY,V0,11,,3212 RIEGELMANN BOARDWALK CATS LLC,6496,0,40.5,160.0,5,89880,0,,,3,984687.0,147654.0,40.571952,-73.998427,28d,,New York
BK,7066,1,313.0,47.0,11224.0,60.0,3330 SURF AVENUE,NY,V0,11,,"3312 SURF AVENUE CATS, LLC",49283,0,159.58,308.5,5,174660,0,,,3,984299.0,147793.0,40.5723336,-73.9998236,28d,,New York
BK,7065,12,313.0,47.0,11224.0,60.0,3602 SURF AVENUE,NY,V0,11,,RED APPLE SURF REALTY II LLC,9827,0,38.17,275.17,5,91320,0,,,3,983831.0,147897.0,40.572619,-74.0015082,28b,,New York
BK,7066,28,313.0,47.0,11224.0,60.0,3006 SEA PLACE,NY,V0,11,,BEACH FRONT LLC,3491,0,43.83,81.0,3,42420,0,,,3,984728.0,147780.0,40.5722979,-73.9982794,28d,,New York
BK,7052,11,313.0,47.0,11224.0,60.0,2804 MERMAID AVENUE,NY,V1,11,,2947 SHORE PKWY LLC,1983,0,19.83,100.0,5,115650,0,,,3,985782.0,148877.0,40.5753088,-73.9944852,28d,,New York
BK,8696,48,313.0,47.0,11224.0,60.0,1108 SURF AVENUE,NY,V1,11,,1102-1110 SURF AVENUE LLC,2000,0,20.0,100.0,5,76050,0,,,3,990059.0,148844.0,40.5752164,-73.9790893,28d,,New York
BK,7071,86,313.0,47.0,11224.0,60.0,3033 WEST 23 STREET,NY,V0,11,,ALISSA DICKER,6600,0,60.0,110.0,5,82860,0,,,3,987249.0,148064.0,40.5730769,-73.9892048,28d,,New York
BK,7071,90,313.0,47.0,11224.0,60.0,3029 WEST 23 STREET,NY,V0,11,,STERN ISRAEL N,2000,0,20.0,100.0,5,20220,0,,,3,987241.0,148122.0,40.5732361,-73.9892336,28d,,New York
BK,7074,4,313.0,47.0,11224.0,60.0,1520 SURF AVENUE,NY,V1,11,,WANTANABE REALTY CORP,4899,0,25.47,192.33,5,349200,0,,,3,988981.0,148779.0,40.5750387,-73.9829698,28d,,New York
BK,8696,37,313.0,47.0,11224.0,60.0,1124 SURF AVENUE,NY,V1,11,,CONEY GREENBERG WEISS SURF LLC,9338,0,96.35,105.41,3,805050,0,,,3,989981.0,148847.0,40.5752247,-73.97937,28d,,New York
BK,8696,47,313.0,47.0,11224.0,60.0,1110 SURF AVENUE,NY,V1,11,,1102-1110 SURF AVENUE LLC,1738,0,21.75,100.0,5,57600,0,,,3,990041.0,148849.0,40.5752302,-73.979154,28d,,New York
BK,1407,1,309.0,35.0,11213.0,71.0,341 TROY AVENUE,NY,V0,11,,"CARROLL GARDENS REALTY,",16114,0,116.0,138.92,3,110700,0,,,3,1001863.0,182166.0,40.6666628,-73.9365113,17b,,New York
BK,1401,1,309.0,35.0,11213.0,71.0,319 TROY AVENUE,NY,V1,11,,TROY AVENUE PARTNERS LLC,2119,0,22.17,95.58,3,109350,0,,,3,1001828.0,182495.0,40.6675659,-73.9366366,17b,,New York
BK,6779,1,315.0,48.0,11229.0,61.0,1633 EAST 16 STREET,NY,V1,11,,KH 16 LENDER LLC,23186,0,292.0,108.08,3,1264950,0,,,3,996105.0,161515.0,40.6099898,-73.9573032,22d,,New York
BK,1530,18,303.0,41.0,11233.0,81.0,1895 FULTON STREET,NY,V1,11,,JACKSON ALICE A,881,0,22.52,42.52,4,33300,0,,,3,1006202.0,186661.0,40.6789908,-73.9208561,17a,,New York
BK,1521,56,316.0,41.0,11233.0,73.0,319 SUMPTER STREET,NY,V1,11,,"GATHERS, VICTOR",1000,0,17.92,48.33,5,21060,0,,,3,1008610.0,187415.0,40.6810541,-73.9121718,17c,,New York
BK,1537,53,316.0,41.0,11233.0,73.0,50A HULL STREET,NY,V2,11,,REVOCABLE TRUST RUDOLPH GILGEOUS,1380,0,18.75,73.58,5,17040,0,,,3,1007901.0,186629.0,40.6788986,-73.9147308,17a,,New York
BK,6995,99,313.0,47.0,11224.0,60.0,2766 WEST 16 STREET,NY,V9,11,,ROCKY ANZALONE,2000,0,20.0,100.0,5,118350,0,,,3,988556.0,150359.0,40.5793757,-73.9844987,28d,,New York
BK,6995,76,313.0,47.0,11224.0,60.0,2710 WEST 16 STREET,NY,V1,11,,2432 STILLWELL AVE LLC,4750,0,40.0,118.75,5,252900,0,,,3,988481.0,150802.0,40.5805917,-73.9847684,28d,,New York
BK,6996,26,313.0,47.0,11224.0,60.0,2737 WEST 16 STREET,NY,V1,11,,UNAVAILABLE OWNER,4750,0,40.0,118.75,5,252900,0,,,3,988662.0,150788.0,40.5805531,-73.9841168,28d,,New York
BK,6996,13,313.0,47.0,11224.0,60.0,2771 WEST 16 STREET,NY,V1,11,,"WEST 16TH PROPERTIES, LLC",1375,0,20.0,118.75,5,73800,0,,,3,988701.0,150521.0,40.5798203,-73.9839766,28d,,New York
BK,6996,11,313.0,47.0,11224.0,60.0,2773 WEST 16 STREET,NY,V1,11,,"WEST 16TH PROPERTIES, LLC",4750,0,40.0,118.75,5,252900,0,,,3,988705.0,150492.0,40.5797407,-73.9839622,28d,,New York
BK,7063,35,313.0,47.0,11224.0,60.0,1527 SURF AVENUE,NY,V1,11,,1527 SURF AVE LLC,3383,0,33.83,100.0,3,297000,0,,,3,988874.0,149027.0,40.5757194,-73.9833548,28d,,New York
BK,7022,49,313.0,47.0,11224.0,60.0,1517 MERMAID AVENUE,NY,V1,11,,1517-1523 MERMAID LLC,4842,0,63.5,120.0,5,30600,0,,,3,988893.0,149508.0,40.5770397,-73.9832861,28d,,New York
BK,1476,29,316.0,41.0,11212.0,73.0,1309 EAST NEW YORK AVENUE,NY,V0,11,,ALLEN  ALEJANDRO,2050,0,20.0,109.25,4,7800,0,,,3,1006678.0,182993.0,40.6689218,-73.9191522,17b,,New York
BK,6949,17,313.0,47.0,11214.0,60.0,2519 WEST 22 STREET,NY,V0,11,,KCY DEVELOPING LLC,2930,0,111.92,91.25,5,21780,0,,,3,987500.0,151754.0,40.5832051,-73.9882995,28c,,New York
BK,6949,86,313.0,47.0,11214.0,60.0,178 BAY 53 STREET,NY,V0,11,,DAVIV LLC,2700,0,37.08,100.0,5,20040,0,,,3,987452.0,151649.0,40.5829169,-73.9884724,28c,,New York
BK,6949,118,313.0,47.0,11214.0,60.0,179 BAY 52 STREET,NY,V0,11,,"KCY DEVELOPING, LLC",860,0,20.0,40.0,5,6120,0,,,3,987534.0,151749.0,40.5831914,-73.9881771,28c,,New York
BK,6949,33,313.0,47.0,11214.0,60.0,155 BAY 52 STREET,NY,V0,11,,"KCY DEVELOPING, LLC",2000,0,20.0,100.0,5,14040,0,,,3,987784.0,151816.0,40.5833752,-73.9872771,28c,,New York
BK,6949,36,313.0,47.0,11214.0,60.0,149 BAY 52 STREET,NY,V0,11,,"ALI, ASIF",2000,0,20.0,100.0,5,14040,0,,,3,987844.0,151825.0,40.5833999,-73.987061,28c,,New York
BK,7064,27,313.0,47.0,11224.0,60.0,1315 SURF AVENUE,NY,V1,11,,DALUIGI RLTY CORP,4875,0,25.08,194.5,5,672750,0,,,3,989270.0,149116.0,40.5759635,-73.9819292,28d,,New York
BK,1471,80,316.0,41.0,11233.0,73.0,1811 ST JOHNS PLACE,NY,V0,11,,URBYN ST JOHNS LLC,940,0,20.0,47.08,5,6480,0,,,3,1007156.0,183397.0,40.6700295,-73.9174277,17b,,New York
BK,1474,65,316.0,41.0,11233.0,73.0,1717 LINCOLN PLACE,NY,V0,11,X,HABITAT MOSAIC HOUSING DEVELOPMENT FUND  CORP,1836,0,18.0,106.75,5,11220,0,,,3,1006756.0,183116.0,40.6692592,-73.9188706,17b,,New York
BK,6997,25,313.0,47.0,11224.0,60.0,2753 WEST 15 STREET,NY,V1,11,,GREG SUGARMAN G. KOMOLOVA,4750,0,40.0,118.75,5,249570,0,,,3,988968.0,150751.0,40.5804514,-73.9830152,28d,,New York
BK,6997,157,313.0,47.0,11224.0,60.0,1425 HART PLACE,NY,V1,11,,FRONTAL ENTERPRISES LLC,2435,0,20.0,121.75,5,129600,0,,,3,988777.0,151582.0,40.5827325,-73.9837023,28c,,New York
BK,6995,74,313.0,47.0,11224.0,60.0,2706 WEST 16 STREET,NY,V1,11,,BEDFORD CARP REALTY III LLC,5503,0,40.0,137.58,5,289800,0,,,3,988466.0,150840.0,40.580696,-73.9848224,28d,,New York
BK,6996,67,313.0,47.0,11224.0,60.0,2730 WEST 15 STREET,NY,V1,11,,2730-32 WEST 15TH STREET ASSOCIATES LLC,2375,0,20.0,118.75,5,126450,0,,,3,988760.0,150954.0,40.5810087,-73.9837639,28d,,New York
BK,6997,69,313.0,47.0,11224.0,60.0,2700 STILLWELL AVENUE,NY,V1,11,,2700 STILLWELL AVE LLC,4750,0,40.0,118.75,5,291600,0,,,3,989056.0,150987.0,40.5810992,-73.9826982,28d,,New York
BK,1484,1,303.0,41.0,11221.0,81.0,914 MADISON STREET,NY,V0,11,X,27 BED STUY HOUSING DEVELOPMENT FUND COR PORATION,2000,0,20.0,100.0,3,9300,0,,,3,1006206.0,189909.0,40.6879058,-73.9208311,17a,,New York
BK,1480,36,303.0,41.0,11221.0,81.0,1376 BROADWAY,NY,V1,11,,BROGA-MIJH INC,2630,0,38.0,74.33,5,170100,0,,,3,1005926.0,190351.0,40.6891197,-73.9218393,17a,,New York
BK,1471,53,316.0,41.0,11233.0,73.0,1485 EASTERN PARKWAY,NY,V0,11,O,NYC PACT PRESERVATION PARTNERS LLC,5319,0,42.67,124.67,5,24360,0,,,3,1006783.0,183492.0,40.6702912,-73.918772,17b,,New York
BK,1471,55,316.0,41.0,11233.0,73.0,1481 EASTERN PARKWAY,NY,V0,11,O,NYC PACT PRESERVATION PARTNERS LLC,5764,0,41.0,140.58,5,24900,0,,,3,1006747.0,183480.0,40.6702583,-73.9189018,17b,,New York
BK,7176,57,315.0,44.0,11223.0,61.0,2347 WEST STREET,NY,V0,11,,"SCABA, STEVEN",4000,0,20.0,100.0,5,42270,0,,,3,992552.0,154757.0,40.5914445,-73.9701079,28c,,New York
BK,7176,60,315.0,44.0,11223.0,61.0,2345 WEST STREET,NY,V0,11,,"SCABA, JACKIE",4000,0,0.0,0.0,0,41520,0,,,3,992546.0,154796.0,40.5915515,-73.9701295,28c,,New York
BK,8677,89,313.0,48.0,11235.0,60.0,3041 BRIGHTON 7 STREET,NY,V0,11,,393 SUMPTER LLC,1900,0,38.83,48.92,5,14460,0,,,3,995150.0,150146.0,40.5787854,-73.960761,28d,,New York
BK,7154,5,315.0,44.0,11223.0,61.0,211 GRAVESEND NECK ROAD,NY,V0,11,,NECK ROAD CORP.,2504,0,20.75,120.67,5,23700,0,,,3,992928.0,156068.0,40.5950425,-73.9687524,28c,,New York
BK,8672,62,313.0,48.0,11235.0,60.0,238 OCEAN VIEW AVENUE,NY,V0,11,,238 OCEAN VIEW REAL ESTATE LLC,6000,0,60.0,100.0,5,30420,0,,,3,993846.0,150096.0,40.5786496,-73.9654554,28d,,New York
BK,1466,43,316.0,41.0,11233.0,73.0,1775 STERLING PLACE,NY,V0,11,O,NYC PACT PRESERVATION PARTNERS LLC,2500,0,25.0,100.0,5,9300,0,,,3,1006422.0,183831.0,40.6712226,-73.9200722,17a,,New York
BK,3137,24,304.0,34.0,11206.0,83.0,64 BEAVER STREET,NY,V0,11,,THE SEERAJ SINGH FAMILY REVOCABLE TRUST,4000,0,40.0,100.0,5,27180,0,,,3,1001644.0,194416.0,40.7002866,-73.9372691,13b,,New York
BK,1468,82,316.0,41.0,11233.0,73.0,1907 STERLING PLACE,NY,V0,11,,1907 PLACE LLC,1380,0,20.0,69.17,5,8340,0,,,3,1007729.0,183679.0,40.670802,-73.9153612,17b,,New York
BK,1462,36,316.0,41.0,11233.0,73.0,444 HOWARD AVENUE,NY,V1,11,,RODRIGUEZ JOSE,1845,0,20.5,90.0,3,64350,0,,,3,1006463.0,184311.0,40.67254,-73.9199229,17a,,New York
BK,3137,86,304.0,34.0,11206.0,83.0,52 GARDEN STREET,NY,V0,11,,RHEINGOLD GARDENS HOMEOWNER ASSOC INC,1300,0,13.0,100.0,5,9900,0,,,3,1001709.0,194496.0,40.7005061,-73.9370345,13b,,New York
BK,1464,79,316.0,41.0,11233.0,73.0,1831 PARK PLACE,NY,V1,11,X,HABITAT MOSAIC HOUSING DEVELOPMENT FUND  CORP,1912,0,20.0,95.58,5,351900,0,,,3,1007381.0,184047.0,40.671813,-73.9166144,17a,,New York
BK,3137,49,304.0,34.0,11206.0,83.0,826 FLUSHING AVE,NY,V1,11,,818 FLUSHING MANAGEMENT LLC,11986,0,166.94,100.0,3,263250,0,,,3,1001206.0,194746.0,40.7011933,-73.9388479,13b,,New York
BK,3133,16,304.0,34.0,11206.0,83.0,336 ELLERY STREET,NY,V1,11,,ELLERY BEAVER LLC,2500,0,25.0,100.0,5,61200,0,,,3,1001208.0,194287.0,40.6999334,-73.9388418,13b,,New York
BK,1491,10,303.0,41.0,11233.0,81.0,888 HANCOCK STREET,NY,V0,11,,"MANUEL, WILLIAM C",2200,0,22.0,100.0,5,7440,0,,,3,1006457.0,189126.0,40.6857561,-73.9199286,17a,,New York
BK,8664,450,313.0,48.0,11235.0,60.0,32 BRIGHTON 4 WALK,NY,V0,11,,BRIGHTON 4TH AVE REAL ESTATE LLC,1600,0,40.0,40.0,6,13920,0,,,3,994236.0,150672.0,40.5802302,-73.9640506,28d,,New York
BK,8664,454,313.0,48.0,11235.0,60.0,34 BRIGHTON 4 WALK,NY,V0,11,,LEROSHEL CAPITAL LLC,1600,0,40.0,40.0,6,13920,0,,,3,994314.0,150694.0,40.5802905,-73.9637697,28d,,New York
BK,8664,415,313.0,48.0,11235.0,60.0,2921 BRIGHTON 4 STREET,NY,V0,11,,2921 BRIGHTON 4 LLC,4435,0,108.83,40.0,5,44700,0,,,3,994168.0,150789.0,40.5805514,-73.9642952,28d,,New York
BK,8665,503,313.0,48.0,11235.0,60.0,7 BRIGHTON 5 PLACE,NY,V0,11,,2954 OWNER LLC,7200,0,80.0,90.0,6,68280,0,,,3,994627.0,150595.0,40.5800184,-73.9626431,28d,,New York
BK,8665,513,313.0,48.0,11235.0,60.0,13 BRIGHTON 5 PLACE,NY,V0,11,,MARTINEZ SUSANA,1800,0,40.0,45.0,6,11700,0,,,3,994558.0,150512.0,40.5797907,-73.9628916,28d,,New York
BK,8665,592,313.0,48.0,11235.0,60.0,29 BRIGHTON 5 WALK,NY,V0,11,,BRIGHTON 5RLT LLC,1600,0,40.0,40.0,6,19920,0,,,3,994501.0,150684.0,40.5802629,-73.9630965,28d,,New York
BK,8665,529,313.0,48.0,11235.0,60.0,2941 BRIGHTON 5 STREET,NY,V0,11,,BRIGHTON 5RLT LLC,1600,0,40.0,40.0,5,13920,0,,,3,994473.0,150634.0,40.5801257,-73.9631974,28d,,New York
BK,8663,340,313.0,48.0,11235.0,60.0,36 BRIGHTON 3 WALK,NY,V0,11,,2929 BRIGHTON 3RD PLAZA CORP.,1200,0,30.0,40.0,6,10500,0,,,3,994009.0,150604.0,40.5800438,-73.9648678,28d,,New York
BK,8663,268,313.0,48.0,11235.0,60.0,2948 BRIGHTON 4 STREET,NY,V0,11,,"BRIGHTON 4TH CONDO, LLC",2800,0,40.0,70.0,3,21540,0,,,3,994104.0,150569.0,40.5799477,-73.9645259,28d,,New York
BK,8663,350,313.0,48.0,11235.0,60.0,43 BRIGHTON 3 STREET,NY,V0,11,,LEONID SHUHUR,1200,0,30.0,40.0,5,10440,0,,,3,993998.0,150644.0,40.5801536,-73.9649074,28d,,New York
BK,1530,17,303.0,41.0,11233.0,81.0,1895A FULTON STREET,NY,V1,11,,JACKSON ALICE A,895,0,20.5,47.02,4,33750,0,,,3,1006223.0,186662.0,40.6789935,-73.9207804,17a,,New York
BK,7112,9,315.0,48.0,11223.0,61.0,2316 CONEY ISLAND AVENUE,NY,V1,11,X,"YESHIVAT DARCHE ERES, INC.",10476,0,109.92,103.81,3,612900,0,,,3,994886.0,157984.0,40.6002994,-73.9616991,28c,,New York
BK,7108,64,315.0,44.0,11223.0,61.0,2123 EAST 5 STREET,NY,V0,11,,"GAMMAL, ISAAC D",2400,0,20.0,120.0,5,13140,0,,,3,993494.0,157390.0,40.5986706,-73.9667126,28c,,New York
BK,7107,144,315.0,44.0,11223.0,61.0,2125 EAST 4 STREET,NY,V0,11,,2125 EAST 4TH LLC,5400,0,54.0,100.0,5,32400,0,,,3,993237.0,157282.0,40.5983744,-73.9676381,28c,,New York
BK,7109,45,315.0,48.0,11223.0,61.0,623 AVENUE U,NY,V0,11,,627 AVENUE U LLC,1892,0,21.75,87.0,5,22260,0,,,3,994125.0,157211.0,40.5981786,-73.9644406,28c,,New York
BK,7109,43,315.0,48.0,11223.0,61.0,629 AVENUE U,NY,V0,11,,627 AVENUE U LLC,1740,0,20.0,87.0,3,19500,0,,,3,994166.0,157217.0,40.598195,-73.9642929,28c,,New York
BK,7109,47,315.0,48.0,11223.0,61.0,617 AVENUE U,NY,V0,11,,627 AVENUE U LLC,2849,0,21.75,130.0,5,33120,0,,,3,994078.0,157226.0,40.5982198,-73.9646098,28c,,New York
BK,1525,57,303.0,41.0,11233.0,81.0,95 MAC DOUGAL STREET,NY,V0,11,,"GREENE, FREDERICK",2500,0,25.0,100.0,5,8400,0,,,3,1006919.0,186910.0,40.6796725,-73.9182702,17a,,New York
BK,1542,63,316.0,37.0,11233.0,73.0,2075 FULTON STREET,NY,V1,11,,RIDGEWOOD RICHIE LLC,1607,0,20.0,80.33,5,85950,0,,,3,1009210.0,186469.0,40.6784559,-73.910012,17c,,New York
BK,7132,13,315.0,44.0,11223.0,61.0,2110 OCEAN PARKWAY,NY,V0,11,,BH 2110 OP LLC,4060,0,29.0,140.0,5,61440,0,,,3,993682.0,156947.0,40.5974545,-73.9660362,28c,,New York
BK,7108,27,315.0,44.0,11223.0,61.0,2050 OCEAN PARKWAY,NY,V0,11,X,SHAARE ZION CONGREGATION,3380,0,26.0,130.0,5,49380,0,,,3,993614.0,157437.0,40.5987995,-73.9662804,28c,,New York
BK,1524,6,303.0,41.0,11233.0,81.0,88 SUMPTER STREET,NY,V1,11,X,SARATOGA SQUARE IV HOMEOWNERS ASSOCIATIO N INC,1800,0,18.0,100.0,5,0,0,,,3,1005965.0,186868.0,40.6795596,-73.9217099,17a,,New York
BK,1552,2,316.0,37.0,11233.0,73.0,149 ROCKAWAY AVENUE,NY,V1,11,,149 ROCKAWAY AVE CORP.,1950,0,19.5,100.0,5,58500,0,,,3,1009076.0,186188.0,40.677685,-73.9104962,17c,,New York
BK,1530,4,303.0,41.0,11233.0,81.0,1919 FULTON STREET,NY,V1,11,X,FULTON ST HOU LTD PTRSHP,1503,0,25.83,58.17,5,53550,0,,,3,1006535.0,186645.0,40.6789461,-73.9196556,17a,,New York
BK,7104,398,315.0,44.0,11223.0,61.0,2068 EAST 1 STREET,NY,V0,11,,"2068 EAST 1ST STREET, LLC",2325,0,23.25,100.0,5,13560,0,,,3,992302.0,157188.0,40.5981173,-73.9710052,28c,,New York
BK,7128,44,315.0,44.0,11223.0,61.0,2157 EAST 1 STREET,NY,V0,11,X,CONEY ISLAND PENTECOSTAL CHURCH,33700,0,240.0,100.0,5,360780,0,,,3,992583.0,156257.0,40.5955616,-73.9699944,28c,,New York
BK,1568,46,316.0,37.0,11233.0,73.0,2097 ATLANTIC AVENUE,NY,V0,11,,RAYNOR GRAY LLC,1676,0,17.0,98.58,5,9720,0,,,3,1009105.0,185798.0,40.6766144,-73.9103931,17c,,New York
BK,1568,40,316.0,37.0,11233.0,73.0,24 PLEASANT PLACE,NY,V0,11,,TITANIA RETURNS LLC,1307,0,16.33,80.0,5,7560,0,,,3,1009157.0,185837.0,40.6767213,-73.9102054,17c,,New York
BK,7130,6,315.0,44.0,11223.0,61.0,432 AVENUE U,NY,V0,11,,432 AVENUE U PARTNERS LLC,8003,0,80.0,100.08,5,33480,0,,,3,993124.0,156891.0,40.5973013,-73.9680456,28c,,New York
BK,7127,9,315.0,44.0,11223.0,61.0,362 AVENUE U,NY,V1,11,,DDG 362 AVE U OWNER LLC,9988,0,100.0,60.0,3,278100,0,,,3,992361.0,156781.0,40.5970001,-73.9707932,28c,,New York
BK,1531,65,303.0,41.0,11233.0,81.0,1937 FULTON STREET,NY,V1,11,X,HABITAT MOSAIC HOUSING DEVELOPMENT FUND  CORP,1993,0,19.17,104.0,5,49500,0,,,3,1006841.0,186644.0,40.6789426,-73.9185524,17a,,New York
BK,1530,36,303.0,41.0,11233.0,81.0,44 MAC DOUGAL STREET,NY,V1,11,X,FULTON ST HOU LTD PTRSHP,1486,0,25.58,58.08,5,52650,0,,,3,1006526.0,186702.0,40.6791026,-73.9196878,17a,,New York
BK,1687,76,303.0,36.0,11233.0,81.0,187 CHAUNCEY STREET,NY,V0,11,X,RESTORED HOMES HOUSING DEVELOPMENT FUND  CORP.,2450,0,25.0,99.17,5,14700,0,,,3,1004342.0,187336.0,40.680848,-73.92756,17a,,New York
BK,3472,30,304.0,37.0,11206.0,83.0,2072 EASTERN PARKWAY,NY,V1,11,,SAN JOSE BROOKLYN LLC,688,0,27.5,57.08,5,10800,0,,,3,1010822.0,187399.0,40.6810038,-73.9041966,17c,,New York
BK,7081,11,311.0,43.0,11223.0,62.0,1914 WEST 7 STREET,NY,V0,11,X,NAME NOT ON FILE,805,0,14.0,57.5,5,0,0,,,3,989937.0,158098.0,40.6006169,-73.9795206,28c,,New York
BK,3448,30,304.0,37.0,11237.0,83.0,282 MOFFAT STREET,NY,V1,11,,LML REALTY EQUITIES LLC,31573,0,394.67,80.0,5,580500,0,,,3,1011060.0,190814.0,40.6903765,-73.903325,17c,,New York
BK,3443,37,304.0,37.0,11237.0,83.0,308 COOPER STREET,NY,V1,11,,308 COOPER LLC,2000,0,25.0,80.0,3,37350,0,,,3,1011234.0,191482.0,40.6922095,-73.9026948,17c,,New York
BK,1672,8,303.0,36.0,11233.0,81.0,267 MALCOLM X BOULEVARD,NY,V1,11,,JAM MXBLVD LLC,2080,0,26.0,80.0,5,131400,0,,,3,1003980.0,188219.0,40.6832724,-73.9288625,17a,,New York
BK,3433,4,304.0,37.0,11207.0,83.0,1379 BUSHWICK AVENUE,NY,V0,11,,"OLMO, MIGDALIA",2500,0,25.0,100.0,5,6000,0,,,3,1009143.0,188987.0,40.6853674,-73.9102443,17c,,New York
BK,3462,23,304.0,37.0,11207.0,83.0,88 GRANITE STREET,NY,V0,11,,"DAVIDSON, GEORGE A",1588,0,60.0,52.0,5,10500,0,,,3,1010293.0,188515.0,40.6840685,-73.9060996,17c,,New York
BK,3471,32,304.0,37.0,11207.0,83.0,103 VANDERVEER STREET,NY,V1,11,,ANJONIC OPPORTUNITY ZONE BUSINESS LLC,2500,0,25.0,100.0,5,111150,0,,,3,1010988.0,187918.0,40.6824278,-73.9035961,17c,,New York
BK,3440,35,304.0,37.0,11207.0,83.0,676 CENTRAL AVENUE,NY,V0,11,C,RESTORED HOMES HOUSING DEVELOPMENT FUND  CORP,1700,0,20.0,85.0,5,7980,0,,,3,1009998.0,189794.0,40.68758,-73.9071584,17c,,New York
BK,1098,51,306.0,39.0,11215.0,78.0,441 13 STREET,NY,V0,11,,SHEILA ROOPCHAND,2533,0,25.33,100.0,5,37500,0,Park Slope Historic District Extension,,3,989374.0,181099.0,40.6637501,-73.9815306,16d,,New York
BK,1030,55,306.0,39.0,11215.0,78.0,367 13 STREET,NY,V0,11,,367 13TH BUILD LLC,2500,0,25.0,100.0,5,29520,0,,,3,988592.0,181595.0,40.6651119,-73.984349,16d,,New York
BK,1642,24,303.0,36.0,11221.0,81.0,708 MONROE STREET,NY,V1,11,,PDG 708 MONROE LLC,2042,0,20.42,100.0,5,113400,0,,,3,1004111.0,189863.0,40.6877845,-73.9283854,17a,,New York
BK,6684,39,315.0,48.0,11223.0,61.0,1878 EAST 9 STREET,NY,V0,11,,"UZIEL, YVETTE",4000,0,40.0,100.0,5,60540,0,,,3,994427.0,159060.0,40.6032534,-73.9633503,28c,,New York
BK,5395,23,312.0,40.0,11218.0,66.0,656 EAST 2 STREET,NY,V0,11,,656 E2 LLC,5000,0,40.0,125.0,5,28920,0,,,3,990610.0,170601.0,40.6349346,-73.9770853,22c,,New York
BK,1120,19,302.0,35.0,11217.0,78.0,716 ATLANTIC AVENUE,NY,V1,11,,EMPIRE STATE DEVELOPMENT,60000,0,300.0,200.0,4,2132100,0,,,3,991940.0,187855.0,40.682292,-73.9722737,16c,,New York
BK,1136,35,308.0,35.0,11217.0,78.0,542 DEAN STREET,NY,V0,11,C,NYC HOUSING PRESERVATION AND DEVELOPMENT,4730,0,43.0,110.0,5,42060,0,,,3,991929.0,187329.0,40.6808482,-73.972314,16c,,New York
BK,5485,16,312.0,44.0,11204.0,66.0,1618 54 STREET,NY,V0,11,,"KNG REALTY NY CO, LLC",4007,0,40.0,100.17,5,148680,0,,,3,987593.0,167953.0,40.627668,-73.9879567,22c,,New York
BK,5428,12,314.0,45.0,11230.0,70.0,200 PARKVILLE AVENUE,NY,V0,11,,THE PARKVILLE LOFT LLC,2504,0,25.0,100.17,5,54240,2020,,,3,992316.0,169126.0,40.6308846,-73.9709405,22c,,New York
BK,5479,22,312.0,44.0,11204.0,66.0,1736 53 STREET,NY,V0,11,,"ZYSKIND, ESTHER",2546,0,25.42,100.17,5,26100,0,,,3,988514.0,167559.0,40.6265862,-73.984639,22d,,New York
BK,5479,4,312.0,44.0,11204.0,66.0,5311 17 AVENUE,NY,V0,11,,"5311 17TH AVE, LLC",2310,0,33.0,69.42,5,20700,0,,,3,988269.0,167656.0,40.6268526,-73.9855216,22c,,New York
BK,5478,16,312.0,44.0,11204.0,66.0,1626 53 STREET,NY,V0,11,,"KNG REALTY NY CO., LLC",4000,0,40.0,100.0,5,45720,0,,,3,987770.0,168148.0,40.6282032,-73.9873189,22c,,New York
BK,5466,81,312.0,44.0,11204.0,66.0,1625 52 STREET,NY,V0,11,,"KLEIN, NUSEN D.",3656,0,36.5,100.17,5,32880,0,,,3,988040.0,168468.0,40.6290814,-73.9863461,22c,,New York
BK,5466,74,312.0,44.0,11204.0,66.0,1645 52 STREET,NY,V0,11,,1645 52ND STREET LLC,3005,0,30.0,100.17,5,102900,0,,,3,988154.0,168378.0,40.6288343,-73.9859354,22c,,New York
BK,5472,26,312.0,44.0,11204.0,66.0,1648 52 STREET,NY,V0,11,,"52 PROPERTIES, LLC",5008,0,50.0,100.17,5,58140,0,,,3,988093.0,168223.0,40.6284089,-73.9861553,22c,,New York
BK,5473,32,312.0,44.0,11204.0,66.0,5204 18TH AVENUE,NY,V1,11,,"LEV TOV CHALLENGE, INC.",14157,0,128.75,144.75,6,382050,0,,,3,988915.0,167578.0,40.6266381,-73.9831944,22d,,New York
BK,5473,51,312.0,44.0,11204.0,66.0,1769 53RD STREET,NY,V1,11,,"LEV TOV CHALLENGE, INC.",11920,0,197.0,108.0,3,321750,0,,,3,988866.0,167495.0,40.6264104,-73.983371,22d,,New York
BK,5454,82,312.0,44.0,11204.0,66.0,1617 50 STREET,NY,V1,11,,MAY RESIDENCE LLC,4007,0,40.0,100.17,5,343350,0,,,3,988299.0,168926.0,40.6303384,-73.9854127,22c,,New York
BK,5449,42,312.0,44.0,11204.0,66.0,1771 49 STREET,NY,V0,11,,1771 49TH STREET HOLDINGS LLC,3506,0,35.0,100.17,5,40140,0,,,3,989505.0,168303.0,40.6286278,-73.9810684,22c,,New York
BK,5456,9,312.0,44.0,11204.0,66.0,4901 18 AVENUE,NY,V1,11,,"CONGREGATION CHEMDAS YISROEL, INC.",2458,0,24.58,100.0,3,249750,0,,,3,989569.0,168099.0,40.6280678,-73.980838,22c,,New York
BK,5448,25,312.0,44.0,11204.0,66.0,1640 48 STREET,NY,V0,11,,ARNOLD FISCHMAN,4007,0,40.0,100.17,5,45780,0,,,3,988665.0,169099.0,40.6308131,-73.984094,22c,,New York
BK,3019,69,301.0,34.0,11206.0,90.0,325 MAUJER STREET,NY,V1,11,,"RIG ESTATE, INC.",1896,0,24.0,76.17,5,133650,0,,,3,1001791.0,198813.0,40.7123551,-73.9367275,13b,,New York
BK,3100,77,301.0,34.0,11206.0,90.0,177 MOORE STREET,NY,V1,11,,MT. CALVARY F.B.H. CHURCH,1650,0,22.0,75.0,5,50850,0,,,3,1001503.0,195872.0,40.7042833,-73.9377739,13b,,New York
BK,2866,56,301.0,34.0,11211.0,94.0,249 WITHERS STREET,NY,V0,11,,249 WITHERS LLC,2500,0,25.0,100.0,5,20100,0,,,3,1000404.0,200822.0,40.7178719,-73.9417257,13a,,New York
BK,2893,55,301.0,34.0,11211.0,94.0,241 CONSELYEA STREET,NY,V0,11,,241 CONSELYEA LLC,4700,0,22.42,100.0,5,13500,0,,,3,1000449.0,200045.0,40.7157392,-73.9415653,13a,,New York
BK,3021,15,301.0,34.0,11206.0,90.0,302 MAUJER STREET,NY,V1,11,,AMANT FOUNDATION PROPERTIES LLC,2375,0,25.0,95.0,5,158400,0,,,3,1001715.0,198636.0,40.7118694,-73.9370021,13b,,New York
BK,3056,140,301.0,34.0,11206.0,90.0,131 MORGAN AVENUE,NY,V1,11,,VERIZON NEW YORK INC.,65300,0,201.0,300.0,3,740250,0,,,3,1002695.0,197521.0,40.708807,-73.9334702,13b,,New York
BK,5309,56,312.0,39.0,11218.0,66.0,12 CLARA STREET,NY,V0,11,,THEONE THUY-NHI LUONG AS TRUSTEE,2000,0,20.0,100.0,5,31800,0,,,3,989444.0,174013.0,40.6443006,-73.9812837,22c,,New York
BK,2740,14,301.0,34.0,11211.0,94.0,176 FROST STREET,NY,V0,11,,URD 176 FROST LLC,2500,0,25.0,100.0,5,19140,0,,,3,999716.0,200839.0,40.7179198,-73.9442076,13a,,New York
BK,2745,22,301.0,34.0,11211.0,94.0,204 WITHERS STREET,NY,V0,11,,BSD 204 LLC,2500,0,25.0,100.0,5,20100,0,,,3,999947.0,200605.0,40.7172772,-73.9433748,13a,,New York
BK,5385,49,312.0,39.0,11218.0,66.0,121 DITMAS AVENUE,NY,V1,11,,125 DITMAS LLC,4650,0,46.5,100.0,5,83700,0,,,3,990559.0,170946.0,40.6358816,-73.9772688,22c,,New York
BK,2152,11,301.0,34.0,11211.0,90.0,342 BROADWAY,NY,V1,11,,DIVISION AVENUE HOUSING CORP,2150,0,26.0,90.17,5,293850,0,,,3,996395.0,197069.0,40.7075773,-73.9561947,13b,,New York
BK,2763,32,301.0,34.0,11211.0,90.0,109 DEVOE STREET,NY,V0,11,,DEVOE CONDOMINIUMS LLC,5000,0,25.0,100.0,5,46860,0,,,3,999071.0,199337.0,40.7137983,-73.9465377,13b,,New York
BK,2231,55,301.0,33.0,11206.0,90.0,61 LYNCH STREET,NY,V0,11,,61 LYNCH LLC,3900,0,39.0,100.0,5,37440,0,,,3,996424.0,194684.0,40.701031,-73.9560944,13b,,New York
BK,2245,62,301.0,33.0,11206.0,90.0,45 WALTON STREET,NY,V1,11,,KA 45 WALTON LLC,3929,0,39.0,100.0,5,446850,0,,,3,997819.0,194810.0,40.7013748,-73.951063,13b,,New York
BK,3032,18,301.0,34.0,11206.0,90.0,157 LEONARD STREET,NY,V0,11,,157 LEONARD ST LLC,3750,0,50.0,75.0,3,3960,0,,,3,998915.0,197590.0,40.7090035,-73.9471042,13b,,New York
BK,2199,22,301.0,33.0,11211.0,90.0,100 LEE AVENUE,NY,V1,11,,100 LEE DEVELOPMENT LLC,8200,0,84.67,216.75,3,258300,0,,,3,995639.0,195907.0,40.7043889,-73.9589234,12d,,New York
BK,2412,124,301.0,34.0,11211.0,90.0,371 HOOPER STREET,NY,V3,11,X,NEIGHBORHOOD RESTORE HOUSING DEVELOPMENT  FUND CORP,1188,0,47.6,25.0,1,22560,0,,,3,997443.0,197915.0,40.7098978,-73.952413,13b,,New York
BK,5387,85,312.0,39.0,11218.0,66.0,597 EAST 3 STREET,NY,V1,11,,597 E 3 MANAGEMENT CORP.,2000,0,20.0,100.0,5,192150,0,,,3,990891.0,171663.0,40.6378493,-73.9760719,22c,,New York
BK,2412,37,301.0,34.0,11211.0,90.0,349 SOUTH 2 STREET,NY,V1,11,,236-1 DEVELOPMENT ASSOCIATES,713,0,30.0,23.75,5,108000,0,,,3,997164.0,198036.0,40.7102304,-73.9534191,13b,,New York
BK,5390,60,312.0,39.0,11218.0,66.0,487 OCEAN PARKWAY,NY,V0,11,,PARK OCEAN CORP.,4500,0,30.0,150.0,5,75240,0,,,3,991973.0,171217.0,40.6366243,-73.9721738,22c,,New York
BK,2387,6,301.0,34.0,11211.0,90.0,150 HOPE STREET,NY,V1,11,,HOPE REALTY HOLDING LLC,1781,0,18.75,95.0,5,252900,0,,,3,997448.0,198572.0,40.7117011,-73.9523937,13b,,New York
BK,2314,22,301.0,33.0,11211.0,94.0,6 HAVEMEYER STREET,NY,V1,11,,6 HAVEMEYER STREET LLC,1676,0,50.0,33.5,5,152550,0,,,3,997275.0,200307.0,40.7164636,-73.9530144,13a,,New York
BK,2353,29,301.0,34.0,11211.0,94.0,275 METROPOLITAN AVENUE,NY,V1,11,,METROPOLITAN CORP.,1438,0,25.0,60.92,5,95400,0,,,3,995864.0,199711.0,40.7148296,-73.9581053,12d,,New York
BK,5199,37,314.0,40.0,11230.0,70.0,1305 NEWKIRK AVENUE,NY,V1,11,,1301 NEWKIRK REALTY LLC,5900,0,81.33,109.42,3,259200,0,,,3,993982.0,170624.0,40.6349947,-73.9649362,22c,,New York
BK,5156,39,314.0,40.0,11226.0,70.0,1315 DORCHESTER ROAD,NY,V0,11,,465 EAST 7TH STREET LLC,1480,0,40.0,37.0,5,14400,0,,,3,993866.0,172021.0,40.6388292,-73.9653521,22c,,New York
BK,3064,9,301.0,34.0,11206.0,90.0,244 MONTROSE AVENUE,NY,V1,11,,"U.S. BANK NATIONAL ASSOCIATION, AS TRUST EE FOR STR",2500,0,25.0,100.0,5,89550,0,,,3,1001149.0,197037.0,40.7074816,-73.9390477,13b,,New York
BK,5201,38,314.0,40.0,11226.0,70.0,1509 NEWKIRK AVENUE,NY,V1,11,C,NYC DEPARTMENT OF CITYWIDE ADMINISTRATIVE SERVICES,1440,0,10.79,131.25,8,143550,0,,,3,994502.0,170969.0,40.635941,-73.9630621,22c,,New York
BK,2396,20,301.0,34.0,11211.0,90.0,66 MARCY AVENUE,NY,V1,11,,"KRAUS, HERMAN I. TR",850,0,17.0,50.0,5,105750,0,,,3,996500.0,198709.0,40.7120785,-73.955813,13b,,New York
BK,2776,1,301.0,34.0,11211.0,90.0,260 MANHATTAN AVENUE,NY,V0,11,,MANHATTAN AVENUE REALTY,7500,0,100.0,75.0,3,63480,0,,,3,999355.0,198848.0,40.7124556,-73.9455144,13b,,New York
BK,5312,33,312.0,39.0,11218.0,66.0,11 CHURCH AVENUE,NY,V1,11,,ILANA KAHN REVOCABLE TRUST,5008,0,23.58,116.25,3,68400,0,,,3,988949.0,173026.0,40.6415917,-73.9830681,22c,,New York
BK,7661,13,314.0,44.0,11210.0,70.0,3491 BEDFORD AVENUE,NY,V0,11,,ISAAC E ASHKENAZI 2007 FAMILY TRUST,4000,0,40.0,100.0,5,26160,0,,,3,998244.0,164182.0,40.617307,-73.9495938,23b,,New York
BK,7559,47,314.0,45.0,11210.0,70.0,706 EAST 32 STREET,NY,V0,11,,716 E32 HOLDINGS LLC,8300,0,147.0,1000.0,3,45420,0,,,3,999222.0,170175.0,40.6337549,-73.9460578,23a,,New York
BK,5005,41,317.0,45.0,11210.0,67.0,2019 NOSTRAND AVENUE,NY,V1,11,,CALLENDAR & WILLETTE,4000,0,40.0,100.0,3,162450,0,,,3,998772.0,171038.0,40.6361244,-73.9476772,23a,,New York
BK,1716,59,303.0,33.0,11205.0,79.0,537 PARK AVENUE,NY,V1,11,,WALLWORTH PARK LLC,2444,0,25.0,97.75,3,111150,0,,,3,996749.0,193289.0,40.6972016,-73.9549248,13b,,New York
BK,5231,60,314.0,45.0,11210.0,70.0,2004 NOSTRAND AVENUE,NY,V1,11,,FEDERAL NATIONAL MORTGAGE ASSOCIATION,2000,0,20.0,100.0,5,208350,0,,,3,998578.0,171232.0,40.6366572,-73.9483758,23a,,New York
BK,6740,56,314.0,44.0,11230.0,70.0,1711 CONEY ISLAND AVENUE,NY,V0,11,X,PERSIAN CONGREGATION OF FLATBUSH,7983,0,79.83,100.0,5,114960,0,,,3,994493.0,163605.0,40.6157284,-73.9631057,22d,,New York
BK,6734,18,314.0,44.0,11230.0,70.0,1272 EAST 15 STREET,NY,V5,11,X,1272 EAST 15TH LLC,3000,0,52.67,100.0,5,108900,0,,,3,995179.0,165002.0,40.6195621,-73.9606326,22d,,New York
BK,6740,50,314.0,44.0,11230.0,70.0,1111 AVENUE N,NY,V0,11,,"ASHKENAZI,",2300,0,23.0,100.0,5,37380,0,,,3,994545.0,163521.0,40.6154978,-73.9629186,22d,,New York
BK,6726,73,314.0,44.0,11230.0,70.0,1139 EAST 15 STREET,NY,V0,11,,"GUZI, YECHIEL ERIC",1869,0,24.92,75.0,5,27360,0,,,3,995201.0,165822.0,40.6218128,-73.960552,22d,,New York
BK,5168,57,317.0,40.0,11226.0,67.0,2406 CORTELYOU ROAD,NY,V1,11,,CORTELYOU BEDFORD LLC,2054,0,26.17,79.33,5,139950,0,,,3,996909.0,173919.0,40.644035,-73.9543842,23a,,New York
BK,5132,80,314.0,40.0,11226.0,70.0,1041 FLATBUSH AVENUE,NY,V1,11,,1045 FLATBUSH AVENUE LLC,12753,0,110.5,117.5,3,545400,0,,,3,995986.0,174466.0,40.6455377,-73.9577092,22c,,New York
BK,7569,11,314.0,45.0,11210.0,70.0,881 EAST 23 STREET,NY,V0,11,,"SCHACHTER, TRUSTEE, JUDITH",4000,0,40.0,100.0,5,35040,0,,,3,997086.0,168406.0,40.6289028,-73.9537569,23a,,New York
BK,5168,56,317.0,40.0,11226.0,67.0,2402 CORTELYOU ROAD,NY,V1,11,,CORTELYOU BEDFORD LLC,1680,0,21.33,80.08,3,122400,0,,,3,996885.0,173918.0,40.6440323,-73.9544707,23a,,New York
BK,5168,58,317.0,40.0,11226.0,67.0,2408 CORTELYOU ROAD,NY,V1,11,,CORTELYOU BEDFORD LLC,2054,0,26.18,78.53,5,157050,0,,,3,996935.0,173920.0,40.6440377,-73.9542905,23a,,New York
BK,5136,30,317.0,40.0,11226.0,67.0,190 VERONICA PLACE,NY,V0,11,,SECRETARY OF HOUSING & URBAN DEVELOPMENT,4383,0,25.0,175.33,5,47340,0,,,3,997294.0,174479.0,40.6455715,-73.9529958,23a,,New York
BK,5107,97,317.0,40.0,11226.0,67.0,866 ROGERS AVENUE,NY,V1,11,,880 ROGERS LLC,4433,0,36.33,168.0,3,181350,0,,,3,997419.0,175879.0,40.6494141,-73.9525426,17b,,New York
BK,5107,30,317.0,40.0,11226.0,67.0,2321 SNYDER AVENUE,NY,V1,11,,2321 ASSOCIATES LLC,3375,0,33.75,100.0,3,262800,0,,,3,996728.0,175654.0,40.6487975,-73.9550332,23a,,New York
BK,7647,80,314.0,45.0,11210.0,70.0,2652 NOSTRAND AVENUE,NY,V1,11,,2652 NOSTRAND AVE LLC,2800,0,26.67,105.0,5,156150,0,,,3,999264.0,165151.0,40.619965,-73.9459177,23b,,New York
BK,5014,49,317.0,45.0,11210.0,67.0,3924 FARRAGUT ROAD,NY,V0,11,,ELEANOR MCCOURT,2494,0,32.0,84.5,3,8460,0,,,3,1001282.0,171227.0,40.6366387,-73.9386332,23a,,New York
BK,5033,53,309.0,40.0,11225.0,71.0,283 MIDWOOD STREET,NY,V0,11,,MINSKY SHALOM D,2192,0,21.92,100.0,5,15660,0,,,3,997749.0,179840.0,40.6602856,-73.9513455,17b,,New York
BK,4227,44,305.0,42.0,11208.0,75.0,885 BELMONT AVENUE,NY,V0,11,,885 BELMONT AVE INC.,1800,0,20.0,90.0,5,10440,0,,,3,1018548.0,184731.0,40.6736542,-73.8763547,17c,,New York
BK,4999,20,317.0,45.0,11210.0,67.0,713 EAST 35 STREET,NY,V1,11,,DIVINE713 LLC,6000,0,60.0,100.0,5,194400,0,,,3,1000060.0,171554.0,40.6375385,-73.9430354,23a,,New York
BK,4999,47,317.0,45.0,11210.0,67.0,1482 BROOKLYN AVE,NY,V1,11,,HSB 1482 LLC,2000,0,0.0,0.0,5,78750,0,,,3,1000175.0,171382.0,40.6370662,-73.9426214,23a,,New York
BK,4999,48,317.0,45.0,11210.0,67.0,1484 BROOKLYN AVE,NY,V1,11,,HSB 1482 LLC,2000,0,0.0,0.0,5,78750,0,,,3,1000176.0,171363.0,40.6370141,-73.9426179,23a,,New York
BK,4985,74,317.0,45.0,11210.0,67.0,697 EAST 38 STREET,NY,V0,11,,"HAM, RICHARD",1233,0,79.25,34.33,5,4080,0,,,3,1000866.0,171829.0,40.6382919,-73.9401306,23a,,New York
BK,4878,1,317.0,40.0,11203.0,67.0,845 ALBANY AVENUE,NY,V0,11,,C2618 DEVELOPMENT LLC,6000,0,60.0,100.0,3,42480,0,,,3,1001180.0,177195.0,40.6530198,-73.9389858,17b,,New York
BK,4875,18,317.0,40.0,11203.0,67.0,200 EAST 39TH STREET,NY,V0,11,,209 39 STREET LLC,4000,0,40.0,100.0,5,33720,0,,,3,1000521.0,176946.0,40.6523376,-73.9413613,17b,,New York
BK,5043,5,309.0,40.0,11225.0,71.0,1935 BEDFORD AVENUE,NY,V0,11,,BEDFORD 1935 DAF LLC,9947,0,68.08,188.43,5,91020,0,,,3,996409.0,178975.0,40.6579133,-73.9561768,17b,,New York
BK,4858,13,317.0,40.0,11203.0,67.0,136 EAST 38 STREET,NY,V0,11,,EAST BROOKLYN NY LLC,4000,0,40.0,100.0,5,26940,0,,,3,1000208.0,177579.0,40.6540756,-73.9424879,17b,,New York
BK,4837,63,317.0,40.0,11203.0,67.0,774 NEW YORK AVENUE,NY,V0,11,X,THE HEALTH SCIENCE CENTER AT BROOKLYN FO UNDATION,2475,0,25.0,99.0,5,14400,0,,,3,998839.0,177884.0,40.6549151,-73.947421,17b,,New York
BK,4809,50,309.0,40.0,11225.0,71.0,624 NEW YORK AVENUE,NY,V1,11,,447 FENIMORE 2022 LLC,4500,0,45.0,100.0,5,139950,0,,,3,998743.0,179400.0,40.6590764,-73.9477638,17b,,New York
BK,4870,47,317.0,40.0,11203.0,67.0,897 NEW YORK AVENUE,NY,V0,11,,897 NEW YORK AVE LLC,2700,0,27.0,100.0,5,22020,0,,,3,999116.0,176692.0,40.6516429,-73.9464253,17b,,New York
BK,1332,18,309.0,40.0,11225.0,71.0,500 LEFFERTS AVENUE,NY,V1,11,,500 LEFFERTS LLC,2200,0,20.0,110.0,5,84600,0,,,3,999610.0,180635.0,40.6624647,-73.9446361,17b,,New York
BK,1332,19,309.0,40.0,11225.0,71.0,502 LEFFERTS AVENUE,NY,V1,11,,502 LEFFERTS LLC,2200,0,20.0,110.0,5,97650,0,,,3,999630.0,180637.0,40.6624702,-73.944564,17b,,New York
BK,5105,64,317.0,40.0,11226.0,67.0,6 LLOYD STREET,NY,V0,11,,STEPHEN CREMONA,1853,0,37.0,50.08,5,17820,0,,,3,997708.0,176114.0,40.6500586,-73.9515007,17b,,New York
BK,6520,13,312.0,44.0,11230.0,66.0,936 EAST 8 STREET,NY,V0,11,,TURBO936 LLC,4820,0,40.0,120.5,5,130560,0,,,3,992934.0,167480.0,40.6263661,-73.9687161,22d,,New York
BK,4803,1,309.0,40.0,11203.0,71.0,463 RUTLAND ROAD,NY,V0,11,,CHURCH OF GOD OF PROPHECY (CROWN HEIGHTS ),2500,0,25.0,100.0,3,12840,0,,,3,999460.0,179719.0,40.6599507,-73.9451788,17b,,New York
BK,4931,27,317.0,45.0,11226.0,67.0,274 EAST 32 STREET,NY,V0,11,,NEW VISTA HOMES INC.,4000,0,40.0,100.0,5,19200,0,,,3,998901.0,173900.0,40.6439798,-73.9472062,23a,,New York
BK,4930,50,317.0,45.0,11226.0,67.0,1719 NOSTRAND AVENUE,NY,V1,11,,NOSTRAND 1719 LLC,4000,0,40.0,100.0,5,144000,0,,,3,998534.0,173928.0,40.6440573,-73.9485286,23a,,New York
BK,4948,66,317.0,45.0,11226.0,67.0,353 EAST 31ST STREET,NY,V0,11,,NATAN 1 LLC,8000,0,80.0,100.0,5,45600,0,,,3,998859.0,173155.0,40.641935,-73.9473592,23a,,New York
BK,4760,15,317.0,45.0,11203.0,67.0,1106 UTICA AVENUE,NY,V1,11,,TOP DEVELOPMENT CORPORATION,16000,0,160.0,100.0,5,456300,0,,,3,1003652.0,174489.0,40.6455873,-73.9300847,23a,,New York
BK,3243,1,304.0,34.0,11221.0,83.0,257 EVERGREEN AVENUE,NY,V0,11,,STOCKVIEW HOLDING LLC,2000,0,25.0,80.0,3,10320,0,,,3,1004638.0,192830.0,40.6959271,-73.9264761,13b,,New York
BK,5019,58,317.0,45.0,11203.0,67.0,1410 EAST 45 STREET,NY,V1,11,,DE COSTOLE CARTING INC,4000,0,40.0,100.0,5,70200,0,,,3,1002607.0,171092.0,40.6362655,-73.9338596,23a,,New York
BK,3220,152,304.0,34.0,11237.0,83.0,831 HART STREET,NY,V0,11,,"AC88, LLC",2498,0,24.96,100.0,5,13140,0,,,3,1005618.0,195075.0,40.7020867,-73.9229349,13b,,New York
BK,3992,42,305.0,37.0,11208.0,75.0,873 GLENMORE AVENUE,NY,V0,11,,139 FOUNTAIN AVENUE CORP,1500,0,16.67,90.0,5,9360,0,,,3,1018128.0,185608.0,40.676063,-73.8778644,17c,,New York
BK,6763,46,314.0,48.0,11229.0,70.0,1623 AVENUE P,NY,V0,11,,"ROSENBERG, MALKA E",2808,0,78.0,36.0,3,26280,0,,,3,996185.0,161800.0,40.6107719,-73.9570145,22d,,New York
BK,934,5,306.0,39.0,11217.0,78.0,89 4 AVENUE,NY,V1,11,,85 4TH AVENUE LLC,1643,0,20.0,82.17,5,110700,0,,,3,989811.0,187526.0,40.6813905,-73.9799501,16c,,New York
BK,2584,1,301.0,33.0,11222.0,94.0,378 GREENPOINT AVENUE,NY,V1,11,,378 GREENPOINT LLC,89555,0,329.0,200.83,3,333000,0,,,3,999771.0,205766.0,40.7314432,-73.9439978,13a,,New York
BK,7363,6,315.0,46.0,11229.0,61.0,2114 HARING STREET,NY,V1,11,,2114 HARING PROPERTY LLC,4200,0,40.0,105.0,5,141750,0,,,3,1000602.0,157899.0,40.6000574,-73.9411156,29a,,New York
BK,7363,8,315.0,46.0,11229.0,61.0,2118 HARING STREET,NY,V0,11,,2118 HARING PROPERTY LLC,2100,0,20.0,105.0,5,7380,0,,,3,1000606.0,157870.0,40.5999778,-73.9411012,29a,,New York
BK,6592,1,312.0,44.0,11230.0,66.0,1002 AVENUE N,NY,V0,11,,TORAT CHAIM INC.,6000,0,60.0,100.0,3,162480,0,,,3,994217.0,163295.0,40.6148778,-73.9641003,22d,,New York
BK,7324,34,315.0,48.0,11229.0,61.0,2520 OCEAN AVENUE,NY,V1,11,,2518 OCEAN AVE TOWER LLC,2955,0,23.5,125.75,5,141750,0,,,3,997591.0,157913.0,40.6001009,-73.9519583,29a,,New York
BK,2365,8,301.0,34.0,11249.0,90.0,164 METROPOLITAN AVENUE,NY,V0,11,,"SUN STAR REAL ESTATE DEVELOPMENT 2021A,  LLC",967,0,25.33,40.17,5,22080,0,,,3,994882.0,199996.0,40.7156131,-73.9616472,12c,,New York
BK,7291,1,315.0,48.0,11229.0,61.0,1910 HOMECREST AVENUE,NY,V0,11,,1910 HOMECREST LLC,2268,0,28.0,79.67,3,8760,0,,,3,995277.0,158967.0,40.6029971,-73.9602894,28c,,New York
BK,7404,13,315.0,48.0,11229.0,61.0,2742 OCEAN AVENUE,NY,V1,11,,YAHLI EQUITIES LLC,3472,0,28.0,125.0,5,207000,0,,,3,997893.0,155845.0,40.5944242,-73.950875,29a,,New York
BK,7291,144,315.0,48.0,11229.0,61.0,1959 HOMECREST AVENUE,NY,V0,11,,"SALMAN, REUVEN",2000,0,20.0,100.0,5,10500,0,,,3,995494.0,158519.0,40.6017672,-73.9595087,28c,,New York
BK,2295,3,301.0,33.0,11249.0,94.0,61 KENT AVENUE,NY,V1,11,,61 KENT AVENUE LLC,5000,0,50.0,100.0,5,190350,0,,,3,995466.0,202327.0,40.7220104,-73.9595367,12c,,New York
BK,7356,5,315.0,48.0,11229.0,61.0,2312 AVENUE U,NY,V1,11,,"2312 HOLDINGS, LLC",4000,0,40.0,100.0,5,132300,0,,,3,998687.0,157698.0,40.5995091,-73.948012,29a,,New York
BK,7866,60,318.0,46.0,11234.0,63.0,2118 FLATBUSH AVENUE,NY,V1,11,,"2118  FLATBUSH REALTY, LLC",6000,0,60.0,100.0,5,135000,0,,,3,1003021.0,164477.0,40.6181079,-73.9323863,23b,,New York
BK,7319,37,315.0,48.0,11229.0,61.0,1411 AVENUE U,NY,V1,11,,1417 AVENUE U HOLDING LLC,16600,0,120.0,145.0,3,313650,0,,,3,996255.0,157545.0,40.5990927,-73.95677,28c,,New York
BK,7479,106,315.0,46.0,11235.0,61.0,2644 COYLE STREET,NY,V0,11,,COYLE ST. REALTY LLC,4235,0,55.0,77.75,5,15240,0,,,3,1002157.0,153801.0,40.5888062,-73.9355268,29a,,New York
BK,8781,8,315.0,48.0,11235.0,61.0,2220 VOORHIES AVENUE,NY,V0,11,,VOORHIES 2220 PROPERTY LLC,1500,0,21.08,71.17,3,9840,0,,,3,999177.0,152914.0,40.5863771,-73.9462581,29a,,New York
BK,7468,5,315.0,48.0,11235.0,61.0,2310 JEROME AVENUE,NY,V0,11,,JEROME AVENUE PROPERTIES LLC,8099,0,81.33,112.0,5,43260,0,,,3,999079.0,153679.0,40.5884771,-73.9466092,29a,,New York
BK,8782,144,315.0,48.0,11235.0,61.0,3547 SHORE PARKWAY,NY,V0,11,,PARK HOMES BEST LLC,1638,0,21.08,77.42,5,7560,0,,,3,999653.0,152556.0,40.5853937,-73.9445451,29a,,New York
BK,7845,51,318.0,46.0,11234.0,63.0,1542 EAST 48 STREET,NY,V0,11,,"ESSOR, CLAUDETTE",2000,0,20.0,100.0,5,4680,0,,,3,1003810.0,166223.0,40.6228986,-73.9295393,23b,,New York
BK,8727,48,315.0,48.0,11235.0,61.0,45 AMHERST STREET,NY,V0,11,,OMNI PRIME CAPITAL INC,3000,0,30.0,100.0,5,26940,0,,,3,997484.0,150866.0,40.5807585,-73.9523574,29b,,New York
BK,7844,42,318.0,45.0,11234.0,63.0,4614 AVENUE L,NY,V0,11,,JACQUES AUGUSTIN,2000,0,20.0,100.0,5,4680,0,,,3,1003481.0,166297.0,40.6231024,-73.9307242,23b,,New York
BK,7870,5,318.0,45.0,11234.0,63.0,4515 AVENUE N,NY,V1,11,X,FELLOWSHIP TABERNACLE OF FAITH INC.,4000,0,40.0,100.0,5,87300,0,,,3,1003337.0,164774.0,40.6189224,-73.9312473,23b,,New York
BK,7890,43,318.0,46.0,11234.0,63.0,2143 FLATBUSH AVENUE,NY,V1,11,,"KASADA, LLC",17450,0,242.5,100.0,3,392850,0,,,3,1003425.0,164300.0,40.6176212,-73.9309316,23b,,New York
BK,8757,85,315.0,48.0,11235.0,61.0,1614 SHORE BOULEVARD,NY,V0,11,,"SHAJAN, LISA K",3016,0,33.0,91.4,5,37860,0,,,3,1001346.0,150813.0,40.5806064,-73.9384543,29b,,New York
BK,8756,52,315.0,48.0,11235.0,61.0,181 MACKENZIE STREET,NY,V0,11,,"CUMBO, VINCENZO",3265,0,30.0,108.83,5,40980,0,,,3,1001024.0,150187.0,40.5788887,-73.9396151,29b,,New York
BK,8740,31,315.0,48.0,11235.0,61.0,228 COLERIDGE STREET,NY,V0,11,,228 COLERIDGE LLC,8000,0,80.0,100.0,5,101220,0,,,3,998083.0,149270.0,40.5763768,-73.9502043,29b,,New York
BK,8733,87,315.0,48.0,11235.0,61.0,183 ORIENTAL BOULEVARD,NY,V0,11,,181 AMHERST STREET R,10000,0,100.0,100.0,3,103980,0,,,3,997668.0,149598.0,40.5772778,-73.9516975,29b,,New York
BK,8734,45,315.0,48.0,11235.0,61.0,149 BEAUMONT STREET,NY,V0,11,,"SAHAKYAN, VAHE",4000,0,40.0,100.0,5,39720,0,,,3,997870.0,149984.0,40.578337,-73.9509696,29b,,New York
BK,8749,251,315.0,48.0,11235.0,61.0,124 GIRARD STREET,NY,V0,11,,CRYSTAL RIVER CONSULTING LLC,6000,0,60.0,100.0,0,16140,0,,,3,999251.0,150395.0,40.5794628,-73.9459972,29b,,New York
BK,8828,1,315.0,46.0,11229.0,61.0,2401 GERRITSEN AVENUE,NY,V0,11,X,RC CH OF RESURRECTION,28000,0,200.0,140.0,3,118860,0,,,3,1003484.0,157334.0,40.5985008,-73.9307389,29a,,New York
BK,7886,60,318.0,46.0,11234.0,63.0,1746 KIMBALL STREET,NY,V0,11,,HALLEY LEO,2000,0,20.0,100.0,5,4680,0,,,3,1002814.0,163516.0,40.6154706,-73.9331346,23b,,New York
BK,7716,58,318.0,46.0,11234.0,63.0,1752 EAST 34 STREET,NY,V0,11,,"HERMAN, YISROEL",2000,0,20.0,100.0,5,4680,0,,,3,1001530.0,162584.0,40.612915,-73.9377618,23b,,New York
BK,7900,25,318.0,46.0,11234.0,63.0,1575 EAST 55 STREET,NY,V0,11,,ORIN HAZEL,2722,0,20.0,136.08,5,16260,0,,,3,1006005.0,164499.0,40.6181615,-73.9216378,23b,,New York
BK,7694,111,318.0,45.0,11234.0,63.0,1476 EAST 33 STREET,NY,V0,11,,JOSHUA BRAUN,2350,0,20.58,120.0,5,5820,0,,,3,1000019.0,163974.0,40.6167331,-73.9432008,23b,,New York
BK,3370,16,304.0,37.0,11221.0,83.0,1242 MADISON STREET,NY,V0,11,,"ADMOR DEVELOPMENT, INC.",1800,0,18.0,100.0,5,7980,0,,,3,1008289.0,192301.0,40.6944659,-73.9133117,13b,,New York
BK,8411,1,318.0,46.0,11234.0,63.0,7001 AVENUE U,NY,V1,11,,7001 AVE U NY LLC,29300,0,200.0,218.83,3,688950,0,,,3,1009756.0,165108.0,40.619823,-73.9081243,23d,,New York
BK,7781,15,318.0,46.0,11234.0,63.0,1098 EAST 56TH STREET,NY,V0,11,,5502 FLAT LLC,13310,0,151.67,124.58,3,62640,0,,,3,1005754.0,168527.0,40.6292181,-73.9225291,23a,,New York
BK,3413,63,304.0,37.0,11237.0,83.0,315 ELDERT STREET,NY,V0,11,,ELDERT BUSHWICK HOUSE LLC,2700,0,27.0,100.0,5,10680,0,,,3,1010020.0,191840.0,40.6931957,-73.9070712,17c,,New York
BK,3412,14,304.0,37.0,11207.0,83.0,1224 HALSEY STREET,NY,V0,11,,1224 HALSEY LLC,2017,0,20.17,100.0,5,8100,0,,,3,1009546.0,191375.0,40.6919207,-73.9087822,17c,,New York
BK,3398,55,304.0,37.0,11221.0,83.0,263 WEIRFIELD STREET,NY,V0,11,,WEIRFIELD RESIDENCE LLC,3883,0,38.83,100.0,5,27900,0,,,3,1009256.0,191686.0,40.6927752,-73.9098268,17c,,New York
BK,7847,43,318.0,46.0,11234.0,63.0,4912 AVENUE L,NY,V0,11,,"CENATUS, MARJORIE",2000,0,20.0,100.0,5,4680,0,,,3,1004258.0,166362.0,40.6232791,-73.927925,23b,,New York
BK,7847,49,318.0,46.0,11234.0,63.0,1994 UTICA AVENUE,NY,V1,11,,"827 PROPERTY MANAGMENT, LLC",6000,0,60.0,100.0,5,135000,0,,,3,1004327.0,166288.0,40.6230758,-73.9276767,23b,,New York
BK,6583,77,312.0,44.0,11230.0,66.0,112 RYDER AVENUE,NY,V2,11,,1661 ESTATE DGT LLC,2940,0,31.25,114.5,5,13140,0,,,3,991699.0,162440.0,40.6125335,-73.9731707,22d,,New York
BK,3248,17,304.0,37.0,11237.0,83.0,1578 DEKALB AVENUE,NY,V0,11,,BOLIVAR NUNEZ,2500,0,25.0,100.0,5,15240,0,,,3,1006458.0,195505.0,40.7032649,-73.919904,13b,,New York
BK,3248,18,304.0,37.0,11237.0,83.0,1580 DEKALB AVENUE,NY,V0,11,,AISEN RESIDENCE 1580 DEKALB LLC,2500,0,25.0,100.0,5,9780,0,,,3,1006473.0,195525.0,40.7033198,-73.9198498,13b,,New York
BK,6541,13,312.0,44.0,11230.0,66.0,1210 OCEAN PARKWAY,NY,V1,11,,1214 OCEAN PARKWAY LLC,22000,0,160.0,150.0,3,396000,0,,,3,992543.0,164796.0,40.6189995,-73.970128,22d,,New York
BK,3317,31,304.0,37.0,11237.0,83.0,1480 MYRTLE AVENUE,NY,V1,11,X,CHILDRENS GROVE PARKINC,2883,0,83.0,83.0,3,81000,0,,,3,1007726.0,193940.0,40.6989661,-73.9153362,13b,,New York
BK,6527,23,312.0,44.0,11230.0,66.0,1134 EAST 7 STREET,NY,V0,11,,STEVEN HABER,4000,0,40.0,100.0,5,40800,0,,,3,992800.0,166369.0,40.6233168,-73.9692003,22d,,New York
BK,4014,5,305.0,42.0,11207.0,75.0,371 JEROME STREET,NY,V0,11,,371 JEROME ST LLC,2500,0,25.0,100.0,5,14580,0,,,3,1015792.0,184346.0,40.6726077,-73.886292,17c,,New York
BK,3750,27,305.0,42.0,11207.0,75.0,282 WILLIAMS AVENUE,NY,V1,11,,ROKEACH RESIDENCE LLC,1638,0,20.17,100.0,5,50400,0,,,3,1012189.0,183080.0,40.6691449,-73.8992859,17d,,New York
BK,3750,4,305.0,42.0,11207.0,75.0,241 HINSDALE STREET,NY,V1,11,,241 HINS LLC,2500,0,25.0,100.0,5,74250,0,,,3,1012063.0,183148.0,40.669332,-73.8997398,17d,,New York
BK,3767,5,305.0,42.0,11207.0,75.0,303 HINSDALE STREET,NY,V0,11,,"HP NEW PENN HOUSING DEVELOPMENT FUND COM PANY, INC",2000,0,20.0,100.0,5,7980,0,,,3,1012178.0,182568.0,40.6677396,-73.8993277,17d,,New York
BK,3765,1,305.0,42.0,11207.0,75.0,395 VAN SINDEREN AVENUE,NY,V1,11,,DUMONT ASSOC LIMITED,5492,0,54.92,100.0,5,96750,0,,,3,1011676.0,182426.0,40.6673514,-73.9011378,17d,,New York
BK,3749,21,305.0,37.0,11207.0,75.0,232 HINSDALE STREET,NY,V1,11,,MMMFC CORP,1667,0,16.67,100.0,5,48600,0,,,3,1011890.0,183200.0,40.6694752,-73.9003633,17d,,New York
BK,3999,4,305.0,42.0,11207.0,75.0,395 WARWICK STREET,NY,V0,11,,WARWICK BUYERS 123 LLC,2250,0,25.0,90.0,5,14160,0,,,3,1015940.0,184863.0,40.6740262,-73.885756,17c,,New York
BK,3982,35,305.0,37.0,11207.0,75.0,633 GLENMORE AVENUE,NY,V0,11,,15 EAST 19TH LLC,2458,0,24.58,100.0,5,16200,0,,,3,1015624.0,185128.0,40.6747547,-73.886894,17c,,New York
BK,3997,25,305.0,42.0,11207.0,75.0,330 JEROME STREET,NY,V0,11,,ROCKAWAY & TADD LLC,1667,0,16.67,100.0,5,10920,0,,,3,1015560.0,184760.0,40.6737449,-73.8871264,17c,,New York
BK,3982,4,305.0,37.0,11207.0,75.0,279 JEROME STREET,NY,V0,11,,BERGEN ASSETS CORP.,2610,0,28.1,100.0,5,18240,0,,,3,1015608.0,185267.0,40.6751363,-73.886951,17c,,New York
BK,3982,7,305.0,37.0,11207.0,75.0,269 JEROME STREET,NY,V0,11,,A DEVITO & UX,2500,0,25.0,100.0,5,16440,0,,,3,1015596.0,185342.0,40.6753422,-73.8869939,17c,,New York
BK,4145,13,305.0,37.0,11208.0,75.0,279 EUCLID AVENUE,NY,V0,11,,"SP HHF SUB ATLANTIC, LLC",14987,0,70.0,153.42,5,125580,0,,,3,1019375.0,187727.0,40.6818743,-73.8733578,17c,,New York
BK,4013,16,305.0,42.0,11207.0,75.0,2318 PITKIN AVENUE,NY,V1,11,,YCW INVESTORS FUND LLC,3375,0,56.25,60.0,3,182250,0,,,3,1015633.0,184501.0,40.6730337,-73.8868644,17c,,New York
BK,4201,33,305.0,37.0,11208.0,75.0,494 LINCOLN AVENUE,NY,V0,11,,"MAMUN, SHAJADA",2000,0,20.0,100.0,5,11640,0,,,3,1020850.0,186277.0,40.6778884,-73.8680476,17c,,New York
BK,4015,15,305.0,42.0,11207.0,75.0,429 WARWICK STREET,NY,V0,11,,423 WARWICK LLC,3600,0,20.0,90.0,5,25980,0,,,3,1016013.0,184493.0,40.6730104,-73.8854946,17c,,New York
BK,4016,34,305.0,42.0,11208.0,75.0,482 CLEVELAND STREET,NY,V0,11,,NORMA RIVERS,1800,0,20.0,90.0,5,10440,0,,,3,1016351.0,184428.0,40.6728308,-73.8842764,17c,,New York
BK,4015,27,305.0,42.0,11207.0,75.0,374 ASHFORD STREET,NY,V0,11,,GOUDA MOUSTAFA,2340,0,26.0,90.0,5,13620,0,,,3,1016101.0,184517.0,40.673076,-73.8851772,17c,,New York
BK,4180,22,305.0,37.0,11208.0,75.0,420 LINCOLN AVENUE,NY,V0,11,,"MUNOZ, MARGARITA",4500,0,25.0,200.0,5,32100,0,,,3,1020645.0,186953.0,40.6797447,-73.868783,17c,,New York
BK,3754,31,305.0,42.0,11207.0,75.0,306 PENNSYLVANIA AVENUE,NY,V0,11,,"HP NEW PENN HOUSING DEVELOPMENT FUND COM PANY, INC",5000,0,50.0,100.0,5,21600,0,,,3,1013177.0,183351.0,40.6698856,-73.8957232,17d,,New York
BK,6523,20,312.0,44.0,11230.0,66.0,1286 CONEY ISLAND AVENUE,NY,V1,11,X,YESHIVAH OF FLATBUSH,2000,0,20.0,100.0,5,207450,0,,,3,993739.0,167428.0,40.6262226,-73.9658162,22d,,New York
BK,3757,32,305.0,42.0,11207.0,75.0,332 WYONA STREET,NY,V0,11,,NATALIE DOWNING,2000,0,20.0,100.0,5,11340,0,,,3,1013971.0,183562.0,40.6704621,-73.8928601,17d,,New York
BK,3758,31,305.0,42.0,11207.0,75.0,340 BRADFORD STREET,NY,V0,11,,340 BRADFORD LLC,3000,0,30.0,100.0,5,14400,0,,,3,1014220.0,183636.0,40.6706644,-73.8919621,17d,,New York
BK,4171,15,305.0,37.0,11208.0,75.0,104 HILL STREET,NY,V0,11,,A.L.C. HILL PROPERTY LLC,2500,0,25.0,100.0,5,14580,0,,,3,1020443.0,186629.0,40.6788562,-73.869513,17c,,New York
BK,3758,44,305.0,42.0,11207.0,75.0,366 BRADFORD STREET,NY,V1,11,,363 WYONA STREET LLC,2000,0,20.0,100.0,3,51300,0,,,3,1014268.0,183395.0,40.6700027,-73.8917902,17d,,New York
BK,3775,125,305.0,42.0,11207.0,75.0,372 BRADFORD STREET,NY,V1,11,,372 BRADFORD STREET INC,2700,0,27.0,100.0,5,108000,0,,,3,1014287.0,183304.0,40.6697529,-73.8917221,17d,,New York
BK,3758,1,305.0,42.0,11207.0,75.0,363 WYONA STREET,NY,V1,11,,363 WYONA STREET LLC,2000,0,20.0,100.0,3,51300,0,,,3,1014169.0,183375.0,40.6699482,-73.8921472,17d,,New York
BK,3992,36,305.0,37.0,11208.0,75.0,140 MILFORD STREET,NY,V0,11,,"TRINIDAD, THOMAS",2000,0,20.0,100.0,5,12600,0,,,3,1018146.0,185669.0,40.6762303,-73.8777992,17c,,New York
BK,3992,4,305.0,37.0,11208.0,75.0,125 MONTAUK AVENUE,NY,V0,11,,LORNA B LEWIS,2000,0,20.0,100.0,5,12600,0,,,3,1018035.0,185710.0,40.6763433,-73.8781992,17c,,New York
BK,4208,13,305.0,42.0,11208.0,75.0,169 MILFORD STREET,NY,V0,11,,"M.I. BARI, MOHAMMAD",2000,0,20.0,100.0,5,12600,0,,,3,1018360.0,185404.0,40.6755022,-73.8770291,17c,,New York
BK,4190,10,305.0,37.0,11208.0,75.0,395 LOGAN STREET,NY,V0,11,,"TABAK, SHIMON",1783,0,17.83,100.0,5,11160,0,,,3,1018542.0,185820.0,40.6766433,-73.8763708,17c,,New York
BK,4026,16,305.0,42.0,11207.0,75.0,548 BELMONT AVENUE,NY,V0,11,,BELMONT EAST NY LLC,2500,0,25.0,100.0,5,14580,0,,,3,1014967.0,183879.0,40.6713288,-73.8892682,17c,,New York
BK,4209,41,305.0,42.0,11208.0,75.0,2605 PITKIN AVENUE,NY,V1,11,,HOUSING WORKS,1400,0,20.0,70.0,5,129600,0,,,3,1018654.0,185232.0,40.6750289,-73.87597,17c,,New York
BK,4209,40,305.0,42.0,11208.0,75.0,2609 PITKIN AVENUE,NY,V1,11,,HOUSING WORKS,1400,0,20.0,70.0,5,97200,0,,,3,1018674.0,185236.0,40.6750398,-73.8758979,17c,,New York
BK,4153,62,305.0,37.0,11208.0,75.0,320 LOGAN STREET,NY,V0,11,,"MAHABEERSINGH, CAITLIN ASHLEY",2000,0,20.0,100.0,5,12600,0,,,3,1018258.0,186471.0,40.6784312,-73.8773914,17c,,New York
BK,3976,59,305.0,37.0,11208.0,75.0,68 MILFORD STREET,NY,V0,11,,"CHOWDHURY, SHAMEEM",1875,0,18.75,100.0,5,12120,0,,,3,1018018.0,186334.0,40.6780561,-73.8782574,17c,,New York
BK,3992,27,305.0,37.0,11208.0,75.0,124 MILFORD STREET,NY,V0,11,,"OKOLIE,",2000,0,20.0,100.0,5,12600,0,,,3,1018118.0,185816.0,40.6766339,-73.8778994,17c,,New York
BK,4208,35,305.0,42.0,11208.0,75.0,446 LOGAN STREET,NY,V0,11,,MUTUAL HSNG ASSN NYINC,2000,0,20.0,100.0,5,12600,0,,,3,1018476.0,185324.0,40.6752821,-73.8766113,17c,,New York
BK,4209,39,305.0,42.0,11208.0,75.0,2611 PITKIN AVENUE,NY,V1,11,,HOUSING WORKS 2605-2609 PITKIN HOUSING D EVELOPMENT,1400,0,20.0,70.0,5,49950,0,,,3,1018695.0,185240.0,40.6750507,-73.8758222,17c,,New York
BK,4209,4,305.0,42.0,11208.0,75.0,443 LOGAN STREET,NY,V0,11,,"PILGRIM, DARRYL",2000,0,20.0,100.0,5,12600,0,,,3,1018630.0,185365.0,40.6753941,-73.8760559,17c,,New York
BK,4208,10,305.0,42.0,11208.0,75.0,175 MILFORD STREET,NY,V0,11,,MUTUAL HSNG ASSN NYINC,2000,0,20.0,100.0,5,12600,0,,,3,1018371.0,185346.0,40.6753429,-73.8769897,17c,,New York
BK,3976,114,305.0,37.0,11208.0,75.0,53 MONTAUK AVENUE CIR,NY,V0,11,,"GARCIA, CRISTIAN",2450,0,24.5,100.0,5,19260,1910,,,3,1017906.0,186386.0,40.6781993,-73.8786609,17c,,New York
BK,3976,60,305.0,37.0,11208.0,75.0,70 MILFORD STREET,NY,V0,11,,GLENMORE HOUSES LLC,1875,0,18.75,100.0,5,10860,0,,,3,1018021.0,186316.0,40.6780067,-73.8782466,17c,,New York
BK,4008,30,305.0,42.0,11208.0,75.0,178 MILFORD STREET,NY,V0,11,,HERZL PARTNERS LLC,2033,0,20.33,100.0,5,12780,0,,,3,1018216.0,185297.0,40.675209,-73.8775487,17c,,New York
BK,3992,46,305.0,37.0,11208.0,75.0,865 GLENMORE AVENUE,NY,V0,11,,139 FOUNTAIN AVENUE CORP,1665,0,18.5,90.0,5,10440,0,,,3,1018059.0,185596.0,40.6760303,-73.8781132,17c,,New York
BK,4031,16,305.0,42.0,11207.0,75.0,479 WARWICK STREET,NY,V0,11,,"HARRIS, JAMES",1800,0,20.0,90.0,5,9360,0,,,3,1016100.0,184051.0,40.6717969,-73.885183,17c,,New York
BK,4030,27,305.0,42.0,11207.0,75.0,500 WARWICK STREET,NY,V1,11,X,THE CHURCH OF GOD OFEAST NEW YORK,2000,0,20.0,100.0,5,87300,0,,,3,1015992.0,183857.0,40.6712648,-73.8855733,17c,,New York
BK,4245,28,305.0,42.0,11208.0,75.0,526 LOGAN STREET,NY,V0,11,,GREEN BAMBA LLC,2000,0,20.0,100.0,5,11640,0,,,3,1018625.0,184538.0,40.6731242,-73.8760781,17c,,New York
BK,4040,16,305.0,42.0,11208.0,75.0,862 BELMONT AVENUE,NY,V0,11,,BANANI HOLDINGS INC.,1800,0,20.0,90.0,5,10440,0,,,3,1018282.0,184529.0,40.6731008,-73.8773147,17c,,New York
BK,4064,138,305.0,42.0,11208.0,75.0,636 CLEVELAND STREET,NY,V0,11,,L Y I LLC,2724,0,30.26,90.0,5,16860,0,,,3,1016637.0,182977.0,40.6688471,-73.8832524,17d,,New York
BK,4246,18,305.0,42.0,11208.0,75.0,896 BELMONT AVENUE,NY,V0,11,,896 BELMONT 1 REALTY LLC,1800,0,20.0,90.0,3,9480,0,,,3,1018733.0,184615.0,40.6733351,-73.8756884,17c,,New York
BK,4023,27,305.0,42.0,11208.0,75.0,210 MONTAUK AVENUE,NY,V0,11,,"ELAHEE, FAZAL",2000,0,20.0,100.0,5,11640,0,,,3,1018041.0,184834.0,40.6739389,-73.878182,17c,,New York
BK,4056,55,305.0,42.0,11208.0,75.0,1111 BLAKE AVENUE,NY,V0,11,X,"IGLESIA PENTECOSTAL ESMIRNA, INC.",1785,0,19.83,90.0,5,9300,0,,,3,1018405.0,183654.0,40.6706986,-73.8768757,17d,,New York
BK,4054,33,305.0,42.0,11208.0,75.0,306 ATKINS AVENUE,NY,V0,11,X,"NEW AMMIES CHAPEL F.B.H.. CHURCH, INC",2000,0,20.0,100.0,5,11640,0,,,3,1017962.0,183852.0,40.6712438,-73.8784717,17c,,New York
BK,4228,29,305.0,42.0,11208.0,75.0,234 FOUNTAIN AVENUE,NY,V0,11,,HENRY W SMITH,2000,0,20.0,100.0,5,11640,0,,,3,1018814.0,184943.0,40.6742351,-73.8753947,17c,,New York
BK,4049,25,305.0,42.0,11208.0,75.0,964 SUTTER AVENUE,NY,V1,11,M,NYC PARTNERSHIP HOUSING DEVELOPMENT FUND,1839,0,28.17,62.0,5,84600,0,,,3,1016695.0,183762.0,40.6710015,-73.8830395,17d,,New York
BK,4053,135,305.0,42.0,11208.0,75.0,314 BERRIMAN STREET,NY,V0,11,,"SARMIENTO, WILMER",1875,0,18.75,100.0,5,10860,0,,,3,1017729.0,183689.0,40.6707973,-73.8793124,17d,,New York
BK,4210,34,305.0,42.0,11208.0,75.0,2647 PITKIN AVENUE,NY,V1,11,,PITKIN REALTY 8 LLC,2000,0,20.0,100.0,3,89100,0,,,3,1019048.0,185321.0,40.6752717,-73.8745492,17c,,New York
BK,4192,40,305.0,37.0,11208.0,75.0,977 GLENMORE AVENUE,NY,V0,11,,"ROSUL, MOHAMMAD A.",2000,0,20.0,100.0,5,12600,0,,,3,1019198.0,185818.0,40.6766352,-73.8740058,17c,,New York
BK,4215,6,305.0,42.0,11208.0,75.0,399 PINE STREET,NY,V0,11,X,"MUSJID ABU HANIFAH, INC",2500,0,25.0,100.0,5,15720,0,,,3,1020083.0,185584.0,40.6759894,-73.8708165,17c,,New York
BK,4231,19,305.0,42.0,11208.0,75.0,2690 PITKIN AVENUE,NY,V1,11,,15 EAST 19TH LLC,2000,0,20.0,100.0,3,92250,0,,,3,1019549.0,185228.0,40.6750144,-73.8727435,17c,,New York
BK,4232,18,305.0,42.0,11208.0,75.0,2702 PITKIN AVENUE,NY,V1,11,,"484 EUCLID, LLC",13867,0,138.67,100.0,3,489150,0,,,3,1019698.0,185263.0,40.6751099,-73.8722062,17c,,New York
BK,4067,1,305.0,42.0,11208.0,75.0,1013 DUMONT AVENUE,NY,V0,11,,1013 D LLC,1920,0,20.0,96.0,3,9900,0,,,3,1017239.0,182852.0,40.6685017,-73.8810829,17d,,New York
BK,4247,13,305.0,42.0,11208.0,75.0,271 FOUNTAIN AVENUE,NY,V0,11,,"OSIBOGUN, ROTIMI",2500,0,25.0,100.0,5,14580,0,,,3,1019045.0,184580.0,40.6732378,-73.8745638,17c,,New York
BK,4191,10,305.0,37.0,11208.0,75.0,139 FOUNTAIN AVENUE,NY,V0,11,,139 FOUNTAIN AVE CORP,2000,0,20.0,100.0,5,12600,0,,,3,1018795.0,185884.0,40.676818,-73.8754584,17c,,New York
BK,3989,16,305.0,37.0,11208.0,75.0,790 LIBERTY AVENUE,NY,V1,11,,LIBERTY APARTMENTS LLC,6250,0,125.0,90.0,3,46800,0,,,3,1017306.0,185786.0,40.6765547,-73.880827,17c,,New York
BK,4004,19,305.0,42.0,11208.0,75.0,390 SHEPHERD AVENUE,NY,V0,11,,1775 NOSTRAND AVENUE LLC,2500,0,25.0,100.0,5,12000,0,,,3,1017166.0,185251.0,40.6750867,-73.8813343,17c,,New York
BK,4018,19,305.0,42.0,11208.0,75.0,488 LINWOOD STREET,NY,V1,11,,"MATT-MACK PROPERTIES INC.,",2025,0,22.5,90.0,5,97200,0,,,3,1016777.0,184663.0,40.6734742,-73.8827396,17c,,New York
BK,4004,102,305.0,42.0,11208.0,75.0,389 ESSEX STREET,NY,V0,11,,"PENA, FRANDY",1783,0,17.83,100.0,5,11160,0,,,3,1017102.0,185041.0,40.6745106,-73.8815661,17c,,New York
BK,3843,16,305.0,42.0,11207.0,75.0,483 NEW LOTS AVENUE,NY,V1,11,,ALBERTELOTTS LLC,791,0,18.83,47.5,5,35550,0,,,3,1014730.0,180960.0,40.6633176,-73.8901358,17d,,New York
BK,4017,14,305.0,42.0,11208.0,75.0,465 CLEVELAND STREET,NY,V0,11,,"SCOTT, FRITZ",2925,0,30.0,97.5,5,17040,0,,,3,1016472.0,184568.0,40.6732146,-73.8838395,17c,,New York
BK,3989,7,305.0,37.0,11208.0,75.0,341 SHEPHERD AVENUE,NY,V0,11,,SHEPARD TOWERS LLC,5000,0,50.0,100.0,5,29640,0,,,3,1017250.0,185662.0,40.6762145,-73.8810295,17c,,New York
BK,4003,3,305.0,42.0,11208.0,75.0,447 LINWOOD STREET,NY,V0,11,,"TAITT, RONALD",2500,0,25.0,100.0,5,15720,0,,,3,1016853.0,185017.0,40.6744456,-73.8824639,17c,,New York
BK,3839,50,305.0,42.0,11207.0,75.0,363 NEW LOTS AVENUE,NY,V1,11,X,"HOPE CHRISTIAN CENTER, INC.",2331,0,20.5,111.33,5,81450,0,,,3,1013715.0,180410.0,40.6618114,-73.8937967,17d,,New York
BK,4002,19,305.0,42.0,11208.0,75.0,440 LINWOOD STREET,NY,V0,11,,ALGRETA J PRUDENT,1800,0,20.0,90.0,5,11280,0,,,3,1016692.0,185094.0,40.6746575,-73.8830439,17c,,New York
BK,4003,1,305.0,42.0,11208.0,75.0,459 LINWOOD STREET,NY,V0,11,,455 LINWOOD LLC,2500,0,25.0,100.0,5,15720,0,,,3,1016862.0,184969.0,40.6743138,-73.8824316,17c,,New York
BK,4296,11,305.0,42.0,11207.0,75.0,644 GEORGIA AVENUE,NY,V1,11,,R&D CONTRACTORS AND BUILDERS INC.,1226,0,20.33,60.92,5,51300,0,,,3,1013479.0,180019.0,40.660739,-73.894649,17d,,New York
BK,3957,4,305.0,37.0,11208.0,75.0,207 ESSEX STREET,NY,V0,11,,173 ESSEX STREET NB LLC,2500,0,25.0,100.0,5,16440,0,,,3,1016896.0,186794.0,40.6793229,-73.8823002,17c,,New York
BK,3957,1,305.0,37.0,11208.0,75.0,213 ESSEX STREET,NY,V0,11,,213 ESSEX STREET LLC,2500,0,25.0,100.0,5,16440,0,,,3,1016909.0,186721.0,40.6791225,-73.8822537,17c,,New York
BK,4462,25,305.0,42.0,11208.0,75.0,764 CRESCENT STREET,NY,V0,11,,LUIS ASITIMBAY,3000,0,30.0,100.0,5,19500,0,,,3,1020678.0,183009.0,40.6689192,-73.8686853,17d,,New York
BK,4462,43,305.0,42.0,11208.0,75.0,661 PINE STREET,NY,V0,11,,WALTER A JEFFERSON,3000,0,30.0,100.0,5,19500,0,,,3,1020561.0,183081.0,40.6691173,-73.8691067,17d,,New York
BK,4465,43,305.0,42.0,11208.0,75.0,793 AUTUMN AVENUE,NY,V0,11,,"BEAU MANAGEMENT, INC.",2000,0,20.0,100.0,3,11040,0,,,3,1021344.0,183131.0,40.6692513,-73.8662839,18b,,New York
BK,4465,41,305.0,42.0,11208.0,75.0,2661 LINDEN BOULEVARD,NY,V0,11,,"BEAU MANAGEMENT, INC.",1000,0,100.0,10.0,3,5460,0,,,3,1021347.0,183117.0,40.6692128,-73.8662732,18b,,New York
BK,3955,23,305.0,37.0,11208.0,75.0,2998 FULTON STREET,NY,V1,11,,KISSLER ASSETTS LLC,2360,0,25.5,96.08,5,94050,0,,,3,1016412.0,187008.0,40.6799121,-73.8840442,17c,,New York
BK,3955,21,305.0,37.0,11208.0,75.0,2994 FULTON STREET,NY,V1,11,,KISSLER ASSETTS LLC,2735,0,25.0,110.0,5,108900,0,,,3,1016366.0,186981.0,40.6798381,-73.8842102,17c,,New York
BK,4464,13,305.0,42.0,11208.0,75.0,760 AUTUMN AVENUE,NY,V0,11,X,ROMAN CATHOLIC CHURCH OF ST FORTENATA,16000,0,160.0,100.0,5,107760,0,,,3,1021154.0,183289.0,40.6696858,-73.8669679,18b,,New York
BK,3941,19,305.0,37.0,11208.0,75.0,2999 FULTON STREET,NY,V1,11,,NARAINE SINGH,2759,0,25.52,107.79,5,122850,0,,,3,1016358.0,187155.0,40.6803157,-73.8842382,17c,,New York
BK,3957,24,305.0,37.0,11208.0,75.0,3050 FULTON STREET,NY,V1,11,,3050 FULTON ST LLC,2406,0,25.0,96.25,5,95850,0,,,3,1016911.0,187215.0,40.6804784,-73.8822441,17c,,New York
BK,3941,7,305.0,37.0,11208.0,75.0,268 ARLINGTON AVENUE,NY,V0,11,X,ARLINGTON AVE PRESBY CH,2270,0,25.5,89.0,5,8040,0,,,3,1016293.0,187285.0,40.6806728,-73.8844719,17c,,New York
BK,4293,1,305.0,42.0,11207.0,75.0,419 LOUISIANA AVENUE,NY,V0,11,,LAMBERT CHAPEL HOLYCHUR,1603,0,24.0,66.67,3,9780,0,,,3,1013104.0,179094.0,40.6582013,-73.8960046,17d,,New York
BK,4293,2,305.0,42.0,11207.0,75.0,711 WILLIAMS AVENUE,NY,V0,11,,LAMBERT CHAPEL HOLYCHUR,1286,0,23.5,58.58,5,6660,0,,,3,1013096.0,179116.0,40.6582617,-73.8960334,17d,,New York
BK,3749,20,305.0,37.0,11207.0,75.0,230 HINSDALE STREET,NY,V1,11,,SNEDIKER AVENUE OWNERS LLC,1667,0,16.67,100.0,5,48600,0,,,3,1011887.0,183216.0,40.6695192,-73.900374,17d,,New York
BK,3749,22,305.0,37.0,11207.0,75.0,234 HINSDALE STREET,NY,V1,11,,"TAYLOR, NICOLEIA",1667,0,16.67,100.0,5,48600,0,,,3,1011894.0,183184.0,40.6694313,-73.9003489,17d,,New York
BK,4290,30,305.0,42.0,11208.0,75.0,1472 BLAKE AVENUE,NY,V0,11,,"STONEAGE BUYER, INC.",3000,0,31.58,100.0,5,12000,0,,,3,1022511.0,184272.0,40.6723781,-73.8620706,18a,,New York
BK,4469,16,305.0,42.0,11208.0,75.0,841 ELDERT LANE,NY,V0,11,,"LINDEN I REALTY, LLC",43425,0,195.0,220.0,3,198720,0,,,3,1022412.0,183415.0,40.6700263,-73.8624324,18b,,New York
BK,3954,36,305.0,37.0,11208.0,75.0,190 ELTON STREET,NY,V0,11,,NARINDRA MISIR,2500,0,25.0,100.0,5,16740,0,,,3,1016234.0,186630.0,40.6788752,-73.8846877,17c,,New York
BK,3951,22,305.0,37.0,11207.0,75.0,2900 FULTON STREET,NY,V1,11,,1687 NEW YORK AVE CORP.,2070,0,20.7,100.0,5,53100,0,,,3,1015420.0,186594.0,40.6787793,-73.8876226,17c,,New York
BK,3866,1,305.0,42.0,11207.0,75.0,681 SNEDIKER AVENUE,NY,V1,11,,681 SNEDIKER LLC,4000,0,40.0,100.0,5,22455,0,,,3,1012601.0,179051.0,40.6580849,-73.8978177,17d,,New York
BK,4472,8,305.0,42.0,11208.0,75.0,1566 DUMONT AVENUE,NY,V0,11,,DUMONT15 LLC,2000,0,20.0,100.0,5,6120,0,,,3,1023171.0,183811.0,40.6711099,-73.859694,18a,,New York
BK,4473,50,305.0,42.0,11208.0,75.0,481 EMERALD STREET,NY,V0,11,,"PACHACANAC, MARIA E",2000,0,20.0,100.0,5,7020,0,,,3,1023341.0,183768.0,40.6709911,-73.8590814,18b,,New York
BK,4274,10,305.0,42.0,11208.0,75.0,699 ELDERT LANE,NY,V0,11,,"SALAM, BEAUTY C",2000,0,20.0,100.0,5,6120,0,,,3,1022141.0,184516.0,40.6730494,-73.8634031,18a,,New York
BK,1735,39,303.0,33.0,11205.0,79.0,703 MYRTLE AVENUE,NY,V1,11,,703 MYRTLE LLC,8620,0,80.0,107.75,3,274500,0,,,3,996723.0,192470.0,40.6949536,-73.9550201,13b,,New York
BK,3950,47,305.0,37.0,11207.0,75.0,2863 ATLANTIC AVENUE,NY,V1,11,,CPU 2863 ATLANTIC HOUSING DEVELOPMENT FU ND CORPORA,4914,0,47.67,103.08,3,417600,0,,,3,1015181.0,186052.0,40.6772924,-73.8884868,17c,,New York
BK,1716,30,303.0,33.0,11205.0,79.0,480 FLUSHING AVENUE,NY,V1,11,,480 SANZ LLC,4450,0,50.0,89.25,3,220500,0,,,3,996638.0,193931.0,40.6989639,-73.955324,13b,,New York
BK,1737,41,303.0,33.0,11205.0,79.0,739 MYRTLE AVENUE,NY,V1,11,,"MYRTLE VENTURES, LLC",3233,0,30.0,107.75,5,211050,0,,,3,997243.0,192549.0,40.6951697,-73.9531448,13b,,New York
BK,1735,47,303.0,33.0,11205.0,79.0,105 SPENCER STREET,NY,V1,11,,145 SKILLMAN ST LLC,2500,0,25.0,100.0,5,59850,0,,,3,996705.0,192664.0,40.6954861,-73.9550847,13b,,New York
BK,3954,32,305.0,37.0,11208.0,75.0,182 ELTON STREET,NY,V0,11,,RODRIGUEZ HIPOLITO,2500,0,25.0,100.0,5,16440,0,,,3,1016215.0,186728.0,40.6791442,-73.8847558,17c,,New York
BK,1716,60,303.0,33.0,11205.0,79.0,535 PARK AVENUE,NY,V1,11,,WALLWORTH PARK LLC,2444,0,25.0,97.75,5,116550,0,,,3,996725.0,193286.0,40.6971934,-73.9550114,13b,,New York
BK,1715,47,303.0,33.0,11205.0,79.0,26 SPENCER STREET,NY,V1,11,,"PARK LANE DEVELOPMENT II, LLC",11900,0,119.0,100.0,5,612000,0,,,3,996410.0,193606.0,40.6980721,-73.9561468,13b,,New York
BK,1716,3,303.0,33.0,11205.0,79.0,49 SPENCER STREET,NY,V9,11,,BCS SPENCER INC.,12500,0,125.0,100.0,5,642600,0,,,3,996588.0,193430.0,40.6975888,-73.9555052,13b,,New York
BK,1883,7,303.0,33.0,11205.0,79.0,67 TAAFFE PLACE,NY,V1,11,,67 TAAFFE LLC,6415,0,75.0,86.58,5,288900,0,,,3,995201.0,193180.0,40.6969044,-73.9605076,12d,,New York
BK,1737,56,303.0,33.0,11205.0,79.0,103 SANDFORD STREET,NY,V1,11,,M&S LEVY REALTY,2500,0,25.0,100.0,5,63900,0,,,3,997187.0,192812.0,40.6958917,-73.9533462,13b,,New York
BK,1737,57,303.0,33.0,11205.0,79.0,101 SANDFORD STREET,NY,V1,11,,M&S LEVY REALTY,2500,0,25.0,100.0,5,63900,0,,,3,997183.0,192837.0,40.6959603,-73.9533606,13b,,New York
BK,1736,11,303.0,33.0,11205.0,79.0,78 SANDFORD STREET,NY,V1,11,,BAIS RUCHEL BEDFORD INC,5500,0,55.0,100.0,5,166500,0,,,3,996998.0,193074.0,40.6966111,-73.9540273,13b,,New York
BK,1736,13,303.0,33.0,11205.0,79.0,82 SANDFORD STREET,NY,V1,11,,BAIS RUCHEL BEDFORD INC,2000,0,20.0,100.0,5,85950,0,,,3,997003.0,193039.0,40.696515,-73.9540093,13b,,New York
BK,1737,58,303.0,33.0,11205.0,79.0,99 SANDFORD STREET,NY,V1,11,,DAVID ROCHLITZ,2500,0,25.0,100.0,5,63900,0,,,3,997179.0,192864.0,40.6960344,-73.953375,13b,,New York
BK,1886,36,303.0,33.0,11205.0,79.0,430 FLUSHING AVENUE,NY,V1,11,,"BEDFORD ROTH HOLDING, LLC",1700,0,30.0,58.42,5,135450,0,,,3,996049.0,193847.0,40.6987341,-73.9574483,12d,,New York
BK,1886,30,303.0,33.0,11205.0,79.0,5 SKILLMAN STREET,NY,V1,11,,BEDFORD FLUSHING HOLDING CORP,7500,0,95.08,75.92,5,472050,0,,,3,995992.0,193822.0,40.6986656,-73.9576539,12d,,New York
BK,1734,46,303.0,33.0,11205.0,79.0,851 BEDFORD AVENUE,NY,V1,11,,K&C III,499,0,20.17,24.75,5,900,0,,,3,996447.0,192437.0,40.6948634,-73.9560155,13b,,New York
BK,1900,68,303.0,33.0,11205.0,79.0,671 MYRTLE AVENUE,NY,V1,11,,MYRTLE HOUSING LLC,81,0,1.08,75.0,5,900,0,,,3,996215.0,192449.0,40.6948967,-73.9568521,12d,,New York
BK,1899,26,303.0,33.0,11205.0,79.0,89 FRANKLIN AVENUE,NY,V1,11,,89 FRANKLIN AVE LLC,2517,0,25.17,100.0,5,111600,0,,,3,995869.0,192967.0,40.6963189,-73.9580989,12d,,New York
BK,1716,14,303.0,33.0,11205.0,79.0,27 SPENCER STREET,NY,V1,11,,THE W TOWER LLC,14950,0,100.0,200.0,5,741600,0,,,3,996582.0,193694.0,40.6983134,-73.9555264,13b,,New York
BK,1735,16,303.0,33.0,11205.0,79.0,92 WALWORTH STREET,NY,V1,11,,92 WALWORTH STREET LLC,2500,0,25.0,100.0,5,91800,0,,,3,996768.0,192924.0,40.6961997,-73.954857,13b,,New York
BK,1735,50,303.0,33.0,11205.0,79.0,99 SPENCER STREET,NY,V1,11,,SHOSHANA WEISS,2500,0,25.0,100.0,5,59850,0,,,3,996694.0,192738.0,40.6956893,-73.9551242,13b,,New York
BK,1737,30,303.0,33.0,11205.0,79.0,134 NOSTRAND AVENUE,NY,V1,11,,SOLAYMAN MASSIH  EISRAELIAN,1875,0,18.75,100.0,5,47250,0,,,3,997308.0,192702.0,40.6955896,-73.9529101,13b,,New York
BK,3232,44,304.0,34.0,11221.0,83.0,1282 MYRTLE AVENUE,NY,V1,11,,DEKALB  & MYRTLE LLC,1200,0,57.0,64.5,3,69750,0,,,3,1004847.0,193549.0,40.6979001,-73.9257202,13b,,New York
BK,3913,13,305.0,37.0,11208.0,75.0,37 HIGHLAND PLACE,NY,V0,11,,SINCHI WILSON,6279,0,50.0,149.0,4,29220,0,,,3,1017083.0,188700.0,40.6845537,-73.8816168,17c,,New York
BK,4111,72,305.0,37.0,11208.0,75.0,48 GRANT AVENUE,NY,V0,11,,DCA BUILDER CORP.,2500,0,20.0,125.0,5,15240,0,,,3,1020555.0,190622.0,40.6898156,-73.8690877,17c,,New York
BK,1584,4,303.0,36.0,11206.0,81.0,354 STOCKTON STREET,NY,V1,11,,"TOXO AND ARROW PROPERTY ,",4554,0,46.0,99.0,3,468000,0,,,3,1001554.0,193332.0,40.6973115,-73.9375965,13b,,New York
BK,1615,82,303.0,36.0,11221.0,81.0,799 GREENE AVENUE,NY,V0,11,,BSD GREENE GARDENS LLC,1600,0,20.0,80.0,5,8700,0,,,3,1001981.0,190793.0,40.6903417,-73.9360633,17a,,New York
BK,6997,155,313.0,47.0,11224.0,60.0,1427 HART PLACE,NY,V1,11,,FRONTAL ENTERPRISES LLC,5612,1,45.5,123.33,5,168732,0,,,3,988750.0,151570.0,40.5826995,-73.9837995,28c,,New York
BK,3568,30,316.0,41.0,11212.0,73.0,237 LEGION STREET,NY,V1,11,,SARATOGA CORP,3197,0,40.0,79.92,3,111150,0,,,3,1007404.0,180786.0,40.6628622,-73.9165427,17b,,New York
BK,3511,64,316.0,41.0,11212.0,73.0,638 HOWARD AVENUE,NY,V0,11,X,HABITAT MOSAIC HOUSING DEVELOPMENT FUND  CORP,2500,0,25.0,100.0,5,9720,0,,,3,1006447.0,182096.0,40.6664603,-73.9199878,17b,,New York
BK,8365,28,318.0,46.0,11234.0,63.0,65 STREET,NY,V0,11,,C2618 DEVELOPMENT LLC,2400,0,20.0,120.0,5,5640,0,,,3,1007558.0,165663.0,40.6213524,-73.9160399,23b,,New York
BK,8907,722,315.0,46.0,11229.0,61.0,59 DARE COURT,NY,V0,11,,"AVDEEV, KONSTANTIN",1800,0,40.0,45.0,5,6780,0,,,3,1005652.0,153766.0,40.5887024,-73.9229433,29a,,New York
BK,8914,536,315.0,46.0,11229.0,61.0,114 NOEL AVENUE,NY,V0,11,,"KENEFICK, KEVIN",1800,0,40.0,45.0,5,6780,0,,,3,1005054.0,154062.0,40.5895163,-73.9250955,29a,,New York
BK,3677,9,316.0,37.0,11212.0,73.0,175 SACKMAN STREET,NY,V1,11,C,NYC DEPARTMENT OF CITYWIDE ADMINISTRATIVE SERVICES,1667,0,16.67,100.0,5,55800,0,,,3,1010413.0,184801.0,40.6738741,-73.9056813,17c,,New York
BK,3488,17,305.0,37.0,11207.0,75.0,25 SUNNYSIDE AVENUE,NY,V0,11,,25 SUNNYSIDE LLC,4485,0,50.0,83.0,5,16620,0,,,3,1013326.0,187203.0,40.680458,-73.8951695,17c,,New York
BK,1846,36,303.0,36.0,11216.0,79.0,310 HALSEY STREET,NY,V0,11,,312 HALSEY LLC,2000,0,20.0,100.0,5,12120,0,,,3,1000447.0,187942.0,40.6825193,-73.9416016,17a,,New York
BK,191,38,302.0,33.0,11217.0,84.0,78 3 AVENUE,NY,V1,11,X,THE TEMPLE OF RESTORATION,2200,0,22.0,100.0,5,333000,0,,,3,989320.0,188595.0,40.684325,-73.9817196,16c,,New York
BK,934,6,306.0,39.0,11217.0,78.0,87 4 AVENUE,NY,V1,11,,85 4TH AVENUE LLC,1643,0,20.0,82.17,5,96300,0,,,3,989820.0,187544.0,40.6814399,-73.9799177,16c,,New York
BK,7596,75,318.0,45.0,11210.0,63.0,1846 NEW YORK AVENUE,NY,V0,11,,"TYBERG, DINA M",2083,0,20.83,100.0,5,8100,0,,,3,999677.0,167966.0,40.6276909,-73.9444235,23a,,New York
BK,1466,42,316.0,41.0,11233.0,73.0,486 HOWARD AVENUE,NY,V0,11,O,NYC PACT PRESERVATION PARTNERS LLC,2500,0,25.0,100.0,5,9300,0,,,3,1006424.0,183856.0,40.6712912,-73.9200649,17a,,New York
BK,1755,37,303.0,36.0,11206.0,79.0,884 MYRTLE AVENUE,NY,V1,11,X,"ST. STEPHEN UNITED CHURCH OF GOD, INC.",2500,0,25.0,100.0,5,231750,0,,,3,998974.0,192635.0,40.6954031,-73.9469023,13b,,New York
BK,1317,10,309.0,40.0,11225.0,71.0,430 EMPIRE BOULEVARD,NY,V0,11,X,NE CONF CP OF 7 DAY A,2492,0,24.92,100.0,5,13680,0,,,3,998772.0,181137.0,40.663844,-73.9476555,17b,,New York
BK,1325,60,309.0,40.0,11225.0,71.0,19 LAMONT COURT,NY,V0,11,,LAMONT RESIDENCES LLC,1868,0,19.67,95.0,5,13860,0,,,3,999825.0,181022.0,40.6635266,-73.9438602,17b,,New York
BK,4001,118,305.0,42.0,11208.0,75.0,350 ELTON STREET,NY,V0,11,,"JACKMAN, TERRY ANNE C",1348,0,27.6,49.0,5,8400,0,,,3,1016487.0,185110.0,40.6747022,-73.8837829,17c,,New York
BK,6307,71,310.0,50.0,11228.0,68.0,84 STREET,NY,V0,11,,"GLORIA J. MILONE TRUST DATED DECEMBER 17 , 2019",2000,0,20.0,100.0,5,9600,0,,,3,979713.0,164322.0,40.6177012,-74.0163423,22b,,New York
BK,934,3,306.0,39.0,11217.0,78.0,93 4 AVENUE,NY,V1,11,,85 4TH AVENUE LLC,1643,0,20.0,82.17,5,110700,0,,,3,989792.0,187490.0,40.6812917,-73.9800186,16c,,New York
BK,933,17,306.0,39.0,11217.0,78.0,452 BERGEN STREET,NY,V0,11,,452 BERGEN STREET ASSOCIATES LLC,1875,0,18.75,100.0,5,26340,0,,,3,990801.0,187379.0,40.6809864,-73.9763809,16c,,New York
BK,1755,57,303.0,36.0,11206.0,79.0,119 VERNON AVENUE,NY,V0,11,X,RESTORED HOMES HOUSING DEVELOPMENT FUND  CORP.,2000,0,20.0,100.0,5,11520,0,,,3,998848.0,192511.0,40.6950629,-73.9473569,13b,,New York
BK,1174,31,308.0,35.0,11238.0,77.0,524 STERLING PLACE,NY,V0,11,,520 STERLING LLC,3275,0,25.0,131.0,5,32640,0,,,3,995019.0,184791.0,40.6738788,-73.9611773,16c,,New York
BK,1435,65,316.0,37.0,11233.0,73.0,2297 PACIFIC STREET,NY,V0,11,,BSD 6031 MASPETH PARTNERS LLC,1667,0,16.67,100.0,5,11040,0,,,3,1009350.0,185460.0,40.675686,-73.909511,17c,,New York
BK,6681,345,315.0,44.0,11223.0,61.0,1960 EAST 5 STREET,NY,V0,11,,1960 EAST 5TH STREET LLC,4000,0,40.0,100.0,5,44160,0,,,3,993108.0,158869.0,40.6027305,-73.9681006,28c,,New York
BK,3909,22,305.0,37.0,11208.0,75.0,102 LINWOOD STREET,NY,V0,11,,GEORGE S. GOODE,2500,0,25.0,100.0,5,7980,0,,,3,1016174.0,188281.0,40.683407,-73.8848962,17c,,New York
BK,4676,13,317.0,41.0,11203.0,67.0,356 EAST 51 STREET,NY,V0,11,,51 STREET LLC,2000,0,20.0,100.0,5,12120,0,,,3,1003728.0,177219.0,40.6530804,-73.9298029,17b,,New York
BK,1454,115,316.0,41.0,11233.0,73.0,2026A BERGEN STREET,NY,V0,11,,"MOORE, CYNTHIA",190,0,19.33,9.83,5,60,0,,,3,1008280.0,184797.0,40.6738692,-73.9133709,17a,,New York
BK,934,12,306.0,39.0,11217.0,78.0,82 ST MARKS PLACE,NY,V0,11,,85 4TH AVENUE LLC,4000,0,40.0,100.0,5,36000,0,,,3,989895.0,187552.0,40.6814618,-73.9796472,16c,,New York
BK,1455,43,316.0,37.0,11233.0,73.0,2156 BERGEN STREET,NY,V1,11,,BANOS REALTY LLC,1794,0,16.67,110.08,5,26505,0,,,3,1009498.0,184705.0,40.6736133,-73.9089803,17c,,New York
BK,1436,16,316.0,37.0,11233.0,73.0,2350 ATLANTIC AVENUE,NY,V0,11,,2348 BRACCHA LLC,1875,0,18.75,100.0,5,7500,0,,,3,1009980.0,185517.0,40.6758406,-73.9072396,17c,,New York
BK,4800,75,309.0,40.0,11203.0,71.0,641 MIDWOOD STREET,NY,V0,11,,641 MIDWOOD HOLDINGS LLC,1800,0,19.75,90.0,5,7560,0,,,3,1001085.0,180109.0,40.6610183,-73.9393209,17b,,New York
BK,5642,67,312.0,44.0,11219.0,66.0,1323 50 STREET,NY,V0,11,,1323 50TH LLC,4007,0,40.0,100.17,5,32340,0,,,3,986513.0,170343.0,40.6342284,-73.9918466,22c,,New York
BK,6681,434,315.0,44.0,11223.0,61.0,1830 OCEAN PARKWAY,NY,V0,11,,"NISA REALTY, LLC",7500,0,50.0,150.0,5,100020,0,,,3,993331.0,159320.0,40.6039682,-73.9672969,28c,,New York
BK,251,46,302.0,33.0,11201.0,84.0,39 GRACE COURT,NY,V0,11,,39 GRACE COURT LLC,1487,0,25.0,59.5,5,29280,0,,,3,984997.0,192251.0,40.6943613,-73.9973062,12d,,New York
BK,937,49,306.0,39.0,11217.0,78.0,663 BALTIC STREET,NY,V3,11,,"CABBAD, PHILIP",1377,0,19.67,70.0,5,19260,0,,,3,990165.0,186989.0,40.6799164,-73.9786743,16c,,New York
BK,1428,57,309.0,40.0,11203.0,71.0,735 EAST NEW YORK AVENUE,NY,V0,11,X,"BNOS MENACHEM, INC.",6465,0,71.83,90.0,5,27900,2011,,,3,1001312.0,180668.0,40.6625522,-73.9385013,17b,,New York
BK,3596,41,316.0,41.0,11212.0,73.0,2206 STRAUSS STREET,NY,V1,11,,"GILLINGS, GARFIELD E",2500,0,25.0,100.0,5,72900,0,,,3,1008020.0,179675.0,40.6598111,-73.9143263,17b,,New York
BK,4870,52,317.0,40.0,11203.0,67.0,885 NEW YORK AVENUE,NY,V0,11,,885 NEW YORK LLC,2700,0,27.0,100.0,5,20640,0,,,3,999106.0,176810.0,40.6519668,-73.9464611,17b,,New York
BK,934,4,306.0,39.0,11217.0,78.0,91 4 AVENUE,NY,V1,11,,85 4TH AVENUE LLC,1643,0,20.0,82.17,5,110700,0,,,3,989801.0,187508.0,40.6813411,-73.9799862,16c,,New York
BK,1973,62,303.0,36.0,11238.0,79.0,239 GATES AVENUE,NY,V0,11,,MOUNT SINAI BAPTIST CHURCH,2300,0,23.0,100.0,5,13200,0,,,3,995897.0,189061.0,40.6855978,-73.9580047,16c,,New York
BK,8900,48,315.0,46.0,11229.0,61.0,42 DARE COURT,NY,V0,11,,"DEMAIO, JASON L",900,0,20.0,45.0,5,4080,0,,,3,1005963.0,153502.0,40.587977,-73.9218245,29a,,New York
BK,934,2,306.0,39.0,11217.0,78.0,95 4 AVENUE,NY,V1,11,,85 4TH AVENUE LLC,1213,0,20.0,60.67,5,81900,0,,,3,989774.0,187477.0,40.6812561,-73.9800836,16c,,New York
BK,6949,24,313.0,47.0,11214.0,60.0,171 BAY 52 STREET,NY,V0,11,,"AKHTAR, SHAMIM",2000,0,20.0,100.0,5,14040,0,,,3,987624.0,151793.0,40.5833121,-73.9878531,28c,,New York
BK,8602,23,318.0,46.0,11234.0,63.0,2657 EAST 66 STREET,NY,V0,11,,RIVIERA OF MILL BASIN LLC,247240,0,200.33,262.58,5,135360,0,,,3,1009691.0,159951.0,40.6056683,-73.9083779,23d,,New York
BK,937,53,306.0,39.0,11217.0,78.0,655 BALTIC STREET,NY,V0,11,,RESIDENCE ON BALTIC LLC,2000,0,20.0,100.0,5,27960,0,,,3,990100.0,187039.0,40.6800536,-73.9789086,16c,,New York
BK,3183,20,304.0,34.0,11206.0,83.0,38 TROUTMAN STREET,NY,V0,11,,38 TROUTMAN STREET LLC,3100,0,25.0,124.08,5,15780,0,,,3,1003029.0,193585.0,40.6980029,-73.9322765,13b,,New York
BK,3898,17,305.0,37.0,11207.0,75.0,228 SUNNYSIDE AVENUE,NY,V0,11,,GOBIN IRREVOCABLE TRUST,2750,0,25.0,110.0,5,5820,0,,,3,1014966.0,188025.0,40.6827086,-73.8892529,17c,,New York
BK,3924,36,305.0,37.0,11208.0,75.0,128 CLEVELAND STREET,NY,V0,11,,"PITSOULIS, EVANGGELIA LINDA",2500,0,25.0,100.0,5,8880,0,,,3,1015743.0,187777.0,40.6820252,-73.8864526,17c,,New York
BK,5267,18,307.0,39.0,11218.0,72.0,156 SEELEY STREET,NY,V0,11,,"WOOLLEY, EVAN",1500,0,19.0,100.0,5,31140,0,,,3,990713.0,177618.0,40.6541947,-73.9767075,16d,,New York
BK,2044,71,302.0,35.0,11205.0,88.0,114 ADELPHI STREET,NY,V0,11,,ONE FOURTEEN ADELPHI LLC,2500,0,25.0,100.0,5,22800,0,,,3,991906.0,192225.0,40.6942866,-73.9723914,12d,,New York
BK,2044,47,302.0,35.0,11205.0,88.0,66 ADELPHI STREET,NY,V0,11,,"ANTHROPOCENE REALTY, LLC",2127,0,11.12,100.0,3,26520,0,,,3,991813.0,192777.0,40.6958018,-73.9727261,12d,,New York
BK,5510,12,312.0,44.0,11204.0,66.0,1612 59 STREET,NY,V0,11,,"PERLSTEIN, BARRY",2454,0,24.5,100.17,5,41940,0,,,3,986716.0,166989.0,40.6250224,-73.9911165,22d,,New York
BK,7033,31,313.0,47.0,11224.0,60.0,5017 OCEAN VIEW AVENUE,NY,V0,11,,"HORDIYCHUK, VSEVOLOD",6000,0,50.0,123.0,5,19080,0,,,3,981270.0,150298.0,40.5792088,-74.0107278,28b,,New York
BK,8664,456,313.0,48.0,11235.0,60.0,27 BRIGHTON 4 WALK,NY,V0,11,,GABRIEL VIVAS,1600,0,40.0,40.0,6,13920,0,,,3,994330.0,150636.0,40.5801313,-73.9637122,28d,,New York
BK,7104,220,315.0,44.0,11223.0,61.0,1933 EAST 1 STREET,NY,V0,11,,"ELO, JASON",3000,0,30.0,100.0,5,30420,2019,,,3,992304.0,158283.0,40.6011229,-73.9709967,28c,,New York
BK,8616,44,318.0,46.0,11234.0,63.0,97 WHITMAN DRIVE,NY,V0,11,,"TENER, BIANA",5142,0,54.42,92.25,5,17100,0,,,3,1011146.0,161958.0,40.6111728,-73.9031299,23d,,New York
BK,6506,5,312.0,40.0,11230.0,66.0,312 ELMWOOD AVENUE,NY,V0,11,,"FELLER, SIMCHA",7445,0,50.0,175.0,5,119160,0,,,3,991512.0,167710.0,40.6269987,-73.9738386,22c,,New York
BK,5184,62,314.0,40.0,11226.0,70.0,925 OCEAN AVENUE,NY,V0,11,,KOLEL BEIS YAKOV LLC,5500,0,50.0,110.0,5,25020,0,,,3,995697.0,172480.0,40.6400869,-73.958754,22c,,New York
BK,1737,61,303.0,33.0,11205.0,79.0,93 SANDFORD STREET,NY,V1,11,,"GLUCK, VICTOR",2500,0,25.0,100.0,5,63900,0,,,3,997168.0,192936.0,40.6962321,-73.9534145,13b,,New York
BK,5064,106,314.0,40.0,11226.0,70.0,21 LENOX ROAD,NY,V1,11,,NERE FLATBUSH MANAGEMENT LLC,21560,0,30.0,284.0,5,330300,0,,,3,995706.0,177642.0,40.6542555,-73.9587128,16d,,New York
BK,5064,12,314.0,40.0,11226.0,70.0,757 FLATBUSH AVENUE,NY,V1,11,,NERE FLATBUSH MANAGEMENT LLC,5541,0,41.83,132.25,5,372600,0,,,3,995563.0,177701.0,40.6544176,-73.9592281,16d,,New York
BK,7949,260,318.0,45.0,11234.0,63.0,36 PRESTON COURT,NY,V1,11,,32 PRESTON LLC,4000,0,40.0,100.0,5,70200,0,,,3,1005272.0,171709.0,40.6379531,-73.9242557,23a,,New York
BK,7932,320,318.0,45.0,11234.0,63.0,1500 RALPH AVENUE,NY,V1,11,,FOSTER PROPERTY GROUP LLC,43467,0,91.25,100.0,3,560250,0,,,3,1006394.0,172504.0,40.6401325,-73.9202104,23a,,New York
BK,7386,114,315.0,48.0,11229.0,61.0,3532 NOSTRAND AVENUE,NY,V1,11,,MC DONALD'S CORPORATION,4200,0,40.0,105.0,5,141750,0,,,3,1000437.0,157050.0,40.5977274,-73.9417118,29a,,New York
BK,7386,129,315.0,48.0,11229.0,61.0,3568 NOSTRAND AVENUE,NY,V1,11,X,"CONGREGATION LEV BAIS YAAKOV, INC.",4200,0,40.0,105.0,5,87300,0,,,3,1000480.0,156753.0,40.5969121,-73.9415576,29a,,New York
BK,794,113,307.0,43.0,11220.0,72.0,51 STREET,NY,V0,11,,FU XING MEI LLC,425,0,20.0,24.25,5,120,0,,,3,982701.0,173081.0,40.6417438,-74.0055815,22a,,New York
BK,4549,50,305.0,42.0,11208.0,75.0,7 AUTUMN LANE,NY,V0,11,,"BROWN, SHARON",4000,0,40.0,100.0,3,9048,0,,,3,1021487.0,181003.0,40.6634098,-73.8657802,18b,,New York
BK,251,47,302.0,33.0,11201.0,84.0,37 GRACE COURT,NY,V0,11,,34-36 REMSEN NORTH YAT SPE LLC,2250,0,25.0,90.0,5,44280,0,,,3,984980.0,192275.0,40.6944272,-73.9973675,12d,,New York
BK,928,56,306.0,39.0,11217.0,78.0,423 DEAN STREET,NY,V0,11,,604 PACIFIC OWNER LLC,2670,0,0.0,0.0,0,16020,0,,,3,990566.0,187963.0,40.6825895,-73.9772276,16c,,New York
BK,934,1,306.0,39.0,11217.0,78.0,97 4 AVENUE,NY,V1,11,,85 4TH AVENUE LLC,2073,0,20.0,82.17,3,139950,0,,,3,989781.0,187454.0,40.6811929,-73.9800583,16c,,New York
BK,934,10,306.0,39.0,11217.0,78.0,79 4 AVENUE,NY,V1,11,,85 4TH AVENUE LLC,1643,0,20.0,82.17,3,110700,0,,,3,989858.0,187617.0,40.6816403,-73.9797806,16c,,New York
BK,934,7,306.0,39.0,11217.0,78.0,85 4 AVENUE,NY,V1,11,,85 4TH AVENUE LLC,4930,0,60.0,82.17,5,333000,0,,,3,989838.0,187580.0,40.6815387,-73.9798527,16c,,New York
BK,2044,90,302.0,35.0,11205.0,88.0,341 MYRTLE AVENUE,NY,V1,11,,HIPOTECH LLC,2413,0,25.1,94.0,5,222750,0,,,3,991844.0,191926.0,40.693466,-73.9726153,12d,,New York
BK,2044,3,302.0,35.0,11205.0,88.0,133 CARLTON AVENUE,NY,V0,11,,133 CARLTON 123 LLC,2225,0,22.25,100.0,5,20820,0,,,3,991831.0,192034.0,40.6937625,-73.972662,12d,,New York
BK,1755,55,303.0,36.0,11206.0,79.0,123 VERNON AVENUE,NY,V0,11,X,RESTORED HOMES HOUSING DEVELOPMENT FUND  CORP.,2000,0,20.0,100.0,5,11520,0,,,3,998887.0,192517.0,40.6950793,-73.9472163,13b,,New York
BK,1755,40,303.0,36.0,11206.0,79.0,890 MYRTLE AVENUE,NY,V1,11,,RESTORED HOMES HOUSING DEVELOPMENT FUND  CORP.,2500,0,25.0,100.0,5,231750,0,,,3,999038.0,192644.0,40.6954277,-73.9466714,13b,,New York
BK,1442,54,316.0,37.0,11233.0,73.0,2349 DEAN STREET,NY,V0,11,,"BIG WHITE BEAR, LLC",2679,0,25.0,107.17,5,16020,0,,,3,1009269.0,185184.0,40.6749287,-73.9098041,17c,,New York
BK,1442,6,316.0,37.0,11233.0,73.0,219 ROCKAWAY AVENUE,NY,V0,11,,217 ROCKAWAY LLC,3439,0,17.33,100.0,5,18120,0,,,3,1009010.0,185262.0,40.6751435,-73.9107375,17c,,New York
BK,1435,14,316.0,37.0,11233.0,73.0,2272 ATLANTIC AVENUE,NY,V0,11,,"ULLAH, SAKHAWAT",1667,0,16.67,100.0,5,11040,0,,,3,1009174.0,185574.0,40.6759994,-73.9101451,17c,,New York
BK,1442,22,316.0,37.0,11233.0,73.0,2244 PACIFIC STREET,NY,V0,11,,DOWNER CHAINE,2251,0,21.0,107.17,5,8760,0,,,3,1009248.0,185294.0,40.6752306,-73.9098794,17c,,New York
BK,7197,66,315.0,47.0,11223.0,61.0,2429 EAST 1 STREET,NY,V0,11,,29E LLC,2000,0,20.0,100.0,5,17760,0,,,3,992897.0,154191.0,40.5898906,-73.9688664,28c,,New York
BK,7104,180,315.0,44.0,11223.0,61.0,2020 EAST 2ND STREET,NY,V0,11,,AMJ REALTY LIMITED PARTNERSHIP,5000,0,58.08,100.0,5,48720,0,,,3,992451.0,157982.0,40.6002965,-73.9704677,28c,,New York
BK,3909,11,305.0,37.0,11208.0,75.0,494 JAMAICA AVENUE,NY,V0,11,,494 JAMAICA AVENUE LLC,8060,0,85.33,112.17,5,36060,0,,,3,1016118.0,188405.0,40.6837476,-73.8850976,17c,,New York
BK,4127,35,305.0,37.0,11208.0,75.0,150 CHESTNUT STREET,NY,V0,11,,CHESTNUT HOMES INC.,12938,0,68.5,150.0,5,50520,0,,,3,1018607.0,188520.0,40.6840539,-73.8761227,17c,,New York
BK,8705,22,313.0,48.0,11235.0,60.0,12 BRIGHTON 10 LANE,NY,V0,11,,BRIGHTON LANE PROPERTY LLC,1620,0,36.0,45.0,5,12300,0,,,3,995660.0,150741.0,40.5804179,-73.9589241,28d,,New York
BK,4123,34,305.0,37.0,11208.0,75.0,436 ETNA STREET,NY,V0,11,,CYPRESS HILLS NYC LLC,1089,0,19.17,56.83,5,14400,0,,,3,1020912.0,190001.0,40.6881097,-73.8678038,17c,,New York
BK,8714,731,313.0,48.0,11235.0,60.0,3010 BRIGHTON 14 STREET,NY,V0,11,,"3010 BRIGHTON 14TH STREET, LLC",4000,0,40.0,100.0,5,30360,0,,,3,996744.0,150463.0,40.5796534,-73.9550222,29b,,New York
BK,5064,11,314.0,40.0,11226.0,70.0,761 FLATBUSH AVENUE,NY,V1,11,,NERE FLATBUSH MANAGEMENT LLC,2658,0,20.5,125.0,5,179100,0,,,3,995567.0,177669.0,40.6543298,-73.9592137,16d,,New York
BK,5064,10,314.0,40.0,11226.0,70.0,763 FLATBUSH AVENUE,NY,V1,11,,NERE FLATBUSH MANAGEMENT LLC,2623,0,20.42,125.0,5,176850,0,,,3,995569.0,177649.0,40.6542749,-73.9592065,16d,,New York
BK,5064,8,314.0,40.0,11226.0,70.0,765 FLATBUSH AVENUE,NY,V1,11,,NERE FLATBUSH MANAGEMENT LLC,5411,0,42.92,125.0,5,300600,0,,,3,995573.0,177617.0,40.654187,-73.9591922,16d,,New York
BK,4800,73,309.0,40.0,11203.0,71.0,643 MIDWOOD STREET,NY,V0,11,,643 MIDWOOD HOLDINGS LLC,4400,0,40.0,110.0,5,21960,0,,,3,1001114.0,180121.0,40.6610512,-73.9392163,17b,,New York
BK,1428,31,309.0,40.0,11203.0,71.0,704 LEFFERTS AVENUE,NY,V0,11,,704 LEFFERTS AVE LLC,2750,0,25.0,110.0,5,13560,0,,,3,1001465.0,180787.0,40.6628785,-73.9379495,17b,,New York
BK,1428,62,309.0,40.0,11203.0,71.0,727 EAST NEW YORK AVENUE,NY,V0,11,X,"BNOS MENACHEM, INC.",1800,0,20.0,90.0,5,7200,0,,,3,1001247.0,180663.0,40.6625386,-73.9387356,17b,,New York
BK,8365,47,318.0,46.0,11234.0,63.0,1340 EAST 66 STREET,NY,V0,11,,"SMITH, TWANA Y",960,0,8.0,120.0,8,1638,0,,,3,1007693.0,165692.0,40.6214317,-73.9155535,23b,,New York
BK,4434,1,305.0,42.0,11207.0,75.0,35 INSPIRATION LANE,NY,V1,11,,IUV PHASE 1B HOUSING DEVELOPMENT FUND CO RPORATION,90778,0,246.0,369.0,5,4067490,0,,,3,1015551.0,176700.0,40.651622,-73.8871963,17d,,New York
BK,2003,32,302.0,35.0,11217.0,88.0,74 HANSON PLACE,NY,V0,11,,74 HANSON PLACE LLC,1900,0,20.0,95.0,5,32280,0,,,3,991292.0,188925.0,40.6852294,-73.974609,16c,,New York
BK,2408,3,301.0,34.0,11211.0,90.0,197 ROEBLING STREET,NY,V1,11,X,197-201 ROEBLING STHSNG,4895,0,50.0,100.0,5,681750,0,,,3,995745.0,198842.0,40.7124446,-73.9585361,12d,,New York
BK,6514,122,312.0,44.0,11230.0,66.0,1030 EAST 2 STREET,NY,V0,11,,MSE 1151 REALTY LLC,280,0,18.67,15.0,5,306,0,,,3,991067.0,167053.0,40.6251957,-73.9754424,22d,,New York
BK,6518,78,312.0,44.0,11230.0,66.0,4652 BAY PARKWAY,NY,V0,11,,ALAN SASSOON 2012 IRREVOCABLE TRUST,3520,0,41.92,100.0,3,21360,0,,,3,992126.0,166799.0,40.6244977,-73.9716277,22d,,New York
BK,5483,78,312.0,44.0,11204.0,66.0,1047 DAHILL ROAD,NY,V1,11,,NMC EQUITIES LLC,6000,0,60.0,100.0,5,164250,0,,,3,990834.0,165995.0,40.6222919,-73.9762828,22d,,New York
BK,3159,32,304.0,34.0,11237.0,83.0,1102 FLUSHING AVENUE,NY,V1,11,,"1100 FLUSHING AVENUE REALTY,",1365,0,70.0,77.92,3,23535,0,,,3,1004630.0,196299.0,40.7054487,-73.9264945,13b,,New York
BK,3884,257,305.0,37.0,11207.0,75.0,104 JACKIE ROBINSON PKWY,NY,V0,11,,"VENTURA, AURORA M",4130,0,22.5,193.08,5,13740,0,,,3,1013290.0,188134.0,40.6830135,-73.8952953,17c,,New York
BK,2156,123,301.0,34.0,11249.0,90.0,452 BERRY STREET,NY,V1,11,,"BERRY WYTHE ESTATES, LLC",7260,0,150.33,49.33,2,63900,0,,,3,993568.0,197154.0,40.707814,-73.9663911,12d,,New York
BK,1175,32,308.0,35.0,11238.0,77.0,1 STERLING PLACE,NY,V0,11,,EMPIRE ON STERLING LLC,2620,0,20.0,131.0,5,15420,0,,,3,995678.0,184612.0,40.6733866,-73.9588019,16c,,New York
BK,937,46,306.0,39.0,11217.0,78.0,108 5 AVENUE,NY,V1,11,,"MYYC, LLC",2333,0,25.0,93.33,3,310050,0,,,3,990210.0,186940.0,40.6797818,-73.9785121,16c,,New York
BK,4105,49,305.0,37.0,11208.0,75.0,24 CRESCENT STREET,NY,V1,11,,"SURUJLALL, ISHWARDYAL",5000,0,50.0,100.0,5,91800,0,,,3,1019166.0,190168.0,40.6885751,-73.8740987,17c,,New York
BK,1656,37,303.0,36.0,11221.0,81.0,688 JEFFERSON AVENUE,NY,V1,11,,PROPERTY DYNASTY CORP.,1652,0,23.0,71.83,6,133650,0,,,3,1003663.0,188991.0,40.6853921,-73.9300033,17a,,New York
BK,8800,92,315.0,48.0,11235.0,61.0,18 STANTON ROAD,NY,V0,11,,"D HANDY, INC.",1320,0,24.0,55.0,6,5868,0,,,3,1001845.0,152442.0,40.5850767,-73.9366537,29a,,New York
BK,8876,2652,315.0,46.0,11229.0,61.0,118 IVAN COURT,NY,V0,11,,"GOSCINSKI, LAWRENCE",1800,0,40.0,45.0,5,6780,0,,,3,1004750.0,153909.0,40.5890971,-73.9261905,29a,,New York
BK,5716,58,312.0,43.0,11219.0,66.0,1047 61 STREET,NY,V1,11,,1069 1071 REALTY CORP,2000,0,20.0,100.0,5,51750,0,,,3,983037.0,169418.0,40.6316897,-74.0043701,22a,,New York
BK,5891,140,310.0,47.0,11209.0,68.0,356I OVINGTON AVENUE,NY,V0,11,,JAMET DEBRA,1003,0,20.0,50.17,6,13740,0,,,3,977259.0,170174.0,40.6337621,-74.0251877,22a,,New York
BK,3611,40,316.0,41.0,11212.0,73.0,882 THOMAS S BOYLAND ST,NY,V0,11,,EVANS MICHAEL L,1958,0,19.58,100.0,5,7800,0,,,3,1008891.0,179282.0,40.6587301,-73.9111884,17d,,New York
BK,589,9,306.0,38.0,11231.0,76.0,143 DWIGHT STREET,NY,V1,11,,AMX HOLDINGS LLC,1875,0,25.0,75.0,3,57150,0,,,3,981343.0,185032.0,40.6745463,-74.01048,16a,,New York
BK,5891,141,310.0,47.0,11209.0,68.0,358I OVINGTON AVENUE,NY,V0,11,,JOHN BAKOSS,1003,0,20.0,50.17,5,17160,0,,,3,977276.0,170163.0,40.6337319,-74.0251264,22a,,New York
BK,821,102,307.0,38.0,11220.0,72.0,2 AVENUE,NY,V1,11,,5423 2ND AVENUE,100,0,0.2,100.0,8,2556,0,,,3,978855.0,174740.0,40.6462959,-74.0194411,22a,,New York
BK,6813,59,315.0,48.0,11229.0,61.0,3105 NOSTRAND AVENUE,NY,V0,11,,"AZIZ, SAJID P",315,0,7.0,43.25,8,696,0,,,3,1000018.0,161019.0,40.6086223,-73.9432113,23b,,New York
BK,5700,16,312.0,43.0,11220.0,66.0,58 STREET,NY,V0,11,,822 HONG FONG LLC,1946,0,19.41,100.17,5,23400,0,,,3,982057.0,171013.0,40.6360675,-74.0079014,22a,,New York
BK,595,70,306.0,38.0,11231.0,76.0,300 COFFEY STREET,NY,V1,11,,BT RED HOOK LLC,97956,0,78.5,394.83,3,718380,0,,,3,978959.0,186689.0,40.6790933,-74.0190758,16a,,New York
BK,7855,133,318.0,46.0,11234.0,63.0,1237 EAST 57 STREET,NY,V0,11,,UNAVAILABLE OWNER,10,0,4.67,4.67,8,63,0,,,3,1006342.0,166267.0,40.6230134,-73.9204182,23b,,New York
BK,5663,49,312.0,44.0,11219.0,66.0,1361 53 STREET,NY,V0,11,,1361 MATZOH LLC,4007,0,40.0,100.17,5,32340,0,,,3,986263.0,169544.0,40.6320354,-73.9927476,22c,,New York
BK,4003,2,305.0,42.0,11208.0,75.0,455 LINWOOD STREET,NY,V0,11,,455 LINWOOD LLC,2500,0,25.0,100.0,5,15720,0,,,3,1016857.0,184994.0,40.6743825,-73.8824496,17c,,New York
BK,2962,11,301.0,34.0,11237.0,90.0,175 VARICK AVENUE,NY,V1,11,,MEYER FINE,128060,0,30.0,671.0,5,2866230,0,,,3,1003504.0,198619.0,40.711819,-73.9305491,13b,,New York
BK,1343,29,308.0,36.0,11233.0,77.0,1776 PACIFIC STREET,NY,V0,11,,"ATLANTIC PROPERTIES II, LLC",2081,0,19.42,107.17,5,14880,0,,,3,1003931.0,185673.0,40.6762843,-73.9290467,17a,,New York
BK,5799,15,307.0,38.0,11220.0,72.0,62 STREET,NY,V0,11,,"HERVATIN, HERMAN",1917,0,44.83,86.92,5,15840,0,,,3,978388.0,172595.0,40.640408,-74.0211221,22a,,New York
BK,7900,153,318.0,46.0,11234.0,63.0,1514 EAST 56 STREET,NY,V0,11,,"GEOFFROY, MIKEY S",312,0,15.33,26.5,5,306,0,,,3,1006125.0,164647.0,40.6185674,-73.9212051,23b,,New York
BK,1601,16,303.0,36.0,11221.0,81.0,926 DEKALB AVENUE,NY,V0,11,,WILLIAMS TEMPLE MINISTRS,2525,0,25.25,100.0,5,21180,0,,,3,1001275.0,191617.0,40.6926048,-73.938607,17a,,New York
BK,546,49,306.0,38.0,11231.0,76.0,112 KING STREET,NY,V0,11,,ZUCKER HARRIET,1750,0,25.0,80.25,5,29220,0,,,3,981250.0,186307.0,40.6780459,-74.0108158,16a,,New York
BK,1549,24,303.0,41.0,11233.0,81.0,2022 FULTON STREET,NY,V1,11,C,NYC HOUSING PRESERVATION AND DEVELOPMENT,2000,0,20.0,100.0,5,100800,0,,,3,1007199.0,186442.0,40.6783872,-73.9172623,17a,,New York
BK,4030,28,305.0,42.0,11207.0,75.0,502 WARWICK STREET,NY,V1,11,X,THE CHURCH OF GOD OFEAST NEW YORK,2000,0,20.0,100.0,5,87300,0,,,3,1015996.0,183837.0,40.6712099,-73.885559,17c,,New York
BK,5128,18,317.0,40.0,11226.0,67.0,112 VERONICA PLACE,NY,V0,11,,REGINALD E HART,7350,0,42.0,175.0,5,71820,0,,,3,997254.0,175157.0,40.6474326,-73.9531386,23a,,New York
BK,573,100,306.0,38.0,11231.0,76.0,68 FERRIS STREET,NY,V1,11,,BT RED HOOK LLC,200000,0,45.0,425.0,5,5136300,0,,,3,979317.0,186935.0,40.6797687,-74.0177852,16a,,New York
BK,2321,36,301.0,33.0,11211.0,94.0,209 NORTH 7 STREET,NY,V0,11,,MUSCATO PETER,2156,0,12.08,100.0,5,35040,0,,,3,996511.0,200520.0,40.7170493,-73.95577,13a,,New York
BK,7791,11,318.0,45.0,11210.0,63.0,1175 EAST 43 STREET,NY,V0,11,,"SARAVIA, MIKAYLA",2000,0,20.0,100.0,5,7020,0,,,3,1002523.0,167468.0,40.6263186,-73.934172,23b,,New York
BK,5696,48,312.0,44.0,11219.0,66.0,1169 58 STREET,NY,V0,11,,1167 LOT LLC,3206,0,32.0,100.17,5,29880,0,,,3,984298.0,169439.0,40.6317474,-73.9998271,22c,,New York
BK,573,1,306.0,38.0,11231.0,76.0,100 FERRIS STREET,NY,V1,11,,BT RED HOOK LLC,67886,0,760.0,60.0,5,930150,0,,,3,979681.0,186750.0,40.6792612,-74.0164728,16a,,New York
BK,1030,53,306.0,39.0,11215.0,78.0,371 13 STREET,NY,V0,11,,"SUSAN R. MILLER, AS TRUSTEE",2500,0,25.0,100.0,5,25380,0,,,3,988634.0,181568.0,40.6650378,-73.9841976,16d,,New York
BK,5681,30,312.0,44.0,11219.0,66.0,1068 55 STREET,NY,V0,11,,DAVID SZLAFROK,2820,0,29.33,100.0,5,28860,0,,,3,984056.0,170429.0,40.6344648,-74.000699,22c,,New York
BK,5696,63,312.0,44.0,11219.0,66.0,1133 58 STREET,NY,V0,11,,1133 58 ST LLC,4000,0,40.0,100.0,5,42660,0,,,3,984059.0,169628.0,40.6322662,-74.0006881,22c,,New York
BK,1789,82,303.0,36.0,11216.0,79.0,323 CLIFTON PLACE,NY,V0,11,,JOYCE MILLER 2019 FAMILY TRUST,2000,0,20.0,100.0,5,11520,0,,,3,998009.0,190472.0,40.6894677,-73.9503867,17a,,New York
BK,1789,32,303.0,36.0,11216.0,79.0,638 LAFAYETTE AVENUE,NY,V0,11,,LAFAYETTE 638 LLC,2250,0,22.5,100.0,5,12960,0,,,3,998237.0,190610.0,40.6898461,-73.9495642,17a,,New York
BK,1710,5,303.0,41.0,11233.0,81.0,17 SUYDAM PLACE,NY,V0,11,,"17 SUYDAM, LLC",1920,0,16.0,120.0,5,11100,0,,,3,1004712.0,186233.0,40.6778196,-73.9262293,17a,,New York
BK,2005,16,302.0,35.0,11217.0,88.0,177 SOUTH OXFORD STREET,NY,V0,11,C,NYC DEPARTMENT OF PARKS AND RECREATION,3006,0,16.11,120.25,5,39780,0,,,3,991833.0,188500.0,40.6840624,-73.9726588,16c,,New York
BK,1991,22,302.0,35.0,11238.0,88.0,22 PUTNAM AVENUE,NY,V0,11,C,NYC DEPARTMENT OF PARKS AND RECREATION,1083,0,21.92,49.42,5,17700,0,,,3,994835.0,187953.0,40.682558,-73.9618357,16c,,New York
BK,334,19,306.0,39.0,11231.0,76.0,42 SACKETT STREET,NY,V9,11,C,NYC DEPARTMENT OF SMALL BUSINESS SERVICES,7600,0,80.0,95.0,5,454050,0,,,3,982626.0,189103.0,40.6857206,-74.0058556,16a,,New York
BK,346,7,306.0,39.0,11231.0,76.0,51 HAMILTON AVENUE,NY,V9,11,C,PORT AUTHORITY OF NY AND NJ,3049,0,45.0,67.75,5,241200,0,,,3,982555.0,188509.0,40.6840902,-74.0061115,16a,,New York
BK,346,1,306.0,39.0,11231.0,76.0,5 CARROLL STREET,NY,V9,11,C,PORT AUTHORITY OF NY AND NJ,1795,0,20.33,80.0,3,190350,0,,,3,982621.0,188432.0,40.6838789,-74.0058735,16a,,New York
BK,688,35,307.0,38.0,11232.0,72.0,172 34 STREET,NY,V1,11,X,NYC SCHOOL CONSTRUCTION AUTHORITY,2003,0,20.0,100.17,5,118800,0,,,3,983181.0,178097.0,40.6555117,-74.0038527,16b,,New York
BK,1624,8,303.0,36.0,11221.0,81.0,259A MARCUS GARVEY BLVD,NY,V1,11,C,NYC DEPARTMENT OF CITYWIDE ADMINISTRATIVE SERVICES,1700,0,20.0,85.0,5,118350,0,,,3,1001188.0,190237.0,40.6888171,-73.9389242,17a,,New York
BK,1706,1,303.0,36.0,11213.0,81.0,1589 ATLANTIC AVENUE,NY,V0,11,C,NYC DEPARTMENT OF PARKS AND RECREATION,233945,0,700.08,334.17,3,1811640,0,,,3,1002436.0,186272.0,40.6779317,-73.9344348,17a,,New York
BK,1614,1,303.0,36.0,11221.0,81.0,229 MARCUS GARVEY BLVD,NY,V1,11,C,NYC DEPARTMENT OF CITYWIDE ADMINISTRATIVE SERVICES,1600,0,20.0,80.0,5,107100,0,,,3,1001114.0,190713.0,40.6901238,-73.9391898,17a,,New York
BK,1631,58,303.0,36.0,11221.0,81.0,863 GATES AVENUE,NY,V0,11,O,NYC HOUSING AUTHORITY,5000,0,50.0,100.0,5,45960,0,,,3,1003169.0,190164.0,40.6886128,-73.9317812,17a,,New York
BK,1631,61,303.0,36.0,11221.0,81.0,857 GATES AVENUE,NY,V0,11,O,NYC HOUSING AUTHORITY,2500,0,25.0,100.0,5,21060,0,,,3,1003108.0,190155.0,40.6885882,-73.9320012,17a,,New York
BK,1631,60,303.0,36.0,11221.0,81.0,859 GATES AVENUE,NY,V0,11,O,NYC HOUSING AUTHORITY,2500,0,25.0,100.0,5,21060,0,,,3,1003132.0,190158.0,40.6885964,-73.9319146,17a,,New York
BK,1556,35,303.0,41.0,11233.0,81.0,1901 ATLANTIC AVENUE,NY,V1,11,C,NYC HOUSING PRESERVATION AND DEVELOPMENT,1413,0,14.33,98.58,5,72900,0,,,3,1006059.0,186014.0,40.6772153,-73.9213737,17a,,New York
BK,1549,22,303.0,41.0,11233.0,81.0,2020 FULTON STREET,NY,V1,11,C,NYC HOUSING PRESERVATION AND DEVELOPMENT,2000,0,20.0,100.0,5,100800,0,,,3,1007159.0,186444.0,40.6783928,-73.9174065,17a,,New York
BK,1549,19,303.0,41.0,11233.0,81.0,2014 FULTON STREET,NY,V1,11,C,NYC HOUSING PRESERVATION AND DEVELOPMENT,2000,0,20.0,100.0,5,100800,0,,,3,1007100.0,186448.0,40.6784039,-73.9176192,17a,,New York
BK,1549,21,303.0,41.0,11233.0,81.0,2018 FULTON STREET,NY,V1,11,C,NYC HOUSING PRESERVATION AND DEVELOPMENT,2000,0,20.0,100.0,5,100800,0,,,3,1007138.0,186446.0,40.6783983,-73.9174823,17a,,New York
BK,1549,6,303.0,41.0,11233.0,81.0,1994 FULTON STREET,NY,V1,11,C,NYC HOUSING PRESERVATION AND DEVELOPMENT,2000,0,20.0,100.0,5,100800,0,,,3,1006839.0,186467.0,40.6784567,-73.9185602,17a,,New York
BK,1549,32,303.0,41.0,11233.0,81.0,2038 FULTON STREET,NY,V1,11,C,NYC HOUSING PRESERVATION AND DEVELOPMENT,1600,0,20.0,80.0,5,82350,0,,,3,1007379.0,186440.0,40.6783812,-73.9166134,17a,,New York
BK,1549,20,303.0,41.0,11233.0,81.0,2016 FULTON STREET,NY,V1,11,C,NYC HOUSING PRESERVATION AND DEVELOPMENT,2000,0,20.0,100.0,6,117000,0,,,3,1007119.0,186447.0,40.6784011,-73.9175507,17a,,New York
BK,1549,31,303.0,41.0,11233.0,81.0,2036 FULTON STREET,NY,V1,11,C,NYC HOUSING PRESERVATION AND DEVELOPMENT,1600,0,20.0,80.0,5,82350,0,,,3,1007359.0,186441.0,40.678384,-73.9166855,17a,,New York
BK,1549,5,303.0,41.0,11233.0,81.0,1992 FULTON STREET,NY,V1,11,C,NYC HOUSING PRESERVATION AND DEVELOPMENT,2000,0,20.0,100.0,5,100800,0,,,3,1006819.0,186468.0,40.6784595,-73.9186323,17a,,New York
BK,1549,25,303.0,41.0,11233.0,81.0,2024 FULTON STREET,NY,V1,11,C,NYC HOUSING PRESERVATION AND DEVELOPMENT,2000,0,20.0,100.0,5,100800,0,,,3,1007220.0,186440.0,40.6783817,-73.9171866,17a,,New York
BK,1548,28,303.0,41.0,11233.0,81.0,1966 FULTON STREET,NY,V1,11,C,NYC HOUSING PRESERVATION AND DEVELOPMENT,2000,0,20.0,100.0,5,100800,0,,,3,1006513.0,186489.0,40.678518,-73.9197354,17a,,New York
BK,1548,26,303.0,41.0,11233.0,81.0,1962 FULTON STREET,NY,V1,11,C,NYC HOUSING PRESERVATION AND DEVELOPMENT,2000,0,20.0,100.0,5,100800,0,,,3,1006472.0,186492.0,40.6785263,-73.9198832,17a,,New York
BK,1549,23,303.0,41.0,11233.0,81.0,2020A FULTON STREET,NY,V1,11,C,NYC HOUSING PRESERVATION AND DEVELOPMENT,2000,0,20.0,100.0,5,100800,0,,,3,1007179.0,186443.0,40.67839,-73.9173344,17a,,New York
BK,1556,33,303.0,41.0,11233.0,81.0,1903A ATLANTIC AVENUE,NY,V1,11,C,NYC HOUSING PRESERVATION AND DEVELOPMENT,1200,0,15.0,80.0,5,61650,0,,,3,1006089.0,186002.0,40.6771823,-73.9212656,17a,,New York
BK,1556,34,303.0,41.0,11233.0,81.0,1903 ATLANTIC AVENUE,NY,V1,11,C,NYC HOUSING PRESERVATION AND DEVELOPMENT,1479,0,15.0,98.58,5,76050,0,,,3,1006074.0,186013.0,40.6772125,-73.9213197,17a,,New York
BK,1432,49,316.0,41.0,11233.0,73.0,2095 PACIFIC STREET,NY,V0,11,C,NYC HOUSING PRESERVATION AND DEVELOPMENT,2000,0,20.0,100.0,5,7980,0,,,3,1007070.0,185621.0,40.6761341,-73.9177302,17a,,New York
BK,1453,73,316.0,41.0,11233.0,73.0,1541 ST MARKS AVENUE,NY,V1,11,C,NYC DEPARTMENT OF HOMELESS SERVICES,5323,0,41.67,127.75,5,172350,0,,,3,1007499.0,184705.0,40.6736187,-73.9161868,17a,,New York
BK,1446,1,316.0,41.0,11233.0,73.0,379 HOWARD AVENUE,NY,V0,11,C,NYC HOUSING PRESERVATION AND DEVELOPMENT,8217,0,82.17,100.0,3,32340,0,,,3,1006680.0,185069.0,40.67462,-73.9191381,17a,,New York
BK,1432,44,316.0,41.0,11233.0,73.0,2103 PACIFIC STREET,NY,V0,11,C,NYC HOUSING PRESERVATION AND DEVELOPMENT,1667,0,16.67,100.0,5,11040,0,,,3,1007163.0,185615.0,40.6761174,-73.9173949,17a,,New York
BK,1357,2,308.0,41.0,11213.0,77.0,155 BUFFALO AVENUE,NY,V0,11,C,NYC DEPARTMENT OF CULTURAL AFFAIRS,2625,0,26.25,100.0,5,17880,0,,,3,1005121.0,184853.0,40.6740309,-73.924759,17a,,New York
BK,1356,23,308.0,41.0,11213.0,77.0,1694 BERGEN STREET,NY,V0,11,C,NYC DEPARTMENT OF CULTURAL AFFAIRS,3194,0,25.0,127.75,5,23760,0,,,3,1004701.0,185036.0,40.6745342,-73.9262726,17a,,New York
BK,1357,3,308.0,41.0,11213.0,77.0,153 BUFFALO AVENUE,NY,V0,11,C,NYC DEPARTMENT OF CULTURAL AFFAIRS,5000,0,50.0,100.0,5,37200,0,,,3,1005124.0,184891.0,40.6741352,-73.9247481,17a,,New York
BK,1342,20,308.0,36.0,11213.0,77.0,1700 PACIFIC STREET,NY,V0,11,C,NYC DEPARTMENT OF SANITATION,2143,0,20.0,107.17,5,15300,0,,,3,1003038.0,185735.0,40.6764564,-73.9322659,17a,,New York
BK,1342,22,308.0,36.0,11213.0,77.0,1704 PACIFIC STREET,NY,V0,11,C,NYC DEPARTMENT OF SANITATION,2143,0,20.0,107.17,5,15300,0,,,3,1003076.0,185732.0,40.6764481,-73.9321289,17a,,New York
BK,7045,1,313.0,47.0,11224.0,60.0,3622 MERMAID AVENUE,NY,V0,11,C,NYC HOUSING PRESERVATION AND DEVELOPMENT,12800,0,80.0,160.0,3,97560,0,,,3,983556.0,148527.0,40.5743482,-74.0024982,28b,,New York
BK,6992,47,313.0,47.0,11224.0,60.0,2021 NEPTUNE AVENUE,NY,V1,11,C,NYC DEPARTMENT OF CITYWIDE ADMINISTRATIVE SERVICES,4804,0,117.63,53.33,5,95400,0,,,3,987558.0,150163.0,40.5788381,-73.9880915,28d,,New York
BK,6997,200,313.0,47.0,11224.0,60.0,2973 STILLWELL AVENUE,NY,V6,11,C,NYC DEPARTMENT OF SMALL BUSINESS SERVICES,91683,0,228.33,100.83,5,4843800,0,,,3,988578.0,151481.0,40.5824553,-73.9844187,28c,,New York
BK,7071,123,313.0,47.0,11224.0,60.0,3050 WEST 21 STREET,NY,V1,11,,NYC ECONOMIC DEVELOPMENT CORPORATION,24000,0,142.17,170.0,5,281700,0,,,3,987628.0,148196.0,40.5734391,-73.9878405,28d,,New York
BK,1476,34,316.0,41.0,11212.0,73.0,1297 EAST NEW YORK AVENUE,NY,V0,11,C,NYC HOUSING PRESERVATION AND DEVELOPMENT,4275,0,45.0,95.0,5,18480,0,,,3,1006579.0,182931.0,40.6687519,-73.9195092,17b,,New York
BK,1469,22,316.0,41.0,11212.0,73.0,1451 EAST NEW YORK AVENUE,NY,V1,11,C,NYC POLICE DEPARTMENT,1234,0,19.5,70.0,5,55800,0,,,3,1008103.0,183789.0,40.6711029,-73.9140126,17b,,New York
BK,1469,4,316.0,41.0,11233.0,73.0,381 THOMAS S BOYLAND ST,NY,V1,11,C,NYC POLICE DEPARTMENT,1764,0,28.08,84.67,3,56700,0,,,3,1008123.0,183866.0,40.6713142,-73.9139402,17a,,New York
BK,1532,24,316.0,41.0,11233.0,73.0,154 MAC DOUGAL STREET,NY,V0,11,C,NYC HOUSING PRESERVATION AND DEVELOPMENT,1600,0,16.0,100.0,5,10560,0,,,3,1007927.0,186894.0,40.6796259,-73.9146361,17a,,New York
BK,1483,36,303.0,41.0,11221.0,81.0,910 MADISON STREET,NY,V0,11,C,NYC DEPARTMENT OF CITYWIDE ADMINISTRATIVE SERVICES,4000,0,40.0,100.0,3,14400,0,,,3,1006107.0,189893.0,40.6878622,-73.9211881,17a,,New York
BK,1524,43,303.0,41.0,11233.0,81.0,53 MAC DOUGAL STREET,NY,V0,11,C,NYC HOUSING PRESERVATION AND DEVELOPMENT,2500,0,25.0,100.0,5,8400,0,,,3,1006405.0,186832.0,40.6794597,-73.9201237,17a,,New York
BK,1662,38,303.0,36.0,11233.0,81.0,708 HANCOCK STREET,NY,V0,11,C,NYC DEPARTMENT OF CITYWIDE ADMINISTRATIVE SERVICES,1667,0,16.67,100.0,5,9060,0,,,3,1004498.0,188830.0,40.6849483,-73.926993,17a,,New York
BK,3452,40,304.0,37.0,11207.0,83.0,728 CENTRAL AVENUE,NY,V9,11,C,NYC TRANSIT AUTHORITY,984,0,6.0,206.0,5,25650,0,,,3,1010489.0,189463.0,40.68667,-73.9053892,17c,,New York
BK,3091,38,301.0,34.0,11206.0,90.0,274 MC KIBBIN STREET,NY,V0,11,C,NYC TRANSIT AUTHORITY,154,0,103.0,3.0,5,120,0,,,3,1001785.0,196382.0,40.7056826,-73.9367555,13b,,New York
BK,5135,16,317.0,40.0,11226.0,67.0,2334 TILDEN AVENUE,NY,V1,11,C,NYC HOUSING PRESERVATION AND DEVELOPMENT,2613,0,26.67,98.0,5,270000,0,,,3,996927.0,174798.0,40.6464477,-73.9543177,23a,,New York
BK,5103,58,314.0,40.0,11226.0,70.0,2286 CHURCH AVENUE,NY,V1,11,C,NYC DEPARTMENT OF CITYWIDE ADMINISTRATIVE SERVICES,29000,0,121.42,168.0,3,3131550,0,Individual Landmark,INDIVIDUAL LANDMARK,3,996387.0,176150.0,40.6501594,-73.9562612,17b,,New York
BK,3232,57,304.0,34.0,11221.0,83.0,1291 DEKALB AVENUE,NY,V0,11,C,NYC POLICE DEPARTMENT,1816,0,26.83,67.67,5,7440,0,,,3,1004669.0,193345.0,40.6973405,-73.9263628,13b,,New York
BK,8757,93,315.0,48.0,11235.0,61.0,124 OXFORD STREET,NY,V0,11,C,CITY OF NEW YORK,2500,0,25.0,100.0,5,27240,0,,,3,1001390.0,150653.0,40.5801671,-73.9382963,29b,,New York
BK,8470,1,318.0,46.0,11234.0,63.0,2575 FLATBUSH AVENUE,NY,V1,11,C,NYC DEPARTMENT OF SMALL BUSINESS SERVICES,61800,0,674.0,100.0,5,1402200,0,,,3,1006653.0,160564.0,40.6073591,-73.9193168,23b,,New York
BK,3426,1,304.0,37.0,11207.0,83.0,1689 BROADWAY,NY,V1,11,C,NYC DEPARTMENT OF HOMELESS SERVICES,8838,0,42.25,175.0,3,307350,0,,,3,1008615.0,188607.0,40.6843258,-73.9121494,17c,,New York
BK,4295,54,305.0,42.0,11207.0,75.0,69 MALTA STREET,NY,V0,11,C,NYC DEPARTMENT OF PARKS AND RECREATION,2000,0,20.0,100.0,5,11340,0,,,3,1013373.0,179433.0,40.6591309,-73.8950336,17d,,New York
BK,3998,17,305.0,42.0,11207.0,75.0,650 GLENMORE AVENUE,NY,V0,11,C,NYC HOUSING PRESERVATION AND DEVELOPMENT,4500,0,50.0,90.0,3,34620,0,,,3,1015792.0,185006.0,40.6744193,-73.8862889,17c,,New York
BK,3997,24,305.0,42.0,11207.0,75.0,328 JEROME STREET,NY,V0,11,C,NYC DEPARTMENT OF PARKS AND RECREATION,1667,0,16.67,100.0,5,10920,0,,,3,1015557.0,184775.0,40.673786,-73.8871372,17c,,New York
BK,3775,150,305.0,42.0,11207.0,75.0,743 BLAKE AVENUE,NY,V0,11,C,NYC HOUSING PRESERVATION AND DEVELOPMENT,4000,0,40.0,100.0,3,17520,0,,,3,1014378.0,182845.0,40.6684927,-73.8913961,17d,,New York
BK,1066,16,306.0,39.0,11215.0,78.0,890A UNION STREET,NY,V3,11,C,NYC DEPARTMENT OF CITYWIDE ADMINISTRATIVE SERVICES,45,0,0.6,90.0,5,306,0,,,3,991947.0,184455.0,40.6729597,-73.9722524,16c,,New York
BK,4030,20,305.0,42.0,11207.0,75.0,482 WARWICK STREET,NY,V0,11,C,NYC HOUSING PRESERVATION AND DEVELOPMENT,2000,0,20.0,100.0,5,11640,0,,,3,1015965.0,183994.0,40.6716409,-73.88567,17c,,New York
BK,4067,12,305.0,42.0,11208.0,75.0,659 LINWOOD STREET,NY,V0,11,C,NYC HOUSING PRESERVATION AND DEVELOPMENT,2356,0,25.0,94.25,5,13740,0,,,3,1017234.0,183076.0,40.6691166,-73.8810998,17d,,New York
BK,4067,14,305.0,42.0,11208.0,75.0,653 LINWOOD STREET,NY,V0,11,C,NYC HOUSING PRESERVATION AND DEVELOPMENT,2358,0,25.0,94.33,5,13740,0,,,3,1017224.0,183125.0,40.6692511,-73.8811356,17d,,New York
BK,4067,13,305.0,42.0,11208.0,75.0,655 LINWOOD STREET,NY,V0,11,C,NYC HOUSING PRESERVATION AND DEVELOPMENT,2356,0,25.0,94.25,5,13740,0,,,3,1017229.0,183100.0,40.6691825,-73.8811177,17d,,New York
BK,3992,45,305.0,37.0,11208.0,75.0,867 GLENMORE AVENUE,NY,V0,11,C,NYC HOUSING PRESERVATION AND DEVELOPMENT,1665,0,18.5,90.0,5,10440,0,,,3,1018077.0,185599.0,40.6760385,-73.8780483,17c,,New York
BK,363,10,306.0,39.0,11231.0,76.0,307 COLUMBIA STREET,NY,V1,11,C,NYC HOUSING PRESERVATION AND DEVELOPMENT,1418,0,20.25,70.0,3,74700,0,,,3,983108.0,187581.0,40.6815432,-74.0041174,16a,,New York
BK,3232,49,304.0,34.0,11221.0,83.0,1309 DEKALB AVENUE,NY,V1,11,C,NYC POLICE DEPARTMENT,975,0,20.0,50.0,5,56250,0,,,3,1004779.0,193476.0,40.6976998,-73.9259657,13b,,New York
BK,3232,39,304.0,34.0,11221.0,83.0,98 CEDAR STREET,NY,V1,11,C,NYC POLICE DEPARTMENT,975,0,20.0,50.0,5,56250,0,,,3,1004743.0,193511.0,40.697796,-73.9260954,13b,,New York
BK,3232,55,304.0,34.0,11221.0,83.0,1297 DEKALB AVENUE,NY,V0,11,C,NYC POLICE DEPARTMENT,1275,0,20.0,65.75,5,8520,0,,,3,1004697.0,193378.0,40.697431,-73.9262617,13b,,New York
BK,346,29,306.0,39.0,11231.0,76.0,140 VAN BRUNT STREET,NY,V9,11,C,PORT AUTHORITY OF NY AND NJ,1250,0,20.0,62.5,5,171900,0,,,3,982620.0,188483.0,40.6840189,-74.0058771,16a,,New York
BK,2450,1,301.0,34.0,11211.0,90.0,322 KEAP STREET,NY,V0,11,C,NYC DEPARTMENT OF ENVIRONMENTAL PROTECTION,2200,0,22.0,100.0,3,43020,0,,,3,996781.0,197322.0,40.7082712,-73.9548019,13b,,New York
BK,8845,1976,315.0,46.0,11229.0,61.0,25 ABBEY COURT,NY,V0,11,C,CITY OF NEW YORK,1800,0,40.0,45.0,5,8100,0,,,3,1006539.0,153231.0,40.5872318,-73.9197515,29a,,New York
BK,2269,47,301.0,33.0,11206.0,90.0,41 BARTLETT STREET,NY,V0,11,C,NYC HOUSING PRESERVATION AND DEVELOPMENT,2500,0,25.0,100.0,5,39600,0,,,3,998963.0,194718.0,40.7011204,-73.9469374,13b,,New York
BK,1588,39,303.0,36.0,11206.0,81.0,773 WILLOUGHBY AVENUE,NY,V0,11,C,NYC DEPARTMENT OF PARKS AND RECREATION,3500,0,35.0,100.0,5,23220,0,,,3,1001492.0,192640.0,40.6954122,-73.9378218,13b,,New York
BK,1075,129,306.0,39.0,11215.0,78.0,314A GARFIELD PLACE,NY,V3,11,,CITY OF NEW YORK,50,0,0.6,100.0,5,306,0,,,3,991687.0,183446.0,40.6701905,-73.9731908,16d,,New York
BK,8616,45,318.0,46.0,11234.0,63.0,91 WHITMAN DRIVE,NY,V0,11,C,NYC DEPARTMENT OF ENVIRONMENTAL PROTECTION,4900,0,61.17,82.75,5,15780,0,,,3,1011111.0,162005.0,40.6113019,-73.9032558,23d,,New York
BK,1455,65,316.0,37.0,11233.0,73.0,1733 ST MARKS AVENUE,NY,V1,11,C,NYC HOUSING PRESERVATION AND DEVELOPMENT,2129,0,16.67,127.75,5,29700,0,,,3,1009371.0,184576.0,40.6732596,-73.9094386,17c,,New York
BK,1455,61,316.0,37.0,11212.0,73.0,1589 EAST NEW YORK AVENUE,NY,V1,11,C,NYC HOUSING PRESERVATION AND DEVELOPMENT,817,0,23.83,68.58,5,11565,0,,,3,1009433.0,184540.0,40.6731606,-73.9092153,17c,,New York
BK,334,4,306.0,39.0,11231.0,76.0,8 SACKETT STREET,NY,V9,11,C,NYC DEPARTMENT OF SMALL BUSINESS SERVICES,2156,0,28.0,77.0,5,211050,0,,,3,982309.0,189230.0,40.6860692,-74.0069987,16a,,New York
BK,340,30,306.0,39.0,11231.0,76.0,46 UNION STREET,NY,V1,11,C,PORT AUTHORITY OF NY AND NJ,1600,0,20.0,80.0,5,220050,0,,,3,982698.0,188808.0,40.6849109,-74.0055959,16a,,New York
BK,334,25,306.0,39.0,11231.0,76.0,54 SACKETT STREET,NY,V1,11,C,NYC DEPARTMENT OF SMALL BUSINESS SERVICES,5320,0,56.0,95.0,5,319500,0,,,3,982735.0,189063.0,40.6856109,-74.0054626,16a,,New York
BK,334,14,306.0,39.0,11231.0,76.0,32 SACKETT STREET,NY,V9,11,C,NYC DEPARTMENT OF SMALL BUSINESS SERVICES,9500,0,100.0,95.0,5,568800,0,,,3,982542.0,189135.0,40.6858085,-74.0061585,16a,,New York
BK,334,65,306.0,39.0,11231.0,76.0,1 HAMILTON AVENUE,NY,V9,11,C,NYC DEPARTMENT OF SMALL BUSINESS SERVICES,2200,0,22.0,58.75,3,229500,0,,,3,982231.0,189222.0,40.6860472,-74.0072799,16a,,New York
BK,1798,7,303.0,36.0,11216.0,79.0,492 GREENE AVENUE,NY,V1,11,O,NYC HOUSING AUTHORITY,2150,0,21.5,100.0,3,130950,0,,,3,997848.0,190007.0,40.6881916,-73.9509681,17a,,New York
BK,346,6,306.0,39.0,11231.0,76.0,55 HAMILTON AVENUE,NY,V9,11,C,PORT AUTHORITY OF NY AND NJ,1196,0,20.0,67.75,5,168750,0,,,3,982564.0,188477.0,40.6840024,-74.006079,16a,,New York
BK,940,250,306.0,39.0,11217.0,78.0,670 BALTIC STREET,NY,V0,11,C,NYC DEPARTMENT OF TRANSPORTATION,10000,0,50.0,200.0,5,149280,0,,,3,989981.0,186864.0,40.6795734,-73.9793378,16c,,New York
BK,7072,5,313.0,47.0,11224.0,60.0,2002 SURF AVENUE,NY,V1,11,X,CITY OF NEW YORK,65732,0,766.28,237.0,5,3888900,0,,,3,987908.0,148272.0,40.5736476,-73.9868326,28d,,New York
BK,1549,34,303.0,41.0,11233.0,81.0,2042 FULTON STREET,NY,V1,11,C,NYC HOUSING PRESERVATION AND DEVELOPMENT,1600,0,20.0,80.0,3,81000,0,,,3,1007421.0,186437.0,40.6783729,-73.916462,17a,,New York
BK,3448,155,304.0,37.0,11207.0,83.0,312A MOFFAT STREET,NY,V0,11,C,NYC TRANSIT AUTHORITY,1689,0,11.0,307.0,6,4986,0,,,3,1011384.0,190959.0,40.6907735,-73.9021561,17c,,New York
BK,1549,26,303.0,41.0,11233.0,81.0,2026 FULTON STREET,NY,V1,11,C,NYC HOUSING PRESERVATION AND DEVELOPMENT,5000,0,50.0,100.0,5,311400,0,,,3,1007256.0,186438.0,40.6783761,-73.9170569,17a,,New York
BK,1549,35,303.0,41.0,11233.0,81.0,224 SARATOGA AVENUE,NY,V1,11,C,NYC HOUSING PRESERVATION AND DEVELOPMENT,2000,0,20.0,100.0,5,100800,0,,,3,1007378.0,186389.0,40.6782413,-73.9166172,17a,,New York
BK,1549,30,303.0,41.0,11233.0,81.0,2034 FULTON STREET,NY,V1,11,C,NYC HOUSING PRESERVATION AND DEVELOPMENT,1600,0,20.0,80.0,5,82350,0,,,3,1007340.0,186443.0,40.6783896,-73.916754,17a,,New York
BK,2269,52,301.0,33.0,11206.0,90.0,31 BARTLETT STREET,NY,V1,11,C,NYC HOUSING PRESERVATION AND DEVELOPMENT,5000,0,50.0,100.0,5,631800,0,,,3,998859.0,194630.0,40.7008791,-73.9473126,13b,,New York
BK,8845,2060,315.0,46.0,11229.0,61.0,5 BEACON COURT,NY,V0,11,C,CITY OF NEW YORK,1800,0,40.0,45.0,5,8100,0,,,3,1006691.0,152886.0,40.5862844,-73.9192054,29a,,New York
BK,3722,6,305.0,42.0,11207.0,75.0,277 NEW JERSEY AVENUE,NY,V0,11,C,NYC HOUSING PRESERVATION AND DEVELOPMENT,2500,0,25.0,100.0,5,16440,0,,,3,1013436.0,184424.0,40.6728299,-73.8947849,17c,,New York
BK,3486,33,305.0,37.0,11207.0,75.0,36 VERMONT STREET,NY,V0,11,C,NYC HOUSING PRESERVATION AND DEVELOPMENT,2300,0,23.0,100.0,5,9720,0,,,3,1013078.0,186776.0,40.6792868,-73.8960655,17c,,New York
BK,3555,46,316.0,41.0,11212.0,73.0,254 HERZL STREET,NY,V0,11,C,NYC HOUSING PRESERVATION AND DEVELOPMENT,2000,0,20.0,100.0,5,7980,0,,,3,1008001.0,181128.0,40.6637993,-73.9143896,17b,,New York
BK,3536,52,316.0,41.0,11212.0,73.0,89 BLAKE AVENUE,NY,V0,11,C,NYC DEPARTMENT OF PARKS AND RECREATION,2009,0,20.0,100.46,5,8040,0,,,3,1007316.0,181492.0,40.6648003,-73.9168575,17b,,New York
BK,8230,141,318.0,46.0,11236.0,69.0,1312 AVENUE J,NY,V0,11,C,NYC DEPARTMENT OF CITYWIDE ADMINISTRATIVE SERVICES,368,0,4.5,81.67,8,316,0,,,3,1013734.0,174283.0,40.6449941,-73.893755,23c,,New York
BK,3801,47,305.0,42.0,11207.0,75.0,464 WILLIAMS AVENUE,NY,V1,11,C,NYC HOUSING PRESERVATION AND DEVELOPMENT,5000,0,50.0,100.0,5,296550,0,,,3,1012516.0,181372.0,40.6644558,-73.8981143,17d,,New York
BK,2269,50,301.0,33.0,11206.0,90.0,35 BARTLETT STREET,NY,V0,11,C,NYC HOUSING PRESERVATION AND DEVELOPMENT,2500,0,25.0,100.0,5,39600,0,,,3,998907.0,194671.0,40.7009915,-73.9471394,13b,,New York
BK,2269,49,301.0,33.0,11206.0,90.0,37 BARTLETT STREET,NY,V0,11,C,NYC HOUSING PRESERVATION AND DEVELOPMENT,2500,0,25.0,100.0,5,39600,0,,,3,998926.0,194687.0,40.7010354,-73.9470709,13b,,New York
BK,4072,25,305.0,42.0,11208.0,75.0,1118 BLAKE AVENUE,NY,V0,11,C,NYC HOUSING PRESERVATION AND DEVELOPMENT,1800,0,20.0,90.0,5,9360,0,,,3,1018496.0,183511.0,40.6703058,-73.8765484,17d,,New York
BK,175,1,302.0,33.0,11201.0,84.0,275 ATLANTIC AVENUE,NY,V1,11,C,NYC DEPARTMENT OF CORRECTIONS,59900,0,332.67,180.08,5,7648200,0,,,3,987135.0,190362.0,40.689176,-73.9895971,16c,,New York
BK,2438,7,301.0,34.0,11211.0,90.0,366 SOUTH 3 STREET,NY,V0,11,C,NYC HOUSING PRESERVATION AND DEVELOPMENT,937,0,16.25,57.67,5,18900,0,,,3,997367.0,197495.0,40.7087451,-73.952688,13b,,New York
BK,1455,79,316.0,37.0,11233.0,73.0,1735 ST MARKS AVENUE,NY,V1,11,C,NYC HOUSING PRESERVATION AND DEVELOPMENT,2129,0,16.67,127.75,5,29700,0,,,3,1009388.0,184575.0,40.6732568,-73.9093773,17c,,New York
BK,3706,32,305.0,37.0,11207.0,75.0,202 WYONA STREET,NY,V0,11,C,NYC HOUSING PRESERVATION AND DEVELOPMENT,2000,0,20.0,100.0,5,13200,0,,,3,1013720.0,184869.0,40.6740504,-73.8937592,17c,,New York
BK,3801,1,305.0,42.0,11207.0,75.0,443 HINSDALE STREET,NY,V1,11,C,NYC HOUSING PRESERVATION AND DEVELOPMENT,5000,0,50.0,100.0,3,270000,0,,,3,1012428.0,181304.0,40.6642694,-73.8984318,17d,,New York
BK,316,32,306.0,39.0,11231.0,76.0,158 COLUMBIA STREET,NY,V9,11,C,NYC DEPARTMENT OF TRANSPORTATION,1992,0,19.92,100.0,5,131850,0,,,3,983639.0,189474.0,40.6867391,-74.0022031,16a,,New York
BK,977,3,306.0,39.0,11215.0,78.0,2 2 AVENUE,NY,V1,11,C,NYC DEPARTMENT OF SANITATION,63904,0,218.58,622.92,3,4681800,0,,,3,986491.0,185389.0,40.6755264,-73.9919209,16c,,New York
BK,1090,110,306.0,39.0,11215.0,78.0,8 STREET,NY,V0,11,C,NYC DEPARTMENT OF CITYWIDE ADMINISTRATIVE SERVICES,47,0,2.33,20.0,5,306,0,,,3,989614.0,182249.0,40.6669065,-73.9806646,16d,,New York
BK,5640,149,312.0,44.0,11219.0,66.0,50 STREET,NY,V1,11,C,NYC DEPARTMENT OF CITYWIDE ADMINISTRATIVE SERVICES,40,0,9.83,8.17,6,1328,0,,,3,985574.0,171149.0,40.6364409,-73.9952296,22c,,New York
BK,865,39,307.0,43.0,11220.0,72.0,59 STREET,NY,V1,11,C,NYC DEPARTMENT OF CITYWIDE ADMINISTRATIVE SERVICES,208,0,10.33,20.17,8,1022,0,,,3,980962.0,171473.0,40.6373297,-74.0118469,22a,,New York
BK,1830,135,303.0,36.0,11221.0,79.0,494A PUTNAM AVENUE,NY,V0,11,C,NYC DEPARTMENT OF CITYWIDE ADMINISTRATIVE SERVICES,58,0,0.58,100.0,5,300,0,,,3,1000419.0,188757.0,40.6847563,-73.9417006,17a,,New York
BK,346,11,306.0,39.0,11231.0,76.0,10 PRESIDENT STREET,NY,V9,11,C,PORT AUTHORITY OF NY AND NJ,7455,0,126.75,60.0,5,458100,0,,,3,982503.0,188609.0,40.6843647,-74.006299,16a,,New York
BK,7166,133,313.0,47.0,11223.0,60.0,86 STREET,NY,V9,11,C,NYC TRANSIT AUTHORITY,182,0,13.0,28.0,5,2295,0,,,3,990272.0,154152.0,40.5897857,-73.9783178,28c,,New York
BK,7074,1,313.0,47.0,11224.0,60.0,1528 SURF AVENUE,NY,V1,11,C,NYC DEPARTMENT OF TRANSPORTATION,40024,0,43.38,581.88,3,2132550,0,,,3,988984.0,148542.0,40.5743882,-73.9829592,28d,,New York
BK,3143,11,304.0,34.0,11206.0,83.0,932 EVERGREEN AVENUE,NY,V1,11,C,NYC DEPARTMENT OF PARKS AND RECREATION,425,0,17.17,25.0,5,900,0,,,3,1002638.0,195196.0,40.7024256,-73.9336821,13b,,New York
BK,1662,137,303.0,36.0,11233.0,81.0,706A HANCOCK STREET,NY,V0,11,C,NYC DEPARTMENT OF CITYWIDE ADMINISTRATIVE SERVICES,1667,0,16.67,100.0,5,9060,0,,,3,1004481.0,188827.0,40.6849401,-73.9270543,17a,,New York
BK,3186,144,304.0,34.0,11237.0,83.0,93A STARR STREET,NY,V0,11,C,NYC DEPARTMENT OF CITYWIDE ADMINISTRATIVE SERVICES,1135,0,4.0,100.0,5,6060,0,,,3,1004677.0,195158.0,40.7023168,-73.9263284,13b,,New York
BK,3241,68,304.0,34.0,11221.0,83.0,1139 BROADWAY,NY,V1,11,C,NYC DEPARTMENT OF EDUCATION,2067,0,20.67,100.0,5,61200,0,,,3,1004015.0,191975.0,40.6935817,-73.9287253,13b,,New York
BK,3151,100,304.0,34.0,11206.0,83.0,527 BUSHWICK AVENUE,NY,V1,11,X,NYS DEPARTMENT OF TRANSPORTATION,19750,0,50.0,397.07,4,1067400,0,,,3,1002190.0,194404.0,40.7002526,-73.9353,13b,,New York
BK,3992,43,305.0,37.0,11208.0,75.0,871 GLENMORE AVENUE,NY,V0,11,C,NYC HOUSING PRESERVATION AND DEVELOPMENT,1500,0,16.67,90.0,5,9360,0,,,3,1018112.0,185606.0,40.6760575,-73.8779221,17c,,New York
BK,3903,1,305.0,37.0,11208.0,75.0,23 HIGHLAND PLACE,NY,V0,11,C,NYC DEPARTMENT OF TRANSPORTATION,618,0,38.4,27.44,7,1920,0,,,3,1016988.0,188890.0,40.6850756,-73.8819584,17c,,New York
BK,1548,27,303.0,41.0,11233.0,81.0,1964 FULTON STREET,NY,V1,11,C,NYC HOUSING PRESERVATION AND DEVELOPMENT,2000,0,20.0,100.0,5,100800,0,,,3,1006493.0,186490.0,40.6785207,-73.9198075,17a,,New York
BK,1548,128,303.0,41.0,11233.0,81.0,1968 FULTON STREET,NY,V1,11,C,NYC HOUSING PRESERVATION AND DEVELOPMENT,2000,0,20.0,100.0,5,100800,0,,,3,1006533.0,186488.0,40.6785152,-73.9196633,17a,,New York
BK,1439,22,316.0,41.0,11233.0,73.0,2040 PACIFIC STREET,NY,V0,11,C,NYC HOUSING PRESERVATION AND DEVELOPMENT,2151,0,23.33,92.17,5,8040,0,,,3,1006948.0,185466.0,40.6757089,-73.9181706,17a,,New York
BK,3743,12,316.0,41.0,11212.0,73.0,425 MOTHER GASTON BLVD,NY,V1,11,C,NYC HOUSING PRESERVATION AND DEVELOPMENT,2500,0,25.0,100.0,5,81900,0,,,3,1010256.0,182893.0,40.6686375,-73.9062547,17d,,New York
BK,3677,5,316.0,37.0,11212.0,73.0,183 SACKMAN STREET,NY,V1,11,C,NYC DEPARTMENT OF CITYWIDE ADMINISTRATIVE SERVICES,1667,0,16.67,100.0,5,55800,0,,,3,1010425.0,184735.0,40.6736929,-73.9056383,17c,,New York
BK,3677,10,316.0,37.0,11212.0,73.0,173 SACKMAN STREET,NY,V1,11,C,NYC DEPARTMENT OF CITYWIDE ADMINISTRATIVE SERVICES,1667,0,16.67,100.0,5,55800,0,,,3,1010409.0,184817.0,40.673918,-73.9056957,17c,,New York
BK,3677,6,316.0,37.0,11212.0,73.0,181 SACKMAN STREET,NY,V1,11,C,NYC DEPARTMENT OF CITYWIDE ADMINISTRATIVE SERVICES,1667,0,16.67,100.0,5,55800,0,,,3,1010422.0,184752.0,40.6737396,-73.9056491,17c,,New York
BK,3677,4,316.0,37.0,11212.0,73.0,185 SACKMAN STREET,NY,V1,11,C,NYC DEPARTMENT OF CITYWIDE ADMINISTRATIVE SERVICES,1667,0,16.67,100.0,5,55800,0,,,3,1010429.0,184718.0,40.6736462,-73.905624,17c,,New York
BK,3677,2,316.0,37.0,11212.0,73.0,189 SACKMAN STREET,NY,V1,11,C,NYC DEPARTMENT OF CITYWIDE ADMINISTRATIVE SERVICES,2500,0,25.0,100.0,5,77400,0,,,3,1010437.0,184673.0,40.6735227,-73.9055953,17c,,New York
BK,316,26,306.0,39.0,11231.0,76.0,148 COLUMBIA STREET,NY,V9,11,C,NYC DEPARTMENT OF TRANSPORTATION,10033,0,100.33,100.0,3,650700,0,,,3,983666.0,189548.0,40.6869422,-74.0021058,16a,,New York
BK,3245,126,304.0,37.0,11221.0,83.0,1374 DEKALB AVENUE,NY,V0,11,C,NYC POLICE DEPARTMENT,750,0,25.0,30.0,6,2460,0,,,3,1005344.0,193952.0,40.699005,-73.9239266,13b,,New York
BK,3801,49,305.0,42.0,11207.0,75.0,474 WILLIAMS AVENUE,NY,V1,11,C,NYC HOUSING PRESERVATION AND DEVELOPMENT,5000,0,50.0,100.0,3,270000,0,,,3,1012526.0,181323.0,40.6643213,-73.8980785,17d,,New York
BK,3567,6,316.0,41.0,11212.0,73.0,279 GRAFTON STREET,NY,V1,11,C,NYC DEPARTMENT OF CITYWIDE ADMINISTRATIVE SERVICES,1125,0,15.0,75.0,3,63900,0,,,3,1007236.0,180270.0,40.6614463,-73.91715,17b,,New York
BK,314,42,306.0,39.0,11231.0,76.0,85 IRVING STREET,NY,V1,11,C,NYC DEPARTMENT OF TRANSPORTATION,975,0,20.0,48.75,5,64800,0,,,3,983674.0,189688.0,40.6873265,-74.0020769,16a,,New York
BK,1483,35,303.0,41.0,11221.0,81.0,908 MADISON STREET,NY,V0,11,C,NYC DEPARTMENT OF CITYWIDE ADMINISTRATIVE SERVICES,2000,0,20.0,100.0,5,6720,0,,,3,1006076.0,189889.0,40.6878513,-73.9212999,17a,,New York
BK,1487,169,303.0,41.0,11233.0,81.0,823A HANCOCK STREET,NY,V0,11,C,NYC DEPARTMENT OF CITYWIDE ADMINISTRATIVE SERVICES,42,0,0.42,100.0,8,126,0,,,3,1005777.0,189194.0,40.6859444,-73.9223803,17a,,New York
BK,3097,13,301.0,34.0,11206.0,90.0,112 SEIGEL STREET,NY,V0,11,C,NYC HOUSING PRESERVATION AND DEVELOPMENT,2500,0,25.0,100.0,5,24720,0,,,3,1000364.0,195891.0,40.7043376,-73.9418818,13b,,New York
BK,2272,49,301.0,33.0,11206.0,90.0,667 FLUSHING AVENUE,NY,V1,11,C,NYC HOUSING PRESERVATION AND DEVELOPMENT,9580,0,98.0,119.0,3,752400,0,,,3,999051.0,194454.0,40.7003957,-73.9466206,13b,,New York
BK,2269,23,301.0,33.0,11206.0,90.0,86 GERRY STREET,NY,V0,11,C,NYC HOUSING PRESERVATION AND DEVELOPMENT,2500,0,25.0,100.0,5,39600,0,,,3,999051.0,194926.0,40.7016912,-73.9466195,13b,,New York
BK,3677,7,316.0,37.0,11212.0,73.0,179 SACKMAN STREET,NY,V1,11,C,NYC DEPARTMENT OF CITYWIDE ADMINISTRATIVE SERVICES,1667,0,16.67,100.0,5,55800,0,,,3,1010419.0,184768.0,40.6737835,-73.9056598,17c,,New York
BK,2266,36,301.0,33.0,11206.0,90.0,99 GERRY STREET,NY,V0,11,C,NYC HOUSING PRESERVATION AND DEVELOPMENT,2500,0,25.0,100.0,5,39600,0,,,3,998978.0,195087.0,40.7021332,-73.9468825,13b,,New York
BK,1549,33,303.0,41.0,11233.0,81.0,2040 FULTON STREET,NY,V1,11,C,NYC HOUSING PRESERVATION AND DEVELOPMENT,1600,0,20.0,80.0,5,82350,0,,,3,1007399.0,186438.0,40.6783757,-73.9165413,17a,,New York
BK,1769,69,303.0,36.0,11206.0,79.0,225 HART STREET,NY,V0,11,C,NYC HUMAN RESOURCES ADMINISTRATION,6000,0,60.0,100.0,5,36780,0,,,3,1000268.0,192180.0,40.6941519,-73.9422369,13b,,New York
BK,3677,1,316.0,37.0,11212.0,73.0,191 SACKMAN STREET,NY,V1,11,C,NYC DEPARTMENT OF CITYWIDE ADMINISTRATIVE SERVICES,2500,0,25.0,100.0,5,77400,0,,,3,1010442.0,184649.0,40.6734568,-73.9055774,17c,,New York
BK,1432,43,316.0,41.0,11233.0,73.0,2105 PACIFIC STREET,NY,V0,11,C,NYC HOUSING PRESERVATION AND DEVELOPMENT,1667,0,16.67,100.0,5,11040,0,,,3,1007179.0,185614.0,40.6761146,-73.9173373,17a,,New York
BK,1432,48,316.0,41.0,11233.0,73.0,2097 PACIFIC STREET,NY,V0,11,C,NYC HOUSING PRESERVATION AND DEVELOPMENT,2000,0,20.0,100.0,5,7980,0,,,3,1007089.0,185620.0,40.6761313,-73.9176617,17a,,New York
BK,3613,33,316.0,41.0,11212.0,73.0,156 NEWPORT STREET,NY,V0,11,C,NYC HOUSING PRESERVATION AND DEVELOPMENT,2000,0,20.0,100.0,5,7980,0,,,3,1009377.0,179398.0,40.6590471,-73.9094363,17d,,New York
BK,3555,45,316.0,41.0,11212.0,73.0,250 HERZL STREET,NY,V0,11,C,NYC HOUSING PRESERVATION AND DEVELOPMENT,2000,0,20.0,100.0,5,7980,0,,,3,1007997.0,181148.0,40.6638543,-73.914404,17b,,New York
BK,1174,27,308.0,35.0,11238.0,77.0,512 STERLING PLACE,NY,V0,11,C,FIRE DEPARTMENT OF NEW YORK,3275,0,25.0,131.0,5,35460,0,,,3,994923.0,184817.0,40.6739503,-73.9615234,16c,,New York
BK,3232,56,304.0,34.0,11221.0,83.0,1295 DEKALB AVENUE,NY,V0,11,C,NYC POLICE DEPARTMENT,1353,0,20.0,67.67,5,9000,0,,,3,1004684.0,193362.0,40.6973872,-73.9263086,13b,,New York
BK,4009,47,305.0,42.0,11207.0,75.0,342 VAN SICLEN AVENUE,NY,V0,11,C,NYC HOUSING PRESERVATION AND DEVELOPMENT,2090,0,22.0,95.0,3,7500,0,,,3,1014682.0,183947.0,40.6715164,-73.8902953,17c,,New York
BK,330,4,306.0,39.0,11231.0,76.0,199 COLUMBIA STREET,NY,V1,11,C,NYC HOUSING PRESERVATION AND DEVELOPMENT,1995,0,21.0,95.0,5,341550,0,,,3,983613.0,188928.0,40.6852404,-74.0022968,16a,,New York
BK,7064,4,313.0,47.0,11224.0,60.0,2900 MERMAID AVENUE,NY,V1,11,,2900 STILLWELL CORP,2036,0,27.0,75.42,5,180000,0,,,3,989307.0,149426.0,40.5768144,-73.9817958,28d,,New York
BK,6994,15,313.0,47.0,11224.0,60.0,1736 HART PLACE,NY,V1,11,,3100 CROPSEY AVENUE LLC,11110,0,101.0,110.0,5,586350,0,,,3,988084.0,150495.0,40.5797492,-73.9861978,28d,,New York
BK,6949,23,313.0,47.0,11214.0,60.0,173 BAY 52 STREET,NY,V0,11,,"KCY DEVELOPING, LLC",2000,0,20.0,100.0,5,14040,0,,,3,987605.0,151790.0,40.5833039,-73.9879215,28c,,New York
BK,8856,1656,315.0,46.0,11229.0,61.0,17 NOEL AVENUE,NY,V0,11,C,CITY OF NEW YORK,1800,0,40.0,45.0,5,8100,0,,,3,1005828.0,153005.0,40.5866132,-73.9223121,29a,,New York
BK,3514,6,316.0,41.0,11212.0,73.0,87 LEGION STREET,NY,V0,11,C,NYC HOUSING PRESERVATION AND DEVELOPMENT,2650,0,26.5,100.0,5,9900,0,,,3,1007131.0,182236.0,40.6668428,-73.9175218,17b,,New York
BK,3518,63,316.0,41.0,11212.0,73.0,546 THOMAS S BOYLAND ST,NY,V0,11,C,NYC HOUSING PRESERVATION AND DEVELOPMENT,6000,0,60.0,100.0,5,25920,0,,,3,1008276.0,182429.0,40.6673696,-73.9133938,17b,,New York
BK,3600,34,316.0,41.0,11212.0,73.0,166 RIVERDALE AVENUE,NY,V0,11,C,NYC HOUSING PRESERVATION AND DEVELOPMENT,1500,0,20.0,75.0,5,9780,0,,,3,1009069.0,179932.0,40.6605137,-73.9105444,17d,,New York
BK,3600,29,316.0,41.0,11212.0,73.0,156 RIVERDALE AVENUE,NY,V0,11,C,NYC HOUSING PRESERVATION AND DEVELOPMENT,2000,0,20.0,100.0,3,9300,0,,,3,1008945.0,179937.0,40.6605277,-73.9109914,17d,,New York
BK,3613,32,316.0,41.0,11212.0,73.0,154 NEWPORT STREET,NY,V0,11,C,NYC HOUSING PRESERVATION AND DEVELOPMENT,2000,0,20.0,100.0,5,7980,0,,,3,1009358.0,179394.0,40.6590362,-73.9095048,17d,,New York
BK,3499,15,316.0,41.0,11212.0,73.0,366 ROCKAWAY AVENUE,NY,V1,11,C,NYC HOUSING PRESERVATION AND DEVELOPMENT,57013,0,345.0,200.0,5,2259000,0,,,3,1008793.0,183733.0,40.6709473,-73.9115254,17d,,New York
BK,1066,49,306.0,39.0,11215.0,78.0,941A PRESIDENT STREET,NY,V3,11,C,NYC DEPARTMENT OF CITYWIDE ADMINISTRATIVE SERVICES,48,0,0.6,95.0,5,306,0,,,3,992108.0,184261.0,40.6724271,-73.9716722,16c,,New York
BK,1754,25,303.0,36.0,11206.0,79.0,786 MYRTLE AVENUE,NY,V1,11,C,NYC HOUSING PRESERVATION AND DEVELOPMENT,2500,0,25.0,100.0,5,242100,0,,,3,997856.0,192464.0,40.6949355,-73.9509343,13b,,New York
BK,1754,31,303.0,36.0,11206.0,79.0,798 MYRTLE AVENUE,NY,V1,11,C,NYC HOUSING PRESERVATION AND DEVELOPMENT,2500,0,25.0,100.0,5,242100,0,,,3,998004.0,192487.0,40.6949984,-73.9504006,13b,,New York
BK,4015,22,305.0,42.0,11207.0,75.0,2358 PITKIN AVENUE,NY,V1,11,C,NYC HOUSING PRESERVATION AND DEVELOPMENT,5378,0,59.75,90.0,5,319050,0,,,3,1016085.0,184574.0,40.6732325,-73.8852346,17c,,New York
BK,1798,8,303.0,36.0,11216.0,79.0,494 GREENE AVENUE,NY,V1,11,O,NYC HOUSING AUTHORITY,2142,0,21.42,100.0,5,141750,0,,,3,997869.0,190010.0,40.6881998,-73.9508924,17a,,New York
BK,3496,4,316.0,41.0,11212.0,73.0,43 AMBOY STREET,NY,V1,11,C,NYC HUMAN RESOURCES ADMINISTRATION,49500,0,225.0,220.17,5,1199250,0,,,3,1008046.0,183332.0,40.6698487,-73.9142196,17b,,New York
BK,340,19,306.0,39.0,11231.0,76.0,22 UNION STREET,NY,V1,11,C,PORT AUTHORITY OF NY AND NJ,2500,0,25.0,100.0,5,197550,0,,,3,982491.0,188874.0,40.6850921,-74.0063423,16a,,New York
BK,363,9,306.0,39.0,11231.0,76.0,309 COLUMBIA STREET,NY,V1,11,C,NYC HOUSING PRESERVATION AND DEVELOPMENT,1394,0,19.92,70.0,5,80550,0,,,3,983101.0,187562.0,40.681491,-74.0041427,16a,,New York
BK,3600,32,316.0,41.0,11212.0,73.0,160 RIVERDALE AVENUE,NY,V0,11,C,NYC HOUSING PRESERVATION AND DEVELOPMENT,1500,0,20.0,75.0,5,9780,0,,,3,1009030.0,179925.0,40.6604946,-73.910685,17d,,New York
BK,3241,64,304.0,34.0,11221.0,83.0,1149 BROADWAY,NY,V1,11,C,NYC DEPARTMENT OF EDUCATION,2850,0,30.0,95.17,5,87750,0,,,3,1004073.0,191929.0,40.6934553,-73.9285163,13b,,New York
BK,5133,1,314.0,40.0,11226.0,70.0,2200 TILDEN AVENUE,NY,V1,11,C,NYC HOUSING PRESERVATION AND DEVELOPMENT,7230,0,48.18,150.0,5,810000,0,,,3,996290.0,174741.0,40.6462921,-73.9566133,23a,,New York
BK,5347,47,312.0,39.0,11218.0,66.0,1473 39 STREET,NY,V1,11,,NYC HOUSING PRESERVATION AND DEVELOPMENT,1903,0,20.0,95.17,5,97200,0,,,3,989213.0,171865.0,40.6384049,-73.9821177,22c,,New York
BK,3613,31,316.0,41.0,11212.0,73.0,152 NEWPORT STREET,NY,V0,11,C,NYC HOUSING PRESERVATION AND DEVELOPMENT,2000,0,20.0,100.0,5,7980,0,,,3,1009339.0,179390.0,40.6590252,-73.9095733,17d,,New York
BK,340,26,306.0,39.0,11231.0,76.0,38 UNION STREET,NY,V1,11,C,PORT AUTHORITY OF NY AND NJ,3242,0,32.42,100.0,5,278100,0,,,3,982629.0,188822.0,40.6849494,-74.0058447,16a,,New York
BK,2272,11,301.0,33.0,11206.0,90.0,36 BARTLETT STREET,NY,V0,11,C,NYC DEPARTMENT OF PARKS AND RECREATION,5000,0,50.0,100.0,5,85560,0,,,3,999082.0,194601.0,40.7007991,-73.9465085,13b,,New York
BK,3682,28,305.0,37.0,11207.0,75.0,2530 ATLANTIC AVENUE,NY,V1,11,C,NYC DEPARTMENT OF CITYWIDE ADMINISTRATIVE SERVICES,1980,0,20.33,97.08,5,62550,0,,,3,1011720.0,185319.0,40.6752919,-73.9009674,17c,,New York
BK,316,33,306.0,39.0,11231.0,76.0,160 COLUMBIA STREET,NY,V9,11,C,NYC DEPARTMENT OF TRANSPORTATION,1967,0,19.67,100.0,5,130500,0,,,3,983632.0,189455.0,40.6866869,-74.0022283,16a,,New York
BK,340,29,306.0,39.0,11231.0,76.0,44 UNION STREET,NY,V9,11,C,PORT AUTHORITY OF NY AND NJ,2000,0,20.0,100.0,5,197550,0,,,3,982676.0,188805.0,40.6849027,-74.0056753,16a,,New York
BK,340,32,306.0,39.0,11231.0,76.0,50 UNION STREET,NY,V9,11,C,PORT AUTHORITY OF NY AND NJ,1600,0,20.0,80.0,5,220050,0,,,3,982735.0,188794.0,40.6848725,-74.0054625,16a,,New York
BK,340,31,306.0,39.0,11231.0,76.0,48 UNION STREET,NY,V9,11,C,PORT AUTHORITY OF NY AND NJ,1600,0,20.0,80.0,5,220050,0,,,3,982717.0,188801.0,40.6848917,-74.0055274,16a,,New York
BK,340,28,306.0,39.0,11231.0,76.0,42 UNION STREET,NY,V9,11,C,PORT AUTHORITY OF NY AND NJ,2383,0,23.83,100.0,5,234000,0,,,3,982655.0,188812.0,40.6849219,-74.005751,16a,,New York
BK,334,7,306.0,39.0,11231.0,76.0,18 SACKETT STREET,NY,V9,11,C,NYC DEPARTMENT OF SMALL BUSINESS SERVICES,12900,0,140.0,80.0,5,760500,0,,,3,982434.0,189176.0,40.685921,-74.0065479,16a,,New York
BK,340,38,306.0,39.0,11231.0,76.0,29 PRESIDENT STREET,NY,V9,11,C,PORT AUTHORITY OF NY AND NJ,1600,0,20.0,80.0,3,183150,0,,,3,982713.0,188675.0,40.6845459,-74.0055418,16a,,New York
BK,340,35,306.0,39.0,11231.0,76.0,118 VAN BRUNT STREET,NY,V9,11,C,PORT AUTHORITY OF NY AND NJ,3200,0,40.0,80.0,5,272250,0,,,3,982705.0,188741.0,40.684727,-74.0055707,16a,,New York
BK,1624,6,303.0,36.0,11221.0,81.0,263 MARCUS GARVEY BLVD,NY,V1,11,C,NYC DEPARTMENT OF CITYWIDE ADMINISTRATIVE SERVICES,2100,0,20.0,105.0,5,144000,0,,,3,1001204.0,190199.0,40.6887128,-73.9388666,17a,,New York
BK,3137,1,304.0,34.0,11206.0,83.0,540 BUSHWICK AVENUE,NY,V1,11,C,NYC DEPARTMENT OF PARKS AND RECREATION,17010,0,240.18,129.0,3,837000,0,,,3,1001943.0,194191.0,40.6996685,-73.9361914,13b,,New York
BK,7946,45,318.0,42.0,11236.0,69.0,429 EAST 89 STREET,NY,V1,11,C,NYC DEPARTMENT OF TRANSPORTATION,424,0,20.75,39.0,3,900,0,,,3,1008447.0,174402.0,40.6453367,-73.9128062,23a,,New York
BK,4078,11,305.0,42.0,11207.0,75.0,581 JEROME STREET,NY,V0,11,C,NYC HOUSING PRESERVATION AND DEVELOPMENT,2000,0,20.0,100.0,5,11640,0,,,3,1016205.0,182236.0,40.6668147,-73.8848131,17d,,New York
BK,4063,52,305.0,42.0,11207.0,75.0,943 DUMONT AVENUE,NY,V0,11,C,NYC HOUSING PRESERVATION AND DEVELOPMENT,5400,0,60.0,90.0,3,36840,0,,,3,1016471.0,182702.0,40.6680929,-73.8838521,17d,,New York
BK,3960,45,305.0,37.0,11208.0,75.0,232 NORWOOD AVENUE,NY,V0,11,C,NYC HOUSING PRESERVATION AND DEVELOPMENT,1752,0,25.83,67.83,5,10980,0,,,3,1017795.0,187204.0,40.6804449,-73.879057,17c,,New York
BK,471,100,306.0,39.0,11231.0,76.0,431 HOYT STREET,NY,V1,11,C,NYC HOUSING PRESERVATION AND DEVELOPMENT,64214,0,278.25,523.0,5,2125350,0,,,3,985856.0,185683.0,40.6763335,-73.9942101,16c,,New York
BK,2269,17,301.0,33.0,11206.0,90.0,74 GERRY STREET,NY,V0,11,C,NYC HOUSING PRESERVATION AND DEVELOPMENT,2500,0,25.0,100.0,5,39600,0,,,3,998936.0,194828.0,40.7014224,-73.9470345,13b,,New York
BK,4558,110,305.0,42.0,11207.0,75.0,110 WORTMAN AVENUE,NY,V0,11,C,NYC DEPARTMENT OF CITYWIDE ADMINISTRATIVE SERVICES,17960,0,100.0,208.0,5,104340,0,,,3,1024115.0,181248.0,40.6640708,-73.8563062,18b,,New York
BK,3856,5,316.0,42.0,11212.0,73.0,569 CHRISTOPHER AVENUE,NY,V1,11,C,NYC HOUSING PRESERVATION AND DEVELOPMENT,2500,0,25.0,100.0,5,72900,0,,,3,1011289.0,178979.0,40.6578914,-73.9025467,17d,,New York
BK,314,40,306.0,39.0,11231.0,76.0,144 COLUMBIA STREET,NY,V1,11,C,NYC DEPARTMENT OF TRANSPORTATION,1440,0,18.0,80.0,3,87300,0,,,3,983716.0,189657.0,40.6872414,-74.0019255,16a,,New York
BK,3241,69,304.0,34.0,11221.0,83.0,1137 BROADWAY,NY,V1,11,C,NYC DEPARTMENT OF EDUCATION,2067,0,20.67,100.0,5,61200,0,,,3,1003999.0,191988.0,40.6936174,-73.928783,13b,,New York
BK,3241,63,304.0,34.0,11221.0,83.0,1151 BROADWAY,NY,V1,11,C,NYC DEPARTMENT OF EDUCATION,1859,0,19.33,96.17,3,66150,0,,,3,1004092.0,191914.0,40.6934141,-73.9284478,13b,,New York
BK,3241,66,304.0,34.0,11221.0,83.0,1145 BROADWAY,NY,V1,11,C,NYC DEPARTMENT OF EDUCATION,2345,0,24.67,94.92,5,72450,0,,,3,1004052.0,191945.0,40.6934993,-73.928592,13b,,New York
BK,3725,12,305.0,42.0,11207.0,75.0,492 GLENMORE AVENUE,NY,V0,11,C,NYC HOUSING PRESERVATION AND DEVELOPMENT,5000,0,50.0,100.0,5,41340,0,,,3,1014203.0,184690.0,40.6735574,-73.8920187,17c,,New York
BK,1548,29,303.0,41.0,11233.0,81.0,1970 FULTON STREET,NY,V1,11,C,NYC HOUSING PRESERVATION AND DEVELOPMENT,2000,0,20.0,100.0,5,100800,0,,,3,1006552.0,186486.0,40.6785096,-73.9195948,17a,,New York
BK,1492,6,316.0,41.0,11233.0,73.0,946 HANCOCK STREET,NY,V1,11,X,NYC HOUSING AUTHORITY,48,0,1.0,48.83,8,1535,0,,,3,1007315.0,189258.0,40.6861162,-73.9168345,17a,,New York
BK,3706,25,305.0,37.0,11207.0,75.0,182 WYONA STREET,NY,V1,11,C,NYC HOUSING PRESERVATION AND DEVELOPMENT,1540,0,19.25,80.0,5,57150,0,,,3,1013701.0,185019.0,40.6744621,-73.893827,17c,,New York
BK,3722,3,305.0,42.0,11207.0,75.0,287 NEW JERSEY AVENUE,NY,V0,11,C,NYC HOUSING PRESERVATION AND DEVELOPMENT,2500,0,25.0,100.0,5,16440,0,,,3,1013450.0,184351.0,40.6726295,-73.8947348,17c,,New York
BK,3722,4,305.0,42.0,11207.0,75.0,283 NEW JERSEY AVENUE,NY,V0,11,C,NYC HOUSING PRESERVATION AND DEVELOPMENT,2500,0,25.0,100.0,5,16440,0,,,3,1013445.0,184376.0,40.6726981,-73.8947527,17c,,New York
BK,3706,1,305.0,37.0,11207.0,75.0,437 GLENMORE AVENUE,NY,V0,11,C,NYC HOUSING PRESERVATION AND DEVELOPMENT,1885,0,29.0,65.0,3,11580,0,,,3,1013607.0,184716.0,40.6736308,-73.8941672,17c,,New York
BK,3387,1,304.0,37.0,11221.0,83.0,1531 BROADWAY,NY,V1,11,C,NYC HOUSING PRESERVATION AND DEVELOPMENT,18040,0,146.0,120.0,3,626850,0,,,3,1007272.0,189553.0,40.686926,-73.9169885,17a,,New York
BK,3241,67,304.0,34.0,11221.0,83.0,1141 BROADWAY,NY,V1,11,C,NYC DEPARTMENT OF EDUCATION,2375,0,24.67,94.58,5,73350,0,,,3,1004032.0,191960.0,40.6935405,-73.9286641,13b,,New York
BK,1762,67,303.0,33.0,11205.0,79.0,230A SPENCER STREET,NY,V0,11,C,NYC DEPARTMENT OF PARKS AND RECREATION,1758,0,17.58,100.0,5,10980,0,,,3,996779.0,191193.0,40.6914485,-73.9548206,17a,,New York
BK,1754,28,303.0,36.0,11206.0,79.0,792 MYRTLE AVENUE,NY,V1,11,C,NYC HOUSING PRESERVATION AND DEVELOPMENT,2500,0,25.0,100.0,5,242100,0,,,3,997930.0,192475.0,40.6949656,-73.9506675,13b,,New York
BK,1754,24,303.0,36.0,11206.0,79.0,784 MYRTLE AVENUE,NY,V1,11,C,NYC HOUSING PRESERVATION AND DEVELOPMENT,2500,0,25.0,100.0,5,242100,0,,,3,997831.0,192460.0,40.6949246,-73.9510245,13b,,New York
BK,1754,32,303.0,36.0,11206.0,79.0,800 MYRTLE AVENUE,NY,V1,11,C,NYC HOUSING PRESERVATION AND DEVELOPMENT,2500,0,25.0,100.0,5,242100,0,,,3,998028.0,192490.0,40.6950066,-73.950314,13b,,New York
BK,1754,30,303.0,36.0,11206.0,79.0,796 MYRTLE AVENUE,NY,V1,11,C,NYC HOUSING PRESERVATION AND DEVELOPMENT,2500,0,25.0,100.0,5,242100,0,,,3,997979.0,192483.0,40.6949875,-73.9504907,13b,,New York
BK,7098,74,311.0,43.0,11223.0,62.0,2029 WEST 8 STREET,NY,V0,11,C,NYC DEPARTMENT OF CITYWIDE ADMINISTRATIVE SERVICES,700,0,10.0,70.0,8,5046,0,,,3,989989.0,157088.0,40.5978446,-73.9793342,28c,,New York
BK,4010,6,305.0,42.0,11207.0,75.0,329 VAN SICLEN AVENUE,NY,V0,11,C,NYC HOUSING PRESERVATION AND DEVELOPMENT,2500,0,25.0,100.0,5,10140,0,,,3,1014814.0,184076.0,40.67187,-73.8898189,17c,,New York
BK,3962,34,305.0,37.0,11207.0,75.0,511 LIBERTY AVENUE,NY,V1,11,C,NYC DEPARTMENT OF CITYWIDE ADMINISTRATIVE SERVICES,2500,0,25.0,100.0,3,85950,0,,,3,1014522.0,185383.0,40.6754585,-73.8908656,17c,,New York
BK,4348,50,305.0,42.0,11207.0,75.0,881 NEW JERSEY AVENUE,NY,V0,11,C,NYC HOUSING PRESERVATION AND DEVELOPMENT,2367,0,23.67,100.0,5,12420,0,,,3,1015076.0,179065.0,40.6581151,-73.8888973,17d,,New York
BK,4348,48,305.0,42.0,11207.0,75.0,885 NEW JERSEY AVENUE,NY,V0,11,C,NYC HOUSING PRESERVATION AND DEVELOPMENT,2700,0,27.0,100.0,5,17340,0,,,3,1015084.0,179044.0,40.6580574,-73.8888685,17d,,New York
BK,6949,19,313.0,47.0,11214.0,60.0,177 BAY 52 STREET,NY,V0,11,,"KCY DEVELOPING, LLC",3000,0,30.0,100.0,5,23760,0,,,3,987552.0,151782.0,40.583282,-73.9881123,28c,,New York
BK,6949,21,313.0,47.0,11214.0,60.0,175 BAY 52 STREET,NY,V0,11,,"MARTARELLA, VIVIANA",3000,0,30.0,100.0,5,23760,0,,,3,987581.0,151786.0,40.5832929,-73.9880079,28c,,New York
BK,4030,19,305.0,42.0,11207.0,75.0,480 WARWICK STREET,NY,V0,11,C,NYC HOUSING PRESERVATION AND DEVELOPMENT,2000,0,20.0,100.0,5,11640,0,,,3,1015962.0,184013.0,40.6716931,-73.8856807,17c,,New York
BK,1694,1,303.0,36.0,11233.0,81.0,1753 FULTON STREET,NY,V0,11,C,NYC DEPARTMENT OF TRANSPORTATION,10400,0,104.0,113.83,3,80940,0,,,3,1003991.0,186844.0,40.6794983,-73.9288269,17a,,New York
BK,725,75,307.0,38.0,11232.0,72.0,4324 1 AVENUE,NY,V9,11,C,NYC DEPARTMENT OF SMALL BUSINESS SERVICES,12158,0,195.0,59.0,5,662400,0,,,3,979923.0,177599.0,40.6541438,-74.0155944,16b,,New York
BK,653,103,307.0,38.0,11232.0,72.0,25 STREET,NY,V9,11,C,NYC DEPARTMENT OF SMALL BUSINESS SERVICES,28550,0,15.0,1843.0,2,972450,0,,,3,983260.0,181086.0,40.6637159,-74.0035684,16b,,New York
BK,4448,1,305.0,42.0,11208.0,75.0,1070 ELTON STREET,NY,V0,11,C,NYC HOUSING PRESERVATION AND DEVELOPMENT,23818,0,200.0,365.0,3,113040,0,,,3,1018994.0,178424.0,40.6563412,-73.8747794,17d,,New York
BK,2543,75,301.0,4.0,11222.0,94.0,1 KENT STREET,NY,V0,11,C,NYC DEPARTMENT OF PARKS AND RECREATION,37980,0,60.0,633.0,5,13740,0,,,3,994647.0,205285.0,40.7301304,-73.9624868,12c,,New York
BK,5480,53,312.0,44.0,11204.0,66.0,1871 54 STREET,NY,V0,11,,JUNIPER SHELF HOLDINGS LLC,2204,0,22.0,100.17,5,22560,0,,,3,989269.0,166828.0,40.6245794,-73.9819197,22d,,New York
BK,4501,31,305.0,42.0,11208.0,75.0,580 MONTAUK AVENUE,NY,V1,11,,K & R REALTY CORP.,2000,0,20.0,100.0,5,31050,0,,,3,1019326.0,181275.0,40.6641652,-73.873568,17d,,New York
BK,8856,1880,315.0,46.0,11229.0,61.0,7 POST COURT,NY,V0,11,,"COE, MARK E",1800,0,40.0,45.0,5,8100,0,,,3,1005184.0,152774.0,40.5859807,-73.9246314,29a,,New York
BK,8845,2122,315.0,46.0,11229.0,61.0,2 DARE COURT,NY,V0,11,,"ZANG, CORRINE T",1845,0,41.0,45.0,5,8280,0,,,3,1006525.0,152843.0,40.5861668,-73.9198032,29a,,New York
BK,8900,78,315.0,46.0,11229.0,61.0,25 DARE COURT,NY,V0,11,,"TOOMEY, BRIAN",1800,0,40.0,45.0,3,7380,0,,,3,1006129.0,153203.0,40.5871559,-73.9212278,29a,,New York
BK,8842,270,315.0,46.0,11235.0,61.0,2801 PLUMB 2 STREET,NY,V1,11,,FISHING CENTER RLTY CORP,10000,0,100.0,100.0,5,178200,0,,,3,1003926.0,152891.0,40.5863047,-73.9291603,29a,,New York
BK,2731,38,301.0,33.0,11211.0,94.0,23 FROST STREET,NY,V2,11,,"UZZO, YOLANDA",2625,0,39.0,73.0,5,28200,0,,,3,997818.0,200742.0,40.7176567,-73.9510547,13a,,New York
BK,8891,660,315.0,46.0,11229.0,61.0,33 KNIGHT COURT,NY,V1,11,,"PARADISE MARINA & YACHT CLUB, LLC",1785,0,34.0,52.5,5,32850,0,,,3,1003645.0,154505.0,40.5907355,-73.9301673,29a,,New York
BK,8925,478,315.0,46.0,11229.0,61.0,22 GARLAND COURT,NY,V0,11,,FINNELLI  DONALD F,1785,0,34.0,52.5,5,6720,0,,,3,1004284.0,154718.0,40.5913187,-73.9278659,29a,,New York
BK,8845,2140,315.0,46.0,11229.0,61.0,20 DARE COURT,NY,V0,11,,"GERRITSEN DEVELOPERS, LLC",1800,0,40.0,45.0,5,8100,0,,,3,1006286.0,153123.0,40.586936,-73.9206628,29a,,New York
BK,8914,88,315.0,46.0,11229.0,61.0,100 CANTON COURT,NY,V0,11,,"KHAWAR, SYED S",1800,0,40.0,45.0,3,6180,0,,,3,1005546.0,154162.0,40.5897896,-73.9233237,29a,,New York
BK,8856,1570,315.0,46.0,11229.0,61.0,12 HYMEN COURT,NY,V0,11,,"GERRITSEN DEVELOPERS, LLC",1800,0,40.0,45.0,5,8100,0,,,3,1005659.0,152963.0,40.5864983,-73.9229207,29a,,New York
BK,8856,1604,315.0,46.0,11229.0,61.0,15 GAIN COURT,NY,V0,11,,"GERRITSEN DEVELOPERS, LLC",1800,0,40.0,45.0,5,8100,0,,,3,1005692.0,152992.0,40.5865779,-73.9228018,29a,,New York
BK,8845,1926,315.0,46.0,11229.0,61.0,3074 GERRITSEN AVENUE,NY,V0,11,,"CONNELLY, CHARLES  JR",5400,0,80.0,90.0,5,30300,0,,,3,1006857.0,153009.0,40.5866216,-73.9186073,29a,,New York
BK,8856,1616,315.0,46.0,11229.0,61.0,19 NOEL AVENUE,NY,V0,11,,IDEAL DEVELOPMENT GROUP LLC,3600,0,40.0,90.0,5,20220,0,,,3,1005786.0,153022.0,40.58666,-73.9224633,29a,,New York
BK,8914,524,315.0,46.0,11229.0,61.0,115 FRANK COURT,NY,V0,11,,"MC GRATH, ALICE",1800,0,40.0,45.0,5,6780,0,,,3,1005061.0,154121.0,40.5896782,-73.9250701,29a,,New York
BK,8839,6,315.0,46.0,11235.0,61.0,2702 PLUMB 1 STREET,NY,V1,11,,3147 VOORHIES AVE REALTY INC,7500,0,75.0,100.0,3,117900,0,,,3,1003416.0,153505.0,40.5879911,-73.9309947,29a,,New York
BK,8914,608,315.0,46.0,11229.0,61.0,119 GAIN COURT,NY,V0,11,,"CHEN, RUKUI",1800,0,40.0,45.0,3,8520,0,,,3,1004841.0,154039.0,40.5894537,-73.9258625,29a,,New York
BK,8542,12,318.0,46.0,11234.0,63.0,2169 HENDRICKSON STREET,NY,V2,11,,WILLIAM GILLSON,2000,0,20.0,100.0,5,7080,0,,,3,1005466.0,161440.0,40.6097664,-73.9235889,23b,,New York
BK,5716,59,312.0,43.0,11219.0,66.0,1045 61 STREET,NY,V1,11,,1041 REALTY CORP.,2000,0,20.0,100.0,5,51750,0,,,3,983022.0,169430.0,40.6317226,-74.0044242,22a,,New York
BK,8923,942,315.0,46.0,11229.0,61.0,80 GOTHAM AVENUE,NY,V0,11,,JOHN KURT,3360,0,48.0,70.0,5,15780,0,,,3,1004915.0,154484.0,40.5906749,-73.9255947,29a,,New York
BK,5685,17,312.0,44.0,11219.0,66.0,1426 55 STREET,NY,V0,11,,1426 55TH LLC,3130,0,31.25,100.17,5,25260,0,,,3,986240.0,168695.0,40.6297051,-73.9928307,22c,,New York
BK,8528,25,318.0,46.0,11234.0,63.0,2039 HENDRICKSON STREET,NY,V0,11,,DIANE PRIANTI,2000,0,20.0,100.0,5,7020,0,,,3,1004807.0,162217.0,40.6119007,-73.92596,23b,,New York
BK,8527,32,318.0,46.0,11234.0,63.0,2023 COLEMAN STREET,NY,V0,11,,OSSEM HOLDINGS LLC,2700,0,27.0,100.0,5,9480,0,,,3,1004517.0,162159.0,40.6117422,-73.9270047,23b,,New York
BK,6949,18,313.0,47.0,11214.0,60.0,181 BAY 52 STREET,NY,V0,11,,"KCY DEVELOPING, LLC",1113,0,13.83,57.0,3,7620,0,,,3,987526.0,151801.0,40.5833341,-73.9882059,28c,,New York
BK,1958,1,302.0,35.0,11238.0,88.0,417 ADELPHI STREET,NY,V0,11,,417 ADELPHI LLC,2000,0,20.0,100.0,5,16800,0,,,3,992597.0,188788.0,40.6848522,-73.9699038,16c,,New York
BK,1980,15,302.0,35.0,11238.0,88.0,193 ST JAMES PLACE,NY,V0,11,X,TRINITY HOLY CHURCH OF CHRIST INC,2500,0,25.0,100.0,5,20340,0,,,3,994358.0,188400.0,40.6837854,-73.9635548,16c,,New York
BK,1664,23,303.0,36.0,11233.0,81.0,426 HALSEY STREET,NY,V0,11,,EVELYN SMITH,1667,0,16.67,100.0,5,9180,0,,,3,1001741.0,188139.0,40.6830575,-73.9369356,17a,,New York
BK,3472,47,304.0,37.0,11207.0,83.0,31 STEWART STREET,NY,V1,11,,50 N.CLINTON AVE RLTY CP,1098,0,16.67,75.0,5,17100,0,,,3,1010838.0,187251.0,40.6805975,-73.9041395,17c,,New York
BK,576,52,306.0,38.0,11231.0,76.0,90 DIKEMAN STREET,NY,V0,11,,"BRUCE, ALEX M",2000,0,20.0,100.0,5,32520,0,,,3,980726.0,185747.0,40.6765086,-74.0127047,16a,,New York
BK,773,50,307.0,38.0,11220.0,72.0,359 49 STREET,NY,V0,11,,TOMAS M. FIGUEROA,2003,0,20.0,100.17,5,14160,0,,,3,980790.0,175211.0,40.6475897,-74.0124685,22a,,New York
BK,6997,78,313.0,47.0,11224.0,60.0,2716 STILLWELL AVENUE,NY,V1,11,,"GARCIA, IGNACIO",2375,0,20.0,118.75,5,126450,0,,,3,989081.0,150817.0,40.5806325,-73.9826084,28d,,New York
BK,1471,65,316.0,41.0,11233.0,73.0,1508 EASTERN PARKWAY,NY,V0,11,,1508 EASTERN PARKWAY LLC,2522,0,89.0,56.58,4,9660,0,,,3,1006994.0,183405.0,40.6700518,-73.9180117,17b,,New York
BK,3583,27,316.0,41.0,11212.0,73.0,791 SARATOGA AVENUE,NY,V1,11,,"HP NEW PENN HOUSING DEVELOPMENT FUND COM PANY, INC",2000,0,20.0,100.0,5,59850,0,,,3,1007809.0,180212.0,40.6612856,-73.9150849,17b,,New York
BK,708,52,307.0,38.0,11232.0,72.0,351 40 STREET,NY,V0,11,,"ARACENA, JOSE",2003,0,20.0,100.17,5,14160,0,,,3,982198.0,177086.0,40.6527366,-74.0073952,16b,,New York
BK,3611,39,316.0,41.0,11212.0,73.0,878 THOMAS S BOYLAND ST,NY,V0,11,,MICHAEL L EVANS,2000,0,20.0,100.0,5,7980,0,,,3,1008888.0,179301.0,40.6587822,-73.9111991,17d,,New York
BK,6740,54,314.0,44.0,11230.0,70.0,1101 AVENUE N,NY,V0,11,,"BET YAAKOV OROT SARAH, INC.",1775,0,17.75,100.0,3,50460,0,,,3,994467.0,163510.0,40.6154677,-73.9631995,22d,,New York
BK,5103,50,314.0,40.0,11226.0,70.0,2262 CHURCH AVENUE,NY,V1,11,,2268 CHURCH AVE LLC,3252,0,84.0,41.33,5,276300,0,,,3,996307.0,176214.0,40.6503351,-73.9565494,17b,,New York
BK,3624,29,316.0,42.0,11212.0,73.0,114 LOTT AVENUE,NY,V0,11,,"OLADEGA PROPERTIES, LLC",2000,0,20.0,100.0,5,7980,0,,,3,1009388.0,178820.0,40.6574606,-73.9093988,17d,,New York
BK,7290,1,315.0,48.0,11223.0,61.0,2219 CONEY ISLAND AVENUE,NY,V0,11,,"KASTIKA, NOURI",3400,0,29.17,100.0,3,20280,0,,,3,995031.0,158930.0,40.6028958,-73.9611754,28c,,New York
BK,5119,26,314.0,40.0,11226.0,70.0,210 EAST 16 STREET,NY,V0,11,,2071 HERING ST INC.,1138,0,91.08,24.92,5,19980,0,,,3,994130.0,174422.0,40.6454192,-73.9643974,22c,,New York
BK,4717,18,317.0,42.0,11212.0,67.0,559 EAST 96 STREET,NY,V0,11,,BROOKDALE HOSPITAL MEDICAL CENTER,2000,0,20.0,100.0,5,7980,0,,,3,1008087.0,177855.0,40.6548155,-73.9140912,17b,,New York
BK,520,18,306.0,38.0,11231.0,76.0,28 LUQUER STREET,NY,V1,11,,LUQUER STREET LLC,2250,0,22.5,100.0,5,77400,0,,,3,982979.0,186522.0,40.6786364,-74.0045823,16a,,New York
BK,520,17,306.0,38.0,11231.0,76.0,26 LUQUER STREET,NY,V1,11,,LUQUER STREET LLC,2500,0,25.0,100.0,5,88650,0,,,3,982956.0,186530.0,40.6786584,-74.0046653,16a,,New York
BK,3996,2,305.0,42.0,11207.0,75.0,299 SCHENCK AVENUE,NY,V0,11,,"EISRAELIAN, SOLAYMANM",2500,0,25.0,100.0,5,16440,0,,,3,1015218.0,184673.0,40.6735073,-73.8883597,17c,,New York
BK,2121,47,302.0,35.0,11238.0,88.0,65 GREENE AVENUE,NY,V0,11,,SHIRLEY GAJEUSKI SHARLENE BROWNE,1508,0,21.42,70.42,5,12720,0,,,3,992515.0,189350.0,40.6863949,-73.9701988,16c,,New York
BK,3565,50,316.0,41.0,11212.0,73.0,826 HOWARD AVENUE,NY,V0,11,X,URBAN CENTER FOR CHANGE HDFC,2500,0,25.0,100.0,5,9720,0,,,3,1006786.0,180351.0,40.6616698,-73.9187717,17b,,New York
BK,3210,31,304.0,34.0,11237.0,83.0,52 WYCKOFF AVENUE,NY,V1,11,,LEVY REALTY LLC,5000,0,50.0,101.08,3,85950,0,,,3,1006031.0,196278.0,40.7053877,-73.9214415,13b,,New York
BK,3515,104,316.0,41.0,11212.0,73.0,581 SARATOGA AVENUE,NY,V0,11,,ANNIE JENKINS,1800,0,18.0,100.0,5,12480,0,,,3,1007416.0,182226.0,40.6668147,-73.9164945,17b,,New York
BK,3537,1,316.0,41.0,11212.0,73.0,655 SARATOGA AVENUE,NY,V0,11,,103 BLAKE LLC,3008,0,30.08,100.0,3,13140,0,,,3,1007559.0,181504.0,40.6648326,-73.9159815,17b,,New York
BK,3538,41,316.0,41.0,11212.0,73.0,198 HERZL STREET,NY,V0,11,X,GIDEON KNIGHTS FREEDOM CHURCH OF JESUS C HRIST,2500,0,25.0,100.0,5,9720,0,,,3,1007898.0,181644.0,40.6652159,-73.9147591,17b,,New York
BK,1898,42,303.0,33.0,11205.0,79.0,96 FRANKLIN AVENUE,NY,V9,11,,"NEWMAN, SIMON",2370,0,21.92,108.08,5,64800,0,,,3,995716.0,192892.0,40.6961133,-73.9586508,12d,,New York
BK,3623,23,316.0,42.0,11212.0,73.0,955 THOMAS S BOYLAND ST,NY,V0,11,X,CHURCH OF THE FIRSTBORN INC,2000,0,20.0,100.0,5,7980,0,,,3,1009202.0,178619.0,40.6569094,-73.9100699,17d,,New York
BK,1691,39,303.0,36.0,11233.0,81.0,61 MARION STREET,NY,V0,11,C,NYC DEPARTMENT OF TRANSPORTATION,1050,0,18.75,56.0,3,7380,0,,,3,1004048.0,186996.0,40.6799154,-73.928621,17a,,New York
BK,945,40,306.0,39.0,11217.0,78.0,28 7 AVENUE,NY,V0,11,,SEVENTH RESIDENCE LLC,1800,0,20.0,90.0,5,27180,0,Park Slope Historic District,,3,991451.0,185943.0,40.6770444,-73.9740389,16c,,New York
BK,3510,16,316.0,41.0,11212.0,73.0,2041 UNION STREET,NY,V0,11,O,NYC PACT PRESERVATION PARTNERS LLC,2500,0,25.0,100.0,5,9720,0,,,3,1006076.0,182099.0,40.6664695,-73.9213251,17b,,New York
BK,8007,46,318.0,46.0,11236.0,69.0,718 EAST 87 STREET,NY,V0,11,X,OUR LADY MIRACLES,3100,0,31.0,100.0,5,13500,0,,,3,1009339.0,172370.0,40.6397569,-73.9095994,23c,,New York
BK,8008,17,318.0,46.0,11236.0,69.0,747 EAST 87TH STREET,NY,V0,11,,747 EAST 87TH STREET LLC,4926,0,49.17,100.33,5,28380,0,,,3,1009611.0,172294.0,40.6395475,-73.9086196,23c,,New York
BK,8010,47,318.0,46.0,11236.0,69.0,1150 REMSEN AVENUE,NY,V0,11,,TECKS REAL ESTATE LLC,2517,0,25.0,100.67,5,12600,0,,,3,1009940.0,172870.0,40.6411275,-73.907432,23c,,New York
BK,8202,42,318.0,46.0,11236.0,69.0,9410 FLATLANDS AVENUE,NY,V0,11,,REDDY BROOKLYN CENTER LLC,11984,0,112.0,107.0,3,49020,0,,,3,1011337.0,173270.0,40.6422213,-73.9023966,23c,,New York
BK,8185,53,318.0,46.0,11236.0,69.0,223 CONKLIN AVENUE,NY,V0,11,,"MONASHERI, MANSOUR R",3981,0,25.0,159.25,5,17280,0,,,3,1011717.0,174253.0,40.6449182,-73.9010233,23c,,New York
BK,8240,66,318.0,46.0,11236.0,69.0,1382 EAST 95 STREET,NY,V0,11,,UNAVAILABLE OWNER,2261,0,22.5,100.5,5,7980,0,,,3,1012679.0,171714.0,40.6379462,-73.8975675,23c,,New York
BK,8146,58,318.0,42.0,11236.0,69.0,1328 ROCKAWAY PARKWAY,NY,V1,11,,TULIP MANAGEMENT LLC,5000,0,50.0,100.0,5,398250,0,,,3,1010676.0,175005.0,40.6469855,-73.9047716,23c,,New York
BK,8205,60,318.0,46.0,11236.0,69.0,8 TRUCKLEMANS LANE,NY,V0,11,,"FSNR ACQUISITION GROUP, LLC",2635,0,24.58,107.17,5,15360,0,,,3,1012223.0,173648.0,40.6432561,-73.8992025,23c,,New York
BK,7932,60,317.0,45.0,11236.0,67.0,1330 RALPH AVENUE,NY,V1,11,,"BERNSTEIN , MOSHE",5043,0,41.0,123.0,5,97650,0,,,3,1006382.0,174007.0,40.644258,-73.9202487,23a,,New York
BK,4777,12,317.0,45.0,11203.0,67.0,460 EAST 57 STREET,NY,V1,11,,BROOKLYN CATHEDRAL OF PRAISE CHURCH OF G OD INC,9000,0,90.0,100.0,5,115650,0,,,3,1005594.0,174020.0,40.6442956,-73.9230881,23a,,New York
BK,8128,82,318.0,42.0,11236.0,69.0,9517 NOLANS LANE,NY,V0,11,,D 96TH STREET COMPANY LLC,4500,0,45.0,100.0,5,17520,0,,,3,1009828.0,175426.0,40.6481435,-73.9078258,23c,,New York
BK,8295,31,318.0,46.0,11236.0,69.0,1621 EAST 92 STREET,NY,V0,11,,"FRASER, THERESA",5200,0,25.0,208.0,5,24480,0,,,3,1013510.0,169850.0,40.6328272,-73.8945814,23c,,New York
BK,5592,33,312.0,39.0,11218.0,66.0,1168 41 STREET,NY,V0,11,,1168 LYBSS LLC,2504,0,25.0,100.17,5,17880,0,,,3,986911.0,172814.0,40.6410107,-73.9904117,22c,,New York
BK,1710,34,303.0,41.0,11233.0,81.0,866 HERKIMER STREET,NY,V0,11,,LULA TAYLOR,1346,0,15.0,89.75,5,9240,0,,,3,1005085.0,186326.0,40.678074,-73.9248843,17a,,New York
BK,3662,20,305.0,37.0,11207.0,75.0,124 JAMAICA AVENUE,NY,V1,11,,"242 NEVINS, INC.",3469,0,45.75,73.5,3,110250,0,,,3,1013241.0,186618.0,40.6788525,-73.8954785,17c,,New York
BK,3651,1,305.0,37.0,11207.0,75.0,150 JAMAICA AVENUE,NY,V0,11,,SLATER PROPERTY LLC,1700,0,35.0,36.0,5,1008,0,,,3,1013604.0,186871.0,40.6795458,-73.8941687,17c,,New York
BK,4499,26,305.0,42.0,11208.0,75.0,614 BERRIMAN STREET,NY,V1,11,,"ANTONIELLO, ANTHONY",2000,0,20.0,100.0,5,27450,0,,,3,1018830.0,181092.0,40.6636649,-73.8753568,17d,,New York
BK,3662,10,305.0,37.0,11207.0,75.0,77 VERMONT STREET,NY,V0,11,,D'SHAWNA JONES,1717,0,16.67,103.0,5,7440,0,,,3,1013312.0,186411.0,40.6782841,-73.8952234,17c,,New York
BK,3662,25,305.0,37.0,11207.0,75.0,136 JAMAICA AVENUE,NY,V1,11,,"CALDERON, JUAN",2582,0,26.92,95.92,5,86400,0,,,3,1013331.0,186666.0,40.678984,-73.8951538,17c,,New York
BK,3662,22,305.0,37.0,11207.0,75.0,128 JAMAICA AVENUE,NY,V1,11,,"242 NEVINS, INC.",6314,0,67.0,111.67,5,45900,0,,,3,1013293.0,186638.0,40.6789073,-73.8952909,17c,,New York
BK,4682,51,317.0,41.0,11203.0,67.0,5601 CHURCH AVENUE,NY,V0,11,,"PROSPERE, EVERTON A. M.D.",1800,0,40.0,45.0,3,9840,0,,,3,1005212.0,177077.0,40.6526873,-73.9244552,17b,,New York
BK,4502,23,305.0,42.0,11208.0,75.0,586 MILFORD STREET,NY,V2,11,,"NOBLE, CHELMSFORD",2500,0,25.0,100.0,5,4920,0,,,3,1019486.0,181518.0,40.6648316,-73.87299,17d,,New York
BK,4504,66,305.0,42.0,11208.0,75.0,813 LOGAN STREET,NY,V1,11,,SHALIMAR HOLDING CORP,1800,0,18.0,100.0,5,26550,0,,,3,1019723.0,181949.0,40.6660136,-73.8721335,17d,,New York
BK,4310,69,305.0,42.0,11207.0,75.0,641 JEROME STREET,NY,V0,11,,"641 JEROME, LLC",2000,0,20.0,100.0,5,11640,0,,,3,1016393.0,181489.0,40.6647637,-73.884139,17d,,New York
BK,4092,3,305.0,42.0,11207.0,75.0,876 LIVONIA AVENUE,NY,V1,11,,877 LIVONIA AVE LLC,800,0,20.0,40.0,5,27450,0,,,3,1016304.0,181951.0,40.6660321,-73.8844576,17d,,New York
BK,4074,38,305.0,42.0,11207.0,75.0,646 HENDRIX STREET,NY,V0,11,,CALDERON MIGUEL,1500,0,20.0,75.0,3,7920,0,,,3,1015363.0,181865.0,40.6657994,-73.88785,17d,,New York
BK,4088,35,305.0,42.0,11207.0,75.0,686 HENDRIX STREET,NY,V1,11,,MEDICAL AND SCIENTIFIC EQUIPMENT EXPORTE R LLC,2700,0,27.0,100.0,5,117900,0,,,3,1015432.0,181455.0,40.6646738,-73.8876031,17d,,New York
BK,4008,5,305.0,42.0,11208.0,75.0,171 MONTAUK AVENUE,NY,V0,11,,RENE MELENDEZ,2000,0,20.0,100.0,5,12600,0,,,3,1018116.0,185277.0,40.6751545,-73.8779094,17c,,New York
BK,2767,1,301.0,34.0,11211.0,90.0,402 UNION AVENUE,NY,V0,11,,402 UNION ASSOCIATES LLC,1356,0,25.0,54.25,3,8160,0,,,3,997796.0,198877.0,40.7125378,-73.9511378,13b,,New York
BK,2384,32,301.0,34.0,11211.0,90.0,331 GRAND STREET,NY,V1,11,,"PAULINO, BIENVENIDO",2500,0,25.0,100.0,5,112500,0,,,3,996409.0,198954.0,40.7127511,-73.9561408,13b,,New York
BK,3489,107,316.0,41.0,11212.0,73.0,353 ROCKAWAY AVENUE,NY,V1,11,,"353 ROCKAWAY PROPERTY, INC.",3003,0,30.0,100.08,5,97200,0,,,3,1008971.0,183902.0,40.6714107,-73.9108831,17c,,New York
BK,8173,6,318.0,42.0,11236.0,69.0,10409 GLENWOOD ROAD,NY,V1,11,,"MOHSSEN, FATHI A",3600,0,40.0,90.0,5,194850,0,,,3,1012837.0,175712.0,40.6489193,-73.8969813,17d,,New York
BK,8284,2,318.0,46.0,11236.0,69.0,10021 AVENUE N,NY,V0,11,,THE PINK FISH LLC,896,0,16.0,56.0,5,3360,1915,,,3,1015109.0,171554.0,40.6374989,-73.8888127,23c,,New York
BK,4974,16,317.0,45.0,11203.0,67.0,1328 ALBANY AVENUE,NY,V0,11,,REYNOLDS GEORGE A,2000,0,20.0,100.0,5,7020,0,,,3,1001383.0,172800.0,40.6409561,-73.9382653,23a,,New York
BK,2021,1,303.0,36.0,11216.0,79.0,1087 ATLANTIC AVENUE,NY,V1,11,,"1087 ATLANTIC AVE, LLC",7752,0,109.42,98.0,3,204300,0,,,3,996729.0,186809.0,40.6794155,-73.955009,17a,,New York
BK,4056,56,305.0,42.0,11208.0,75.0,1109 BLAKE AVENUE,NY,V0,11,,"CANO, ADOLFO",1808,0,20.08,90.0,5,9420,0,,,3,1018386.0,183651.0,40.6706905,-73.8769442,17d,,New York
BK,1736,29,303.0,33.0,11205.0,79.0,112 SANDFORD STREET,NY,V1,11,,114 SANFORD LLC,1875,0,18.75,100.0,5,48150,0,,,3,997060.0,192664.0,40.6954856,-73.9538045,13b,,New York
BK,539,4,306.0,38.0,11231.0,76.0,777 HICKS STREET,NY,V1,11,,ARSHAD REALTY CORP,2500,0,25.0,100.0,5,312750,0,,,3,982955.0,185663.0,40.6762787,-74.0046687,16a,,New York
BK,2262,40,301.0,33.0,11205.0,90.0,427 FLUSHING AVENUE,NY,V0,11,,"YESHIVAH BEIS LEIVY,",4167,0,41.67,100.0,5,60060,0,,,3,995879.0,193958.0,40.699039,-73.9580612,12d,,New York
BK,8932,590,315.0,46.0,11229.0,61.0,30 BEVY COURT,NY,V0,11,,"MURDOCH, JOHN",1785,0,34.0,52.5,5,6720,0,,,3,1004678.0,155297.0,40.592907,-73.9264455,29a,,New York
BK,3443,17,304.0,37.0,11237.0,83.0,278 COOPER STREET,NY,V1,11,,GOWANUS PROPERTIES LLC,2500,0,25.0,100.0,5,37350,0,,,3,1011018.0,191173.0,40.691362,-73.903475,17c,,New York
BK,6924,5,313.0,47.0,11214.0,60.0,151 BAY 50 STREET,NY,V1,11,,"TIRONE, MARIE A",4000,0,40.0,100.0,5,98100,0,,,3,987976.0,152604.0,40.585538,-73.9865854,28c,,New York
BK,1970,49,303.0,36.0,11238.0,79.0,91 QUINCY STREET,NY,V0,11,,MOUNT SINAI BAPTIST CHURCH,2017,0,20.17,100.0,5,12540,0,,,3,996020.0,189350.0,40.6863909,-73.9575607,16c,,New York
BK,8891,616,315.0,46.0,11229.0,61.0,37 JOVAL COURT,NY,V1,11,,REM EMPIRE GROUP LLC,1785,0,34.0,52.5,5,32850,0,,,3,1003704.0,154646.0,40.5911223,-73.9299545,29a,,New York
BK,3594,4,316.0,41.0,11212.0,73.0,379 EAST 98 STREET,NY,V1,11,,398 EAST 98 STREET REALTY LLC,810,0,19.0,47.17,5,42300,0,,,3,1007553.0,179392.0,40.6590356,-73.9160104,17b,,New York
BK,8876,2696,315.0,46.0,11229.0,61.0,114 JUST COURT,NY,V0,11,,"BRACKEN, MARY F",1800,0,40.0,45.0,5,8100,0,,,3,1004718.0,153776.0,40.5887321,-73.9263061,29a,,New York
BK,8939,118,315.0,46.0,11229.0,61.0,54 FANE COURT,NY,V0,11,,"KHASHIMOV, RUSLAN",1785,0,34.0,52.5,5,6720,0,,,3,1003971.0,155294.0,40.5929004,-73.9289912,29a,,New York
BK,8946,988,315.0,46.0,11229.0,61.0,76 DICTUM COURT,NY,V0,11,,"MCMORROW, DOROTHY",1785,0,34.0,52.5,5,6720,0,,,3,1003900.0,155795.0,40.5942757,-73.9292454,29a,,New York
BK,154,15,302.0,33.0,11201.0,84.0,370 FULTON STREET,NY,V1,11,,FEIL FULTON OWNER LLC,3353,0,26.42,127.08,5,633600,0,,,3,987603.0,191160.0,40.6913661,-73.9879091,16c,,New York
BK,4017,25,305.0,42.0,11208.0,75.0,2410 PITKIN AVENUE,NY,V1,11,,EX REALTY CORP.,2488,0,24.88,100.0,3,121500,0,,,3,1016574.0,184665.0,40.6734805,-73.8834714,17c,,New York
BK,1124,47,308.0,35.0,11238.0,77.0,971 PACIFIC STREET,NY,V1,11,,BLDG 980 ATLANTIC LLC,1328,0,29.5,45.0,5,44100,0,,,3,994827.0,186983.0,40.6798955,-73.9618661,16c,,New York
BK,2269,48,301.0,33.0,11206.0,90.0,39 BARTLETT STREET,NY,V0,11,C,NYC HOUSING PRESERVATION AND DEVELOPMENT,2500,0,25.0,100.0,5,39600,0,,,3,998945.0,194703.0,40.7010793,-73.9470023,13b,,New York
BK,663,1,307.0,38.0,11232.0,72.0,95 29 STREET,NY,V1,11,,"CONSOLIDATED EDISON COMPANY OF NEW YORK,  INC.",133247,0,190.33,700.0,1,7904700,0,,,3,983352.0,179938.0,40.6605649,-74.0032367,16b,,New York
BK,2031,37,302.0,35.0,11205.0,88.0,16 ADELPHI STREET,NY,V1,11,,RALPH GREENE,831,0,20.0,41.58,5,70650,0,,,3,991761.0,193364.0,40.6974131,-73.972913,12d,,New York
BK,8925,342,315.0,46.0,11229.0,61.0,14 DICTUM COURT,NY,V0,11,,BENDALL ANN-MARIE,1785,0,34.0,52.5,5,6720,0,,,3,1004681.0,154874.0,40.591746,-73.926436,29a,,New York
BK,2751,44,301.0,34.0,11211.0,94.0,21 CONSELYEA STREET,NY,V0,11,,COBBLESTONE ESTATES LLC,2200,0,22.0,100.0,5,21540,2021,,,3,997906.0,199721.0,40.7148542,-73.9507393,13b,,New York
BK,8592,8,318.0,46.0,11234.0,63.0,2220 NATIONAL DRIVE,NY,V0,11,,"WEST 9 STREET, LLC",3240,0,27.0,120.0,5,24300,0,,,3,1007534.0,160268.0,40.6065443,-73.9161449,23b,,New York
BK,4081,18,305.0,42.0,11208.0,75.0,683 CLEVELAND STREET,NY,V0,11,,"BATISTA, KEVIN",1938,0,20.0,96.0,5,11640,0,,,3,1016870.0,182530.0,40.6676193,-73.8824146,17d,,New York
BK,8645,39,318.0,46.0,11234.0,63.0,56 DRIVE,NY,V0,11,,LOUIS BASSOLINO,4870,0,95.83,101.33,3,36540,0,,,3,1008219.0,161205.0,40.6091144,-73.9136746,23b,,New York
BK,8614,38,318.0,46.0,11234.0,63.0,2560 NATIONAL DRIVE,NY,V0,11,,"FILIPPAZZO, STEFANO A",4800,0,40.0,120.0,5,16980,0,,,3,1010759.0,159802.0,40.6052562,-73.9045322,23d,,New York
BK,2618,51,301.0,33.0,11222.0,94.0,144 GUERNSEY STREET,NY,V0,11,,142-44 GUERNSEY LLC,2500,0,25.0,100.0,5,21240,0,,,3,997075.0,203737.0,40.7258784,-73.9537293,13a,,New York
BK,8627,41,318.0,46.0,11234.0,63.0,255 MAYFAIR DRIVE NORTH,NY,V0,11,,DONSKOI ALEXANDER,5185,0,51.42,100.83,5,16260,0,,,3,1010691.0,162087.0,40.6115283,-73.9047682,23d,,New York
BK,4105,119,305.0,37.0,11208.0,75.0,88 CRESCENT STREET,NY,V0,11,,ANATA INC.,3520,0,44.0,80.0,5,26580,0,,,3,1019312.0,189666.0,40.6871966,-73.8735748,17c,,New York
BK,1443,51,316.0,37.0,11233.0,73.0,2411 DEAN STREET,NY,V0,11,,CORDELIA  LAMONT AS TRUSTEE,2143,0,20.0,107.17,5,21480,0,,,3,1009935.0,185135.0,40.6747923,-73.9074033,17c,,New York
BK,8663,338,313.0,48.0,11235.0,60.0,35 BRIGHTON 3 WALK,NY,V0,11,,2929 BRIGHTON 3RD PLAZA CORP.,1200,0,30.0,40.0,5,11280,0,,,3,993979.0,150596.0,40.5800219,-73.9649759,28d,,New York
BK,1533,22,316.0,41.0,11233.0,73.0,202 MAC DOUGAL STREET,NY,V0,11,,"E-SHINA, LLC",1875,0,18.75,100.0,5,7500,0,,,3,1008513.0,186982.0,40.6798659,-73.9125231,17a,,New York
BK,6658,44,315.0,44.0,11223.0,61.0,1840 EAST 2 STREET,NY,V0,11,,VICAR HOMES INC,84,0,1.5,56.17,8,164,0,,,3,992215.0,159574.0,40.6046665,-73.9713156,22d,,New York
BK,2505,20,301.0,33.0,11222.0,94.0,174 EAGLE STREET,NY,V0,11,,174 EAGLE ST LLC,2500,0,25.0,100.0,5,18840,0,,,3,997109.0,207090.0,40.7350815,-73.9536002,13a,,New York
BK,3683,21,305.0,37.0,11207.0,75.0,49 WILLIAMS AVENUE,NY,V1,11,,AMERICAN GROUP REALTY INC.,2025,0,20.25,100.0,5,60300,0,,,3,1011913.0,185268.0,40.6751514,-73.9002719,17c,,New York
BK,3722,114,305.0,42.0,11207.0,75.0,424 GLENMORE AVENUE,NY,V0,11,,BNEI EMUNIM Y&Y LLC,3500,0,20.0,50.0,5,15840,0,,,3,1013491.0,184585.0,40.6732716,-73.894586,17c,,New York
BK,3697,5,305.0,37.0,11207.0,75.0,185 VAN SINDEREN AVENUE,NY,V1,11,,"98 SNEDIKER PROPERTIES, LLC",12000,0,120.0,100.0,5,173295,0,,,3,1011270.0,184470.0,40.672963,-73.9025931,17c,,New York
BK,1133,89,308.0,35.0,11238.0,77.0,861 DEAN STREET,NY,V1,11,,"562 GRAND AVE., LLC",1833,0,16.67,110.0,5,51750,0,,,3,994995.0,186672.0,40.6790417,-73.9612609,16c,,New York
BK,1126,4,308.0,35.0,11238.0,77.0,623 CLASSON AVENUE,NY,V1,11,,MINOP REALTY GROUP LLC,1161,0,16.58,70.0,5,37800,0,,,3,995833.0,186752.0,40.6792602,-73.9582395,16c,,New York
BK,1134,8,308.0,35.0,11238.0,77.0,633 CLASSON AVENUE,NY,V1,11,,GREEN PACIFIC REALTY LLC,2112,0,24.0,88.0,5,186300,0,,,3,995797.0,186584.0,40.6787992,-73.9583695,16c,,New York
BK,1126,3,308.0,35.0,11238.0,77.0,625 CLASSON AVENUE,NY,V1,11,,"APPLETON, JR, ALBERT JR.",1161,0,16.58,70.0,5,37800,0,,,3,995829.0,186735.0,40.6792136,-73.9582539,16c,,New York
BK,575,10,306.0,38.0,11231.0,76.0,123 WOLCOTT STREET,NY,V0,11,,"GRIGORIADIS, VANESSA M",2500,0,25.0,100.0,5,30180,0,,,3,980377.0,186196.0,40.6777409,-74.0139631,16a,,New York
BK,4606,6,317.0,41.0,11212.0,67.0,140 REMSEN AVENUE,NY,V0,11,,140 REMSEN LLC,3827,0,86.33,44.33,3,17940,0,,,3,1003987.0,179920.0,40.6604935,-73.9288616,17b,,New York
BK,1167,12,308.0,35.0,11238.0,77.0,448 PARK PLACE,NY,V1,11,,DIAMONDSTONE KENNETH,2554,0,25.0,102.17,5,168750,0,,,3,994533.0,185284.0,40.6752325,-73.9629286,16c,,New York
BK,1758,48,303.0,36.0,11206.0,79.0,592 MARCY AVENUE,NY,V1,11,,592 MARCY HOLDINGS LLC,2500,0,25.0,100.0,5,230400,0,,,3,998307.0,192246.0,40.6943364,-73.9493084,13b,,New York
BK,2393,34,301.0,34.0,11211.0,90.0,181 SOUTH 1 STREET,NY,V0,11,,KANE STREET HOLDING LLC,1704,0,25.0,68.17,5,26280,0,,,3,995216.0,199273.0,40.7136283,-73.9604436,12d,,New York
BK,4284,28,305.0,42.0,11208.0,75.0,1330 BLAKE AVENUE,NY,V0,11,,"CASTELLE, JERRY",1800,0,20.0,90.0,5,9360,0,,,3,1021000.0,183990.0,40.6716105,-73.8675193,18a,,New York
BK,5704,22,312.0,44.0,11219.0,66.0,1238 58TH STREET,NY,V0,11,,"LEBOVITS, BENZION",6410,0,40.0,100.17,5,34020,0,,,3,984597.0,169000.0,40.6305425,-73.9987499,22c,,New York
BK,7160,72,313.0,47.0,11223.0,60.0,2333 STILLWELL AVENUE,NY,V1,11,,"STOLZBERG, ARYEH",2000,0,20.0,100.0,5,159300,0,,,3,988774.0,154361.0,40.5903603,-73.9837112,28c,,New York
BK,625,250,307.0,38.0,,,19 STREET,NY,V1,11,C,NYC DEPARTMENT OF CITYWIDE ADMINISTRATIVE SERVICES,79040,0,511.83,204.33,2,344700,0,,,3,984330.0,182621.0,40.6679292,-73.9997116,16d,,New York
BK,875,131,307.0,39.0,11215.0,72.0,17 STREET,NY,V0,11,,MULTI-LOTS CORP,65,0,3.25,20.0,8,756,0,,,3,988301.0,179608.0,40.6596582,-73.9853991,16d,,New York
BK,5484,28,312.0,44.0,11219.0,66.0,54 STREET,NY,V0,11,,EMES RESIDENCES LLC,721,0,6.0,100.17,8,1008,0,,,3,987159.0,168338.0,40.6287249,-73.98952,22c,,New York
BK,1603,30,303.0,36.0,11221.0,81.0,1070 DEKALB AVENUE,NY,V0,11,,"DAVIS-DILL, ANNETTEM",1950,0,19.5,100.0,5,11280,0,,,3,1003136.0,191900.0,40.6933778,-73.9318953,13b,,New York
BK,1048,18,307.0,39.0,11215.0,72.0,240 15 STREET,NY,V0,11,,SALVATORE LOMBARDI,2950,0,29.5,100.0,5,29940,0,,,3,987410.0,181543.0,40.6649697,-73.9886096,16d,,New York
BK,2157,3,301.0,34.0,11249.0,90.0,451 BERRY STREET,NY,V0,11,O,NYC HOUSING AUTHORITY,1080,0,15.0,72.0,5,19380,0,,,3,993734.0,197134.0,40.7077589,-73.9657924,12d,,New York
BK,5114,29,314.0,40.0,11218.0,70.0,547 CONEY ISLAND AVENUE,NY,V1,11,,545 CONEY ISLAND LLC,7380,0,66.33,105.25,3,199350,0,,,3,992615.0,173911.0,40.6440182,-73.9698573,22c,,New York
BK,2393,31,301.0,34.0,11211.0,90.0,710 DRIGGS AVENUE,NY,V0,11,,KANE STREET HOLDING LLC,940,0,20.0,47.0,5,14280,0,,,3,995270.0,199241.0,40.7135404,-73.9602488,12d,,New York
BK,1763,49,303.0,33.0,11205.0,79.0,214 WALWORTH STREET,NY,V0,11,,WORTHWISE LLC,2000,0,20.0,100.0,5,12420,0,,,3,996991.0,191451.0,40.6921563,-73.9540556,17a,,New York
BK,2133,20,301.0,34.0,11211.0,90.0,220 BROADWAY,NY,V1,11,,"AHMED, ADEL",91,0,3.17,28.75,3,900,0,,,3,995069.0,197699.0,40.7093082,-73.9609763,12d,,New York
BK,8925,418,315.0,46.0,11229.0,61.0,15 EBONY COURT,NY,V0,11,,"COFFEY, JOSEPH",1785,0,34.0,52.5,5,7080,0,,,3,1004493.0,154761.0,40.5914362,-73.9271133,29a,,New York
BK,3780,21,316.0,42.0,11212.0,73.0,434 BLAKE AVENUE,NY,V0,11,,434 BLAKE LLC,3000,0,30.0,100.0,3,13140,0,,,3,1011203.0,182118.0,40.6665075,-73.9028441,17d,,New York
BK,1078,20,306.0,39.0,11215.0,78.0,534A 2 STREET,NY,V3,11,,CITY OF NEW YORK,150,0,0.5,95.0,5,120,0,,,3,990573.0,183542.0,40.6704548,-73.9772065,16d,,New York
BK,1846,37,303.0,36.0,11216.0,79.0,312 HALSEY STREET,NY,V0,11,,312 HALSEY LLC,2000,0,20.0,100.0,5,12120,0,,,3,1000467.0,187945.0,40.6825275,-73.9415295,17a,,New York
BK,6912,24,313.0,47.0,11214.0,60.0,229 BAY 44 STREET,NY,V0,11,,NANG YAN CHEUNG,498,0,11.67,39.09,8,316,0,,,3,987170.0,154146.0,40.5897708,-73.9894865,28c,,New York
BK,1941,11,303.0,36.0,11205.0,79.0,275 FRANKLIN AVENUE,NY,V0,11,,"267 FRANKLIN AVE, LLC",1357,0,4.08,100.0,5,9480,0,,,3,996236.0,190727.0,40.6901702,-73.9567794,16c,,New York
BK,7074,6,313.0,47.0,11224.0,60.0,1516 SURF AVENUE,NY,V1,11,,WANTANABE RLTY CORP,4808,0,25.0,192.33,5,341550,0,,,3,989011.0,148784.0,40.5750524,-73.9828618,28d,,New York
BK,6190,138,311.0,38.0,11228.0,62.0,1468 72 STREET,NY,V0,11,,"TSE, RAYMOND",420,0,3.0,100.0,8,316,0,,,3,983752.0,164933.0,40.6193794,-74.0017938,22b,,New York
BK,6696,16,314.0,45.0,11230.0,70.0,814 EAST 13 STREET,NY,V0,11,,WEXLER DANIEL,4043,0,40.0,100.0,5,73560,0,,,3,994162.0,168425.0,40.6289587,-73.9642909,22c,,New York
BK,7891,7,318.0,46.0,11234.0,63.0,2187 FLATBUSH AVENUE,NY,V1,11,,"2189 FLATBUSH AVE REALTY, LLC",4000,0,40.0,100.0,5,196200,0,,,3,1003665.0,164024.0,40.6168631,-73.9300679,23b,,New York
BK,7479,97,315.0,46.0,11235.0,61.0,2650 KOUWENHOVEN LANE,NY,V0,11,,1000 COYLE ST RLTY CORP,3850,0,45.0,77.75,5,13860,0,,,3,1002249.0,153795.0,40.5887896,-73.9351956,29a,,New York
BK,7901,24,318.0,46.0,11234.0,63.0,1533 EAST 56 STREET,NY,V0,11,,UNAVAILABLE OWNER,7000,0,35.0,200.0,4,47220,0,,,3,1006325.0,164504.0,40.6181744,-73.9204852,23b,,New York
BK,7904,27,318.0,46.0,11234.0,63.0,2434 RALPH AVENUE,NY,V0,11,,UNAVAILABLE OWNER,5050,0,30.0,202.0,4,36060,0,,,3,1007107.0,164667.0,40.6186198,-73.9176678,23b,,New York
BK,5132,16,314.0,40.0,11226.0,70.0,2166 TILDEN AVENUE,NY,V1,11,C,NYC HOUSING PRESERVATION AND DEVELOPMENT,2389,0,45.0,53.74,4,93600,0,,,3,996237.0,174790.0,40.6464267,-73.9568042,22c,,New York
BK,8164,130,318.0,46.0,11236.0,69.0,9514 SMITH STREET,NY,V0,11,,"BAEZ, CARMEN M",2365,0,18.92,125.0,5,8040,0,,,3,1010650.0,174365.0,40.6452289,-73.9048678,23c,,New York
BK,8275,19,318.0,46.0,11236.0,69.0,6A MATTHEWS PLACE,NY,V0,11,,"6A MATTHEWS PLACE H-L, INC.",1000,0,30.08,33.17,5,3780,0,,,3,1012969.0,170131.0,40.6336003,-73.8965293,23c,,New York
BK,8298,126,318.0,46.0,11236.0,69.0,1609 EAST 95 STREET,NY,V0,11,,WARREN CARO,4725,0,35.0,135.0,5,22200,0,,,3,1014251.0,170265.0,40.6339638,-73.8919099,23c,,New York
BK,897,168,307.0,39.0,11215.0,72.0,22 STREET,NY,V1,11,,PALAU IRIS J,21,0,0.42,50.0,8,1994,0,,,3,986055.0,179975.0,40.6606663,-73.9934942,16d,,New York
BK,1046,78,307.0,38.0,11215.0,72.0,16 STREET,NY,V2,11,,"GINSBURG, NIMROD",608,0,18.0,33.75,5,15180,0,,,3,985900.0,182399.0,40.6673197,-73.9940523,16d,,New York
BK,3263,22,304.0,34.0,11221.0,83.0,32 KOSSUTH PLACE,NY,V0,11,,"HERRIOT, TIMOTHY B",2000,0,20.0,100.0,5,8820,0,,,3,1004567.0,191951.0,40.6935146,-73.9267348,13b,,New York
BK,3316,103,304.0,37.0,11237.0,83.0,327 WILSON AVENUE,NY,V0,11,,BUSHWICK GARDENS 1 LLC,1200,0,20.0,60.0,5,8640,0,,,3,1007004.0,193049.0,40.6965224,-73.9179431,13b,,New York
BK,7479,88,315.0,46.0,11235.0,61.0,2622 COYLE STREET,NY,V0,11,,COYLE ST. REALTY LLC,3900,0,50.0,78.0,5,14760,0,,,3,1002224.0,154004.0,40.5893633,-73.935285,29a,,New York
BK,1989,11,303.0,36.0,11238.0,79.0,20 MADISON STREET,NY,V0,11,X,ELIM GOSPEL TABERNACLE,3280,0,41.0,80.0,5,21780,0,,,3,995792.0,188337.0,40.6836108,-73.9583846,16c,,New York
BK,4309,35,305.0,42.0,11207.0,75.0,769 BARBEY STREET,NY,V0,11,,"CAMACHO, RAYMOND",2000,0,20.0,100.0,5,11640,0,,,3,1016336.0,181065.0,40.6636001,-73.8843465,17d,,New York
BK,5447,41,312.0,44.0,11219.0,66.0,16 AVENUE,NY,V1,11,,"BRAVER, LOUIS SIMON",17,0,0.28,60.0,8,1022,0,,,3,988297.0,169326.0,40.6314363,-73.9854197,22c,,New York
BK,6912,130,313.0,47.0,11214.0,60.0,27TH AVENUE,NY,V0,11,,UNIVERSAL ACTIONS LLC,427,0,27.0,15.0,0,1230,0,,,3,987340.0,154163.0,40.5898174,-73.9888745,28c,,New York
BK,5585,25,312.0,39.0,11218.0,66.0,1144 39 STREET,NY,V0,11,,BG EQUITY GROUP LLC,1903,0,20.0,95.17,5,13380,0,,,3,987147.0,173282.0,40.6422952,-73.9895611,22c,,New York
BK,5600,34,312.0,44.0,11219.0,66.0,1470 42 STREET,NY,V0,11,X,BOBOVER YESHIVA BNEIZ,2003,0,20.0,100.17,5,13140,0,,,3,988610.0,171135.0,40.6364015,-73.9842909,22c,,New York
BK,5696,62,312.0,44.0,11219.0,66.0,1137 58 STREET,NY,V0,11,,1137 58 ST LLC,2003,0,20.0,100.17,5,21840,0,,,3,984083.0,169610.0,40.6322168,-74.0006017,22c,,New York
BK,2393,30,301.0,34.0,11211.0,90.0,708 DRIGGS AVENUE,NY,V0,11,,KANE STREET HOLDING LLC,938,0,20.0,46.92,5,14220,0,,,3,995278.0,199259.0,40.7135898,-73.9602199,12d,,New York
BK,2745,14,301.0,34.0,11211.0,94.0,190 WITHERS STREET,NY,V0,11,,190 WITHERS GROUP LLC,1474,0,50.0,80.6,5,13155,0,,,3,999769.0,200590.0,40.7172363,-73.944017,13a,,New York
BK,3234,21,304.0,37.0,11221.0,83.0,704 HART STREET,NY,V0,11,,HART OF BUSHWICK LLC,2825,0,25.0,109.42,5,11280,0,,,3,1005050.0,194046.0,40.6992637,-73.9249866,13b,,New York
BK,554,29,306.0,38.0,11231.0,76.0,146 CONOVER STREET,NY,V1,11,,146 CONOVER STREET LLC,2500,0,25.0,100.0,5,177750,0,,,3,980551.0,186721.0,40.679182,-74.0133361,16a,,New York
BK,1966,41,302.0,35.0,11238.0,88.0,386 CLASSON AVENUE,NY,V0,11,,386 CLASSON AVE LLC,2500,0,25.0,100.0,5,21240,0,,,3,995360.0,189564.0,40.6869791,-73.9599401,16c,,New York
BK,1822,17,303.0,36.0,11216.0,79.0,146 MADISON STREET,NY,V0,11,,GATES CLUSTER DEVELOPMENT LP,1383,0,13.83,100.0,5,10440,0,,,3,997237.0,188547.0,40.6841852,-73.9531741,17a,,New York
BK,1867,63,303.0,36.0,11216.0,79.0,1305 ATLANTIC AVENUE,NY,V1,11,,AA ATLANTIC LLC,995,0,20.08,49.5,5,38250,0,,,3,998852.0,186499.0,40.6785614,-73.9473555,17a,,New York
BK,6924,64,313.0,47.0,11214.0,60.0,2520 WEST 16 STREET,NY,V0,11,,"KOCI, SHKELQIM",2000,0,20.0,100.0,5,26820,0,,,3,988274.0,152832.0,40.5861637,-73.9855124,28c,,New York
BK,7202,9,315.0,48.0,11235.0,61.0,522 AVENUE X,NY,V0,11,,"KAFIF, SAM",4000,0,40.0,100.0,5,42300,0,,,3,994217.0,154585.0,40.5909707,-73.9641132,28c,,New York
BK,1527,34,316.0,41.0,11233.0,73.0,308 SUMPTER STREET,NY,V0,11,,308 SUMPTER LLC,2000,0,20.0,100.0,5,7980,0,,,3,1008699.0,187283.0,40.6806915,-73.9118514,17c,,New York
BK,3193,22,304.0,34.0,11221.0,83.0,967 BROADWAY,NY,V1,11,,"LEE, SUK-CHAN",1925,0,25.0,72.17,5,59400,0,,,3,1002475.0,193106.0,40.6966893,-73.9342757,13b,,New York
BK,3193,3,304.0,34.0,11221.0,83.0,1168 MYRTLE AVENUE,NY,V1,11,,BUSHWICK ARMS LLC,1285,0,54.08,58.0,5,37305,0,,,3,1002746.0,193241.0,40.6970593,-73.933298,13b,,New York
BK,3204,2,304.0,34.0,11221.0,83.0,1031 BROADWAY,NY,V1,11,,1031 BROADWAY REALTY CORP.,2250,0,22.5,100.0,5,77400,0,,,3,1003005.0,192731.0,40.6956589,-73.9323654,13b,,New York
BK,3265,65,304.0,37.0,11221.0,83.0,79 HIMROD STREET,NY,V0,11,,IGLESIA CRISTIANA SINAI INC,3740,0,50.0,74.17,5,19020,0,,,3,1005239.0,192802.0,40.6958488,-73.9243089,13b,,New York
BK,3334,22,304.0,37.0,11221.0,83.0,230 LINDEN STREET,NY,V0,11,O,NYC HOUSING AUTHORITY,2667,0,26.67,100.0,5,10500,0,,,3,1007530.0,193026.0,40.6964579,-73.9160462,13b,,New York
BK,3038,21,301.0,34.0,11206.0,90.0,332 STAGG STREET,NY,V1,11,,CRESTBEE LLC,1064,0,13.17,76.5,3,28350,0,,,3,1002203.0,197985.0,40.7100816,-73.9352436,13b,,New York
BK,2417,37,301.0,34.0,11249.0,90.0,107 SOUTH 3 STREET,NY,V0,11,,107 SOUTH 3RD LLC,2250,0,25.0,90.0,5,30360,0,,,3,994440.0,199042.0,40.7129951,-73.9632431,12d,,New York
BK,8443,23,318.0,46.0,11234.0,63.0,2237 EAST 74 STREET,NY,V0,11,,123 BROOKLYN CORPORATION,8000,0,80.0,100.0,5,29940,0,,,3,1011337.0,164801.0,40.6189757,-73.9024306,23d,,New York
BK,3772,139,305.0,42.0,11207.0,75.0,434 NEW JERSEY AVENUE,NY,V0,11,X,NEW YORK EQUITY FUND  2003 LLC,250,0,2.5,100.0,5,120,0,,,3,1013537.0,182938.0,40.6687508,-73.8944273,17d,,New York
BK,3994,24,305.0,42.0,11207.0,75.0,350 HENDRIX STREET,NY,V0,11,,"LAWRENCE, KENNETH L",2200,0,22.0,100.0,5,14460,0,,,3,1014813.0,184615.0,40.6733495,-73.88982,17c,,New York
BK,4064,52,305.0,42.0,11207.0,75.0,959 DUMONT AVENUE,NY,V0,11,,PEDRO GUZMAN,2100,0,23.33,90.0,5,12240,0,,,3,1016651.0,182736.0,40.6681855,-73.8832031,17d,,New York
BK,4064,51,305.0,42.0,11207.0,75.0,961 DUMONT AVENUE,NY,V0,11,,PEDRO GUZMAN,2100,0,23.33,90.0,5,12240,0,,,3,1016673.0,182741.0,40.6681992,-73.8831237,17d,,New York
BK,4070,52,305.0,42.0,11208.0,75.0,1097 DUMONT AVENUE,NY,V0,11,,NANAND KRISH,1800,0,20.0,90.0,5,9360,0,,,3,1018081.0,183012.0,40.6689377,-73.8780469,17d,,New York
BK,4306,34,305.0,42.0,11207.0,75.0,700 SCHENCK AVENUE,NY,V0,11,,BRUNER HOLDINGS CORP,1800,0,18.0,100.0,5,10440,0,,,3,1015942.0,180909.0,40.6631734,-73.8857674,17d,,New York
BK,4676,12,317.0,41.0,11203.0,67.0,354 EAST 51 STREET,NY,V0,11,,51 STREET LLC,2000,0,20.0,100.0,5,12120,0,,,3,1003727.0,177239.0,40.6531353,-73.9298065,17b,,New York
BK,7247,68,313.0,47.0,11224.0,60.0,2703 STILLWELL AVENUE,NY,V1,11,,SHORE PARKWAY LLC,1820,0,20.0,91.0,5,98100,0,,,3,989245.0,151123.0,40.5814723,-73.9820177,28d,,New York
BK,7396,27,315.0,48.0,11229.0,61.0,1102 SHEEPSHEAD BAY ROAD,NY,V0,11,,"NAKASH, MARK",1915,0,18.92,99.5,5,7200,0,,,3,995799.0,155235.0,40.5927528,-73.958416,28c,,New York
BK,8671,64,313.0,48.0,11235.0,60.0,50 BRIGHTON 1 PLACE,NY,V0,11,,MARTA & P. REALTY HOLDING CORP.,1800,0,40.0,45.0,5,13680,0,,,3,993638.0,149764.0,40.5777386,-73.9662046,28d,,New York
BK,1898,34,303.0,33.0,11205.0,79.0,440 PARK AVENUE,NY,V1,11,,WILLIAMSBURG INFANT & EARLY CHILDHOOD,1788,0,20.0,89.42,5,49050,0,,,3,995639.0,192958.0,40.6962945,-73.9589284,12d,,New York
BK,3227,43,304.0,34.0,11221.0,83.0,71 CEDAR STREET,NY,V1,11,,IVARA LLC,1125,0,25.0,45.0,5,61200,0,,,3,1004474.0,193424.0,40.6975578,-73.9270658,13b,,New York
BK,4061,5,305.0,42.0,11207.0,75.0,599 BARBEY STREET,NY,V0,11,,"599 BARBEY 5G, LLC",2000,0,20.0,100.0,5,11640,0,,,3,1015874.0,182629.0,40.6678946,-73.8860044,17d,,New York
BK,2513,57,301.0,33.0,11222.0,94.0,177 GREEN STREET,NY,V0,11,,"RAHMAN, AZAM",2500,0,25.0,100.0,5,21240,0,,,3,996907.0,206699.0,40.7340086,-73.9543298,13a,,New York
BK,8123,40,317.0,42.0,11236.0,67.0,741 ROCKAWAY PARKWAY,NY,V1,11,,SOUP REALTY LLC,7500,0,75.0,100.0,3,120150,0,,,3,1009505.0,176647.0,40.6514958,-73.9089853,17d,,New York
BK,3232,63,304.0,34.0,11221.0,83.0,1277 DEKALB AVENUE,NY,V0,11,C,NYC HOUSING PRESERVATION AND DEVELOPMENT,1411,0,17.0,83.58,5,9360,0,,,3,1004597.0,193261.0,40.6971101,-73.9266227,13b,,New York
BK,441,16,306.0,39.0,11215.0,78.0,588 UNION STREET,NY,V1,11,,ELANTAS UNION LLC,2565,0,27.0,95.0,5,307350,0,,,3,988536.0,186194.0,40.6777352,-73.9845479,16c,,New York
BK,3864,13,316.0,42.0,11212.0,73.0,637 JUNIUS STREET,NY,V1,11,,"JUNIUS ST. JJ & J, CORP.",759,0,41.58,13.33,5,11250,0,,,3,1011973.0,179077.0,40.6581583,-73.900081,17d,,New York
BK,8034,52,318.0,46.0,11236.0,69.0,1024 EAST 83 STREET,NY,V0,11,,MEI-HUAI MELONY HEH AS TRUSTEE,1000,0,10.0,100.0,8,1638,0,,,3,1009538.0,170499.0,40.6346208,-73.9088894,23c,,New York
BK,6519,14,312.0,44.0,11230.0,66.0,1020 EAST 7 STREET,NY,V0,11,,1020 EAST 7TH STREET LLC,4000,0,40.0,100.0,5,39720,0,,,3,992650.0,167399.0,40.6261441,-73.9697393,22d,,New York
BK,7949,262,318.0,45.0,11234.0,63.0,34 PRESTON COURT,NY,V1,11,,32 PRESTON LLC,2000,0,20.0,100.0,5,28800,0,,,3,1005247.0,171693.0,40.6379093,-73.9243458,23a,,New York
BK,1175,23,308.0,35.0,11238.0,77.0,576 STERLING PLACE,NY,V0,11,,MM 92 DEVELOPMENT CORP,2620,0,20.0,131.0,5,15420,0,,,3,995504.0,184660.0,40.6735186,-73.9594291,16c,,New York
BK,4681,69,317.0,41.0,11203.0,67.0,175 EAST 55 STREET,NY,V0,11,,"PLAZA HOMES, LLC",2000,0,20.0,100.0,5,10080,0,,,3,1004934.0,177438.0,40.6536788,-73.9254559,17b,,New York
BK,8840,225,315.0,46.0,11235.0,61.0,3937 SHORE PARKWAY,NY,V1,11,,SHORE PARKWAY OWNER LLC,2417,0,91.0,51.0,5,56700,0,,,3,1003818.0,152646.0,40.5856325,-73.9295498,29a,,New York
BK,7086,75,311.0,44.0,11223.0,62.0,147 VAN SICKLEN STREET,NY,V0,11,,"KASSAB, FREDDY",4030,0,39.0,109.0,5,30180,0,,,3,991416.0,158099.0,40.6006186,-73.9741946,28c,,New York
BK,1968,38,303.0,36.0,11216.0,79.0,1096 BEDFORD AVENUE,NY,V1,11,,HENRY SPITZER,1742,0,23.0,75.75,3,148050,0,,,3,996735.0,189692.0,40.6873286,-73.954982,17a,,New York
BK,933,18,306.0,39.0,11217.0,78.0,454 BERGEN STREET,NY,V0,11,,452 BERGEN STREET ASSOCIATES LLC,1875,0,18.75,100.0,5,26340,0,,,3,990817.0,187371.0,40.6809644,-73.9763232,16c,,New York
BK,7104,165,315.0,44.0,11223.0,61.0,1980 EAST 2 STREET,NY,V0,11,,THE JOY HARARI 2020 IRREVOCABLE TRUST,4000,0,40.0,100.0,5,39000,0,,,3,992407.0,158282.0,40.60112,-73.9706257,28c,,New York
BK,8696,49,313.0,47.0,11224.0,60.0,1106 SURF AVENUE,NY,V1,11,,1102-1110 SURF AVENUE LLC,1975,0,19.75,100.0,5,75600,0,,,3,990079.0,148843.0,40.5752137,-73.9790173,28d,,New York
BK,3486,32,305.0,37.0,11207.0,75.0,34 VERMONT STREET,NY,V0,11,,THOMAS MOYIBI O,2142,0,21.42,100.0,5,9060,0,,,3,1013074.0,186798.0,40.6793472,-73.8960798,17c,,New York
BK,1896,13,303.0,33.0,11205.0,79.0,177 CLASSON AVENUE,NY,V9,11,,THE SCN TRUST,2337,0,25.33,92.33,5,63900,0,,,3,995052.0,192493.0,40.695019,-73.961046,12d,,New York
BK,4985,23,317.0,45.0,11210.0,67.0,774 EAST 39 STREET,NY,V0,11,,"ESTERVIL, ODNAY",435,0,20.0,43.5,5,120,0,,,3,1000979.0,171781.0,40.6381599,-73.9397236,23a,,New York
BK,4348,57,305.0,42.0,11207.0,75.0,861 NEW JERSEY AVENUE,NY,V0,11,,BETHLEHEM BAPTIST CHURCH,2367,0,23.67,100.0,5,12420,0,,,3,1014994.0,179210.0,40.6585133,-73.8891922,17d,,New York
BK,4348,56,305.0,42.0,11207.0,75.0,863 NEW JERSEY AVENUE,NY,V0,11,,BETHLEHEM BAPTIST CHURCH,2367,0,23.67,100.0,5,12420,0,,,3,1015006.0,179189.0,40.6584557,-73.889149,17d,,New York
BK,4106,80,305.0,37.0,11208.0,75.0,102 HEMLOCK STREET,NY,V0,11,,"SANTA TERESITA, INC",1966,0,25.0,78.83,5,12300,0,,,3,1019670.0,189783.0,40.6875164,-73.8722833,17c,,New York
BK,8120,25,317.0,42.0,11236.0,67.0,795 EAST 94 STREET,NY,V1,11,,"PASSALACQUA, SALVATORE",2000,0,20.0,100.0,5,28800,0,,,3,1009007.0,175879.0,40.6493892,-73.9107828,17d,,New York
BK,4083,29,305.0,42.0,11208.0,75.0,825 NEW LOTS AVENUE,NY,V0,11,,298 ATLANTIC LLC,1700,0,20.83,88.42,5,10440,0,,,3,1017430.0,182526.0,40.6676062,-73.880396,17d,,New York
BK,5485,18,312.0,44.0,11204.0,66.0,1626 54 STREET,NY,V0,11,,"KNG REALTY NY CO, LLC",5960,0,59.5,100.17,5,205140,0,,,3,987632.0,167923.0,40.6275857,-73.9878162,22c,,New York
BK,4004,20,305.0,42.0,11208.0,75.0,392 SHEPHERD AVENUE,NY,V0,11,,15 EAST 19TH LLC,2500,0,25.0,100.0,5,12000,0,,,3,1017170.0,185226.0,40.6750181,-73.88132,17c,,New York
BK,8185,52,318.0,46.0,11236.0,69.0,221 CONKLIN AVENUE,NY,V0,11,,CONKLIN HOMES LLC,3979,0,25.0,159.17,5,17220,0,,,3,1011698.0,174237.0,40.6448744,-73.9010919,23c,,New York
BK,1220,63,308.0,36.0,11216.0,77.0,725 ST MARKS AVENUE,NY,V0,11,P,MARKS EQUITIES CORP.,13056,0,100.0,130.58,5,22440,0,,,3,998510.0,185352.0,40.6754137,-73.948591,17a,,New York
BK,993,52,306.0,39.0,11215.0,78.0,7 STREET,NY,V0,11,C,NYC DEPARTMENT OF CITYWIDE ADMINISTRATIVE SERVICES,133,0,1.33,100.0,8,316,0,,,3,988150.0,183722.0,40.6709503,-73.985941,16d,,New York
BK,438,7,306.0,39.0,11231.0,76.0,452 UNION STREET,NY,V1,11,,2201 UNION LLC,28500,0,80.0,300.0,3,1287450,0,,,3,987271.0,186850.0,40.6795363,-73.9891083,16c,,New York
BK,466,60,306.0,39.0,11231.0,76.0,413 BOND STREET,NY,V1,11,,413 BOND STREET LLC,19800,0,61.25,176.25,5,565650,0,,,3,986523.0,185657.0,40.676262,-73.9918055,16c,,New York
BK,465,27,306.0,39.0,11231.0,76.0,102 3 STREET,NY,V1,11,,"T. & G. PHOTOCOPY, INC.",1800,0,20.0,90.0,5,166950,0,,,3,986278.0,185951.0,40.677069,-73.9926886,16c,,New York
BK,462,50,306.0,39.0,11231.0,76.0,123 3 STREET,NY,V1,11,,121 3RD STREET LLC,1575,0,17.5,90.0,5,271800,0,,,3,986598.0,185946.0,40.6770552,-73.991535,16c,,New York
BK,465,10,306.0,39.0,11231.0,76.0,4 STREET,NY,V1,11,,SBH LLC,3080,0,34.0,94.0,3,275400,0,,,3,985986.0,186134.0,40.6775714,-73.9937413,16c,,New York
BK,466,17,306.0,39.0,11231.0,76.0,148 3 STREET,NY,V1,11,,413 BOND STREET LLC,13490,0,40.67,213.33,5,793350,0,,,3,986631.0,185623.0,40.6761687,-73.9914161,16c,,New York
BK,1331,42,309.0,40.0,11225.0,71.0,489 EAST NEW YORK AVENUE,NY,V0,11,,FRIENDS OF ASSOCIATED BETH RIVKA SCHOOL  FOR GIRLS,5400,0,60.0,90.0,5,25920,0,,,3,999096.0,180483.0,40.6620484,-73.9464891,17b,,New York
BK,8695,72,313.0,47.0,11224.0,60.0,3030 WEST 12 STREET,NY,V1,11,,SALEH CONEY LLC,7341,0,86.85,82.9,5,520200,0,,,3,989829.0,148530.0,40.5743547,-73.9799175,28d,,New York
BK,460,63,306.0,39.0,11231.0,76.0,5 3 STREET,NY,V1,11,,375 SMITH STREET LLC,6145,0,60.17,95.42,3,241650,0,,,3,985504.0,186641.0,40.6789631,-73.9954789,16c,,New York
BK,478,42,306.0,39.0,11231.0,76.0,37 GARNET STREET,NY,V0,11,,GARNET ALFA LLC,2000,0,20.0,100.0,5,34080,0,,,3,984545.0,185040.0,40.6745688,-73.9989365,16c,,New York
BK,8866,1374,315.0,46.0,11229.0,61.0,18 MELBA COURT,NY,V0,11,,"HEBRANS, RUTH",1800,0,40.0,45.0,5,8100,0,,,3,1005105.0,153237.0,40.5872517,-73.9249144,29a,,New York
BK,8856,1630,315.0,46.0,11229.0,61.0,30 GAIN COURT,NY,V0,11,,"BRUNO, ROBERT",1800,0,40.0,45.0,5,8100,0,,,3,1005588.0,153217.0,40.5871957,-73.9231755,29a,,New York
BK,8946,906,315.0,46.0,11229.0,61.0,83 BEVY COURT,NY,V0,11,,KELLY F WAGNER,1785,0,34.0,52.5,5,6720,0,,,3,1003955.0,156021.0,40.5948959,-73.9290467,29a,,New York
BK,3807,28,305.0,42.0,11207.0,75.0,524 VERMONT STREET,NY,V0,11,,"WEBB, ELAINE",2000,0,20.0,100.0,5,7500,0,,,3,1014007.0,182029.0,40.6662542,-73.8927371,17d,,New York
BK,3920,15,305.0,37.0,11207.0,75.0,13 SCHENCK AVENUE,NY,V0,11,,"MARCELINO, JOSE",2200,0,22.0,100.0,5,10320,0,,,3,1014679.0,187421.0,40.6810518,-73.8902904,17c,,New York
BK,1877,23,302.0,35.0,11205.0,88.0,256 FLUSHING AVENUE,NY,V1,11,,SELA RYERSON LLC,9017,0,110.42,87.75,3,784350,0,,,3,993826.0,193369.0,40.6974248,-73.9654659,12d,,New York
BK,1765,36,303.0,33.0,11205.0,79.0,210 NOSTRAND AVENUE,NY,V0,11,,208 NOSTRAND LLC,2000,0,20.0,100.0,5,18960,0,,,3,997450.0,191752.0,40.6929818,-73.9523998,17a,,New York
BK,4506,29,305.0,42.0,11208.0,75.0,1105 STANLEY AVENUE,NY,V0,11,,1105 STANLEY LLC,2000,0,20.0,100.0,5,7020,0,,,3,1020590.0,181754.0,40.6654749,-73.8690093,17d,,New York
BK,5485,20,312.0,44.0,11204.0,66.0,1628A 54 STREET,NY,V0,11,,KLEIN HARRY,259,0,2.58,100.17,8,316,0,,,3,987665.0,167918.0,40.6275719,-73.9876973,22c,,New York
BK,1736,28,303.0,33.0,11205.0,79.0,110 SANDFORD STREET,NY,V1,11,,110 SANFORD LLC,1875,0,18.75,100.0,5,48150,0,,,3,997057.0,192684.0,40.6955405,-73.9538153,13b,,New York
BK,5457,8,312.0,44.0,11204.0,66.0,4911 19TH AVENUE,NY,V5,11,,49-19 LLC,3301,0,50.0,74.0,3,310050,0,,,3,990174.0,167552.0,40.626566,-73.9786589,22d,,New York
BK,3217,9,304.0,34.0,11221.0,83.0,110 SUYDAM STREET,NY,V1,11,,JAIME JIMENEZ,1400,0,25.0,56.0,5,76050,0,,,3,1004092.0,193620.0,40.6980967,-73.9284428,13b,,New York
BK,7089,127,315.0,48.0,11223.0,61.0,2035A EAST 7 STREET,NY,V0,11,,SONESTA TOWERS INC,1070,0,7.75,138.0,8,1704,0,,,3,994138.0,158314.0,40.6012061,-73.9643922,28c,,New York
BK,1884,64,303.0,33.0,11205.0,79.0,54 FRANKLIN AVENUE,NY,V1,11,,781 KENT REALTY LLC,2848,0,25.0,114.08,5,166500,0,,,3,995634.0,193411.0,40.6975379,-73.9589457,12d,,New York
BK,2262,36,301.0,33.0,11205.0,90.0,433 FLUSHING AVENUE,NY,V0,11,,SATMAR FLUSHING LLC,4167,0,41.67,100.0,5,60060,0,,,3,995961.0,193976.0,40.6990883,-73.9577654,12d,,New York
BK,5821,43,310.0,38.0,11220.0,68.0,6418 8 AVENUE,NY,V1,11,,6418 8TH AVE REALTY LLC,8000,0,100.0,80.0,3,243450,0,,,3,980769.0,169890.0,40.6329846,-74.0125415,22a,,New York
BK,5105,52,317.0,40.0,11226.0,67.0,159 ERASMUS STREET,NY,V1,11,,2834 CHURCH LLC,3552,0,25.0,142.08,5,189450,0,,,3,998000.0,176100.0,40.6500198,-73.9504484,17b,,New York
BK,1777,8,303.0,36.0,11206.0,79.0,230 PULASKI STREET,NY,V0,11,X,OVERCOMING LOVE MINIS,2500,0,25.0,100.0,5,21060,0,,,3,1000252.0,191738.0,40.6929388,-73.9422957,17a,,New York
BK,1008,20,306.0,38.0,11215.0,78.0,9 STREET,NY,V1,11,,FIVE STAR ASSOCIATES,2500,0,25.0,100.0,5,236250,0,,,3,986295.0,184097.0,40.6719802,-73.9926279,16c,,New York
BK,196,32,302.0,33.0,11217.0,84.0,242 DEAN STREET,NY,V0,11,,ANTHONY ROCK,1625,0,16.25,100.0,5,22740,0,,,3,988688.0,188753.0,40.684759,-73.9839982,16c,,New York
BK,2020,120,303.0,36.0,11238.0,79.0,164A LEFFERTS PLACE,NY,V0,11,,,380,0,20.0,19.0,5,120,0,,,3,996010.0,187102.0,40.6802207,-73.9576007,16c,,New York
BK,8727,47,315.0,48.0,11235.0,61.0,47 AMHERST STREET,NY,V0,11,,OMNI PRIME CAPITAL INC,3000,0,30.0,100.0,0,26940,0,,,3,997489.0,150836.0,40.5806761,-73.9523395,29b,,New York
BK,1919,100,302.0,35.0,11205.0,88.0,349 DEKALB AVENUE,NY,V0,11,,PRATT INSTITUTE,9300,0,60.0,158.0,5,148740,0,,,3,994142.0,190734.0,40.690192,-73.9643302,16c,,New York
BK,6630,21,311.0,44.0,11223.0,62.0,1626A WEST 1 STREET,NY,V0,11,,"HO, CHAU MOON",774,0,7.0,110.58,8,1326,0,,,3,991132.0,160739.0,40.6078651,-73.9752147,22d,,New York
BK,3705,29,305.0,37.0,11207.0,75.0,230 VERMONT STREET,NY,V0,11,,GRACE BAPTIST CHURCHOF CHRIST,1767,0,17.67,100.0,5,11580,0,,,3,1013448.0,184900.0,40.6741363,-73.8947396,17c,,New York
BK,2538,38,106.0,4.0,,,0 JAVA STREET,NY,V3,11,,1 JAVA OWNER LLC,18451,0,50.0,312.0,2,194934,0,,,3,994779.0,205592.0,40.7309729,-73.96201,12c,,New York
BK,4565,62,305.0,42.0,11208.0,75.0,12681 FLATLANDS AVENUE,NY,V0,11,,CELESTIAL CHURCH OF CHRIST,4008,0,40.0,100.17,5,19980,0,,,3,1021163.0,180032.0,40.660746,-73.8669533,18b,,New York
BK,2467,10,103.0,1.0,,,380 KENT AVENUE,NY,V1,11,C,NYC DEPARTMENT OF CITYWIDE ADMINISTRATIVE SERVICES,121875,0,250.0,490.0,5,494550,0,,,3,992699.0,198576.0,40.7117179,-73.9695237,12d,,New York
BK,1104,36,307.0,39.0,11215.0,72.0,15 STREET,NY,V0,11,,1504 REALTY LLC,258,0,10.0,25.75,5,60,0,,,3,989060.0,180515.0,40.6621473,-73.9826628,16d,,New York
BK,465,47,306.0,39.0,11231.0,76.0,99 4 STREET,NY,V1,11,,GRADLER PARK LLC,2000,0,20.0,100.0,5,187650,0,,,3,986242.0,185858.0,40.6768138,-73.9928184,16c,,New York
BK,6914,17,313.0,47.0,11214.0,60.0,150 BAY 47 STREET,NY,V0,11,,DEMARTINO GENNARO,1890,0,20.0,96.67,5,24900,0,,,3,987664.0,153720.0,40.5886013,-73.9877081,28c,,New York
BK,546,41,306.0,38.0,11231.0,76.0,94 KING STREET,NY,V0,11,,94 KING STREET INC.,1875,0,25.0,75.0,5,30300,0,,,3,981400.0,186175.0,40.6776836,-74.0102749,16a,,New York
BK,417,10,306.0,39.0,11217.0,76.0,261 BOND STREET,NY,V1,11,,GOWDEV HOLDINGS LLC,18739,0,110.76,172.92,5,1096200,0,,,3,987560.0,187571.0,40.6815152,-73.988066,16c,,New York
BK,417,21,306.0,39.0,11217.0,76.0,479 DEGRAW STREET,NY,V1,11,,DOBODE HOLDINGS LLC,24850,0,200.0,200.0,3,1453950,0,,,3,987641.0,187443.0,40.6811638,-73.987774,16c,,New York
BK,1503,9,316.0,41.0,11233.0,73.0,31 THOMAS S BOYLAND ST,NY,V0,11,,31 THOMAS BOYLAND LLC,1500,0,20.0,75.0,5,9780,0,,,3,1007972.0,188557.0,40.6841903,-73.914468,17a,,New York
BK,3420,5,304.0,37.0,11207.0,83.0,1653 BROADWAY,NY,V1,11,,"BROADWAY BUSHWICK BUILDERS II, LP",2350,0,23.5,100.0,5,104850,0,,,3,1008308.0,188777.0,40.6847933,-73.9132557,17a,,New York
BK,3420,7,304.0,37.0,11207.0,83.0,1649 BROADWAY,NY,V1,11,,"BROADWAY BUSHWICK BUILDERS II, LP",2400,0,24.0,100.0,5,107100,0,,,3,1008267.0,188808.0,40.6848785,-73.9134035,17a,,New York
BK,7825,60,318.0,45.0,11234.0,63.0,1498 EAST 46 STREET,NY,V0,11,,"ANDREWS, DOLORES",2000,0,20.0,100.0,5,4680,0,,,3,1003227.0,166716.0,40.624253,-73.931638,23b,,New York
BK,1891,58,302.0,35.0,11205.0,88.0,96 RYERSON STREET,NY,V0,11,,DEWEES CHRISTOPHER R,2000,0,20.0,100.0,6,18120,0,,,3,993806.0,192436.0,40.6948639,-73.9655394,12d,,New York
BK,5495,1124,312.0,44.0,11204.0,66.0,53 STREET,NY,V0,11,C,NYC DEPARTMENT OF EDUCATION,8013,0,80.0,100.17,5,100800,0,,,3,990435.0,166034.0,40.6223993,-73.97772,22d,,New York
BK,1245,9,308.0,35.0,11238.0,77.0,745 FRANKLIN AVENUE,NY,V1,11,,"745-747 FRANKLIN AVENUE, LLC",1875,0,25.0,75.0,3,152550,0,,,3,996227.0,184515.0,40.6731197,-73.9568229,16c,,New York
BK,2000,12,303.0,36.0,11216.0,79.0,5 SPENCER PLACE,NY,V0,11,,SPENCER 2014 LLC,1533,0,19.17,80.0,5,9240,0,,,3,996915.0,187676.0,40.6817949,-73.9543368,17a,,New York
BK,5322,73,307.0,40.0,11218.0,72.0,364 CONEY ISLAND AVENUE,NY,V1,11,,PARK CIRCLE LLC,7377,0,103.67,80.0,3,583650,0,,,3,992040.0,175707.0,40.6489483,-73.9719272,22c,,New York
BK,1594,29,303.0,36.0,11206.0,81.0,324 HART STREET,NY,V0,11,,"SANCHEZ, BASILISA",2000,0,20.0,100.0,5,11520,0,,,3,1001317.0,192171.0,40.6941253,-73.9384541,13b,,New York
BK,1033,30,306.0,38.0,11215.0,78.0,196A 13 STREET,NY,V0,11,,MATERA FRANK,1717,0,17.17,100.0,5,20100,0,,,3,986618.0,182661.0,40.6680386,-73.991464,16d,,New York
BK,1513,25,303.0,41.0,11233.0,81.0,300 CHAUNCEY STREET,NY,V0,11,,MEDICAL AND SCIENTIFIC EQUIPMENT EXPORTE R LLC,2500,0,25.0,100.0,5,7980,0,,,3,1006261.0,187459.0,40.681181,-73.9206408,17a,,New York
BK,8118,53,317.0,42.0,11236.0,67.0,794 EAST 93 STREET,NY,V1,11,,JOSAN INC,3700,0,40.0,100.0,5,68850,0,,,3,1008649.0,175643.0,40.6487425,-73.9120738,23c,,New York
BK,8663,328,313.0,48.0,11235.0,60.0,30 BRIGHTON 3 WALK,NY,V0,11,,"BRIGHTON 4TH CONDO, LLC",1200,0,30.0,40.0,6,10500,0,,,3,994055.0,150556.0,40.579912,-73.9647023,28d,,New York
BK,1622,10,303.0,36.0,11221.0,81.0,89 MALCOLM X BOULEVARD,NY,V1,11,,KESER TRUST-KATRIEL HAIM JANKOWITZ,1600,0,20.0,80.0,3,94050,0,,,3,1003571.0,190916.0,40.690676,-73.9303295,17a,,New York
BK,587,29,306.0,38.0,11231.0,76.0,63 DIKEMAN STREET,NY,V0,11,,FORT SIXTY THREE LLC,1600,0,20.0,80.0,3,22980,0,,,3,980830.0,185456.0,40.6757099,-74.0123296,16a,,New York
BK,1623,6,303.0,41.0,11221.0,81.0,1006 GREENE AVENUE,NY,V1,11,,CONG B'NAI ADATH KOL BETH YISROEL I,10087,0,80.0,126.08,3,334800,0,,,3,1004411.0,191009.0,40.6909294,-73.9273002,17a,,New York
BK,2242,3,301.0,33.0,11206.0,90.0,100 UNION AVENUE,NY,V1,11,,100 UNION HOLDINGS LLC,10566,0,98.5,206.67,3,1066050,0,,,3,998116.0,195501.0,40.7032709,-73.9499905,13b,,New York
BK,673,14,307.0,38.0,11232.0,72.0,186 30 STREET,NY,V0,11,,ONE86 LLC,2504,0,25.0,100.17,5,18360,0,,,3,984156.0,178652.0,40.6570351,-74.0003388,16d,,New York
BK,2261,30,301.0,33.0,11249.0,90.0,391 FLUSHING AVENUE,NY,V1,11,,391 FLUSHING AVE LLC,4959,0,49.0,0.0,5,468450,0,,,3,995472.0,193873.0,40.6988062,-73.9595291,12d,,New York
BK,1949,39,303.0,36.0,11238.0,79.0,446A LAFAYETTE AVENUE,NY,V1,11,,DB REAL PROPERTY LLC,1480,0,18.5,80.0,5,104400,0,,,3,996047.0,190289.0,40.6889682,-73.9574617,16c,,New York
BK,3293,15,304.0,37.0,11221.0,83.0,12 GOODWIN PLACE,NY,V1,11,,BROADWAY MEATS INC,2199,0,17.58,125.08,5,114300,0,,,3,1005139.0,191313.0,40.6917621,-73.9246741,17a,,New York
BK,7994,35,318.0,46.0,11236.0,69.0,8910 FARRAGUT ROAD,NY,V0,11,,ARBAKAN INC,2888,0,33.0,87.5,5,8820,0,,,3,1009368.0,173438.0,40.6426882,-73.9094909,23c,,New York
BK,8203,21,318.0,46.0,11236.0,69.0,62 SKIDMORE LANE,NY,V0,11,,"FSNR ACQUISITION GROUP, LLC",5945,0,115.25,51.58,6,33540,0,,,3,1011756.0,173111.0,40.6417836,-73.9008875,23c,,New York
BK,8022,3,318.0,46.0,11236.0,69.0,8519 AVENUE J,NY,V0,11,C,NYC DEPARTMENT OF CITYWIDE ADMINISTRATIVE SERVICES,7400,0,33.49,223.59,5,62100,0,,,3,1009891.0,171320.0,40.6368733,-73.9076144,23c,,New York
BK,7155,132,315.0,44.0,11223.0,61.0,2306 EAST 4 STREET,NY,V0,11,X,ROMAN CATHOLIC CHURCH OF OUR LADY OF GRA CE IN THE,182,0,1.5,118.0,8,756,0,,,3,993300.0,155662.0,40.5939278,-73.9674135,28c,,New York
BK,1066,50,306.0,39.0,11215.0,78.0,941R PRESIDENT STREET,NY,V0,11,,CITY OF NEW YORK,108,0,5.0,21.5,5,120,0,,,3,992122.0,184311.0,40.6725643,-73.9716217,16c,,New York
BK,658,13,307.0,38.0,11232.0,72.0,216 26 STREET,NY,V1,11,,COLGATE REALTY LLC,10017,0,100.0,100.17,5,342000,0,,,3,984813.0,179460.0,40.6592529,-73.9979708,16d,,New York
BK,7173,135,315.0,44.0,11223.0,61.0,116R STRYKER STREET,NY,V1,11,,YAN TING WU,625,0,25.0,25.0,5,21375,0,,,3,991638.0,154574.0,40.590943,-73.973399,28c,,New York
BK,2745,214,301.0,34.0,11211.0,94.0,192 WITHERS STREET,NY,V0,11,,190 WITHERS GROUP LLC,1251,0,16.83,77.48,5,11165,0,,,3,999801.0,200600.0,40.7172637,-73.9439015,13a,,New York
BK,2732,40,301.0,34.0,11211.0,94.0,60A LORIMER STREET,NY,V1,11,,68 RICHARDSON OWNER LLC,182,0,3.67,49.5,5,900,0,,,3,998201.0,200935.0,40.7181858,-73.9496727,13a,,New York
BK,3263,26,304.0,34.0,11221.0,83.0,40 KOSSUTH PLACE,NY,V0,11,,"BOYD, THOMAS",2620,0,25.0,108.0,3,10740,0,,,3,1004620.0,192014.0,40.6936874,-73.9265435,13b,,New York
BK,6802,168,315.0,48.0,11229.0,61.0,1771 EAST 19 STREET,NY,V0,11,,1773 EAST 19TH STREET LLC,582,0,7.6,100.0,8,379,0,,,3,997088.0,160416.0,40.6069719,-73.9537649,23b,,New York
BK,325,75,306.0,39.0,11231.0,76.0,253 DEGRAW STREET,NY,V0,11,,NATHANIEL LAMAR,2750,0,25.0,110.0,5,50220,0,,,3,985210.0,188607.0,40.6843593,-73.9965386,16c,,New York
BK,6722,73,314.0,44.0,11230.0,70.0,1455 CONEY ISLAND AVENUE,NY,V1,11,,"PROSPECT PARK LAND, LLC",28300,0,283.0,100.0,5,873450,0,,,3,994183.0,165762.0,40.6216493,-73.9642192,22d,,New York
BK,8914,626,315.0,46.0,11229.0,61.0,104 HYMEN COURT,NY,V0,11,,HYMEN INC,1800,0,40.0,45.0,5,7500,0,,,3,1005014.0,153767.0,40.5887067,-73.9252404,29a,,New York
BK,1757,139,303.0,36.0,11206.0,79.0,269A VERNON AVENUE,NY,V0,11,,CACTUS 269 VERNON LLC,1500,0,15.0,100.0,5,12420,0,,,3,1000665.0,192786.0,40.6958145,-73.9408038,13b,,New York
BK,6994,12,313.0,47.0,11224.0,60.0,2743 WEST 19 STREET,NY,V1,11,,3100 CROPSEY AVENUE LLC,13729,0,104.67,131.17,5,721800,0,,,3,988159.0,150438.0,40.5795927,-73.9859278,28d,,New York
BK,7462,45,315.0,48.0,11235.0,61.0,1667 SHEEPSHEAD BAY ROAD,NY,V1,11,,1667 SHEEPSHEAD BAY LLC,9736,0,83.65,119.58,3,454050,0,,,3,997650.0,152843.0,40.5861847,-73.9517559,29a,,New York
BK,2224,18,301.0,33.0,11249.0,90.0,102 RUTLEDGE STREET,NY,V0,11,,100 RUTLEDGE LLC,1000,0,10.0,100.0,5,10440,0,,,3,995735.0,194588.0,40.7007684,-73.9585794,12d,,New York
BK,2725,12,301.0,34.0,11222.0,94.0,26 HERBERT STREET,NY,V2,11,,DALTO MARGARET,1600,0,20.5,80.0,5,17280,0,,,3,999739.0,201312.0,40.7192181,-73.9441236,13a,,New York
BK,1872,58,302.0,35.0,11205.0,88.0,219 PARK AVENUE,NY,V1,11,,219 PARK AVENUE HOLDINGS LLC,2547,0,25.0,104.42,5,229050,0,,,3,992552.0,192963.0,40.6963117,-73.9700609,12d,,New York
BK,3682,27,305.0,37.0,11207.0,75.0,2528 ATLANTIC AVENUE,NY,V1,11,C,NYC DEPARTMENT OF CITYWIDE ADMINISTRATIVE SERVICES,2000,0,20.33,101.0,5,63450,0,,,3,1011700.0,185317.0,40.6752865,-73.9010396,17c,,New York
BK,610,28,306.0,38.0,11231.0,76.0,450 VAN BRUNT STREET,NY,V1,11,,THE EDNA MIELES 2010 LIVING TRUST,2250,0,25.0,90.0,5,180000,0,,,3,979817.0,185215.0,40.675048,-74.0159814,16a,,New York
BK,3688,37,305.0,37.0,11207.0,75.0,399 LIBERTY AVENUE,NY,V1,11,,"WALKER, HEZEKIAH",1533,0,19.17,80.0,5,56700,0,,,3,1013338.0,185141.0,40.6747982,-73.8951351,17c,,New York
BK,1027,11,306.0,38.0,11215.0,78.0,160 12 STREET,NY,V0,11,,160 12 STREET LLC,3658,0,18.33,100.0,5,44580,0,,,3,986414.0,183099.0,40.6692409,-73.9921992,16d,,New York
BK,1039,19,306.0,38.0,11215.0,78.0,82 14 STREET,NY,V1,11,,THE ROCHELLE GIUMENTA REVOCABLE TRUST,2196,0,25.0,87.83,5,239850,0,,,3,985614.0,182996.0,40.6689583,-73.9950831,16d,,New York
BK,1911,16,303.0,33.0,11205.0,79.0,604 MYRTLE AVENUE,NY,V1,11,,IRREGULAR DEVELOPMENT LLC,2500,0,25.0,100.0,3,225450,0,,,3,995346.0,192084.0,40.693896,-73.9599865,12d,,New York
BK,640,51,307.0,38.0,11232.0,72.0,213 21 STREET,NY,V0,11,,"JLW PROPERTIES MANAGEMENT, INC.",2504,0,25.0,100.17,5,4620,0,,,3,985887.0,180473.0,40.6620332,-73.9940996,16d,,New York
BK,6916,22,313.0,47.0,11214.0,60.0,108 BAY 49 STREET,NY,V0,11,,FRANK VIOLA,1933,0,20.0,96.67,5,25140,0,,,3,988015.0,153314.0,40.5874868,-73.9864446,28c,,New York
BK,1624,7,303.0,36.0,11221.0,81.0,261 MARCUS GARVEY BLVD,NY,V1,11,C,NYC DEPARTMENT OF CITYWIDE ADMINISTRATIVE SERVICES,1700,0,20.0,85.0,5,118350,0,,,3,1001191.0,190217.0,40.6887622,-73.9389134,17a,,New York
BK,7072,3,313.0,47.0,11224.0,60.0,2015 BOARDWALK WEST,NY,V1,11,,UNAVAILABLE OWNER,18902,0,0.0,0.0,5,1164150,0,,,3,987934.0,148364.0,40.5739001,-73.9867389,28d,,New York
BK,5976,170,310.0,47.0,11209.0,68.0,84 79 STREET,NY,V0,11,,"KASPAR, ANTHONY J",199,0,69.25,2.0,5,306,0,,,3,974315.0,168743.0,40.6298315,-74.0357924,22a,,New York
BK,7823,166,318.0,45.0,11234.0,63.0,1952 TROY AVENUE,NY,V0,11,,JEANTY JOSEPH P,1837,0,15.0,97.17,5,300,0,,,3,1002569.0,166762.0,40.6243807,-73.9340083,23b,,New York
BK,4819,59,309.0,40.0,11225.0,71.0,337 WINTHROP STREET,NY,V1,11,,"WELLS FARGO BANK, N.A.",2120,0,20.0,106.0,5,143550,0,,,3,998507.0,178798.0,40.6574244,-73.9486156,17b,,New York
BK,284,6,306.0,39.0,11201.0,76.0,339 HICKS STREET,NY,V1,11,X,NYU LANGONE HOSPITALS,2280,0,10.0,228.0,0,367200,0,,,3,984917.0,190823.0,40.6904418,-73.9975948,16c,,New York
BK,305,21,306.0,39.0,11201.0,76.0,162 WARREN STREET,NY,V0,11,,"PAUL, AS TRUSTEE, ADAM",250,0,12.5,20.0,5,120,0,,,3,984758.0,189969.0,40.6880977,-73.9981682,16c,,New York
BK,6064,149,310.0,47.0,11209.0,68.0,335I 90 STREET,NY,V0,11,,"GREEN, LORRAINE E",145,0,12.0,18.0,6,1326,0,,,3,975658.0,165435.0,40.6207531,-74.0309498,22b,,New York
BK,346,9,306.0,39.0,11231.0,76.0,49 HAMILTON AVENUE,NY,V9,11,C,PORT AUTHORITY OF NY AND NJ,1282,0,20.0,68.17,5,186750,0,,,3,982538.0,188536.0,40.6841643,-74.0061728,16a,,New York
BK,6953,55,313.0,47.0,11214.0,60.0,2618 WEST 15 STREET,NY,V0,11,,MARYLOU LANTIERI,2000,0,20.0,100.0,5,24120,0,,,3,988650.0,152101.0,40.5841571,-73.9841591,28c,,New York
BK,3234,20,304.0,37.0,11221.0,83.0,702 HART STREET,NY,V0,11,,HART OF BUSHWICK LLC,2125,0,25.0,81.83,5,9360,0,,,3,1005026.0,194033.0,40.6992281,-73.9250732,13b,,New York
BK,7207,11,313.0,47.0,11223.0,60.0,2571 WEST 13 STREET,NY,V9,11,C,NYC TRANSIT AUTHORITY,30451,0,100.58,302.75,5,670050,0,,,3,989547.0,152900.0,40.5863497,-73.9809291,28c,,New York
BK,6938,75,313.0,47.0,11214.0,60.0,236A BAY 48 STREET,NY,V0,11,,"BUI, DUOC DUC",1398,0,36.08,38.75,5,10980,0,,,3,987099.0,152941.0,40.5864633,-73.9897427,28c,,New York
BK,6912,23,313.0,47.0,11214.0,60.0,231 BAY 44 STREET,NY,V0,11,,WEI JI LI,436,0,11.67,35.59,8,316,0,,,3,987162.0,154139.0,40.5897516,-73.9895154,28c,,New York
BK,7057,112,313.0,47.0,11224.0,60.0,2210 MERMAID AVENUE,NY,V1,11,X,SEABEACH III HOMEOWNERS ASSOC INC,7378,0,20.0,100.0,5,0,0,,,3,987153.0,149054.0,40.5757943,-73.9895499,28d,,New York
BK,7074,89,313.0,47.0,11224.0,60.0,1508 SURF AVENUE,NY,V1,11,,WANTANABE REALTY CORP,12507,0,65.0,192.42,5,544050,0,,,3,989066.0,148791.0,40.5750716,-73.9826638,28d,,New York
BK,1470,160,316.0,41.0,11233.0,73.0,1679 ST JOHNS PLACE,NY,V0,11,O,NYC HOUSING AUTHORITY,720,0,20.58,35.0,6,5616,0,,,3,1006098.0,183580.0,40.6705344,-73.921241,17b,,New York
BK,1470,148,316.0,41.0,11233.0,73.0,1695A ST JOHNS PLACE,NY,V2,11,O,NYC HOUSING AUTHORITY,2033,0,28.75,134.0,6,13140,0,,,3,1006285.0,183557.0,40.6704708,-73.920567,17b,,New York
BK,7201,7,315.0,48.0,11235.0,61.0,66 OCEAN COURT,NY,V0,11,,"FOUERTE, ELI M",1200,0,101.42,24.0,5,12000,0,,,3,994126.0,154299.0,40.5901857,-73.9644413,28c,,New York
BK,1521,60,316.0,41.0,11233.0,73.0,313 SUMPTER STREET,NY,V0,11,X,"LINDSEY,SHALENA",4144,0,18.0,99.0,5,0,0,,,3,1008571.0,187450.0,40.6811503,-73.9123123,17a,,New York
BK,7105,89,315.0,44.0,11223.0,61.0,2128A EAST 3 STREET,NY,V0,11,,"NORWOOD ELBERON ASSOCIATES, L.P.",1259,0,10.67,118.0,8,1890,0,,,3,992827.0,157187.0,40.5981141,-73.9691147,28c,,New York
BK,7094,71,311.0,43.0,11223.0,62.0,2035A WEST 12 STREET,NY,V0,11,,"CHEN, PEI SHENG",2000,0,20.0,100.0,5,14040,0,,,3,988937.0,156891.0,40.5973045,-73.9831226,28c,,New York
BK,5891,138,310.0,47.0,11209.0,68.0,352I OVINGTON AVENUE,NY,V0,11,,"EDWARDS, CARA",1126,0,22.17,50.0,5,19260,0,,,3,977223.0,170195.0,40.6338197,-74.0253174,22a,,New York
BK,2148,50,301.0,34.0,11211.0,90.0,176R SOUTH 9 STREET,NY,V1,11,,DIAMSTAR REALTY INC,400,0,20.5,19.58,6,11745,0,,,3,994872.0,197240.0,40.7080486,-73.9616876,12d,,New York
BK,8125,90,318.0,42.0,11236.0,69.0,902 EAST 93 STREET,NY,V0,11,,RAMOUTAR GURUDEO,2464,0,16.0,154.0,5,7500,0,,,3,1009270.0,174883.0,40.6466547,-73.9098387,23c,,New York
BK,4291,30,305.0,42.0,11208.0,75.0,426 RUBY STREET,NY,V0,11,,UNAVAILABLE OWNER,960,0,39.0,43.08,5,3180,0,,,3,1022874.0,184208.0,40.6722009,-73.8607624,18a,,New York
BK,8255,31,318.0,46.0,11236.0,69.0,9002 AVENUE L,NY,V0,11,,"CHEEMA, ADEL YAQUB",2100,0,21.0,100.0,3,7020,0,,,3,1011969.0,170723.0,40.6352284,-73.9001298,23c,,New York
BK,2482,10,301.0,33.0,11222.0,94.0,60 COMMERCIAL STREET,NY,V1,11,,CLAY PROPERTIES LLC,3780,0,54.87,75.83,5,61245,0,,,3,996111.0,207700.0,40.7367572,-73.9572003,12c,,New York
BK,8278,69,318.0,46.0,11236.0,69.0,1554 EAST 95 STREET,NY,V0,11,,JOSE GUILLOTEAU,2500,0,25.0,100.0,5,9180,0,,,3,1013691.0,170524.0,40.6346766,-73.8939264,23c,,New York
BK,8278,71,318.0,46.0,11236.0,69.0,1556 EAST 95 STREET,NY,V0,11,,"CARTER, ALPHA",1500,0,50.0,29.92,5,5640,0,,,3,1013690.0,170464.0,40.6345119,-73.8939302,23c,,New York
BK,8946,60,315.0,46.0,11229.0,61.0,78 EBONY COURT,NY,V1,11,,INFINITY EDUCATIONAL SPECIAL PROGRAMS CO RP.,2610,0,45.0,58.0,5,47250,0,,,3,1003520.0,155913.0,40.5946004,-73.9306134,29a,,New York
BK,4339,11,305.0,42.0,11208.0,75.0,764 SHEPHERD AVENUE,NY,V0,11,,EDWIN A GOMEZ,2000,0,20.0,100.0,5,10500,0,,,3,1018153.0,181755.0,40.6654873,-73.8777937,17d,,New York
BK,4481,12,305.0,42.0,11208.0,75.0,494 FOUNTAIN AVENUE,NY,V0,11,,FOUNTAIN III LLC,2000,0,20.0,100.0,5,12120,0,,,3,1019512.0,182520.0,40.6675817,-73.8728911,17d,,New York
BK,4501,1,305.0,42.0,11208.0,75.0,994 LINDEN BOULEVARD,NY,V1,11,,LINDEN BK LLC,1900,0,20.0,95.0,3,56250,0,,,3,1018994.0,181573.0,40.6649845,-73.8747632,17d,,New York
BK,4303,2,305.0,42.0,11207.0,75.0,496 NEW LOTS AVENUE,NY,V1,11,,ENERGY REAL ESTATE GROUP LLC,1200,0,16.0,74.42,5,54450,0,,,3,1014903.0,180911.0,40.6631825,-73.8895124,17d,,New York
BK,4303,4,305.0,42.0,11207.0,75.0,500 NEW LOTS AVENUE,NY,V1,11,,ENERGY REAL ESTATE GROUP LLC,1198,0,16.0,74.67,5,58950,0,,,3,1014930.0,180928.0,40.6632291,-73.889415,17d,,New York
BK,4303,7,305.0,42.0,11207.0,75.0,508 NEW LOTS AVENUE,NY,V1,11,,"HAQ, MOHAMMAD ISRARUL",1442,0,20.0,72.0,5,41400,0,,,3,1014976.0,180956.0,40.6633058,-73.8892491,17d,,New York
BK,4303,3,305.0,42.0,11207.0,75.0,498 NEW LOTS AVENUE,NY,V1,11,,ENERGY REAL ESTATE GROUP LLC,1198,0,16.0,74.75,5,54450,0,,,3,1014916.0,180920.0,40.6632072,-73.8894655,17d,,New York
BK,4303,6,305.0,42.0,11207.0,75.0,504 NEW LOTS AVENUE,NY,V1,11,,"HAQ, MOHAMMAD ISRARUL",1489,0,20.0,75.0,5,61650,0,,,3,1014959.0,180945.0,40.6632757,-73.8893104,17d,,New York
BK,4079,33,305.0,42.0,11207.0,75.0,942 DUMONT AVENUE,NY,V0,11,,"942 DUMONT AVE, LLC",1800,0,20.0,90.0,5,10440,0,,,3,1016504.0,182548.0,40.66767,-73.8837338,17d,,New York
BK,4092,1,305.0,42.0,11207.0,75.0,605 JEROME STREET,NY,V1,11,,JEROME STREET PROPERTY GROUP INCORPORATE D,1600,0,20.0,80.0,5,56700,0,,,3,1016255.0,181931.0,40.6659774,-73.8846343,17d,,New York
BK,4088,47,305.0,42.0,11207.0,75.0,682 HENDRIX STREET,NY,V1,11,,"MCKENZIE, CARLOS",2000,0,20.0,100.0,5,98100,0,,,3,1015423.0,181501.0,40.6648001,-73.8876354,17d,,New York
BK,4092,2,305.0,42.0,11207.0,75.0,603 JEROME STREET,NY,V1,11,,JEROME STREET PROPERTY GROUP INCORPORATE D,1600,0,20.0,80.0,3,56700,0,,,3,1016251.0,181953.0,40.6660378,-73.8846487,17d,,New York
BK,3919,15,305.0,37.0,11207.0,75.0,278 JAMAICA AVENUE,NY,V1,11,,"BHUYA, DULAL",1981,0,21.35,100.5,5,52650,0,,,3,1014493.0,187392.0,40.6809728,-73.8909612,17c,,New York
BK,3661,122,305.0,37.0,11207.0,75.0,58 VERMONT STREET,NY,V1,11,,JOSEPSH YUZEF LLC,1500,0,20.0,75.0,5,48600,0,,,3,1013137.0,186536.0,40.6786278,-73.8958538,17c,,New York
BK,3664,46,305.0,37.0,11207.0,75.0,2759 FULTON STREET,NY,V1,11,,FULTON STREET REAL ESTATE AND DEVELOPMEN T LLC,2500,0,25.0,100.0,5,94050,0,,,3,1013970.0,186337.0,40.6780789,-73.8928515,17c,,New York
BK,3664,47,305.0,37.0,11207.0,75.0,2757 FULTON STREET,NY,V1,11,,FULTON STREET REAL ESTATE AND DEVELOPMEN T LLC,2500,0,25.0,100.0,5,94050,0,,,3,1013945.0,186332.0,40.6780652,-73.8929416,17c,,New York
BK,3676,19,316.0,37.0,11212.0,73.0,180 SACKMAN STREET,NY,V1,11,,"MODI REALTY, INC.",5000,0,50.0,100.0,5,179100,0,,,3,1010255.0,184777.0,40.6738087,-73.906251,17c,,New York
BK,3693,22,316.0,37.0,11212.0,73.0,120 LIBERTY AVENUE,NY,V0,11,X,"HP SOUTH LIBERTY HOUSING DEVELOPMENT FUN D COMPANY,",4744,0,53.0,89.5,5,25560,0,,,3,1010352.0,184408.0,40.6727956,-73.9059028,17c,,New York
BK,3695,6,316.0,37.0,11212.0,73.0,85 POWELL STREET,NY,V1,11,,1921 HOLDING CORP,3950,0,39.5,100.0,5,145350,0,,,3,1010768.0,184340.0,40.6726077,-73.9044034,17c,,New York
BK,3709,16,316.0,37.0,11212.0,73.0,162 GLENMORE AVENUE,NY,V0,11,O,NYC HOUSING AUTHORITY,4753,0,20.0,80.0,5,21600,0,,,3,1010692.0,184012.0,40.6717077,-73.9046786,17c,,New York
BK,3677,19,316.0,37.0,11212.0,73.0,1698 EAST NEW YORK AVENUE,NY,V1,11,,ETANO GROUP INC,1578,0,21.11,75.71,5,50850,0,,,3,1010439.0,184980.0,40.6743653,-73.9055869,17c,,New York
BK,8761,14,315.0,48.0,11235.0,61.0,2953 CONEY ISLAND AVENUE,NY,V1,11,,FRCKL LLC,2000,0,20.0,100.0,5,48600,0,,,3,995425.0,152180.0,40.584368,-73.9597677,28c,,New York
BK,589,8,306.0,38.0,11231.0,76.0,147 DWIGHT STREET,NY,V1,11,,"PARKE, VICTOR",1875,0,25.0,75.0,5,63900,0,,,3,981326.0,185013.0,40.6744942,-74.0105412,16a,,New York
BK,8765,64,315.0,48.0,11235.0,61.0,11 HOMECREST AVENUE,NY,V0,11,,"2761 HOMECREST, LLC",4675,0,71.58,91.0,5,24240,0,,,3,996479.0,152030.0,40.5839549,-73.9559733,29a,,New York
BK,2003,30,302.0,35.0,11217.0,88.0,70 HANSON PLACE,NY,V0,11,,70 HANSON PLACE LLC,2000,0,20.0,100.0,5,34020,0,,,3,991254.0,188917.0,40.6852075,-73.974746,16c,,New York
BK,8815,79,315.0,48.0,11235.0,61.0,10 WALDANE COURT,NY,V1,11,,10 WALDANE COURT LLC,1031,0,27.5,37.5,2,58050,0,,,3,1002072.0,151818.0,40.5833635,-73.9358381,29a,,New York
BK,5136,31,317.0,40.0,11226.0,67.0,194 VERONICA PLACE,NY,V0,11,,ANNIE E KIPP,4383,0,25.0,175.33,5,47340,0,,,3,997296.0,174454.0,40.6455029,-73.9529887,23a,,New York
BK,6776,16,315.0,48.0,11229.0,61.0,1624 EAST 14 STREET,NY,V0,11,,NYU HOSPITALS CENTER,4000,0,40.0,100.0,5,60120,0,,,3,995447.0,161370.0,40.6095926,-73.9596732,22d,,New York
BK,1798,9,303.0,36.0,11216.0,79.0,496 GREENE AVENUE,NY,V1,11,O,NYC HOUSING AUTHORITY,2142,0,21.42,100.0,5,141750,0,,,3,997890.0,190013.0,40.688208,-73.9508167,17a,,New York
BK,1263,39,308.0,35.0,11213.0,77.0,703 EASTERN PARKWAY,NY,V0,11,X,EDUCATIONAL INSTITUTE OHOLEI TORAH OF BK LYN,2000,0,20.0,100.0,3,13440,0,,,3,999485.0,183372.0,40.6699774,-73.9450804,17b,,New York
BK,1030,47,306.0,39.0,11215.0,78.0,383 13 STREET,NY,V1,11,,SLOPE DEVELOPMENT REALTY CORP,750,0,15.0,50.0,5,70650,0,,,3,988734.0,181474.0,40.6647798,-73.9838372,16d,,New York
BK,435,31,306.0,39.0,11231.0,76.0,306 UNION STREET,NY,V1,11,,336 UNION REALT Y,2000,0,20.0,100.0,5,214200,0,,,3,985867.0,187564.0,40.6814964,-73.99417,16c,,New York
BK,6371,35,311.0,38.0,11214.0,62.0,33 BAY 20 STREET,NY,V0,11,,"WU, SHU",3867,0,40.0,96.67,5,23220,0,,,3,983773.0,159891.0,40.6055401,-74.0017178,22b,,New York
BK,2809,50,301.0,34.0,11222.0,94.0,462 SCOTT AVENUE,NY,V1,11,,UNAVAILABLE OWNER,30831,0,140.0,185.0,5,671400,0,,,3,1003976.0,204021.0,40.7266452,-73.9288307,13a,,New York
BK,7132,25,315.0,44.0,11223.0,61.0,2144 OCEAN PARKWAY,NY,V0,11,,BENYAMMINE ZEITOUNE,4200,0,30.0,140.0,5,63600,0,,,3,993723.0,156660.0,40.5966666,-73.965889,28c,,New York
BK,6740,53,314.0,44.0,11230.0,70.0,1103 AVENUE N,NY,V0,11,,"BET YAAKOV OROT SARAH, INC.",5925,0,19.75,100.0,5,94740,0,,,3,994505.0,163515.0,40.6154814,-73.9630627,22d,,New York
BK,2917,6,301.0,34.0,11211.0,90.0,920 METROPOLITAN AVENUE,NY,V1,11,,AMBROSINO MANAGEMENT LLC,2800,0,28.0,100.0,5,73800,0,,,3,1001342.0,199539.0,40.7143487,-73.9383452,13b,,New York
BK,120,16,302.0,33.0,11201.0,84.0,61 FLATBUSH AVENUE EXT,NY,V1,11,,"FLATBUSH HOSPITALITY, LLC",1421,0,27.5,62.75,5,249300,0,,,3,988504.0,193213.0,40.6970008,-73.9846588,12d,,New York
BK,120,15,302.0,33.0,11201.0,84.0,63 FLATBUSH AVENUE EXT,NY,V1,11,,"FLATBUSH HOSPITALITY, LLC",1170,0,27.25,51.92,5,287550,0,,,3,988508.0,193187.0,40.6969294,-73.9846444,12d,,New York
BK,120,17,302.0,33.0,11201.0,84.0,57 FLATBUSH AVENUE EXT,NY,V1,11,,FLATBUSH HOSPITALITY LLC,1773,0,27.25,73.08,5,311850,0,,,3,988500.0,193238.0,40.6970694,-73.9846733,12d,,New York
BK,1124,50,308.0,35.0,11238.0,77.0,963 PACIFIC STREET,NY,V0,11,,BLDG 980 ATLANTIC LLC,2500,0,25.0,100.0,5,14700,0,,,3,994735.0,187039.0,40.6800494,-73.9621977,16c,,New York
BK,1139,12,308.0,35.0,11238.0,77.0,766 DEAN STREET,NY,V0,11,,766 DEAN STREET LLC,3207,0,25.0,126.0,5,25980,0,,,3,994042.0,186751.0,40.6792597,-73.9646966,16c,,New York
BK,2003,33,302.0,35.0,11217.0,88.0,76 HANSON PLACE,NY,V0,11,,HANSON PLACE PROPERTIES LLC,1900,0,20.0,95.0,5,32280,0,,,3,991312.0,188928.0,40.6852376,-73.9745369,16c,,New York
BK,3417,29,304.0,37.0,11207.0,83.0,564 WILSON AVENUE,NY,V1,11,,CASA DE CHAVA LLC,1875,0,25.0,75.0,5,56250,0,,,3,1009614.0,190924.0,40.6906827,-73.9085387,17c,,New York
BK,2262,42,301.0,33.0,11205.0,90.0,419 FLUSHING AVENUE,NY,V0,11,,"YESHIVAH BEIS LEIVY,",4167,0,41.67,100.0,5,71520,0,,,3,995836.0,193949.0,40.6990143,-73.9582163,12d,,New York
BK,645,23,307.0,38.0,11232.0,72.0,150 22 STREET,NY,V1,11,,PIETANZA JOSEPH,2504,0,25.0,100.17,5,153900,0,,,3,984978.0,180660.0,40.6625466,-73.997376,16d,,New York
BK,1514,59,303.0,41.0,11233.0,81.0,261 MARION STREET,NY,V0,11,X,HABITAT MOSAIC HOUSING DEVELOPMENT FUND  CORP,1875,0,18.75,100.0,5,6300,0,,,3,1006743.0,187431.0,40.6811029,-73.9189031,17a,,New York
BK,821,59,307.0,38.0,11220.0,72.0,247 55 STREET,NY,V0,11,,247 55 ST INC,3005,0,30.0,100.17,5,24900,0,,,3,979127.0,174537.0,40.6457389,-74.0184608,22a,,New York
BK,1806,14,303.0,36.0,11221.0,79.0,482 LEXINGTON AVENUE,NY,V0,11,,LEXINGTON DEVELOPMENT LLC,2500,0,25.0,100.0,5,15240,0,,,3,1000522.0,190138.0,40.6885467,-73.9413259,17a,,New York
BK,1842,66,303.0,36.0,11216.0,79.0,1211 FULTON STREET,NY,V1,11,,1211 FULTON ST REALTY LLC,2265,0,20.0,100.0,5,66150,0,,,3,997291.0,187325.0,40.680831,-73.9529818,17a,,New York
BK,1896,12,303.0,33.0,11205.0,79.0,179 CLASSON AVENUE,NY,V9,11,,SIMON NEUMAN AS TRUSTEE OF THE SCN TRUST,2302,0,25.0,92.17,5,63000,0,,,3,995056.0,192469.0,40.6949531,-73.9610316,12d,,New York
BK,2031,5,302.0,35.0,11205.0,88.0,45 CARLTON AVENUE,NY,V1,11,,45 CARTTON LLC,2240,0,37.5,74.08,5,194400,0,,,3,991656.0,193065.0,40.6965925,-73.973292,12d,,New York
BK,1970,50,303.0,36.0,11238.0,79.0,89 QUINCY STREET,NY,V0,11,,MOUNT SINAI BAPTIST CHURCH,2000,0,20.0,100.0,5,12420,0,,,3,996000.0,189347.0,40.6863827,-73.9576328,16c,,New York
BK,1973,67,303.0,36.0,11238.0,79.0,229 GATES AVENUE,NY,V0,11,,MOUNT SINAI BAPTIST CHURCH,2900,0,29.0,100.0,5,17040,0,,,3,995781.0,189043.0,40.6855486,-73.958423,16c,,New York
BK,2107,2,302.0,35.0,11217.0,88.0,95 ROCKWELL PLACE,NY,V1,11,,95 ROCKWELL PROPERTY OWNER LLC,6030,0,60.0,100.5,5,678600,0,,,3,990110.0,189666.0,40.6872641,-73.9788702,16c,,New York
BK,2130,28,301.0,34.0,11249.0,90.0,69 SOUTH 8 STREET,NY,V0,11,,69 SOUTH 8TH LLC,2954,0,29.54,100.33,5,47760,0,,,3,993538.0,197962.0,40.7100318,-73.9664982,12d,,New York
BK,2531,4,301.0,33.0,11222.0,94.0,150 WEST STREET,NY,V1,11,,"VANDERBILT TOWER, LL",5625,0,50.0,125.0,5,366750,0,,,3,995518.0,206054.0,40.7322401,-73.9593428,12c,,New York
BK,2762,14,301.0,34.0,11211.0,90.0,624 METROPOLITAN AVENUE,NY,V1,11,,624 METROPOLITAN LLC,2500,0,25.0,100.0,5,220050,0,,,3,998613.0,199382.0,40.7139226,-73.9481897,13b,,New York
BK,3193,5,304.0,34.0,11221.0,83.0,27 DITMARS STREET,NY,V1,11,,BUSHWICK ARMS LLC,1106,0,18.75,59.0,5,40050,0,,,3,1002731.0,193198.0,40.6969413,-73.9333522,13b,,New York
BK,3193,6,304.0,34.0,11221.0,83.0,25 DITMARS STREET,NY,V1,11,,BUSHWICK ARMS LLC,1125,0,18.75,60.0,5,41850,0,,,3,1002719.0,193182.0,40.6968974,-73.9333955,13b,,New York
BK,4010,25,305.0,42.0,11207.0,75.0,382 HENDRIX STREET,NY,V1,11,,382 HENDRIX STREET OWNERS LLC,1763,0,23.5,75.0,5,90450,0,,,3,1014890.0,184292.0,40.6724627,-73.8895439,17c,,New York
BK,4053,16,305.0,42.0,11208.0,75.0,537 SHEPHERD AVENUE,NY,V1,11,,CHERYL D SIMMONS LIVING TRUST,2500,0,25.0,100.0,5,109350,0,,,3,1017601.0,183827.0,40.6711765,-73.8797732,17c,,New York
BK,4227,30,305.0,42.0,11208.0,75.0,482 LOGAN STREET,NY,V0,11,,482 LOGAN ST LLC,2000,0,20.0,100.0,5,11640,0,,,3,1018547.0,184951.0,40.674258,-73.8763572,17c,,New York
BK,4210,1,305.0,42.0,11208.0,75.0,195 FOUNTAIN AVENUE,NY,V0,11,X,NEW JERUSALEM HOLY CHURCH INC,2000,0,20.0,100.0,5,12600,0,,,3,1018896.0,185356.0,40.6753683,-73.875097,17c,,New York
BK,4331,17,305.0,42.0,11207.0,75.0,810 BARBEY STREET,NY,V0,11,,LEE SAM EMMANAUEL,2000,0,20.0,100.0,5,10500,0,,,3,1016402.0,180625.0,40.6623922,-73.8841107,17d,,New York
BK,4845,27,317.0,40.0,11203.0,67.0,555 LENOX ROAD,NY,V0,11,,561 ALBANY AVE LLC,1800,0,20.0,90.0,5,10800,0,,,3,1000922.0,177912.0,40.6549883,-73.9399138,17b,,New York
BK,5174,14,314.0,40.0,11218.0,70.0,474 STRATFORD ROAD,NY,V0,11,,"THORPE, JUNE R",4400,0,40.0,111.92,5,27600,0,,,3,993219.0,171265.0,40.6367549,-73.9676844,22c,,New York
BK,5105,59,317.0,40.0,11226.0,67.0,139 ERASMUS STREET,NY,V0,11,,"ORIGIN DESIGN 101, LLC",2205,0,24.5,90.0,5,21780,0,,,3,997825.0,176066.0,40.6499267,-73.9510792,17b,,New York
BK,5217,53,314.0,45.0,11226.0,70.0,593 EAST 17 STREET,NY,V1,11,,593 E17TH STREET LLC,3440,0,40.0,95.25,5,79200,0,,,3,995007.0,171052.0,40.6361682,-73.9612425,22c,,New York
BK,5496,15,312.0,44.0,11219.0,66.0,1522 57 STREET,NY,V0,11,,"1636-1522, LLC",2755,0,27.5,100.17,5,30900,0,,,3,986478.0,167842.0,40.6273637,-73.9919736,22c,,New York
BK,6765,27,314.0,48.0,11230.0,70.0,1556 EAST 19 STREET,NY,V0,11,,1556 MIDWOOD EAST LLC,3000,0,30.0,100.0,5,52320,0,,,3,996644.0,162307.0,40.6121629,-73.9553604,23b,,New York
BK,6903,19,313.0,47.0,11214.0,60.0,53 28 AVENUE,NY,V0,11,,"CHONG, MICHELLE",1933,0,20.0,96.67,5,22740,0,,,3,988397.0,153956.0,40.5892488,-73.9850688,28c,,New York
BK,6901,16,313.0,47.0,11214.0,60.0,111 BAY 46 STREET,NY,V0,11,,PETROSINO NICHOLAS,1933,0,20.0,96.67,5,22740,0,,,3,987960.0,154250.0,40.590056,-73.9866421,28c,,New York
BK,7021,43,313.0,47.0,11224.0,60.0,1605 MERMAID AVENUE,NY,V1,11,,AUG BROOK 1 LLC,4000,0,40.0,100.0,5,256950,0,,,3,988692.0,149478.0,40.5769574,-73.9840097,28d,,New York
BK,8663,342,313.0,48.0,11235.0,60.0,37 BRIGHTON 3 WALK,NY,V0,11,,2929 BRIGHTON 3RD PLAZA CORP.,1200,0,30.0,40.0,5,10440,0,,,3,994037.0,150612.0,40.5800658,-73.964767,28d,,New York
BK,8696,44,313.0,47.0,11224.0,60.0,3017 WEST 12 STREET,NY,V1,11,,CONEY GREENBERG WEISS SURF LLC,3646,0,40.53,89.92,5,325800,0,,,3,989977.0,148773.0,40.5750216,-73.9793845,28d,,New York
BK,8939,130,315.0,46.0,11229.0,61.0,55 FANE COURT,NY,V0,11,,APEX MANAGERIAL LLC,1785,0,34.0,52.5,5,7200,0,,,3,1003886.0,155266.0,40.5928237,-73.9292974,29a,,New York
BK,728,31,307.0,38.0,11232.0,72.0,358 43 STREET,NY,V0,11,,VIKING ESTATES LLC,2504,0,25.0,100.17,5,18360,0,,,3,981648.0,176322.0,40.6506394,-74.009377,16b,,New York
BK,1863,20,303.0,36.0,11216.0,79.0,1448 FULTON STREET,NY,V1,11,,"1181 FULTON STREET,",2000,0,20.0,100.0,5,62100,0,,,3,1000086.0,186946.0,40.6797861,-73.9429055,17a,,New York
BK,2776,10,301.0,34.0,11211.0,90.0,224 AINSLIE STREET,NY,V0,11,,MORE FUN TONIGHT LLC,2500,0,25.0,100.0,5,21240,0,,,3,999417.0,198958.0,40.7127575,-73.9452905,13b,,New York
BK,7556,48,314.0,45.0,11210.0,70.0,104 KENILWORTH PLACE,NY,V0,11,,Y & G REALTY NY LLC,4000,0,40.0,100.0,5,72780,0,,,3,998177.0,170005.0,40.63329,-73.9498231,23a,,New York
BK,3992,47,305.0,37.0,11208.0,75.0,863 GLENMORE AVENUE,NY,V0,11,C,NYC HOUSING PRESERVATION AND DEVELOPMENT,1800,0,20.0,90.0,5,11280,0,,,3,1018040.0,185592.0,40.6760194,-73.8781818,17c,,New York
BK,577,50,306.0,38.0,11231.0,76.0,46 DIKEMAN STREET,NY,V0,11,,VILLA HERBERT,2500,0,25.0,100.0,5,40560,0,,,3,981119.0,185395.0,40.6755426,-74.0112877,16a,,New York
BK,2250,48,301.0,33.0,11206.0,90.0,289 WALLABOUT STREET,NY,V0,11,,"RUBINFELD, JOEL",2500,0,25.0,100.0,5,42660,0,,,3,998576.0,195098.0,40.7021641,-73.9483323,13b,,New York
BK,2274,5,301.0,33.0,11206.0,90.0,16 WHIPPLE STREET,NY,V1,11,,YLSL F687 LLC,1966,0,25.0,85.33,4,239400,0,,,3,999355.0,194496.0,40.7005104,-73.9455241,13b,,New York
BK,1606,53,303.0,36.0,11221.0,81.0,929A LAFAYETTE AVENUE,NY,V0,11,,IDAL REALTY CORP,1883,0,18.83,100.0,5,10260,0,,,3,1002322.0,191400.0,40.6920071,-73.934832,17a,,New York
BK,1606,20,303.0,36.0,11221.0,81.0,464 KOSCIUSZKO STREET,NY,V0,11,,JOSEPHUS COX AS TRUSTEE,1725,0,17.25,100.0,5,9420,0,,,3,1002108.0,191471.0,40.6922024,-73.9356035,17a,,New York
BK,1606,58,303.0,36.0,11221.0,81.0,929 LAFAYETTE AVENUE,NY,V0,11,,"CONWAY, IGNATIUS L",1475,0,12.5,118.0,5,10320,0,,,3,1002224.0,191385.0,40.6919661,-73.9351854,17a,,New York
BK,1603,61,303.0,36.0,11221.0,81.0,555 KOSCIUSZKO STREET,NY,V0,11,,ROBERT JONES,2500,0,25.0,100.0,5,14700,0,,,3,1002964.0,191770.0,40.6930213,-73.9325159,17a,,New York
BK,5691,9,312.0,44.0,11219.0,66.0,5601 13 AVENUE,NY,V1,11,,SHOLOM VEMES 5601 LLC,3013,0,40.17,75.0,3,166050,0,,,3,985334.0,169121.0,40.6308745,-73.9960947,22c,,New York
BK,2269,45,301.0,33.0,11206.0,90.0,43 BARTLETT STREET,NY,V0,11,C,CITY OF NEW YORK,5000,0,50.0,100.0,5,92940,0,,,3,998992.0,194743.0,40.701189,-73.9468327,13b,,New York
BK,2269,18,301.0,33.0,11206.0,90.0,76 GERRY STREET,NY,V0,11,C,NYC HOUSING PRESERVATION AND DEVELOPMENT,2500,0,25.0,100.0,5,39600,0,,,3,998954.0,194844.0,40.7014663,-73.9469696,13b,,New York
BK,1599,71,303.0,36.0,11221.0,81.0,1039A DEKALB AVENUE,NY,V0,11,,NEIGHBORHOOD RESTORE HOUSING DEVELOPMENT  FUND CORP,2767,0,27.67,100.0,5,16260,0,,,3,1002723.0,192007.0,40.6936723,-73.9333843,13b,,New York
BK,3426,22,304.0,37.0,11207.0,83.0,32 SCHAEFER STREET,NY,V0,11,,32 GROUP LLC,2500,0,25.0,100.0,5,13500,0,,,3,1008673.0,188895.0,40.6851162,-73.9119393,17c,,New York
BK,352,16,306.0,39.0,11231.0,76.0,14 CARROLL STREET,NY,V1,11,,"BKLYN11201, LLC",1986,0,25.0,85.0,5,129150,0,,,3,982767.0,188227.0,40.6833162,-74.005347,16a,,New York
BK,1965,12,302.0,35.0,11238.0,88.0,45 CAMBRIDGE PLACE,NY,V0,11,,"COHEN, DANIEL",1400,0,14.0,100.0,5,11820,0,,,3,994522.0,189115.0,40.6857478,-73.9629624,16c,,New York
BK,3412,27,304.0,37.0,11207.0,83.0,1248 HALSEY STREET,NY,V0,11,,CROWN FLOORING CONTRACTING AND DEVELOPME NT INC,1900,0,19.0,100.0,5,8400,0,,,3,1009686.0,191561.0,40.6924309,-73.9082767,17c,,New York
BK,5288,33,312.0,38.0,11219.0,66.0,1054 38 STREET,NY,V1,11,,SFS1054 LLC,1903,0,20.0,95.17,5,91800,0,,,3,986781.0,173917.0,40.6440382,-73.9908797,22c,,New York
BK,2919,3,301.0,34.0,11211.0,90.0,67 BUSHWICK AVENUE,NY,V0,11,,BSD BUSHWICK 67 LLC,2016,0,24.0,85.0,5,36300,0,,,3,1000642.0,199031.0,40.7129556,-73.9408715,13b,,New York
BK,545,27,306.0,38.0,11231.0,76.0,142 KING STREET,NY,V1,11,,NY 336 VAN BRUNT LLC,2105,0,28.25,74.5,5,198900,0,,,3,980971.0,186557.0,40.678732,-74.0118218,16a,,New York
BK,1521,58,316.0,41.0,11233.0,73.0,315 SUMPTER STREET,NY,V1,11,,"TENNANT, BEVERLY",1000,0,17.58,41.83,5,27450,0,,,3,1008576.0,187415.0,40.6810542,-73.9122944,17a,,New York
BK,587,35,306.0,38.0,11231.0,76.0,74 COFFEY STREET,NY,V0,11,,SHOMERON INC,1600,0,20.0,80.0,5,25860,0,,,3,980731.0,185378.0,40.6754958,-74.0126864,16a,,New York
BK,5444,25,312.0,44.0,11204.0,66.0,1768 47 STREET,NY,V1,11,,"KOHN, JOSEPH",3005,0,30.0,100.17,5,246150,0,,,3,989693.0,168616.0,40.6294868,-73.9803908,22c,,New York
BK,7479,57,315.0,46.0,11235.0,61.0,2663 FORD STREET,NY,V0,11,,COYLE ST. REALTY LLC,1500,0,30.0,50.5,5,4620,0,,,3,1002144.0,153690.0,40.5885016,-73.9355739,29a,,New York
BK,1192,63,309.0,35.0,11225.0,71.0,962 FRANKLIN AVENUE,NY,V1,11,,FRANKLIN AVE PROPERTY OWNER LLC,13109,0,52.75,247.67,5,294750,0,,,3,995223.0,181721.0,40.6654521,-73.9604469,16d,,New York
BK,2353,28,301.0,34.0,11211.0,94.0,281 METROPOLITAN AVENUE,NY,V1,11,,METROPOLITAN CORP.,1014,0,20.0,36.25,5,76500,0,,,3,995884.0,199702.0,40.7148049,-73.9580332,12d,,New York
BK,1604,136,303.0,36.0,11221.0,81.0,619 KOSCIUSZKO STREET,NY,V2,11,,"LOWDER, GREGORY",1033,0,21.33,33.0,5,13620,0,,,3,1003791.0,191862.0,40.693272,-73.9295334,17a,,New York
BK,1607,27,303.0,36.0,11221.0,81.0,540 KOSCIUSZKO STREET,NY,V0,11,X,27 BED STUY HOUSING DEVELOPMENT FUND COR PORATION,2500,0,25.0,100.0,5,14700,0,,,3,1003038.0,191614.0,40.692593,-73.9322495,17a,,New York
BK,1767,40,303.0,36.0,11206.0,79.0,154 TOMPKINS AVENUE,NY,V1,11,X,27 BED STUY HOUSING DEVELOPMENT FUND COR PORATION,2500,0,25.0,100.0,5,165600,0,,,3,999139.0,192074.0,40.693863,-73.9463085,13b,,New York
BK,1767,18,303.0,36.0,11206.0,79.0,540 WILLOUGHBY AVENUE,NY,V0,11,,WILLOUGHBY MAZAL ROSH LLC,2000,0,20.0,100.0,5,11520,0,,,3,998725.0,192050.0,40.6937978,-73.9478015,13b,,New York
BK,1772,78,303.0,36.0,11206.0,79.0,149 PULASKI STREET,NY,V0,11,,"149 PULASKI HOLDINGS, LLC",2500,0,25.0,100.0,5,14700,0,,,3,999440.0,191782.0,40.693061,-73.9452237,17a,,New York
BK,1950,16,303.0,36.0,11205.0,79.0,466 LAFAYETTE AVENUE,NY,V0,11,,LAFAYETTE GARDEN HOLDINGS LLC,1667,0,16.67,100.0,5,10440,0,,,3,996308.0,190318.0,40.6890475,-73.9565205,17a,,New York
BK,1973,23,303.0,36.0,11238.0,79.0,74 QUINCY STREET,NY,V0,11,,MOUNT SINAI BAPTIST CHURCH,2300,0,23.0,100.0,5,14280,0,,,3,995814.0,189150.0,40.6858422,-73.9583038,16c,,New York
BK,1967,4,303.0,36.0,11238.0,79.0,409 CLASSON AVENUE,NY,V0,11,,RONALD KERVIS,1587,0,19.83,80.0,5,9900,0,,,3,995519.0,189571.0,40.6869982,-73.9593668,16c,,New York
BK,3273,28,304.0,34.0,11221.0,83.0,1152 LAFAYETTE AVENUE,NY,V1,11,,1152 LAFAYETTE AVE LLC,4000,0,40.0,100.0,5,121500,0,,,3,1004821.0,191856.0,40.6932532,-73.9258192,17a,,New York
BK,782,13,307.0,38.0,11220.0,72.0,318 49 STREET,NY,V0,11,,234-236 52ND REALTYLLC,1503,0,15.0,100.17,5,10800,0,,,3,980417.0,175305.0,40.6478475,-74.0138127,22a,,New York
BK,915,125,307.0,38.0,11232.0,72.0,758A 39 STREET,NY,V1,11,,39WE LLC,1252,0,12.5,100.17,5,69300,0,,,3,984738.0,175202.0,40.6475656,-73.9982414,22c,,New York
BK,1174,9,308.0,35.0,11238.0,77.0,753 WASHINGTON AVENUE,NY,V1,11,,GH WASHINGTON LLC,3489,0,44.17,85.83,5,157050,0,,,3,994573.0,184913.0,40.6742142,-73.962785,16c,,New York
BK,1197,37,309.0,40.0,11225.0,71.0,1078 WASHINGTON AVENUE,NY,V1,11,,40 FLATBORD LLC,217,0,38.0,15.5,5,450,0,,,3,995053.0,180834.0,40.6630176,-73.9610611,16d,,New York
BK,1187,63,309.0,35.0,11225.0,71.0,995 PRESIDENT STREET,NY,V0,11,,"995 PRESIDENT DEVELOPMENT, LLC",3275,0,25.0,131.0,5,32640,0,,,3,995616.0,183112.0,40.6692695,-73.959028,16d,,New York
BK,1225,6,308.0,36.0,11216.0,77.0,1405 BEDFORD AVENUE,NY,V1,11,,SEGRETI JOSEPH G,1007,0,17.5,56.67,5,68850,0,,,3,997220.0,185213.0,40.6750341,-73.9532418,17a,,New York
BK,3218,17,304.0,34.0,11221.0,83.0,168 SUYDAM STREET,NY,V0,11,X,ONE BETHANY,2400,0,24.0,100.0,5,9420,0,,,3,1004735.0,194064.0,40.6993139,-73.9261226,13b,,New York
BK,3421,60,304.0,37.0,11207.0,83.0,59 SCHAEFER STREET,NY,V0,11,,LAURA BULLARD,2500,0,25.0,100.0,5,9720,0,,,3,1008782.0,189310.0,40.686255,-73.9115447,17c,,New York
BK,3551,44,316.0,41.0,11212.0,73.0,200 GRAFTON STREET,NY,V0,11,,SAPHIRE REALTY GROUP INC.,2000,0,20.0,100.0,5,7980,0,,,3,1006956.0,180943.0,40.6632943,-73.9181569,17b,,New York
BK,1653,30,303.0,41.0,11221.0,81.0,926 PUTNAM AVENUE,NY,V0,11,,OLD MT ZION BAPTIST C,1667,0,16.67,100.0,5,9660,0,,,3,1005061.0,189462.0,40.6866817,-73.9249611,17a,,New York
BK,3266,18,304.0,37.0,11221.0,83.0,130 STANHOPE STREET,NY,V1,11,,130 STANHOPE STREET LLC,2677,0,25.0,107.08,5,82350,0,,,3,1005642.0,193535.0,40.6978597,-73.9228532,13b,,New York
BK,3992,35,305.0,37.0,11208.0,75.0,138 MILFORD STREET,NY,V0,11,,"CANIZALES, CARLOS",2000,0,20.0,100.0,5,12600,0,,,3,1018142.0,185688.0,40.6762825,-73.8778136,17c,,New York
BK,3345,37,304.0,37.0,11237.0,83.0,387 PALMETTO STREET,NY,V1,11,,JUNHUI USA CORP.,1625,0,10.0,120.58,5,82800,0,,,3,1008696.0,194010.0,40.6991556,-73.9118378,13d,,New York
BK,3386,66,304.0,37.0,11237.0,83.0,1505 JEFFERSON AVENUE,NY,V0,11,,BUSHWICK JEFFERSON LLC,1342,0,13.42,100.0,5,9720,0,,,3,1009779.0,193257.0,40.6970857,-73.9079349,13d,,New York
BK,3626,148,316.0,42.0,11212.0,73.0,518 THATFORD AVENUE,NY,V0,11,,THATFORD MANAGEMENT LLC,2220,3,22.2,100.0,5,10740,0,,,3,1010091.0,178721.0,40.6571868,-73.9068655,17d,,New York
BK,3639,32,316.0,42.0,11212.0,73.0,641 WATKINS STREET,NY,V0,11,,"GIPSON, NORMAN",1880,0,23.5,80.0,5,15000,0,,,3,1010827.0,178461.0,40.656471,-73.9042138,17d,,New York
BK,3989,32,305.0,37.0,11208.0,75.0,803 GLENMORE AVENUE,NY,V1,11,,803 GLENMORE PLAZA LLC,2562,0,30.75,85.0,5,97650,0,,,3,1017375.0,185462.0,40.6756651,-73.8805798,17c,,New York
BK,4030,22,305.0,42.0,11207.0,75.0,488 WARWICK STREET,NY,V0,11,,MUHAMMAD ABDUL KARIM,2000,0,20.0,100.0,5,11640,0,,,3,1015973.0,183955.0,40.6715339,-73.8856413,17c,,New York
BK,4791,36,309.0,40.0,11225.0,71.0,440 LINCOLN ROAD,NY,V0,11,X,RC CH ST FRANCIS ASSI,5600,0,62.75,100.0,5,2394,0,,,3,998580.0,180277.0,40.6614838,-73.9483494,17b,,New York
BK,4899,18,317.0,45.0,11203.0,67.0,438 EAST 46 STREET,NY,V0,11,,"SCOTT, WANICA",2000,0,20.0,100.0,5,12120,0,,,3,1002427.0,176450.0,40.6509725,-73.9344937,17b,,New York
BK,5395,21,312.0,40.0,11218.0,66.0,652 EAST 2 STREET,NY,V0,11,,652 EAST 2ND STREET LLC,5000,0,40.0,125.0,5,37140,0,,,3,990604.0,170640.0,40.6350416,-73.9771069,22c,,New York
BK,5597,15,312.0,44.0,11219.0,66.0,1118 42 STREET,NY,V1,11,,1118 42 LLC,3255,0,32.5,100.17,5,254250,0,,,3,986408.0,172884.0,40.641203,-73.9922241,22c,,New York
BK,5635,50,312.0,44.0,11219.0,66.0,1363 49 STREET,NY,V0,11,,"FKF REALTY, LLC",4000,0,40.0,100.0,5,29820,0,,,3,986942.0,170335.0,40.6342063,-73.990301,22c,,New York
BK,5688,52,312.0,44.0,11219.0,66.0,1065 57 STREET,NY,V0,11,,1065 57TH STREET HOLDINGS LLC,4508,0,45.0,100.17,5,60180,0,,,3,983778.0,170185.0,40.633795,-74.0017006,22a,,New York
BK,5758,30,310.0,43.0,11219.0,68.0,1060 66 STREET,NY,V0,11,,JAGUAR DEVELOPMENT LLC,4000,0,40.0,100.0,5,52680,0,,,3,982193.0,168175.0,40.6282778,-74.0074105,22a,,New York
BK,6167,59,310.0,38.0,11228.0,68.0,1345 71 STREET,NY,V0,11,,1345 71 STREET LLC,4000,0,40.0,100.0,5,45540,0,,,3,983224.0,165902.0,40.622039,-74.0036959,22b,,New York
BK,634,46,307.0,38.0,11215.0,72.0,648 5 AVENUE,NY,V1,11,,"GREEK ORTHODOX CHURCH OF KIMISIS THEOTOK OU, INC",960,0,16.0,60.0,5,77400,0,,,3,986378.0,180718.0,40.6627056,-73.9923298,16d,,New York
BK,5466,63,312.0,44.0,11204.0,66.0,1667 52 STREET,NY,V0,11,,"KARFUNKEL, RENEE",3005,0,30.0,100.17,5,34320,0,,,3,988306.0,168257.0,40.6285022,-73.9853879,22c,,New York
BK,867,4,307.0,39.0,11215.0,72.0,613 5 AVENUE,NY,V1,11,,613 HOLDING NY LLC,2775,0,30.0,100.0,5,230400,0,,,3,986863.0,181074.0,40.6636826,-73.9905815,16d,,New York
BK,1148,31,308.0,35.0,11238.0,77.0,820 BERGEN STREET,NY,V0,11,,BLB 820 BERGEN ST LLC,6550,0,50.0,131.0,5,65280,0,,,3,995190.0,186121.0,40.6775291,-73.9605587,16c,,New York
BK,1637,58,303.0,36.0,11221.0,81.0,701 MONROE STREET,NY,V0,11,,"REJUVENATION HOUSE, LLC",1500,0,15.0,100.0,5,10260,0,,,3,1003994.0,190016.0,40.6882047,-73.9288068,17a,,New York
BK,1654,66,303.0,36.0,11233.0,81.0,465 HANCOCK STREET,NY,V0,11,,RH HANCOCK LLC,2000,0,20.0,100.0,5,11280,0,,,3,1001698.0,188575.0,40.6842543,-73.9370895,17a,,New York
BK,2201,60,301.0,33.0,11211.0,90.0,245 HOOPER ST,NY,V0,11,,HOOPER FEE LLC,3605,0,20.0,100.0,5,35280,0,,,3,996503.0,196520.0,40.7060702,-73.9558061,13b,,New York
BK,5410,41,314.0,40.0,11218.0,70.0,792 EAST 4 STREET,NY,V0,11,,"FINK, EFRAIM",4000,0,40.0,100.0,5,28800,0,,,3,991269.0,169764.0,40.6326367,-73.9747119,22c,,New York
BK,5495,1143,312.0,44.0,11204.0,66.0,5312 21 AVENUE,NY,V0,11,X,BARKAI OWNERSHIP GROUP LLC,9180,0,85.58,100.0,5,71580,0,,,3,990574.0,165799.0,40.6217541,-73.9772195,22d,,New York
BK,829,48,307.0,38.0,11220.0,72.0,263 56 STREET,NY,V0,11,,MEDINA FRANCISCO,2003,0,20.0,100.17,5,14160,0,,,3,979079.0,174244.0,40.6449346,-74.0186336,22a,,New York
BK,1126,84,308.0,35.0,11238.0,77.0,1075 PACIFIC STREET,NY,V1,11,,1067 PACIFIC GROUP LLC,2129,0,22.5,89.5,5,51750,0,,,3,995982.0,186692.0,40.6790954,-73.9577024,16c,,New York
BK,1146,14,308.0,35.0,11238.0,77.0,718 BERGEN STREET,NY,V0,11,,DURSTHOFF CHARLES,1650,0,22.0,75.0,5,13500,0,,,3,993963.0,186487.0,40.6785351,-73.9649818,16c,,New York
BK,4985,135,317.0,45.0,11210.0,67.0,778 EAST 39 STREET,NY,V0,11,,"ARMISTEAD, JULIET",924,0,16.33,100.5,5,3060,0,,,3,1000921.0,171732.0,40.6380255,-73.9399327,23a,,New York
BK,5377,23,312.0,39.0,11218.0,66.0,340 EAST 9 STREET,NY,V0,11,,KARE ASSOCIATES LLC,2000,0,20.0,100.0,5,29940,0,,,3,992476.0,172537.0,40.640247,-73.9703599,22c,,New York
BK,6553,73,311.0,43.0,11204.0,62.0,2213 65 STREET,NY,V1,11,,65 & BAY TOWER LLC,4000,0,40.0,100.0,5,284400,0,,,3,989601.0,162888.0,40.6137647,-73.9807268,22d,,New York
BK,6806,35,315.0,48.0,11229.0,61.0,1768 EAST 24 STREET,NY,V0,11,,"BAMSHAD, JAVID",2000,0,20.0,100.0,5,4620,0,,,3,998313.0,160624.0,40.6075409,-73.9493527,23b,,New York
BK,2232,66,301.0,33.0,11206.0,90.0,103 LYNCH STREET,NY,V0,11,,LYNCH RESIDENTS LLC,2000,0,20.0,100.0,5,21360,0,,,3,996811.0,195015.0,40.7019389,-73.954698,13b,,New York
BK,2754,35,301.0,34.0,11211.0,94.0,145 CONSELYEA STREET,NY,V1,11,,145 CONSELYEA LLC,2500,0,25.0,100.0,5,190350,0,,,3,999424.0,199912.0,40.7153759,-73.9452631,13b,,New York
BK,2736,14,301.0,33.0,11211.0,94.0,22 FROST STREET,NY,V1,11,,22 FROST ST LLC,4688,0,45.0,112.0,5,363600,0,,,3,997783.0,200593.0,40.7172478,-73.9511813,13a,,New York
BK,2758,5,301.0,34.0,11211.0,94.0,304 LEONARD STREET,NY,V0,11,,304 LEONARD STREET LLC,2090,0,22.0,95.0,5,21120,0,,,3,998802.0,199633.0,40.7146112,-73.9475074,13b,,New York
BK,3230,12,304.0,34.0,11221.0,83.0,36 DODWORTH STREET,NY,V0,11,,"D'AMBROSIO, LINDA S",2288,0,25.0,91.5,5,9000,0,,,3,1003829.0,192551.0,40.6951631,-73.9293944,13b,,New York
BK,3265,31,304.0,37.0,11221.0,83.0,82 STANHOPE STREET,NY,V0,11,X,IGLESIA CRISTIANA SINAI,3422,0,29.0,119.0,5,17400,0,,,3,1005281.0,193038.0,40.6964965,-73.9241567,13b,,New York
BK,3296,80,304.0,37.0,11221.0,83.0,53 BLEECKER STREET,NY,V0,11,,BERGEN ASSETS CORP,2500,0,25.0,100.0,5,9780,0,,,3,1005726.0,192175.0,40.6941267,-73.9225546,13b,,New York
BK,4622,18,317.0,41.0,11203.0,67.0,102 EAST 53 STREET,NY,V0,11,,E 53 STREET LLC,4000,0,40.0,100.0,5,21480,0,,,3,1004114.0,178881.0,40.6576414,-73.9284069,17b,,New York
BK,5372,76,312.0,39.0,11218.0,66.0,499 EAST 3 STREET,NY,V0,11,,UNAVAILABLE OWNER,4400,0,40.0,0.0,5,77460,0,,,3,990792.0,172383.0,40.6398257,-73.9764279,22c,,New York
BK,7690,73,315.0,46.0,11229.0,61.0,2892 NOSTRAND AVENUE,NY,V1,11,,MIKEROSE BROOKLYN LLC,11000,0,100.25,110.0,5,86850,0,,,3,999591.0,162868.0,40.6136981,-73.9447449,23b,,New York
BK,407,1,306.0,39.0,11217.0,78.0,159 3 AVENUE,NY,V1,11,,AST HOLDING CORP,11800,0,26.67,83.0,5,602550,0,,,3,988900.0,187441.0,40.6811577,-73.9832347,16c,,New York
BK,576,33,306.0,38.0,11231.0,76.0,178 RICHARDS STREET,NY,V0,11,,176 RICHARDS STREET REALTY LLC,840,0,20.0,42.0,5,13560,0,,,3,981001.0,185664.0,40.6762809,-74.0117132,16a,,New York
BK,3508,7,316.0,41.0,11212.0,73.0,35 98 STREET,NY,V1,11,,DORIS TRUCKING LLC,2000,0,20.0,100.0,5,89100,0,,,3,1005483.0,181874.0,40.6658533,-73.9234634,17b,,New York
BK,2023,110,302.0,33.0,11201.0,88.0,1 WALLABOUT STREET,NY,V1,11,C,NYC DEPARTMENT OF ENVIRONMENTAL PROTECTION,1519,0,11.0,137.0,5,96300,0,,,3,989853.0,195197.0,40.7024456,-73.9797923,12d,,New York
BK,2137,50,301.0,34.0,11249.0,90.0,411 BERRY STREET,NY,V0,11,X,NAME NOT ON FILE,1833,0,11.0,159.0,5,0,0,,,3,993861.0,197677.0,40.7092492,-73.9653336,12d,,New York
BK,5036,65,309.0,40.0,11225.0,71.0,259 RUTLAND ROAD,NY,V1,11,,ES RUTLAND GROUP LLC,4000,0,40.0,100.0,5,242100,0,,,3,997540.0,179561.0,40.6595202,-73.9520993,17b,,New York
BK,651,23,307.0,38.0,11232.0,72.0,218 24 STREET,NY,V2,11,,"KRAWIEC, DANUTA",1675,0,25.0,67.0,5,14160,0,,,3,984682.0,180249.0,40.6614185,-73.9984429,16d,,New York
BK,1020,35,306.0,38.0,11215.0,78.0,500 3RD AVENUE,NY,V1,11,,PAB 3RD AVE HOLDINGS LLC,6400,0,20.0,80.0,3,277200,0,,,3,986359.0,183454.0,40.6702153,-73.9923974,16d,,New York
BK,1765,35,303.0,33.0,11205.0,79.0,208 NOSTRAND AVENUE,NY,V0,11,,208 NOSTRAND LLC,2000,0,20.0,100.0,5,21000,0,,,3,997447.0,191772.0,40.6930367,-73.9524106,17a,,New York
BK,1608,49,303.0,36.0,11221.0,81.0,1073 LAFAYETTE AVENUE,NY,V0,11,,THE GALBY GROUP LLC,2500,0,25.0,100.0,5,14700,0,,,3,1003864.0,191635.0,40.6926488,-73.9292708,17a,,New York
BK,1599,11,303.0,36.0,11221.0,81.0,432 PULASKI STREET,NY,V0,11,,"PHILLIPS, ZELMA L",2000,0,20.0,100.0,5,12120,0,,,3,1002658.0,192101.0,40.6939305,-73.9336185,13b,,New York
BK,1599,73,303.0,36.0,11221.0,81.0,1037A DEKALB AVENUE,NY,V0,11,,IGLESIA PENTECOSTALFUENTE DE ORACION INC,2667,0,26.67,100.0,5,15660,0,,,3,1002696.0,192003.0,40.6936614,-73.9334817,13b,,New York
BK,7120,34,315.0,43.0,11223.0,61.0,2166 WEST 6 STREET,NY,V0,11,,SAXONY 2166 W6 LLC.,2000,0,20.0,100.0,5,14400,0,,,3,990481.0,156015.0,40.5948991,-73.9775636,28c,,New York
BK,827,20,307.0,38.0,11220.0,72.0,5802 1 AVENUE,NY,V1,11,,PIER 57 LLC,430394,0,315.0,1399.0,2,1278000,0,,,3,976859.0,175430.0,40.6481884,-74.0266346,22a,,New York
BK,803,9,307.0,38.0,11232.0,72.0,5200 1 AVENUE,NY,V1,11,,PROSPES MANAGEMENT 4 LLC,24040,0,100.17,240.0,3,810450,0,,,3,978443.0,175873.0,40.6494055,-74.0209268,16b,,New York
BK,539,12,306.0,38.0,11231.0,76.0,60 WEST 9 STREET,NY,V1,11,,VIVA REALTY LLC,2500,0,25.0,100.0,5,168750,0,,,3,983082.0,185684.0,40.6763363,-74.0042108,16a,,New York
BK,513,12,306.0,38.0,11231.0,76.0,14 COLES STREET,NY,V1,11,,FICESCO 13 LUQUER LLC,2191,0,25.0,100.58,5,79650,0,,,3,982903.0,186821.0,40.6794571,-74.0048564,16a,,New York
BK,513,42,306.0,38.0,11231.0,76.0,19 LUQUER STREET,NY,V1,11,,"LUQUER GARDENS, LLC",2500,0,25.0,100.0,5,88650,0,,,3,982931.0,186697.0,40.6791168,-74.0047554,16a,,New York
BK,536,41,306.0,38.0,11231.0,76.0,115 WEST 9TH STREET,NY,V1,11,,FRANCINE RLTY CORP,6008,0,70.0,100.0,5,851850,0,,,3,983649.0,185627.0,40.6761799,-74.0021667,16a,,New York
BK,1949,40,303.0,36.0,11238.0,79.0,448 LAFAYETTE AVENUE,NY,V1,11,,DB REAL PROPERTY LLC,1480,0,18.5,80.0,3,108450,0,,,3,996065.0,190291.0,40.6889737,-73.9573968,16c,,New York
BK,3594,1,316.0,41.0,11212.0,73.0,398 EAST 98 STREET,NY,V1,11,,398 EAST 98 STREET REALTY LLC,1190,0,74.75,36.51,3,62550,0,,,3,1007568.0,179363.0,40.658956,-73.9159565,17b,,New York
BK,6413,72,311.0,43.0,11214.0,62.0,156 BAY 29TH STREET,NY,V1,11,,SUPERIOR GLOBE LLC,2755,0,0.0,0.0,0,66150,0,,,3,984802.0,157678.0,40.5994659,-73.9980122,28c,,New York
BK,8442,49,318.0,46.0,11234.0,63.0,2224 EAST 74 STREET,NY,V0,11,,2224 E 74 LLC,6000,0,60.0,100.0,5,22080,0,,,3,1011130.0,164796.0,40.6189626,-73.9031762,23d,,New York
BK,2482,53,301.0,33.0,11222.0,94.0,29 CLAY STREET,NY,V1,11,,CLAY PROPERTIES LLC,9270,0,105.5,75.67,5,705150,0,,,3,996214.0,207657.0,40.736639,-73.9568287,12c,,New York
BK,3742,44,305.0,42.0,11207.0,75.0,491 BELMONT AVENUE,NY,V0,11,,KNOWLES JOERITHA,412,0,20.58,20.0,5,120,0,,,3,1014378.0,183886.0,40.67135,-73.8913915,17c,,New York
BK,1051,50,307.0,38.0,11215.0,72.0,161 PROSPECT AVENUE,NY,V0,11,,161 PROSPECT REALTY CORP.,853,0,15.5,55.0,5,14160,0,,,3,986067.0,181963.0,40.6661229,-73.9934504,16d,,New York
BK,3671,43,305.0,37.0,11207.0,75.0,2669 ATLANTIC AVENUE,NY,V1,11,,2671 ATLANTIC AVE LLC,2552,0,25.0,101.9,3,129150,0,,,3,1013162.0,185626.0,40.67613,-73.8957676,17c,,New York
BK,3964,2,305.0,37.0,11207.0,75.0,213 SCHENCK AVENUE,NY,V1,11,,1386 SUTTER LLC,2500,0,25.0,100.0,5,94050,0,,,3,1015044.0,185550.0,40.675915,-73.888983,17c,,New York
BK,8116,41,317.0,42.0,11236.0,67.0,9016 DITMAS AVENUE,NY,V1,11,,9016 DITMAS LLC,2000,0,20.0,100.0,5,60300,0,,,3,1008105.0,175459.0,40.6482389,-73.9140348,23a,,New York
BK,7924,109,317.0,42.0,11236.0,67.0,8716 DITMAS AVENUE,NY,V1,11,,8712 DITMAS AVE LLC,3000,0,30.0,100.0,5,52650,0,,,3,1007468.0,174917.0,40.6467529,-73.9163322,23a,,New York
BK,564,40,306.0,38.0,11231.0,76.0,160 WOLCOTT STREET,NY,V1,11,,CONOVER ASSOC.,2500,0,25.0,100.0,5,177750,0,,,3,980164.0,186598.0,40.6788442,-74.0147313,16a,,New York
BK,4334,6,305.0,42.0,11207.0,75.0,816 HEGEMAN AVENUE,NY,V1,11,,HEGEMAN REALTY ASSOCIATES INC,2550,0,30.0,85.0,5,73800,0,,,3,1016965.0,181141.0,40.6638064,-73.8820789,17d,,New York
BK,4368,44,305.0,42.0,11207.0,75.0,897 SHEFFIELD AVENUE,NY,V1,11,,897-899 SHEFFIELD AVE LLC,1900,0,20.0,95.0,5,27450,0,,,3,1014963.0,178209.0,40.6557659,-73.8893085,17d,,New York
BK,4678,12,317.0,41.0,11203.0,67.0,258 EAST 53 STREET,NY,V0,11,,EAST 53 ESTATES LLC,4958,0,49.5,100.17,5,38520,0,,,3,1004237.0,177365.0,40.65348,-73.9279681,17b,,New York
BK,3585,29,316.0,41.0,11212.0,73.0,128 LIVONIA AVENUE,NY,V0,11,,LIVONIA AVE ESTATES LLC,16018,0,160.0,100.23,3,131700,0,,,3,1008383.0,180365.0,40.661704,-73.9130154,17b,,New York
BK,4824,1,309.0,41.0,11203.0,71.0,545 TROY AVENUE,NY,V0,11,,MITCHELL MARY,4000,0,40.0,100.0,3,18180,0,,,3,1001789.0,179782.0,40.6601194,-73.9367842,17b,,New York
BK,8932,638,315.0,46.0,11229.0,61.0,28 CELESTE COURT,NY,V0,11,,"KNIGHT, ARTHUR",1785,0,34.0,52.5,5,6720,0,,,3,1004575.0,155209.0,40.5926657,-73.9268167,29a,,New York
BK,4622,8,317.0,41.0,11203.0,67.0,76 EAST 53 STREET,NY,V0,11,,EAST 53 RESIDENCE LLC,3325,0,33.25,100.0,3,17880,0,,,3,1004098.0,179127.0,40.6583167,-73.9284639,17b,,New York
BK,8891,502,315.0,46.0,11229.0,61.0,30 HAZEL COURT,NY,V0,11,,JAMES B KLEIN,1785,0,34.0,52.5,5,7200,0,,,3,1004060.0,154774.0,40.5914729,-73.9286723,29a,,New York
BK,3511,13,316.0,41.0,11212.0,73.0,37 TAPSCOTT STREET,NY,V0,11,O,NYC PACT PRESERVATION PARTNERS LLC,10000,0,100.0,100.0,5,48060,0,,,3,1006315.0,182235.0,40.6668422,-73.9204632,17b,,New York
BK,3511,81,316.0,41.0,11212.0,73.0,61 SUTTER AVENUE,NY,V1,11,X,US MCLEOD HOUSING DEVELOPMENT FUND CORPO RATION,2000,0,20.0,100.0,5,59850,0,,,3,1006373.0,181889.0,40.6658923,-73.9202552,17b,,New York
BK,8891,558,315.0,46.0,11229.0,61.0,27 IRA COURT,NY,V0,11,,"ERICHSEN, ROBERT E",1785,0,34.0,52.5,5,6720,0,,,3,1003915.0,154607.0,40.5910148,-73.9291949,29a,,New York
BK,8900,118,315.0,46.0,11229.0,61.0,29 EATON COURT,NY,V0,11,,BREGMAN GLENN,1800,0,40.0,45.0,5,8100,0,,,3,1005940.0,153257.0,40.5873046,-73.9219081,29a,,New York
BK,8891,687,315.0,46.0,11229.0,61.0,26 LACON COURT,NY,V1,11,,"PARADISE MARINA & YACHT CLUB, LLC",1785,0,34.0,52.5,5,32850,0,,,3,1003694.0,154367.0,40.5903566,-73.9299913,29a,,New York
BK,8891,681,315.0,46.0,11229.0,61.0,34 LACON COURT,NY,V1,11,,"PARADISE MARINA & YACHT CLUB, LLC",1785,0,34.0,52.5,5,32850,0,,,3,1003605.0,154470.0,40.5906395,-73.9303114,29a,,New York
BK,8914,40,315.0,46.0,11229.0,61.0,110 BEACON COURT,NY,V0,11,,"FRERICHS, DOUGLAS",1800,0,40.0,45.0,5,6780,0,,,3,1005524.0,154357.0,40.5903249,-73.9234023,29a,,New York
BK,3514,153,316.0,41.0,11212.0,73.0,546 SARATOGA AVENUE,NY,V1,11,,KHLA TWO LLC,4000,0,40.0,100.0,5,129600,0,,,3,1007190.0,182457.0,40.6674493,-73.9173084,17b,,New York
BK,8891,682,315.0,46.0,11229.0,61.0,32 LACON COURT,NY,V1,11,,"PARADISE MARINA & YACHT CLUB, LLC",5355,0,102.0,52.5,5,96750,0,,,3,1003649.0,154419.0,40.5904994,-73.9301532,29a,,New York
BK,8541,6,318.0,46.0,11234.0,63.0,4105 AVENUE U,NY,V1,11,,4105 AVE U LLC,6000,0,60.0,100.0,5,202500,0,,,3,1005336.0,161225.0,40.6091766,-73.9240578,23b,,New York
BK,8557,54,318.0,46.0,11234.0,63.0,2222 COLEMAN STREET,NY,V0,11,,2222 COLEMAN STREET LLC,6407,0,40.0,53.5,5,28800,0,,,3,1005394.0,160875.0,40.6082158,-73.92385,23b,,New York
BK,3493,18,316.0,41.0,11212.0,73.0,1836 STRAUSS STREET,NY,V1,11,,1539-1547 PITKIN AVE REALTY LLC,4000,0,40.0,100.0,5,221850,0,,,3,1007346.0,183112.0,40.6692467,-73.9167438,17b,,New York
BK,3518,46,316.0,41.0,11212.0,73.0,486 THOMAS S BOYLAND STREET,NY,V0,11,,THOMBOY FACILITIES LLC,16292,0,162.92,100.0,5,102000,0,,,3,1008192.0,182858.0,40.6685473,-73.913695,17b,,New York
BK,3489,117,316.0,41.0,11212.0,73.0,1536 EAST NEW YORK AVENUE,NY,V1,11,,"331 ROCKAWAY, LLC",7350,0,54.42,103.42,3,229500,0,,,3,1008920.0,184087.0,40.6719186,-73.9110663,17c,,New York
BK,3522,32,316.0,41.0,11212.0,73.0,120 THATFORD AVENUE,NY,V1,11,,GUNNVEET HOLDING NY LLC,5203,0,57.0,100.08,5,310050,0,,,3,1009267.0,182957.0,40.6688161,-73.9098196,17d,,New York
BK,7968,2,318.0,42.0,11236.0,69.0,8919 FARRAGUT ROAD,NY,V0,11,,"CHRISTOPHE, YOLENE",136,0,4.25,25.0,8,442,0,,,3,1009320.0,173616.0,40.6431769,-73.9096632,23c,,New York
BK,8125,21,318.0,42.0,11236.0,69.0,909 EAST 92 STREET,NY,V0,11,,"TING, HUI YUAN",4566,0,14.83,307.83,5,17820,0,,,3,1009152.0,174782.0,40.6463778,-73.9102643,23c,,New York
BK,3524,8,316.0,41.0,11212.0,73.0,117 OSBORN STREET,NY,V1,11,X,"THE ANTIOCH CHURCH OF OUR LORD JESUS CHR IST, INC.",2500,0,25.0,100.0,5,107550,0,,,3,1009633.0,183238.0,40.6695863,-73.9084992,17d,,New York
BK,7993,42,318.0,46.0,11236.0,69.0,614 EAST 89 STREET,NY,V0,11,,"MARANDO, MARY",1975,0,19.75,100.0,5,6000,0,,,3,1009271.0,173251.0,40.6421752,-73.9098411,23c,,New York
BK,3588,27,316.0,41.0,11212.0,73.0,380 CHESTER STREET,NY,V1,11,X,MGX PHASE 2 HOUSING DEVELOPMENT FUND COR PORATION,15000,0,75.0,200.0,3,525150,0,,,3,1009146.0,180528.0,40.6621493,-73.9102647,17d,,New York
BK,4717,19,317.0,42.0,11212.0,67.0,555 EAST 96 STREET,NY,V0,11,,BROOKDALE HOSPITAL CENTER,4000,0,40.0,100.0,5,2106,0,,,3,1008067.0,177878.0,40.6548786,-73.9141632,17b,,New York
BK,3587,27,316.0,41.0,11212.0,73.0,753 THOMAS S. BOYLAND STREET,NY,V1,11,,MGX PHASE 2 HOUSING DEVELOPMENT FUND COR PORATION,16523,0,100.23,200.0,3,109350,0,,,3,1008879.0,180472.0,40.6619964,-73.9112273,17d,,New York
BK,3602,44,316.0,41.0,11212.0,73.0,792 ROCKAWAY AVENUE,NY,V1,11,,"HP NEW PENN HOUSING DEVELOPMENT FUND COM PANY, INC",2000,0,20.0,100.0,5,59850,0,,,3,1009590.0,179878.0,40.660364,-73.9086668,17d,,New York
BK,4717,62,317.0,42.0,11212.0,67.0,556 ROCKAWAY PARKWAY,NY,V0,11,,BROOKDALE HOSPITAL MEDICAL CENTER,3000,0,30.0,100.0,5,12960,0,,,3,1008160.0,177925.0,40.6550074,-73.9138279,17b,,New York
BK,3549,44,316.0,41.0,11212.0,73.0,200 TAPSCOTT STREET,NY,V3,11,O,NYC HOUSING AUTHORITY,2450,0,24.5,100.0,5,9480,0,,,3,1006423.0,180853.0,40.6630486,-73.9200784,17b,,New York
BK,3549,43,316.0,41.0,11212.0,73.0,198 TAPSCOTT STREET,NY,V3,11,O,NYC PACT PRESERVATION PARTNERS LLC,2450,0,24.5,100.0,5,9480,0,,,3,1006418.0,180877.0,40.6631145,-73.9200964,17b,,New York
BK,3812,19,316.0,41.0,11212.0,73.0,372 LIVONIA AVENUE,NY,V1,11,,BP LIVONIA HOUSING DEVELOPMENT FUND CORP ORATION,9150,0,19.0,51.5,3,55350,0,,,3,1010947.0,180883.0,40.6631185,-73.9037718,17d,,New York
BK,3568,29,316.0,41.0,11212.0,73.0,241 LEGION STREET,NY,V1,11,,SARATOGA CORP,1598,0,20.0,79.92,5,73350,0,,,3,1007410.0,180757.0,40.6627826,-73.9165212,17b,,New York
BK,6902,48,313.0,47.0,11214.0,60.0,24 28 AVENUE,NY,V0,11,,DYKER ONE LLC,1933,0,20.0,96.67,5,20280,0,,,3,988411.0,154250.0,40.5900558,-73.9850183,28c,,New York
BK,3521,69,316.0,41.0,11212.0,73.0,508 ROCKAWAY AVENUE,NY,V1,11,,"ZELIK, JOSEPH",2000,0,20.0,100.0,5,93600,0,,,3,1009071.0,182530.0,40.6676446,-73.9105277,17d,,New York
BK,3519,50,316.0,41.0,11212.0,73.0,108 BRISTOL STREET,NY,V0,11,,JAMES A PARRISH,2500,0,25.0,100.0,5,9300,0,,,3,1008484.0,182819.0,40.6684395,-73.9126426,17b,,New York
BK,8171,35,318.0,42.0,11236.0,69.0,10204 FARRAGUT ROAD,NY,V0,11,,DANIEL MARTIN,1900,0,20.0,95.0,5,10740,0,,,3,1012054.0,175750.0,40.6490261,-73.8998028,17d,,New York
BK,3598,14,316.0,41.0,11212.0,73.0,425 HERZL STREET,NY,V0,11,,PERPINAN GENARO,2542,0,25.42,100.0,5,10440,0,,,3,1008474.0,179535.0,40.6594256,-73.9126904,17b,,New York
BK,8241,186,318.0,46.0,11236.0,69.0,1350 EAST 96 STREET,NY,V0,11,,"CAESAR, SHERINE",3191,0,55.74,57.31,5,14760,0,,,3,1012691.0,172074.0,40.6389343,-73.8975227,23c,,New York
BK,635,101,307.0,38.0,11232.0,72.0,69 20TH STREET,NY,V9,11,,"SIP HOLDINGS VENTURE, LLC",18921,0,118.0,160.35,0,463500,0,,,3,984606.0,181911.0,40.6659804,-73.9987168,16d,,New York
BK,641,87,307.0,38.0,11232.0,72.0,698 3 AVENUE,NY,V1,11,,KAMCO SERVICES LLC,2517,0,25.17,100.0,5,163800,0,,,3,984665.0,181100.0,40.6637543,-73.9985041,16d,,New York
BK,638,1,307.0,38.0,11232.0,72.0,89 21 STREET,NY,V1,11,,KAMCO SUPPLY CORP,12036,0,200.0,60.17,5,689850,0,,,3,984727.0,181417.0,40.6646244,-73.9982806,16d,,New York
BK,2224,44,301.0,33.0,11249.0,90.0,55 HEYWARD STREET,NY,V0,11,,HEYWARD ESTATES LLC,5000,0,50.0,100.0,5,60600,0,,,3,995795.0,194504.0,40.7005377,-73.9583632,12d,,New York
BK,8273,30,318.0,46.0,11236.0,69.0,10826 AVENUE N,NY,V0,11,,"RICHARDS, ELIZABETH A",2250,0,25.25,90.0,5,10500,0,,,3,1016841.0,172836.0,40.6410115,-73.882566,23c,,New York
BK,7004,68,313.0,47.0,11224.0,60.0,2847 WEST 37 STREET,NY,V0,11,,2847 WEST 37TH ST LLC,2375,0,20.0,118.75,5,26460,0,,,3,983504.0,149038.0,40.5757508,-74.0026854,28b,,New York
BK,8793,122,315.0,48.0,11235.0,61.0,18 HITCHINGS AVENUE,NY,V0,11,,"TOCI, GALINA",1716,0,26.0,66.0,6,6900,0,,,3,1001059.0,152333.0,40.584779,-73.9394837,29a,,New York
BK,8762,45,315.0,48.0,11235.0,61.0,2729 EAST 11 STREET,NY,V0,11,,SHORE DEV LLC,2360,0,40.0,59.0,3,10380,0,,,3,995660.0,152207.0,40.5844418,-73.9589216,28c,,New York
BK,7819,26,318.0,45.0,11210.0,63.0,1917 FLATBUSH AVENUE,NY,V1,11,,OVERBAUGH PLACE LLC,6481,0,67.54,90.44,3,123300,0,,,3,1001783.0,166264.0,40.6230154,-73.936841,23b,,New York
BK,7983,119,318.0,45.0,11236.0,69.0,659 EAST 78 STREET,NY,V0,11,,ERLIN CHARLES,1800,0,18.0,100.0,5,11700,0,,,3,1007291.0,171320.0,40.6368804,-73.9169823,23a,,New York
BK,8021,29,318.0,46.0,11236.0,69.0,929 EAST 84 STREET,NY,V0,11,,BERKSHIRE FAVS PROPERTIES LLC,2000,0,20.0,100.0,5,13080,0,,,3,1009370.0,171346.0,40.6369461,-73.9094915,23c,,New York
BK,1177,11,308.0,35.0,11238.0,77.0,478 SAINT JOHNS PLACE,NY,V0,11,,"4 PEMBROKE WAY DFT 2017, LLC",6061,0,50.25,137.0,5,91800,0,,,3,994754.0,184524.0,40.6731462,-73.9621331,16c,,New York
BK,8800,54,315.0,48.0,11235.0,61.0,31 STANTON ROAD,NY,V0,11,,"SHLAKMAN, ANGELA",1320,0,24.0,55.0,6,5940,0,,,3,1001890.0,152522.0,40.5852962,-73.9364914,29a,,New York
BK,8796,55,315.0,48.0,11235.0,61.0,12 LAKE AVENUE,NY,V0,11,,"D HANDY, INC.",1200,0,23.0,67.5,6,5700,0,,,3,1001411.0,152393.0,40.584943,-73.9382163,29a,,New York
BK,8796,178,315.0,48.0,11235.0,61.0,2 LAKE AVENUE,NY,V0,11,,"D HANDY, INC.",1200,0,23.0,67.67,6,6300,0,,,3,1001542.0,152193.0,40.5843938,-73.9377452,29a,,New York
BK,8796,59,315.0,48.0,11235.0,61.0,8 LAKE AVENUE,NY,V0,11,,"VORA, MANALI R",1200,0,23.0,67.58,6,5700,0,,,3,1001463.0,152313.0,40.5847234,-73.9380293,29a,,New York
BK,8796,126,315.0,48.0,11235.0,61.0,19 LAKE AVENUE,NY,V0,11,,D HANDY INC,1960,0,30.42,90.75,6,9120,0,,,3,1001301.0,152436.0,40.5850613,-73.9386122,29a,,New York
BK,8800,102,315.0,48.0,11235.0,61.0,23 STANTON ROAD,NY,V0,11,,"D HANDY, INC.",1035,0,23.0,45.0,6,4794,0,,,3,1001828.0,152561.0,40.5854033,-73.9367146,29a,,New York
BK,8815,21,315.0,48.0,11235.0,61.0,2902 EMMONS AVENUE,NY,V1,11,,EMMONS PROJECT LLC,52628,0,203.0,143.0,5,1912950,0,,,3,1000984.0,151821.0,40.5833738,-73.939755,29a,,New York
BK,2027,9,302.0,35.0,11205.0,88.0,35 NORTH ELLIOTT PLACE,NY,V0,11,,35 NORTH ELLIOT LLC,2178,0,24.83,88.67,5,23760,0,,,3,990576.0,193254.0,40.6971121,-73.9771866,12d,,New York
BK,1872,30,302.0,35.0,11205.0,88.0,164 FLUSHING AVENUE,NY,V1,11,,"BAYRIDGE FUNDING, INC.",1800,0,40.0,45.25,3,143550,0,,,3,992587.0,193451.0,40.6976511,-73.9699341,12d,,New York
BK,2031,13,302.0,35.0,11205.0,88.0,29 CARLTON AVENUE,NY,V1,11,,JJPB 29 CARLTON LLC,969,0,20.42,47.08,5,76500,0,,,3,991622.0,193229.0,40.6970426,-73.9734144,12d,,New York
BK,2032,51,302.0,35.0,11205.0,88.0,191 PARK AVENUE,NY,V1,11,,HASAN GAMAL,1278,0,17.33,73.75,5,111600,0,,,3,992091.0,192971.0,40.6963341,-73.9717234,12d,,New York
BK,7992,16,318.0,46.0,11236.0,69.0,651 EAST 87 STREET,NY,V0,11,,MARIE JEAN BAPTISTE,2000,0,20.0,100.0,5,7020,0,,,3,1009191.0,172790.0,40.6409101,-73.9101311,23c,,New York
BK,2570,5,301.0,33.0,11222.0,94.0,3 WEST STREET,NY,V1,11,,M & H REALTY LLC,30039,0,200.0,0.0,0,3219300,0,,,3,995567.0,203937.0,40.7264294,-73.9591696,12c,,New York
BK,2589,1,301.0,33.0,11222.0,94.0,79 QUAY STREET,NY,V1,11,,QUAY PLAZA LLC,16500,0,165.0,100.0,5,371250,0,,,3,995809.0,203937.0,40.7264291,-73.9582965,12c,,New York
BK,2679,34,301.0,33.0,11222.0,94.0,561 MANHATTAN AVENUE,NY,V1,11,,561 MANHATTAN AVENUE LLC,2259,0,48.5,46.58,3,171900,0,,,3,998074.0,202406.0,40.7222236,-73.9501278,13a,,New York
BK,2108,17,302.0,35.0,11217.0,88.0,37 LAFAYETTE AVENUE,NY,V1,11,,LAFAYETTE TOWER LLC,2150,0,21.5,100.0,3,323550,0,,,3,990478.0,189622.0,40.6871431,-73.9775433,16c,,New York
BK,484,19,306.0,38.0,11231.0,76.0,392 HAMILTON AVENUE,NY,V1,11,,"LORRAINE STREET PROPERTY,",4185,0,46.42,66.17,5,189900,0,,,3,984371.0,184313.0,40.6725733,-73.9995638,16c,,New York
BK,484,21,306.0,38.0,11231.0,76.0,253 LORRAINE STREET,NY,V1,11,,"LORRAINE STREET PROPERTY,",3978,0,100.0,55.42,5,180450,0,,,3,984385.0,184271.0,40.672458,-73.9995133,16c,,New York
BK,493,1,306.0,38.0,11231.0,76.0,627 SMITH STREET,NY,V1,11,,"RED HOOK INDU OZ OWNER, LLC",45400,0,237.0,175.0,2,3492900,0,,,3,984243.0,183340.0,40.6699027,-74.0000252,16d,,New York
BK,495,1,306.0,38.0,11231.0,76.0,659 SMITH STREET,NY,V1,11,,"RED HOOK INDU OZ OWNER, LLC",40000,0,238.0,175.0,3,1228500,0,,,3,984149.0,183084.0,40.6692,-74.0003641,16d,,New York
BK,491,1,306.0,38.0,11231.0,76.0,611 SMITH STREET,NY,V1,11,,"RED HOOK INDU OZ OWNER, LLC",43750,0,250.0,175.0,3,1342800,0,,,3,984330.0,183573.0,40.6705422,-73.9997116,16d,,New York
BK,489,1,306.0,38.0,11231.0,76.0,595 SMITH STREET,NY,V1,11,,"RED HOOK INDU OZ OWNER, LLC",39375,0,225.0,175.0,3,1208700,0,,,3,984411.0,183797.0,40.671157,-73.9994196,16d,,New York
BK,623,62,306.0,38.0,11231.0,76.0,728 COURT STREET,NY,V1,11,,RXR-LBA RED HOOK OWNER LLC,48750,0,220.0,250.0,3,622800,0,,,3,983119.0,182918.0,40.6687443,-74.004077,16b,,New York
BK,623,1,306.0,38.0,11231.0,76.0,750 COURT STREET,NY,V1,11,,RXR-LBA RED HOOK OWNER LLC,218250,0,369.67,71.0,5,4235850,0,,,3,982920.0,182469.0,40.6675118,-74.0047942,16b,,New York
BK,623,93,306.0,38.0,11231.0,76.0,764 HENRY STREET,NY,V1,11,,RXR-LBA RED HOOK OWNER LLC,46830,0,210.0,223.0,5,1243800,0,,,3,982837.0,183054.0,40.6691175,-74.0050936,16b,,New York
BK,2737,4,301.0,34.0,11211.0,94.0,676 LORIMER STREET,NY,V1,11,,680 LORIMER STREET LLC,1956,0,23.67,100.0,3,180000,0,,,3,998213.0,200587.0,40.7172307,-73.9496301,13a,,New York
BK,3983,18,305.0,37.0,11207.0,75.0,274 ASHFORD STREET,NY,V1,11,,LIBERTY ASHFORD LLC,673,0,26.92,25.0,5,21600,0,,,3,1015945.0,185484.0,40.6757307,-73.8857351,17c,,New York
BK,4072,29,305.0,42.0,11208.0,75.0,1126 BLAKE AVENUE,NY,V0,11,,COPTIC LLC,1808,0,20.08,90.0,5,9420,0,,,3,1018574.0,183526.0,40.6703466,-73.8762671,17d,,New York
BK,4456,68,305.0,42.0,11208.0,75.0,413 MONTAUK AVENUE,NY,V0,11,,EDMINTON GROUP LTD,2000,0,20.0,100.0,5,10500,0,,,3,1018683.0,182726.0,40.6681504,-73.8758783,17d,,New York
BK,4072,14,305.0,42.0,11208.0,75.0,349 MONTAUK AVENUE,NY,V0,11,,ZEINALI ABE,2000,0,20.0,100.0,5,10500,0,,,3,1018486.0,183350.0,40.6698639,-73.8765853,17d,,New York
BK,4072,24,305.0,42.0,11208.0,75.0,1116 BLAKE AVENUE,NY,V0,11,,1116 BLAKE AVENUE LLC,1800,0,20.0,90.0,5,9360,0,,,3,1018476.0,183507.0,40.6702949,-73.8766205,17d,,New York
BK,4072,28,305.0,42.0,11208.0,75.0,1124 BLAKE AVENUE,NY,V0,11,,COPTIC LLC,1800,0,20.0,90.0,5,9360,0,,,3,1018554.0,183522.0,40.6703357,-73.8763393,17d,,New York
BK,4080,14,305.0,42.0,11207.0,75.0,607 ASHFORD STREET,NY,V0,11,,15 EAST 19TH LLC,1800,0,20.0,90.0,5,10440,0,,,3,1016663.0,182378.0,40.6672028,-73.8831615,17d,,New York
BK,4080,15,305.0,42.0,11207.0,75.0,601 ASHFORD STREET,NY,V0,11,,15 EAST 19TH LLC,1800,0,20.0,90.0,5,10440,0,,,3,1016659.0,182397.0,40.667255,-73.8831758,17d,,New York
BK,4315,17,305.0,42.0,11208.0,75.0,680 ESSEX STREET,NY,V0,11,X,ST GABRIELS RC CHURCH,25000,0,125.0,200.0,5,179580,0,,,3,1017571.0,182176.0,40.666645,-73.8798895,17d,,New York
BK,2360,6,301.0,34.0,11211.0,94.0,180 NORTH 3 STREET,NY,V1,11,X,MONSIGNOR ALEXIS J HALL,1646,0,95.67,101.67,3,256500,0,,,3,995400.0,199851.0,40.7152145,-73.9597789,12d,,New York
BK,7900,53,318.0,46.0,11234.0,63.0,1520 EAST 56 STREET,NY,V0,11,,KKS GROUP LLC,2340,0,30.0,117.0,3,13500,0,,,3,1006132.0,164568.0,40.6183505,-73.9211801,23b,,New York
BK,3985,18,305.0,37.0,11208.0,75.0,696 LIBERTY AVENUE,NY,V1,11,X,CELESTIAL CHURCH OFCHRIST,2750,0,27.5,100.0,3,103500,0,,,3,1016392.0,185587.0,40.6760118,-73.8841231,17c,,New York
BK,3853,17,305.0,42.0,11207.0,75.0,606 ALABAMA AVENUE,NY,V2,11,,JOHNSON MAARA,2000,0,20.0,100.0,5,11340,0,,,3,1013025.0,180113.0,40.6609985,-73.896285,17d,,New York
BK,3155,108,304.0,34.0,11237.0,83.0,11 WILSON AVENUE,NY,V0,11,,AEMIS REALTY LLC,1742,0,69.67,25.0,3,9000,0,,,3,1003568.0,195609.0,40.7035572,-73.9303268,13b,,New York
BK,4167,4,305.0,37.0,11208.0,75.0,325 CRESCENT STREET,NY,V0,11,,ARCPE 1 LLC,1617,0,21.0,77.0,5,11280,0,,,3,1019975.0,187479.0,40.6811912,-73.8711958,17c,,New York
BK,4168,5,305.0,37.0,11208.0,75.0,343 CRESCENT STREET,NY,V0,11,,NY REALTY ENTERPRISES PLUS CORP.,3000,0,30.0,100.0,5,21300,0,,,3,1020024.0,187277.0,40.6806365,-73.8710202,17c,,New York
BK,4173,2,305.0,37.0,11208.0,75.0,393 LINCOLN AVENUE,NY,V0,11,,BHOJ DINDIYAL,5000,0,50.0,100.08,5,33660,0,,,3,1020805.0,187221.0,40.6804796,-73.8682047,17c,,New York
BK,6131,12,310.0,47.0,11209.0,68.0,423 99 STREET,NY,V0,11,,423 99 STREET LLC,5000,0,50.0,100.0,5,23640,0,,,3,975302.0,162676.0,40.6131799,-74.0322286,22b,,New York
BK,4546,17,305.0,42.0,11208.0,75.0,898 PINE STREET,NY,V0,11,,MT168168 HOLDINGS CORP.,2000,0,20.0,100.0,5,7380,0,,,3,1020822.0,180861.0,40.6630228,-73.8681779,17d,,New York
BK,3682,29,305.0,37.0,11207.0,75.0,2532 ATLANTIC AVENUE,NY,V1,11,,2532 ATLANTIC LLC,1900,0,20.33,93.25,5,60300,0,,,3,1011741.0,185321.0,40.6752974,-73.9008917,17c,,New York
BK,1544,54,316.0,37.0,11233.0,73.0,97 TRUXTON STREET,NY,V0,11,,JUDE JOYETTE 2019 REVOCABLE LIVING TRUST,1638,0,19.5,100.0,5,8580,0,,,3,1010380.0,186610.0,40.6788395,-73.9057933,17c,,New York
BK,1577,56,305.0,37.0,11207.0,75.0,1811 EAST NEW YORK AVENUE,NY,V9,11,X,"MYSTIC DISPLAY CO., INC.",8400,0,50.0,168.0,5,316350,0,,,3,1011493.0,185800.0,40.6766129,-73.9017839,17c,,New York
BK,1572,17,316.0,37.0,11233.0,73.0,1422 HERKIMER STREET,NY,V0,11,,1424 HERKIMER STREET DEVELOPMENT LLC,1519,0,15.5,98.0,5,4980,0,,,3,1010178.0,185962.0,40.6770615,-73.9065241,17c,,New York
BK,3682,22,305.0,37.0,11207.0,75.0,2518 ATLANTIC AVENUE,NY,V1,11,,GREEN FIELD GROUP LLC,9853,0,125.0,81.58,3,349200,0,,,3,1011632.0,185309.0,40.6752648,-73.9012847,17c,,New York
BK,3682,26,305.0,37.0,11207.0,75.0,2526 ATLANTIC AVENUE,NY,V1,11,,"VARGAS MACHUCA GARCES, VIVIAN CATHERINE",1638,0,20.33,79.92,5,52650,0,,,3,1011677.0,185328.0,40.6753168,-73.9011224,17c,,New York
BK,456,6,306.0,39.0,11215.0,78.0,21 DENTON PLACE,NY,V1,11,,2123 DENTON LLC,3600,0,40.0,90.0,5,266400,0,,,3,988402.0,185495.0,40.6758167,-73.9850314,16c,,New York
BK,448,56,306.0,39.0,11215.0,78.0,509 CARROLL STREET,NY,V1,11,,"509 CARROLL ASSOCIATES, LLC",2625,0,25.0,111.0,5,289800,0,,,3,988400.0,185868.0,40.6768405,-73.9850384,16c,,New York
BK,425,1,306.0,39.0,11217.0,78.0,270 NEVINS STREET,NY,V1,11,P,DEPT. OF ENVIROMENTAL PROTECTION,51750,0,230.0,225.0,3,1731600,0,,,3,987797.0,187089.0,40.6801921,-73.9872117,16c,,New York
BK,427,7,306.0,39.0,11217.0,78.0,213 THIRD AVENUE,NY,V1,11,,SAIRA PROPERTIES LLC,9714,0,100.0,97.1,5,644850,0,,,3,988568.0,186770.0,40.6793162,-73.9844322,16c,,New York
BK,426,1,306.0,39.0,11217.0,78.0,545 SACKETT STREET,NY,V1,11,,545 SACKETT LLC,48500,0,285.0,200.0,3,990900,0,,,3,988055.0,186963.0,40.6798462,-73.9862816,16c,,New York
BK,2682,55,301.0,33.0,11222.0,94.0,124 ECKFORD STREET,NY,V0,11,,WEST EAST GROUP REALTY LLC,2500,0,25.0,100.0,5,23220,0,,,3,998519.0,203007.0,40.7238725,-73.9485211,13a,,New York
BK,2598,19,301.0,33.0,11222.0,94.0,265 ECKFORD STREET,NY,V0,11,,ECKFORD HOMES LLC,4400,0,44.0,100.0,5,40920,0,,,3,997675.0,204571.0,40.7281666,-73.9515629,13a,,New York
BK,2598,6,301.0,33.0,11222.0,94.0,686 LEONARD STREET,NY,V0,11,,686 LEONARD CONDOMINIUMS LLC,2500,0,25.0,100.0,5,20940,0,,,3,997578.0,204539.0,40.7280789,-73.951913,13a,,New York
BK,2575,9,301.0,33.0,11222.0,94.0,194 GREENPOINT AVENUE,NY,V1,11,,323 ECKFORD ST LLC,1267,0,4.08,84.5,3,87300,0,,,3,997410.0,205287.0,40.7301322,-73.9525176,13a,,New York
BK,2541,4,301.0,33.0,11222.0,94.0,958 MANHATTAN AVENUE,NY,V1,11,,958 MANHATTAN AVENUE LLC,2500,0,25.0,100.0,5,318600,0,,,3,996935.0,205954.0,40.7319637,-73.9542302,13a,,New York
BK,154,11,302.0,33.0,11201.0,84.0,360 FULTON STREET,NY,V1,11,,FEIL FULTON OWNER LLC,5727,0,24.0,146.83,5,981000,0,,,3,987533.0,191167.0,40.6913854,-73.9881615,16c,,New York
BK,167,2,302.0,33.0,11217.0,84.0,33 NEVINS STREET,NY,V1,11,,NEVINS STREET CAPITAL LLC,1365,0,21.08,65.0,5,252900,0,,,3,989410.0,189794.0,40.6876159,-73.9813942,16c,,New York
BK,154,5,302.0,33.0,11201.0,84.0,356 FULTON STREET,NY,V1,11,,FEIL FULTON OWNER LLC,8644,0,31.67,146.83,3,1528650,0,,,3,987487.0,191196.0,40.691465,-73.9883274,16c,,New York
BK,154,14,302.0,33.0,11201.0,84.0,366 FULTON STREET,NY,V1,11,,FEIL FULTON OWNER LLC,2571,0,22.42,127.5,5,305100,0,,,3,987583.0,191172.0,40.6913991,-73.9879812,16c,,New York
BK,154,12,302.0,33.0,11201.0,84.0,362 FULTON STREET,NY,V1,11,,FEIL FULTON OWNER LLC,2380,0,32.08,74.25,5,468450,0,,,3,987570.0,191209.0,40.6915006,-73.9880281,16c,,New York
BK,6950,108,313.0,47.0,11214.0,60.0,147 BAY 53 STREET,NY,V0,11,,HOME DEPOT U S A INC,3000,0,30.0,100.0,5,23760,0,,,3,987659.0,151531.0,40.582593,-73.9877272,28c,,New York
BK,3008,15,301.0,34.0,11237.0,90.0,58 GRATTAN STREET,NY,V1,11,,BUSHWACK 7 LLC,2500,0,25.0,100.0,5,102600,0,,,3,1003466.0,196352.0,40.7055967,-73.9306926,13b,,New York
BK,587,34,306.0,38.0,11231.0,76.0,72 COFFEY STREET,NY,V0,11,,SHOMERON INC,1600,0,20.0,80.0,3,22980,0,,,3,980747.0,185364.0,40.6754574,-74.0126288,16a,,New York
BK,3690,25,305.0,37.0,11207.0,75.0,453 LIBERTY AVENUE,NY,V1,11,,453 LIBERTY LLC,2500,0,25.0,100.0,5,94050,0,,,3,1013914.0,185264.0,40.6751339,-73.8930581,17c,,New York
BK,1188,54,309.0,35.0,11225.0,71.0,884 FRANKLIN AVENUE,NY,V1,11,,CARROLL DEVELOPMENT PLAZA LLC,2500,0,25.0,100.0,5,112500,0,,,3,995589.0,182773.0,40.6683391,-73.9591259,16d,,New York
BK,5891,142,310.0,47.0,11209.0,68.0,360I OVINGTON AVENUE,NY,V0,11,,DAVID KIMBALL,1003,0,20.0,50.17,5,17160,0,,,3,977293.0,170153.0,40.6337045,-74.0250652,22a,,New York
BK,1973,26,303.0,36.0,11238.0,79.0,80 QUINCY STREET,NY,V0,11,,MOUNT SINAI BAPTIST CHURCH,1900,0,19.0,100.0,5,11940,0,,,3,995875.0,189160.0,40.6858696,-73.9580839,16c,,New York
BK,1973,15,303.0,36.0,11238.0,79.0,58 QUINCY STREET,NY,V0,11,,MOUNT SINAI BAPTIST CHURCH,5075,0,50.75,100.0,5,35820,0,,,3,995685.0,189131.0,40.6857902,-73.958769,16c,,New York
BK,1973,64,303.0,36.0,11238.0,79.0,235 GATES AVENUE,NY,V0,11,,MOUNT SINAI BAPTIST CHURCH,2200,0,22.0,100.0,5,12660,0,,,3,995849.0,189054.0,40.6855787,-73.9581778,16c,,New York
BK,1973,54,303.0,36.0,11238.0,79.0,253 GATES AVENUE,NY,V1,11,,253 GATES LLC,2860,0,26.0,110.0,5,77400,0,,,3,996058.0,189090.0,40.6856772,-73.9574242,16c,,New York
BK,1970,60,303.0,36.0,11238.0,79.0,71 QUINCY STREET,NY,V1,11,,"71 QUINCY ST., NYC, LLC",3158,0,31.58,100.0,5,132300,0,,,3,995784.0,189314.0,40.6862924,-73.9584117,16c,,New York
BK,1990,16,303.0,36.0,11216.0,79.0,92 MADISON STREET,NY,V0,11,,YBN 712 LLC,1667,0,16.67,100.0,5,15120,0,,,3,996618.0,188454.0,40.6839308,-73.9554061,17a,,New York
BK,1988,41,303.0,36.0,11216.0,79.0,113 MADISON STREET,NY,V0,11,X,G E MILLER PENTE/CHU/FKA,1875,0,18.75,100.0,5,10860,0,,,3,996800.0,188651.0,40.6844712,-73.9547496,17a,,New York
BK,1987,45,303.0,36.0,11238.0,79.0,412 FRANKLIN AVENUE,NY,V0,11,,"THE FRANKLIN AVENUE GROUP, INC.",1444,0,18.75,77.0,5,12540,0,,,3,996282.0,188678.0,40.6845461,-73.9566172,17a,,New York
BK,1989,36,303.0,36.0,11238.0,79.0,62 MADISON STREET,NY,V1,11,,JRH GROUP LLC,2000,0,20.0,100.0,5,132300,0,,,3,996269.0,188400.0,40.683783,-73.9566646,16c,,New York
BK,1988,1,303.0,36.0,11238.0,79.0,433 FRANKLIN AVENUE,NY,V0,11,,MURIEL DAVIS,1870,0,22.0,85.0,3,15240,0,,,3,996449.0,188557.0,40.6842137,-73.9560153,17a,,New York
BK,1986,11,303.0,36.0,11216.0,79.0,278 GATES AVENUE,NY,V1,11,,"CHOWDHURY, SHAMEEM",2160,0,18.0,120.0,5,18720,0,,,3,996513.0,188973.0,40.6853555,-73.9557838,17a,,New York
BK,1973,24,303.0,36.0,11238.0,79.0,76 QUINCY STREET,NY,V0,11,,MT. SINAI BAPTIST CHURCH INC,2300,0,23.0,100.0,5,14280,0,,,3,995836.0,189154.0,40.6858532,-73.9582245,16c,,New York
BK,1973,25,303.0,36.0,11238.0,79.0,78 QUINCY STREET,NY,V0,11,,MT SINAI BAPT CHRUCH INC,1900,0,19.0,100.0,5,11940,0,,,3,995856.0,189157.0,40.6858614,-73.9581524,16c,,New York
BK,1973,65,303.0,36.0,11238.0,79.0,233 GATES AVENUE,NY,V0,11,,MOUNT SINAI BAPTIST CHURCH,2200,0,22.0,100.0,5,12660,0,,,3,995828.0,189050.0,40.6855677,-73.9582535,16c,,New York
BK,1812,65,303.0,36.0,11216.0,79.0,181 MONROE STREET,NY,V0,11,,181 MONROE LLC,2500,0,25.0,100.0,5,14040,0,,,3,997670.0,189056.0,40.6855816,-73.9516119,17a,,New York
BK,1807,47,303.0,36.0,11216.0,79.0,248 QUINCY STREET,NY,V0,11,X,JOHN WESLEY M E CHURCH,2000,0,20.0,100.0,5,11520,0,,,3,997696.0,189436.0,40.6866246,-73.9515174,17a,,New York
BK,4566,1,305.0,42.0,11208.0,75.0,1025 CRESCENT STREET,NY,V1,11,,AMERICO PULLINI,3160,0,42.33,96.67,3,56250,0,,,3,1021312.0,180516.0,40.6620738,-73.8664136,18b,,New York
BK,314,38,306.0,39.0,11231.0,76.0,142 COLUMBIA STREET,NY,V9,11,C,NYC DEPARTMENT OF TRANSPORTATION,2460,0,30.75,80.0,5,162900,0,,,3,983724.0,189680.0,40.6873045,-74.0018966,16a,,New York
BK,1319,8,309.0,40.0,11225.0,71.0,124 STERLING STREET,NY,V0,11,,"WELLS TRUST, DATED MARCH 02, 2022",2575,0,25.0,103.0,3,31800,0,,,3,996238.0,180694.0,40.6626319,-73.9567901,16d,,New York
BK,316,31,306.0,39.0,11231.0,76.0,156 COLUMBIA STREET,NY,V9,11,C,NYC DEPARTMENT OF TRANSPORTATION,1985,0,20.0,98.67,5,139500,0,,,3,983646.0,189492.0,40.6867885,-74.0021779,16a,,New York
BK,3241,70,304.0,34.0,11221.0,83.0,1135 BROADWAY,NY,V1,11,C,NYC DEPARTMENT OF EDUCATION,2025,0,20.67,100.0,5,67500,0,,,3,1003982.0,192001.0,40.6936531,-73.9288443,13b,,New York
BK,3193,18,304.0,34.0,11221.0,83.0,977 BROADWAY,NY,V1,11,,"LEE, SUK-CHAN",3425,0,34.25,100.0,5,43650,0,,,3,1002556.0,193061.0,40.6965656,-73.9339837,13b,,New York
BK,3193,21,304.0,34.0,11221.0,83.0,971 BROADWAY,NY,V1,11,,"LEE, SUK-CHAN",1475,0,16.0,95.67,5,900,0,,,3,1002508.0,193090.0,40.6966453,-73.9341567,13b,,New York
BK,3230,11,304.0,34.0,11221.0,83.0,34 DODWORTH STREET,NY,V0,11,,1711 DEKALB AVENUE CORP,2288,0,25.0,91.5,5,9000,0,,,3,1003814.0,192530.0,40.6951055,-73.9294485,13b,,New York
BK,3193,1,304.0,34.0,11221.0,83.0,1178 MYRTLE AVENUE,NY,V1,11,,BUSHWICK ARMS LLC,1800,0,54.5,76.58,3,37800,0,,,3,1002783.0,193241.0,40.6970592,-73.9331646,13b,,New York
BK,4340,210,305.0,42.0,11207.0,75.0,1 WILL PLACE,NY,V1,11,,124 LOUISANA L.P.,200,0,20.0,10.0,5,900,0,,,3,1013436.0,178332.0,40.6561087,-73.8948113,17d,,New York
BK,8148,18,318.0,42.0,11236.0,69.0,923 EAST 98TH STREET,NY,V0,11,,MASTIC MANAGEMENT LLC,2724,0,27.24,100.0,5,8700,0,,,3,1010933.0,175465.0,40.6482473,-73.9038437,23c,,New York
BK,3874,41,305.0,42.0,11207.0,75.0,724 HINSDALE STREET,NY,V0,11,,HAMPTON OTIS,2425,0,24.25,100.0,5,9420,0,,,3,1012791.0,178609.0,40.6568711,-73.8971348,17d,,New York
BK,8123,26,317.0,42.0,11236.0,67.0,757 ROCKAWAY PARKWAY,NY,V1,11,,750 EAST 98 STREET LLC,40600,0,220.0,230.0,5,679950,0,,,3,1009669.0,176554.0,40.6512401,-73.9083946,17d,,New York
BK,4317,23,305.0,42.0,11207.0,75.0,98 LOUISIANA AVENUE,NY,V0,11,,UNAVAILABLE OWNER,2000,0,20.0,100.0,5,11340,0,,,3,1013340.0,178640.0,40.6569544,-73.895156,17d,,New York
BK,8147,18,318.0,42.0,11236.0,69.0,1305 ROCKAWAY PARKWAY,NY,V0,11,,1305 ROCKAWAY LLC,5400,0,40.0,135.0,5,64140,0,,,3,1010693.0,175273.0,40.647721,-73.9047093,23c,,New York
BK,829,27,307.0,38.0,11220.0,72.0,260 55 STREET,NY,V0,11,,CANLAS IMELDA B,2504,0,25.0,100.17,5,18360,0,,,3,979109.0,174348.0,40.6452201,-74.0185255,22a,,New York
BK,845,44,307.0,38.0,11220.0,72.0,5722 3 AVENUE,NY,V1,11,,"GROUP 58 REALTY, LLC",1717,0,17.17,100.0,5,102600,0,,,3,978845.0,173753.0,40.6435868,-74.0194764,22a,,New York
BK,5789,6,307.0,38.0,11220.0,72.0,202 61 STREET,NY,V0,11,,EF LEGACY PROPERTIES LLC,2717,0,27.17,100.0,3,22560,0,,,3,977755.0,173405.0,40.6426309,-74.0234038,22a,,New York
BK,1895,40,302.0,35.0,11205.0,88.0,144 CLASSON AVENUE,NY,V1,11,,S.D.J. REALTY CORP,3225,0,24.75,110.0,5,131400,0,,,3,994846.0,192716.0,40.6956313,-73.9617885,12d,,New York
BK,3637,58,316.0,42.0,11212.0,73.0,666 OSBORN STREET,NY,V0,11,,544 WARRICK OSBORN LLC,1351,0,20.0,64.75,5,7020,0,,,3,1010504.0,178066.0,40.6553878,-73.9053795,17d,,New York
BK,837,11,307.0,38.0,11220.0,72.0,214 56 STREET,NY,V0,11,,NYZ LIVING LLC,2003,0,20.0,100.17,5,12720,0,,,3,978652.0,174379.0,40.6453049,-74.0201724,22a,,New York
BK,837,13,307.0,38.0,11220.0,72.0,220 56 STREET,NY,V0,11,,MAGELO SUNSET PARK REALTY LLC,3806,0,38.0,100.17,5,28380,0,,,3,978692.0,174348.0,40.6452198,-74.0200282,22a,,New York
BK,1889,53,302.0,35.0,11205.0,88.0,100 WASHINGTON AVENUE,NY,V0,11,,BERTHA E DE CHIRICO,2000,0,20.0,100.0,5,23280,0,,,3,993221.0,192691.0,40.6955645,-73.9676487,12d,,New York
BK,1892,29,302.0,35.0,11205.0,88.0,73 RYERSON STREET,NY,V0,11,,RETHEA MCWILLIAMS,2050,0,20.5,100.0,5,18060,0,,,3,993934.0,192642.0,40.6954292,-73.9650775,12d,,New York
BK,1891,51,302.0,35.0,11205.0,88.0,82 RYERSON STREET,NY,V0,11,,ZELIK JOSEPH,2000,0,20.0,100.0,5,17580,0,,,3,993785.0,192575.0,40.6952455,-73.9656149,12d,,New York
BK,1893,57,302.0,35.0,11205.0,88.0,527 MYRTLE AVENUE,NY,V1,11,,527 MYRTLE VENTURES LLC,2500,0,25.0,100.0,5,45000,0,,,3,994343.0,192105.0,40.6939548,-73.9636034,12d,,New York
BK,1892,6,302.0,35.0,11205.0,88.0,119 RYERSON STREET,NY,V0,11,,"WHEATON, DOUGLAS",1667,0,16.67,100.0,5,29340,0,,,3,993999.0,192217.0,40.6942626,-73.9648437,12d,,New York
BK,1894,34,302.0,35.0,11205.0,88.0,74 EMERSON PLACE,NY,V1,11,,STORAGE PROPERTIES INC,2500,0,25.0,100.0,5,88650,0,,,3,994560.0,192658.0,40.6954724,-73.96282,12d,,New York
BK,5434,68,312.0,44.0,11204.0,66.0,1647 46 STREET,NY,V0,11,,"TEMPLER, SYLVIA",3005,0,30.0,100.17,5,34320,0,,,3,989145.0,169584.0,40.6321441,-73.9823644,22c,,New York
BK,5437,1,312.0,44.0,11204.0,66.0,4609 16TH AVENUE,NY,V1,11,X,CONGREGATION BETH ARON V'ISRAEL KARLIN S TOLIN INC.,9775,0,20.0,60.0,3,343350,0,,,3,988712.0,169612.0,40.6322212,-73.9839244,22c,,New York
BK,5443,67,312.0,44.0,11204.0,66.0,1663 48 STREET,NY,V0,11,,"TEITELBAUM, MIRIAM",3205,0,32.0,100.17,5,34980,0,,,3,988921.0,169100.0,40.6308157,-73.9831717,22c,,New York
BK,3716,12,305.0,37.0,11207.0,75.0,133 HINSDALE STREET,NY,V1,11,,"DECAMPOS, LUIS",2500,0,25.0,100.0,5,77400,0,,,3,1011865.0,184165.0,40.672124,-73.9004494,17c,,New York
BK,5476,9,312.0,44.0,11204.0,66.0,5203 20 AVENUE,NY,V0,11,,FISCHMAN MELVIN,5000,0,50.0,100.0,3,57240,0,,,3,990340.0,166473.0,40.6236043,-73.9780618,22d,,New York
BK,3723,11,305.0,42.0,11207.0,75.0,265 VERMONT STREET,NY,V0,11,,265 VERMONT BA GNB LLC,2650,0,25.0,106.0,5,17460,0,,,3,1013673.0,184573.0,40.6732381,-73.8939299,17c,,New York
BK,1757,40,303.0,36.0,11206.0,79.0,269 VERNON AVENUE,NY,V0,11,,CACTUS 269 VERNON LLC,1500,0,15.0,100.0,5,12420,0,,,3,1000649.0,192784.0,40.6958091,-73.9408615,13b,,New York
BK,1757,39,303.0,36.0,11206.0,79.0,271 VERNON AVENUE,NY,V0,11,,271 VERNON AVENUE LLC,1500,0,15.0,100.0,3,14400,0,,,3,1000680.0,192788.0,40.69582,-73.9407497,13b,,New York
BK,6760,78,314.0,48.0,11230.0,70.0,1545 EAST 13 STREET,NY,V0,11,,1545 E 13 ST REALTY INC.,3000,0,30.0,100.0,5,28500,0,,,3,995233.0,162133.0,40.6116872,-73.9604427,22d,,New York
BK,1591,4,303.0,36.0,11206.0,81.0,123A MARCUS GARVEY BLVD,NY,V0,11,,ALBARRACIN LUIS,1800,0,20.0,90.0,5,14940,0,,,3,1000876.0,192294.0,40.6944637,-73.9400441,13b,,New York
BK,1757,60,303.0,36.0,11206.0,79.0,235A VERNON AVENUE,NY,V0,11,,235A VERNON LLC,1783,0,17.83,100.0,6,10740,0,,,3,1000264.0,192725.0,40.6956478,-73.94225,13b,,New York
BK,1769,56,303.0,36.0,11206.0,79.0,249 HART STREET,NY,V0,11,X,HABITAT MOSAIC HOUSING DEVELOPMENT FUND  CORP,2667,0,26.67,100.0,5,14940,0,,,3,1000549.0,192223.0,40.6942695,-73.9412235,13b,,New York
BK,1591,2,303.0,36.0,11206.0,81.0,127 MARCUS GARVEY BLVD,NY,V0,11,,JUDITH D ALBARRACIN,1800,0,20.0,90.0,5,14940,0,,,3,1000882.0,192254.0,40.6943539,-73.9400226,13b,,New York
BK,1769,40,303.0,36.0,11206.0,79.0,114A MARCUS GARVEY BLVD,NY,V1,11,,189-13 JAMAICA LLC,1320,0,16.5,80.0,5,81000,0,,,3,1000709.0,192374.0,40.6946836,-73.9406461,13b,,New York
BK,1591,5,303.0,36.0,11206.0,81.0,123 MARCUS GARVEY BLVD,NY,V0,11,,"CLINTON, ALLEN",1800,0,20.0,90.0,5,14940,0,,,3,1000873.0,192314.0,40.6945186,-73.9400549,13b,,New York
BK,1757,10,303.0,36.0,11206.0,79.0,958 MYRTLE AVENUE,NY,V1,11,,956 MYRTLE HOUSING DEVELOPMENT FUND CORP ORATION,2500,0,25.0,100.0,5,216450,0,,,3,1000016.0,192792.0,40.6958322,-73.9431442,13b,,New York
BK,6629,20,311.0,44.0,11223.0,62.0,1634 WEST 2 STREET,NY,V0,11,,"LI, JONATHAN",4000,0,40.0,100.0,5,29160,0,,,3,990905.0,160632.0,40.6075715,-73.9760323,22d,,New York
BK,44,31,302.0,33.0,11201.0,84.0,63 HUDSON AVENUE,NY,V0,11,,UNAVAILABLE OWNER,4140,0,45.0,92.0,3,63120,0,,,3,989555.0,195372.0,40.7029261,-73.9808669,12d,,New York
BK,33,35,302.0,33.0,11201.0,84.0,309 WATER STREET,NY,V3,11,,ANA ROSA POCIUS,2000,0,20.0,100.0,5,30660,0,,,3,989361.0,195441.0,40.7031156,-73.9815666,12d,,New York
BK,2134,39,301.0,33.0,11249.0,90.0,442 KENT AVENUE,NY,V0,11,X,"THE KENT WATERFRONT HOMEOWNERS ASSOCIATI ON, INC.",23646,0,30.0,115.0,5,0,0,,,3,992733.0,197726.0,40.7093848,-73.9694022,12d,,New York
BK,2134,150,301.0,33.0,11249.0,90.0,1 DIVISION AVENUE,NY,V0,11,,470 KENT AVE ASSOCIATES II LLC,64845,0,36.0,358.27,5,482280,0,,,3,992738.0,197295.0,40.7082018,-73.9693847,12d,,New York
BK,2455,34,301.0,34.0,11249.0,90.0,57 SOUTH 6 STREET,NY,V1,11,,GW S6 LLC,3591,0,84.0,40.0,3,161550,0,,,3,993634.0,198471.0,40.7114288,-73.9661513,12d,,New York
BK,3722,8,305.0,42.0,11207.0,75.0,273 NEW JERSEY AVENUE,NY,V0,11,,NYC HOME DESIGN & REMODELING INC,2500,0,25.0,100.0,5,16440,0,,,3,1013426.0,184474.0,40.6729671,-73.8948208,17c,,New York
BK,3723,22,305.0,42.0,11207.0,75.0,236 WYONA STREET,NY,V0,11,,WYONA BUILDERS LLC,2000,0,20.44,100.0,5,13200,0,,,3,1013792.0,184521.0,40.6730949,-73.8935011,17c,,New York
BK,3723,8,305.0,42.0,11207.0,75.0,275 VERMONT STREET,NY,V0,11,,"STEPHENS, PATRICK",2650,0,25.0,106.0,5,17460,0,,,3,1013688.0,184498.0,40.6730322,-73.8938762,17c,,New York
BK,3723,20,305.0,42.0,11207.0,75.0,232 WYONA STREET,NY,V0,11,,WYONA BUILDERS LLC,2444,0,24.44,100.0,5,18600,0,,,3,1013783.0,184563.0,40.6732102,-73.8935334,17c,,New York
BK,3705,28,305.0,37.0,11207.0,75.0,228 VERMONT STREET,NY,V0,11,,GRACE BAPTIST CHURCHOF CHRIST,2500,0,25.0,100.0,5,16440,0,,,3,1013443.0,184921.0,40.674194,-73.8947576,17c,,New York
BK,2393,29,301.0,34.0,11211.0,90.0,706 DRIGGS AVENUE,NY,V0,11,,KANE STREET HOLDING LLC,933,0,20.0,46.67,5,14160,0,,,3,995287.0,199277.0,40.7136392,-73.9601874,12d,,New York
BK,2393,33,301.0,34.0,11211.0,90.0,183 SOUTH 1 STREET,NY,V0,11,,KANE STREET HOLDING LLC,1671,0,25.0,66.83,5,25740,0,,,3,995238.0,199261.0,40.7135953,-73.9603642,12d,,New York
BK,6648,8,311.0,43.0,11223.0,62.0,257 KINGS HIGHWAY,NY,V1,11,,255 STREET EQUITIES LLC,5903,0,103.8,71.83,3,87360,0,,,3,989400.0,159878.0,40.605503,-73.9814531,22d,,New York
BK,1225,4,308.0,36.0,11216.0,77.0,1409 BEDFORD AVENUE,NY,V1,11,,SEGRETI JOSEPH G,2109,0,35.0,58.42,5,147600,0,,,3,997214.0,185187.0,40.6749628,-73.9532635,17a,,New York
BK,2325,1,301.0,33.0,11249.0,94.0,133 KENT AVENUE,NY,V1,11,,KESEF TZIRI LLC,20000,0,75.0,125.0,3,630000,0,,,3,994838.0,201505.0,40.719755,-73.9618036,12c,,New York
BK,2379,43,301.0,34.0,11249.0,90.0,85 GRAND STREET,NY,V1,11,,FERDOUS REALTY CORP.,2080,0,22.5,86.83,5,329850,0,,,3,994250.0,200064.0,40.7158005,-73.9639269,12c,,New York
BK,1141,55,308.0,35.0,11238.0,77.0,845 BERGEN STREET,NY,V1,11,X,BROOKLYN PENT'L ASSEMBLY,2750,0,25.0,110.0,5,67050,0,,,3,995469.0,186241.0,40.6778581,-73.9595526,16c,,New York
BK,1141,40,308.0,35.0,11238.0,77.0,922 DEAN STREET,NY,V1,11,,562 GRAND AVE LLC,2750,0,25.0,110.0,5,67050,0,,,3,995474.0,186355.0,40.678171,-73.9595344,16c,,New York
BK,1141,58,308.0,35.0,11238.0,77.0,839 BERGEN STREET,NY,V1,11,X,BROOKLYN PENTECOSTALASB,2750,0,25.0,110.0,5,67050,0,,,3,995396.0,186261.0,40.6779131,-73.9598158,16c,,New York
BK,1133,13,308.0,35.0,11238.0,77.0,962 PACIFIC STREET,NY,V1,11,,962 PACIFIC ST LLC,33415,0,323.52,110.0,5,1144800,0,,,3,995114.0,186757.0,40.6792749,-73.9608317,16c,,New York
BK,1126,105,308.0,35.0,11238.0,77.0,621 CLASSON AVENUE,NY,V1,11,,MINOP REALTY GROUP LLC,1162,0,16.33,70.0,5,37800,0,,,3,995838.0,186768.0,40.6793042,-73.9582214,16c,,New York
BK,1149,33,308.0,35.0,11238.0,77.0,910 BERGEN STREET,NY,V0,11,,RICHARD JONES,2620,0,20.0,131.0,5,30840,0,,,3,996099.0,185872.0,40.6768445,-73.957282,16c,,New York
BK,1156,39,308.0,35.0,11238.0,77.0,530 ST MARKS AVENUE,NY,V0,11,,AY RESIDENTIAL REALTY INC.,3223,0,22.5,157.75,5,45360,0,,,3,996140.0,185501.0,40.6758261,-73.9571348,16c,,New York
BK,1133,91,308.0,35.0,11238.0,77.0,857 DEAN STREET,NY,V1,11,,857 DEAN STREET LLC,1833,0,16.67,110.0,5,51750,0,,,3,994963.0,186680.0,40.6790637,-73.9613762,16c,,New York
BK,1141,57,308.0,35.0,11238.0,77.0,841 BERGEN STREET,NY,V1,11,X,BROOKLYN PENTECOSTALASB,2750,0,25.0,110.0,5,67050,0,,,3,995421.0,186254.0,40.6778939,-73.9597257,16c,,New York
BK,7123,30,315.0,44.0,11223.0,61.0,32 VILLAGE ROAD NORTH,NY,V1,11,,VILLAGE ROAD DEVELOPMENT LLC,6245,0,42.92,147.33,5,235350,0,,,3,991471.0,156525.0,40.5962982,-73.9739983,28c,,New York
BK,7104,263,315.0,44.0,11223.0,61.0,325 AVENUE U,NY,V1,11,,325 AVENUE U LLC,6000,0,60.0,100.0,5,549450,0,,,3,991999.0,156907.0,40.5973463,-73.9720966,28c,,New York
BK,1941,43,303.0,36.0,11205.0,79.0,467 LAFAYETTE AVENUE,NY,V0,11,,"MARTINEZ, ADA",1700,0,20.0,85.0,3,10860,0,,,3,996389.0,190494.0,40.6895304,-73.9562282,17a,,New York
BK,1968,42,303.0,36.0,11216.0,79.0,177 LEXINGTON AVENUE,NY,V0,11,,HENRY SPITZER,2200,0,25.0,88.0,5,13680,0,,,3,996612.0,189707.0,40.68737,-73.9554255,17a,,New York
BK,1911,22,303.0,33.0,11205.0,79.0,616 MYRTLE AVENUE,NY,V1,11,,CR MYRTLE PROPERTIES LLC,1875,0,25.0,75.0,5,109800,0,,,3,995478.0,192117.0,40.6939864,-73.9595104,12d,,New York
BK,3380,59,304.0,37.0,11221.0,83.0,1033 JEFFERSON AVENUE,NY,V1,11,,STARCO A JEFFERSON AVE LLC,2000,0,20.0,100.0,5,59850,0,,,3,1007142.0,189722.0,40.6873902,-73.9174567,17a,,New York
BK,1147,10,308.0,35.0,11238.0,77.0,641 WASHINGTON AVENUE,NY,V1,11,,LJLJ 641W LLC,1253,0,20.0,58.25,5,45000,0,,,3,994347.0,186374.0,40.6782245,-73.9635975,16c,,New York
BK,6445,24,311.0,47.0,11214.0,62.0,8779 21 AVENUE,NY,V1,11,,SAIGON PROSPERITY LLC,5800,0,60.0,96.67,5,614250,2019,,,3,984366.0,157688.0,40.5994934,-73.9995823,28c,,New York
BK,1762,20,303.0,33.0,11205.0,79.0,929 BEDFORD AVENUE,NY,V0,11,,"LEWIS, DORCAS",3000,0,30.0,100.0,5,41640,0,,,3,996634.0,191460.0,40.6921815,-73.9553429,17a,,New York
BK,1753,18,303.0,33.0,11205.0,79.0,145 SANDFORD STREET,NY,V1,11,,740 MYRTLE LLC,2000,0,20.0,100.0,5,101700,0,,,3,997265.0,192302.0,40.6944917,-73.9530659,13b,,New York
BK,1751,6,303.0,33.0,11205.0,79.0,157 SPENCER STREET,NY,V1,11,,SUBSTANTIAL HOLDING GROUP LLC,8025,0,80.33,100.08,5,430650,0,,,3,996805.0,191999.0,40.6936607,-73.9547253,13b,,New York
BK,1758,1,303.0,36.0,11205.0,79.0,441 NOSTRAND AVENUE,NY,V1,11,,UNITED GRAND CHAPTER OES,10000,0,100.0,100.0,3,67950,0,,,3,997577.0,192045.0,40.6937859,-73.9519413,13b,,New York
BK,1766,45,303.0,36.0,11206.0,79.0,610 MARCY AVENUE,NY,V1,11,,JESUS OUTREACH DEL,3000,0,30.0,100.0,5,312300,0,,,3,998347.0,191984.0,40.6936172,-73.9491647,13b,,New York
BK,3978,10,305.0,37.0,11207.0,75.0,221 VAN SICLEN AVENUE,NY,V0,11,,"PAVONE, ANTHONY",2500,0,25.0,100.0,5,16440,0,,,3,1014615.0,185099.0,40.6746786,-73.8905316,17c,,New York
BK,3977,21,305.0,37.0,11207.0,75.0,510 LIBERTY AVENUE,NY,V1,11,,"510 LIBERTY AVENUE, LLC",2000,0,20.0,100.0,3,69300,0,,,3,1014473.0,185211.0,40.6749865,-73.8910431,17c,,New York
BK,3994,28,305.0,42.0,11207.0,75.0,2245 PITKIN AVENUE,NY,V1,11,,HOLY HOUSE OF PRAYERCHURCH INC,5000,0,50.0,100.0,3,282150,0,,,3,1014859.0,184512.0,40.6730666,-73.8896547,17c,,New York
BK,3742,42,305.0,42.0,11207.0,75.0,388 MILLER AVENUE,NY,V0,11,,KNOWLES JOERITHA,1983,0,19.83,100.0,5,11280,0,,,3,1014437.0,183897.0,40.67138,-73.8911787,17c,,New York
BK,3978,23,305.0,37.0,11207.0,75.0,280 HENDRIX STREET,NY,V1,11,,CANO ADOLFO,894,0,20.38,50.0,5,35100,0,,,3,1014715.0,185257.0,40.675112,-73.8901704,17c,,New York
BK,3979,9,305.0,37.0,11207.0,75.0,287 HENDRIX STREET,NY,V0,11,,GREATER RESCUE PILGRIM CHURCH,2500,0,25.0,100.0,5,16440,0,,,3,1014846.0,185220.0,40.67501,-73.8896983,17c,,New York
BK,3978,24,305.0,37.0,11207.0,75.0,282 HENDRIX STREET,NY,V1,11,,CANO ADOLFO,1011,0,20.21,50.0,5,37350,0,,,3,1014716.0,185239.0,40.6750626,-73.8901669,17c,,New York
BK,1911,8,303.0,33.0,11205.0,79.0,169 TAAFFE PLACE,NY,V0,11,,TAAFFE PLACE EQUITES LLC,2071,0,25.0,82.83,5,13200,0,,,3,995404.0,191902.0,40.6933964,-73.9597776,12d,,New York
BK,5259,17,307.0,39.0,11218.0,72.0,92 PROSPECT PARK SW,NY,V0,11,,92 PPSW LLC,5910,0,26.42,142.5,5,60360,0,,,3,991278.0,178994.0,40.6579711,-73.9746698,16d,,New York
BK,4531,13,305.0,42.0,11208.0,75.0,956 LINCOLN AVENUE,NY,V0,11,,JNB REALTY LLC,4000,0,40.0,100.0,5,18840,0,,,3,1021725.0,181685.0,40.6652807,-73.8649185,18b,,New York
BK,4566,45,305.0,42.0,11208.0,75.0,12749 FLATLANDS AVENUE,NY,V1,11,,O CONNELL JOHN,2550,0,30.0,85.0,3,36000,0,,,3,1021790.0,180148.0,40.6610617,-73.8646928,18b,,New York
BK,4546,38,305.0,42.0,11208.0,75.0,731 FOUNTAIN AVENUE,NY,V0,11,,731 FOUNTAIN LLC,1462,0,20.0,73.08,5,5820,0,,,3,1020771.0,180679.0,40.6625235,-73.8683627,17d,,New York
BK,4547,22,305.0,42.0,11208.0,75.0,994 CRESCENT STREET,NY,V0,11,,MAZAL CRESCENT BH LLC,3000,0,30.0,100.0,5,13680,0,,,3,1021090.0,180848.0,40.662986,-73.867212,18b,,New York
BK,888,61,307.0,39.0,11215.0,72.0,459 20 STREET,NY,V1,11,,448 19 LLC,2504,0,25.0,100.17,5,66600,0,,,3,988416.0,178804.0,40.6574514,-73.9849851,16d,,New York
BK,3667,24,305.0,37.0,11207.0,75.0,28 GEORGIA AVENUE,NY,V1,11,,WART REALTY II LLC,2500,0,25.0,100.0,5,37350,0,,,3,1012186.0,185759.0,40.6764982,-73.8992856,17c,,New York
BK,3670,25,305.0,37.0,11207.0,75.0,118 NEW JERSEY AVENUE,NY,V1,11,,118 JERSEY REALTY LLC,5000,0,50.0,100.0,5,304200,0,,,3,1012984.0,185954.0,40.6770309,-73.8964079,17c,,New York
BK,3947,1,305.0,37.0,11207.0,75.0,133 VAN SICLEN AVENUE,NY,V1,11,X,ST MALACHY RC CHURCH,5100,0,50.0,102.0,3,433350,0,,,3,1014443.0,185854.0,40.6767515,-73.8911483,17c,,New York
BK,3674,15,305.0,37.0,11207.0,75.0,2742 FULTON STREET,NY,V1,11,,2742 FULTON LLC,2500,0,25.0,100.0,3,85950,0,,,3,1013848.0,186151.0,40.6775687,-73.8932921,17c,,New York
BK,3948,11,305.0,37.0,11207.0,75.0,187 HENDRIX STREET,NY,V0,11,,PCN LLC,3100,0,31.0,100.0,5,22320,0,,,3,1014653.0,186214.0,40.6777389,-73.8903896,17c,,New York
BK,3947,9,305.0,37.0,11207.0,75.0,129 VAN SICLEN AVENUE,NY,V0,11,X,ST MALACHY RC CHURCH,3680,0,40.0,92.0,5,37920,0,,,3,1014432.0,186015.0,40.6771935,-73.8911873,17c,,New York
BK,3691,8,305.0,37.0,11207.0,75.0,2744 ATLANTIC AVENUE,NY,V1,11,,2744 ATLANTIC REALTY LLC,2250,0,25.0,90.0,3,154350,0,,,3,1013972.0,185537.0,40.675883,-73.8928478,17c,,New York
BK,8665,531,313.0,48.0,11235.0,60.0,2939 BRIGHTON 5 STREET,NY,V0,11,,BRIGHTON 5RLT LLC,1600,0,40.0,40.0,5,13920,0,,,3,994462.0,150673.0,40.5802327,-73.963237,28d,,New York
BK,2279,1,301.0,33.0,11249.0,94.0,29 WYTHE AVENUE,NY,V1,11,,FALSE ALARM LTD,28528,0,200.0,185.0,3,1143900,0,,,3,996379.0,202674.0,40.7229617,-73.9562423,13a,,New York
BK,4353,13,305.0,42.0,11207.0,75.0,848 HENDRIX STREET,NY,V1,11,,ST.PAUL COMMU/BAPTIST CH,2110,0,20.0,105.5,5,87750,0,,,3,1016213.0,179897.0,40.6603947,-73.8847954,17d,,New York
BK,4367,15,305.0,42.0,11207.0,75.0,73 WORTMAN AVENUE,NY,V1,11,,"GEORGIA REALTY, LLC",50000,0,200.0,250.0,3,585000,0,,,3,1014811.0,178053.0,40.6553383,-73.889857,17d,,New York
BK,4331,20,305.0,42.0,11207.0,75.0,818 BARBEY STREET,NY,V0,11,,MARVI HOMES LLC,2000,0,20.0,100.0,5,10500,0,,,3,1016432.0,180572.0,40.6622466,-73.8840028,17d,,New York
BK,3166,49,304.0,34.0,11237.0,83.0,301 JEFFERSON STREET,NY,V0,11,X,"IRVING STOCKHOLM HOUSING DEVELOPMENT FUN D COMPANY,",2500,0,25.0,100.0,5,9780,0,,,3,1004636.0,195936.0,40.7044523,-73.926474,13b,,New York
BK,3875,19,305.0,42.0,11207.0,75.0,1780 LINDEN BOULEVARD,NY,V0,11,,CYRIL W ARNOLD,760,0,19.0,40.0,5,4440,0,,,3,1012953.0,178824.0,40.6574607,-73.89655,17d,,New York
BK,3187,47,304.0,34.0,11237.0,83.0,151 STARR STREET,NY,V0,11,,"ORTIZ, SALVADOR",2500,0,25.0,100.0,5,9780,0,,,3,1005082.0,195663.0,40.7037019,-73.9248662,13b,,New York
BK,1083,1,306.0,39.0,11215.0,78.0,495 8 AVENUE,NY,V0,11,X,THE CHURCH OF THE VIRGIN MARY GREEK MELE HITE RITE,11783,0,100.0,117.83,3,197760,0,,,3,990696.0,182722.0,40.668204,-73.9767639,16d,,New York
BK,3166,39,304.0,34.0,11237.0,83.0,321 JEFFERSON STREET,NY,V0,11,X,"IRVING STOCKHOLM HOUSING DEVELOPMENT FUN D COMPANY,",2500,0,25.0,100.0,5,9780,0,,,3,1004785.0,196136.0,40.7050009,-73.9259359,13b,,New York
BK,2994,7,301.0,34.0,11237.0,90.0,536 JOHNSON AVENUE,NY,V1,11,,"538 JOHNSON, LLC",10545,0,40.0,268.95,5,469800,0,,,3,1004557.0,197316.0,40.7082403,-73.9267547,13b,,New York
BK,3102,13,301.0,34.0,11206.0,90.0,14 GRATTAN STREET,NY,V1,11,,"GRATTAN BUSHWICK, LLC",2975,0,25.0,100.0,5,206550,0,,,3,1002946.0,196235.0,40.7052767,-73.9325684,13b,,New York
BK,3075,132,301.0,34.0,11206.0,90.0,21 INGRAHAM STREET,NY,V1,11,,THE NICHOLAS TUKMANIAN 2013 FAMILY LONG  TERM TRUST,5000,0,50.0,100.0,5,294300,0,,,3,1002837.0,196910.0,40.7071297,-73.9329597,13b,,New York
BK,3102,14,301.0,34.0,11206.0,90.0,16 GRATTAN STREET,NY,V1,11,,"GRATTAN BUSHWICK, LLC",2125,0,25.0,85.0,5,134100,0,,,3,1002965.0,196253.0,40.7053261,-73.9324999,13b,,New York
BK,3004,28,301.0,34.0,11237.0,90.0,110 HARRISON PLACE,NY,V1,11,,STHM REALTY CORP,2500,0,25.0,100.0,5,79200,0,,,3,1003984.0,196728.0,40.7066276,-73.9288232,13b,,New York
BK,3012,2,301.0,34.0,11237.0,90.0,14 MORGAN AVENUE,NY,V1,11,,ROCK STREET REALTY LLC,2040,0,25.0,78.33,5,68400,0,,,3,1003365.0,195871.0,40.7042767,-73.9310582,13b,,New York
BK,7174,63,315.0,44.0,11223.0,61.0,11 SOUTHGATE COURT,NY,V0,11,,"RUSSO,VINCENT",2000,0,20.0,100.0,5,18900,0,,,3,991896.0,154682.0,40.5912392,-73.97247,28c,,New York
BK,1591,1,303.0,36.0,11206.0,81.0,129 MARCUS GARVEY BLVD,NY,V0,11,,ALBARRACIN JUDITH,1800,0,20.0,90.0,3,14220,0,,,3,1000885.0,192234.0,40.694299,-73.9400118,13b,,New York
BK,888,63,307.0,39.0,11215.0,72.0,455 20 STREET,NY,V1,11,,448 19 LLC,2504,0,25.0,100.17,5,66600,0,,,3,988377.0,178834.0,40.6575337,-73.9851256,16d,,New York
BK,837,17,307.0,38.0,11220.0,72.0,228 56 STREET,NY,V0,11,,NYU LANGONE HOSPITALS,2003,0,20.0,100.17,5,14160,0,,,3,978745.0,174306.0,40.6451046,-74.0198372,22a,,New York
BK,3833,47,305.0,42.0,11207.0,75.0,429 NEWPORT STREET,NY,V0,11,,"HP NEW PENN HOUSING DEVELOPMENT FUND COM PANY, INC",2000,0,20.0,100.0,3,7980,0,,,3,1012270.0,180137.0,40.6610668,-73.8990062,17d,,New York
BK,5006,46,317.0,45.0,11210.0,67.0,3124 FARRAGUT ROAD,NY,V0,11,,FORTUNA 245 INC.,3500,0,35.0,100.0,3,24660,0,,,3,999168.0,171040.0,40.6361293,-73.9462504,23a,,New York
BK,5495,870,312.0,44.0,11230.0,66.0,1070 OCEAN PARKWAY,NY,V0,11,X,SHAARE TORAH VESHIVAT INC,27678,0,221.25,250.0,5,493860,0,,,3,992300.0,166139.0,40.622686,-73.9710017,22d,,New York
BK,6461,404,311.0,47.0,11214.0,62.0,253 BAY 14 STREET,NY,V0,11,,"OUYANG, XIU JUAN",970,0,10.0,97.0,8,1638,0,,,3,981225.0,159265.0,40.6038214,-74.0108938,28a,,New York
BK,1192,40,309.0,35.0,11225.0,71.0,960 FRANKLIN AVENUE,NY,V1,11,,FRANKLIN PLAZA II LLC,67895,0,10.0,128.17,5,1195650,0,,,3,995272.0,181884.0,40.6658994,-73.96027,16d,,New York
BK,1190,50,309.0,35.0,11225.0,71.0,137 MONTGOMERY STREET,NY,V0,11,,"MONTGOMERY HOUSING DEVELOPMENT FUND COMP ANY, INC.",1053,0,15.07,94.71,5,19200,0,,,3,995347.0,182124.0,40.666558,-73.9599993,16d,,New York
BK,1190,48,309.0,35.0,11225.0,71.0,141 MONTGOMERY STREET,NY,V1,11,,"MONTGOMERY HOUSING DEVELOPMENT FUND COMP ANY, INC.",5908,0,42.42,100.0,5,773550,0,,,3,995376.0,182128.0,40.666569,-73.9598947,16d,,New York
BK,1178,7,308.0,35.0,11238.0,77.0,817 CLASSON AVENUE,NY,V0,11,,817 CLASSON OWNER LLC,5051,0,50.0,100.0,5,30300,0,,,3,995186.0,184339.0,40.6726379,-73.960576,16c,,New York
BK,1503,22,316.0,41.0,11207.0,73.0,1658 BROADWAY,NY,V1,11,,HOOVER CHAVEZ,909,0,28.29,50.83,3,55350,0,,,3,1008270.0,188616.0,40.6843515,-73.9133933,17a,,New York
BK,1503,28,316.0,41.0,11207.0,73.0,1670 BROADWAY,NY,V1,11,,HDG REALTY LLC,1345,0,20.0,63.42,5,60750,0,,,3,1008358.0,188535.0,40.6841289,-73.9130763,17a,,New York
BK,1357,1,308.0,41.0,11213.0,77.0,159 BUFFALO AVENUE,NY,V0,11,C,NYC DEPARTMENT OF CULTURAL AFFAIRS,2650,0,26.5,100.0,3,17220,0,,,3,1005119.0,184826.0,40.6739568,-73.9247663,17a,,New York
BK,1757,8,303.0,36.0,11206.0,79.0,954 MYRTLE AVENUE,NY,V1,11,,956 MYRTLE HOUSING DEVELOPMENT FUND CORP ORATION,1465,0,25.0,58.61,3,121050,0,,,3,999960.0,192805.0,40.695868,-73.9433461,13b,,New York
BK,3444,18,304.0,37.0,11207.0,83.0,14 MOFFAT STREET,NY,V0,11,C,RESTORED HOMES HOUSING DEVELOPMENT FUND  CORP,4375,0,35.0,125.0,3,19980,0,,,3,1009288.0,188261.0,40.6833743,-73.9097242,17c,,New York
BK,7617,80,318.0,45.0,11210.0,63.0,3508 AVENUE J,NY,V1,11,,"JUNGLE ESTATES, LLC.",669,0,53.65,30.15,3,24120,0,,,3,1000510.0,167780.0,40.6271789,-73.9414231,23a,,New York
BK,8664,381,313.0,48.0,11235.0,60.0,8 BRIGHTON 4 PLACE,NY,V0,11,,415 OCEANVIEW AVENUE LLC,1800,0,40.0,45.0,6,15120,0,,,3,994370.0,150461.0,40.5796509,-73.9635685,28d,,New York
BK,3228,14,304.0,34.0,11221.0,83.0,654 HART STREET,NY,V1,11,,LA LUZ DEL MUNDO,5077,0,25.9,115.9,5,176400,0,,,3,1004658.0,193788.0,40.6985565,-73.9264011,13b,,New York
BK,6698,14,314.0,45.0,11230.0,70.0,818 EAST 15 STREET,NY,V0,11,,PEARL H. SUTTIE LIVING TRUST,2000,0,20.0,100.0,5,32100,0,,,3,994664.0,168591.0,40.6294137,-73.9624821,22c,,New York
BK,6568,70,312.0,44.0,11230.0,66.0,1431 EAST 5 STREET,NY,V0,11,,"BRANA EQUITIES, LLC",9480,0,120.0,79.0,5,159660,0,,,3,992576.0,163592.0,40.6156947,-73.9700106,22d,,New York
BK,8694,5,313.0,47.0,11224.0,60.0,1228 SURF AVENUE,NY,V1,11,,RAMIN CONEY LLC,8135,0,47.0,118.0,3,586350,0,,,3,989675.0,148839.0,40.575203,-73.9804716,28d,,New York
BK,1400,6,309.0,35.0,11213.0,71.0,1512 UNION STREET,NY,V1,11,X,CONGREGATION BEIS SHMUEL CHABAD,5779,0,50.0,115.58,3,300600,0,,,3,1001080.0,182663.0,40.6680284,-73.9393325,17b,,New York
BK,1339,9,308.0,41.0,11233.0,77.0,61 BUFFALO AVENUE,NY,V1,11,,"BEGUM, RUQAYYA",1320,0,16.5,80.0,5,45450,0,,,3,1005181.0,185846.0,40.6767563,-73.9245397,17a,,New York
BK,8800,66,315.0,48.0,11235.0,61.0,3081 EMMONS AVENUE,NY,V1,11,,3081 EMMONS AVENUE LLC,11526,0,116.71,108.29,5,573750,0,,,3,1001959.0,152150.0,40.584275,-73.936244,29a,,New York
BK,3799,1,305.0,42.0,11207.0,75.0,457 VAN SINDEREN AVENUE,NY,V1,11,,JEAN'S PLACE HOUSING DEVELOPMENT FUND CO RPORATION,25790,0,239.0,100.0,5,480600,0,,,3,1011874.0,181407.0,40.6645539,-73.9004283,17d,,New York
BK,5678,55,312.0,44.0,11219.0,66.0,1445 55 STREET,NY,V0,11,,KOLEL BETH YECHIEL MECHIL OF TARTIKOV IN C,5008,0,50.0,100.17,5,40440,0,,,3,986453.0,168729.0,40.6297984,-73.9920633,22c,,New York
BK,6466,45,311.0,47.0,11214.0,62.0,20 DRIVE,NY,V0,11,,1965D LLC,3014,0,31.5,89.92,5,42360,0,,,3,983090.0,157734.0,40.5996195,-74.0041772,28a,,New York
BK,1470,46,316.0,41.0,11233.0,73.0,1707 ST JOHNS PLACE,NY,V1,11,,BLOCK ST JAMES LLC,1532,0,20.0,76.58,5,76050,0,,,3,1006377.0,183465.0,40.6702181,-73.9202357,17b,,New York
BK,2570,10,301.0,33.0,11222.0,94.0,7 WHARF DRIVE,NY,V1,11,,M & H REALTY LLC,15204,0,139.51,186.0,3,2081250,0,,,3,995468.0,203990.0,40.726575,-73.9595267,12c,,New York
BK,1586,75,303.0,36.0,11206.0,81.0,45 LEWIS AVENUE,NY,V0,11,,"JUNE, LAMAR",320,0,16.0,20.0,5,120,0,,,3,1001575.0,192948.0,40.6962575,-73.9375217,13b,,New York
BK,5949,75,310.0,47.0,11209.0,68.0,201 77 STREET,NY,V0,11,,"HAMDAN, FALEH",4373,0,40.0,109.33,1,42600,0,,,3,975786.0,169083.0,40.6307662,-74.0304933,22a,,New York
BK,5905,65,310.0,47.0,11209.0,68.0,101 73 STREET,NY,V0,11,,NURUZZAMAN KRYSTYNA,812,0,20.0,40.58,6,5994,0,,,3,974939.0,170497.0,40.6346465,-74.0335468,22a,,New York
BK,1309,124,309.0,35.0,11225.0,71.0,409 MALBONE STREET,NY,V1,11,,399 EMPIRE BLVD LLC,934,0,76.5,24.42,5,77400,0,,,3,998417.0,181326.0,40.6643633,-73.9489347,17b,,New York
BK,7479,96,315.0,46.0,11235.0,61.0,2648 KOUWENHOVEN LANE,NY,V0,11,,1000 COYLE ST RLTY CORP,1944,0,25.0,77.75,5,5880,0,,,3,1002232.0,153826.0,40.5888747,-73.9352567,29a,,New York
BK,4231,18,305.0,42.0,11208.0,75.0,2688 PITKIN AVENUE,NY,V1,11,,15 EAST 19TH LLC,1475,0,18.67,79.0,5,72450,0,,,3,1019532.0,185242.0,40.6750529,-73.8728047,17c,,New York
BK,5538,36,311.0,43.0,11204.0,62.0,1680 63 STREET,NY,V1,11,,AGOSTINO OLIVERI,5250,0,75.0,70.0,5,143550,0,,,3,986480.0,165837.0,40.6218604,-73.991967,22d,,New York
BK,5602,22,312.0,38.0,11219.0,66.0,4318 NEW UTRECHT AVENUE,NY,V1,11,X,NYC TRANSIT AUTHORITY,5134,0,75.83,107.83,5,329400,0,,,3,985759.0,172956.0,40.6414007,-73.9945626,22c,,New York
BK,966,19,306.0,39.0,11215.0,78.0,162A GARFIELD PLACE,NY,V0,11,C,NYC DEPARTMENT OF CITYWIDE ADMINISTRATIVE SERVICES,133,0,1.33,100.0,8,316,0,,,3,990163.0,184415.0,40.6728513,-73.9786837,16c,,New York
BK,5656,128,312.0,44.0,11219.0,66.0,1358 51 STREET,NY,V0,11,,"EINHORN, YAAKOV",134,0,1.33,100.17,8,316,0,,,3,986473.0,169838.0,40.6328423,-73.9919909,22c,,New York
BK,1820,139,303.0,36.0,11221.0,79.0,408 MONROE STREET,NY,V0,11,,408 MONROE EQUITIES LLC,1925,0,19.25,100.0,5,23580,0,,,3,1000322.0,189289.0,40.6862167,-73.9420491,17a,,New York
BK,1614,69,303.0,36.0,11221.0,81.0,745 GREEN AVENUE,NY,V0,11,,"KALOKOH, JACQUELINE",2000,0,20.0,100.0,5,14160,0,,,3,1001308.0,190701.0,40.6900905,-73.9384903,17a,,New York
BK,6405,126,311.0,38.0,11214.0,62.0,1856 BENSON AVENUE,NY,V0,11,,"BENSON AVE. REALTY, INC.",1500,0,25.0,60.0,5,16560,0,,,3,983321.0,159216.0,40.6036874,-74.0033456,28a,,New York
BK,1558,18,303.0,41.0,11233.0,81.0,1028 HERKIMER STREET,NY,V0,11,,NYC PARTNERSHIP HOUSING DEVELOPMENT FUND  CO INC,257,0,6.0,42.83,6,756,0,,,3,1006592.0,186245.0,40.677848,-73.9194514,17a,,New York
BK,1557,113,303.0,41.0,11233.0,81.0,14 HERKIMER STREET,NY,V0,11,,UNAVAILABLE OWNER,45,0,5.06,18.0,6,316,0,,,3,1006325.0,186201.0,40.6777279,-73.9204141,17a,,New York
BK,7208,320,313.0,47.0,11223.0,60.0,2600 11 STREET,NY,V5,11,C,NYC TRANSIT AUTHORITY,140260,0,150.0,640.0,5,6094350,0,,,3,989852.0,152952.0,40.5864922,-73.979831,28c,,New York
BK,7019,74,313.0,47.0,11224.0,60.0,2839 WEST 20 STREET,NY,V0,11,,WINIARSKI DAVID,2128,0,17.92,118.75,5,23580,0,,,3,987911.0,149745.0,40.5776907,-73.986821,28d,,New York
BK,7074,23,313.0,47.0,11224.0,60.0,1519 BOARDWALK WEST,NY,V1,11,,WANTANABE RLTY CORP,19690,0,65.0,599.0,5,1386450,0,,,3,989035.0,148507.0,40.5742921,-73.9827756,28d,,New York
BK,2305,11,301.0,33.0,11211.0,94.0,170 NORTH 10 STREET,NY,V1,11,,168 NORTH 10 ST LLC,2000,0,0.0,0.0,0,204750,0,,,3,996506.0,201272.0,40.7191133,-73.9557866,13a,,New York
BK,3996,36,305.0,42.0,11207.0,75.0,2279 PITKIN AVENUE,NY,V1,11,,SYLK MACK PROPERTY INC,2500,0,25.0,100.0,5,125100,0,,,3,1015249.0,184589.0,40.6732766,-73.8882484,17c,,New York
BK,3770,100,305.0,42.0,11207.0,75.0,350 SHEFFIELD AVENUE,NY,V0,11,X,"REMEEDER HOUSES HOUSING DEVELOPMENT FUND  COMPANY,",11400,0,120.0,95.0,0,35280,0,,,3,1013044.0,182710.0,40.6681266,-73.8962054,17d,,New York
BK,471,1,306.0,39.0,11231.0,76.0,5 STREET,NY,V9,11,C,NYC HOUSING PRESERVATION AND DEVELOPMENT,183663,0,393.0,605.0,3,9292950,0,,,3,985410.0,185761.0,40.6765477,-73.995818,16c,,New York
BK,500,1,306.0,39.0,11231.0,76.0,92 HAMILTON AVENUE,NY,V9,11,C,NYC DEPARTMENT OF SMALL BUSINESS SERVICES,5880,0,181.83,70.33,3,372150,0,,,3,982488.0,188333.0,40.6836071,-74.006353,16a,,New York
BK,7449,145,315.0,46.0,11235.0,61.0,3101 AVENUE Z,NY,V0,11,,GEORGE GOZO,3942,0,54.0,78.17,5,14880,0,,,3,1002135.0,154330.0,40.5902583,-73.9356046,29a,,New York
BK,182,157,302.0,33.0,11201.0,84.0,111 SMITH STREET,NY,V1,11,,KING SMITH DEVELOPMENT LLC,1550,0,19.35,80.0,0,139050,0,,,3,987208.0,189931.0,40.687993,-73.989334,16c,,New York
BK,5875,33,310.0,47.0,11209.0,68.0,641 OVINGTON AVENUE,NY,V0,11,,643 OVINGTON INC,2648,0,37.1,77.0,5,27720,0,,,3,979409.0,169211.0,40.6311203,-74.0174408,22a,,New York
BK,5875,30,310.0,47.0,11209.0,68.0,641 OVEINGTON AVENUE,NY,V0,11,,WING CHOY KWAN AND SAU FONG KWAN IRREVOC ABLE TRUST,2654,0,63.99,98.87,3,27240,0,,,3,979467.0,169331.0,40.6314497,-74.0172319,22a,,New York
BK,3628,133,316.0,42.0,11212.0,73.0,201 HEGEMAN AVENUE,NY,V0,11,X,"PLAZA RESIDENCES, LP",20890,0,0.0,0.0,0,125340,0,,,3,1010624.0,178677.0,40.6570645,-73.9049446,17d,,New York
BK,3680,129,305.0,37.0,11207.0,75.0,1764 EAST NEW YORK AVENUE,NY,V1,11,C,NYC DEPARTMENT OF CITYWIDE ADMINISTRATIVE SERVICES,1819,0,25.0,75.0,5,50400,0,,,3,1011095.0,185320.0,40.6752966,-73.9032206,17c,,New York
BK,3680,29,305.0,37.0,11207.0,75.0,1762 EAST NEW YORK AVENUE,NY,V1,11,C,NYC DEPARTMENT OF CITYWIDE ADMINISTRATIVE SERVICES,1650,0,25.0,70.0,3,59400,0,,,3,1011071.0,185313.0,40.6752775,-73.9033072,17c,,New York
BK,1911,46,303.0,33.0,11205.0,79.0,289 WILLOUGHBY AVENUE,NY,V0,11,,290 WILLOUGHBY OWNER LLC,2682,0,30.83,87.0,0,16080,0,,,3,995439.0,191672.0,40.692765,-73.9596518,16c,,New York
BK,3670,28,305.0,37.0,11207.0,75.0,124 NEW JERSEY AVENUE,NY,V1,11,,SCOTT ALBERT L,2625,0,25.0,105.0,5,194175,0,,,3,1012992.0,185892.0,40.6768607,-73.8963793,17c,,New York
BK,4354,61,305.0,42.0,11207.0,75.0,841 HENDRIX STREET,NY,V0,11,,"CHRISTIAN, GEORGE A",2000,0,20.0,100.0,5,10500,0,,,3,1016325.0,180029.0,40.6607566,-73.8843911,17d,,New York
BK,1616,91,303.0,36.0,11221.0,81.0,869 GREENE AVENUE,NY,V0,11,,LAND HOLDING INC,1800,0,18.0,100.0,5,9780,0,,,3,1002835.0,190931.0,40.6907187,-73.9329834,17a,,New York
BK,5891,139,310.0,47.0,11209.0,68.0,354I OVINGTON AVENUE,NY,V0,11,,FERNANDEZ NIUZKA,1003,0,20.0,50.17,5,17160,0,,,3,977242.0,170184.0,40.6337895,-74.0252489,22a,,New York
BK,4646,126,317.0,41.0,11212.0,67.0,320A EAST 92 STREET,NY,V0,11,,MORRIS SINGER,387,0,25.0,15.67,5,120,0,,,3,1005508.0,178872.0,40.6576135,-73.9233827,17b,,New York
BK,2313,4,301.0,33.0,11211.0,94.0,210 NORTH 9 STREET,NY,V1,11,,"ONE DOUBLE NINE DASHING, LLC",3634,0,36.62,100.0,5,372600,0,,,3,996702.0,200777.0,40.7177544,-73.9550805,13a,,New York
BK,6658,13,315.0,44.0,11223.0,61.0,1764 EAST 2 STREET,NY,V0,11,,AF BROOKLYN LLC,1940,0,20.0,97.42,5,29580,0,,,3,992103.0,160205.0,40.6063985,-73.9717182,22d,,New York
BK,6633,33,315.0,44.0,11223.0,61.0,1728 EAST 2 STREET,NY,V0,11,,"WOLFE, ISAAC",5273,0,45.0,117.17,5,88800,0,,,3,992036.0,160595.0,40.6074691,-73.9719591,22d,,New York
BK,1393,51,308.0,41.0,11233.0,77.0,1367 EASTERN PARKWAY,NY,V1,11,,1367 EP HOLDINGS LLC,6069,0,50.33,120.58,5,367200,0,,,3,1005603.0,182944.0,40.66879,-73.9230275,17b,,New York
BK,2353,30,301.0,34.0,11211.0,94.0,273 METROPOLITAN AVENUE,NY,V1,11,,METROPOLITAN CORP.,1828,0,25.0,69.25,5,139050,0,,,3,995841.0,199724.0,40.7148654,-73.9581883,12d,,New York
BK,3217,56,304.0,34.0,11221.0,83.0,1265 MYRTLE AVENUE,NY,V1,11,,JAIME JIMENEZ,1450,0,29.0,64.75,5,72900,0,,,3,1004173.0,193560.0,40.6979318,-73.9281509,13b,,New York
BK,6205,84,311.0,43.0,11204.0,62.0,1817 74 STREET,NY,V1,11,,2516 NEPTUNE LLC,4000,0,40.0,100.0,5,342900,0,,,3,985708.0,162936.0,40.6138979,-73.9947486,22d,,New York
BK,340,14,306.0,39.0,11231.0,76.0,12 UNION STREET,NY,V1,11,C,PORT AUTHORITY OF NY AND NJ,1166,0,25.0,51.75,5,137700,0,,,3,982385.0,188943.0,40.6852814,-74.0067245,16a,,New York
BK,1603,75,303.0,36.0,11221.0,81.0,537A KOSCIUSZKO STREET,NY,V0,11,,"HSNY GROUP, LLC",3333,0,33.33,100.0,5,20400,0,,,3,1002739.0,191736.0,40.6929284,-73.9333274,17a,,New York
BK,5442,15,312.0,44.0,11219.0,66.0,1524 47 STREET,NY,V0,11,X,CONGRGATION KHAL SHAAREI ZION BOBOV INC.,2070,0,20.67,100.17,5,98280,0,,,3,988098.0,169880.0,40.632957,-73.9861363,22c,,New York
BK,5436,14,312.0,44.0,11219.0,66.0,1520 46 STREET,NY,V0,11,,1520 46TH STREET TRUST,4007,0,40.0,100.17,5,43020,0,,,3,988251.0,170091.0,40.6335361,-73.985585,22c,,New York
BK,2321,15,301.0,33.0,11211.0,94.0,222 NORTH 8 STREET,NY,V1,11,,222 N 8TH CONDO LLC,2000,0,20.0,100.0,5,361350,0,,,3,996685.0,200455.0,40.7168706,-73.9551424,13a,,New York
BK,8742,36,315.0,48.0,11235.0,61.0,271 DOVER STREET,NY,V0,11,,"GELFMAN, BORIS",4000,0,40.0,100.0,5,45900,0,,,3,998542.0,148970.0,40.5755527,-73.9485526,29b,,New York
BK,7872,67,318.0,46.0,11234.0,63.0,1664 EAST 48 STREET,NY,V0,11,,JUNE DYER,2000,0,20.0,100.0,5,4680,0,,,3,1003898.0,165143.0,40.619934,-73.9292254,23b,,New York
BK,3551,54,316.0,41.0,11212.0,73.0,39 DUMONT AVENUE,NY,V1,11,,G.M. CONSTRUCTION & WATERPROOFING CORP.,803,0,20.0,40.17,5,45000,0,,,3,1006883.0,180794.0,40.6628855,-73.9184206,17b,,New York
BK,8955,246,315.0,46.0,11229.0,61.0,106 DICTUM COURT,NY,V0,11,,"ESPOSITIO, JAMES T",1785,0,34.0,52.5,5,6720,0,,,3,1003538.0,156220.0,40.595443,-73.9305477,29a,,New York
BK,3489,105,316.0,41.0,11212.0,73.0,357 ROCKAWAY AVENUE,NY,V1,11,,"OBETOH, PATRICIA E",3000,0,30.0,100.0,5,97200,0,,,3,1008977.0,183873.0,40.6713311,-73.9108616,17c,,New York
BK,5420,64,314.0,40.0,11230.0,70.0,193 LAWRENCE AVENUE,NY,V0,11,X,UNITED CEREBRAL PALSY OF NYC INC.,10033,0,100.17,100.17,5,152640,0,,,3,991806.0,169275.0,40.6312941,-73.9727777,22c,,New York
BK,5936,9,310.0,47.0,11209.0,68.0,7539 SHORE ROAD,NY,V0,11,,"CHIN, FLORENCE",12305,0,61.24,211.29,5,72480,0,,,3,973983.0,169787.0,40.6326967,-74.0369901,22a,,New York
BK,5588,37,312.0,39.0,11218.0,66.0,1162 40 STREET,NY,V0,11,,1162-1164 40TH STREET LLC,1970,0,19.67,100.17,5,54360,0,,,3,987146.0,172959.0,40.6414086,-73.9895649,22c,,New York
BK,5600,32,312.0,44.0,11219.0,66.0,1464 42 STREET,NY,V0,11,X,1462 BYBZ LLC,2003,0,20.0,100.17,5,13140,0,,,3,988578.0,171160.0,40.6364701,-73.9844061,22c,,New York
BK,4309,34,305.0,42.0,11207.0,75.0,759 BARBEY STREET,NY,V0,11,,CAMACHO RAMON A,2000,0,20.0,100.0,5,11640,0,,,3,1016346.0,181047.0,40.6635507,-73.8843105,17d,,New York
BK,357,1,306.0,39.0,11231.0,76.0,19 WOODHULL STREET,NY,V1,11,,"WHITE STAR LINES,INC",1180,0,20.0,59.0,3,62100,0,,,3,983038.0,187710.0,40.6818972,-74.0043698,16a,,New York
BK,623,20,306.0,38.0,11231.0,76.0,730 CLINTON STREET,NY,V1,11,,RXR-LBA RED HOOK OWNER LLC,270600,0,579.17,223.0,5,1658250,0,,,3,982631.0,182461.0,40.6674898,-74.005836,16b,,New York
BK,1970,51,303.0,36.0,11238.0,79.0,87 QUINCY STREET,NY,V0,11,,MOUNT SINAI BAPTIST CHURCH,2000,0,20.0,100.0,5,12420,0,,,3,995982.0,189345.0,40.6863772,-73.9576977,16c,,New York
BK,5495,312,312.0,44.0,11204.0,66.0,2071 57TH STREET,NY,V0,11,,"FOGIEL, NAFTALI",4041,0,39.1,103.6,5,50820,0,,,3,990018.0,165240.0,40.6202202,-73.9792228,22d,,New York
BK,8463,1,318.0,46.0,11234.0,63.0,6202 AVENUE U,NY,V1,11,,"LANERI BROTHERS, LLC",10000,0,100.0,100.0,3,212400,0,,,3,1008295.0,163502.0,40.615419,-73.9133927,23b,,New York
BK,6603,27,311.0,44.0,11204.0,62.0,1550 WEST 3 STREET,NY,V0,11,,"MISSERI, NANCY ANN",2000,0,20.0,100.0,5,13140,0,,,3,990528.0,161404.0,40.6096908,-73.9773893,22d,,New York
BK,2274,1,301.0,33.0,11206.0,90.0,2 WHIPPLE STREET,NY,V1,11,,F681 LLC,4167,0,136.75,72.0,3,523350,0,,,3,999305.0,194473.0,40.7004474,-73.9457045,13b,,New York
BK,7823,66,318.0,45.0,11234.0,63.0,1954A TROY AVENUE,NY,V0,11,,"ROBINSON, LORNA M",552,0,11.42,97.17,8,379,0,,,3,1002696.0,166801.0,40.6244875,-73.9335506,23b,,New York
BK,6745,14,314.0,44.0,11230.0,70.0,1611 CEDAR STREET,NY,V1,11,,CEDAR ST 1613 HOLDINGS LLC,6146,0,123.0,108.0,3,179550,0,,,3,995771.0,164333.0,40.617725,-73.9585013,22d,,New York
BK,4023,40,305.0,42.0,11208.0,75.0,845 BELMONT AVENUE,NY,V0,11,,"QUEZADA, JUAN P.",1800,0,20.0,90.0,5,10440,0,,,3,1018037.0,184632.0,40.6733844,-73.8781974,17c,,New York
BK,3672,24,305.0,37.0,11207.0,75.0,2716 FULTON STREET,NY,V1,11,,PUBLIC STORAGE,1875,0,25.0,75.0,3,111150,0,,,3,1013520.0,186100.0,40.6774298,-73.8944748,17c,,New York
BK,6553,71,311.0,43.0,11204.0,62.0,2221 65 STREET,NY,V1,11,,65 & BAY TOWER LLC,4000,0,40.0,100.0,5,298800,0,,,3,989633.0,162863.0,40.613696,-73.9806116,22d,,New York
BK,6580,23,311.0,44.0,11204.0,62.0,1426 WEST 4 STREET,NY,V0,11,,1426W LLC,4000,0,40.0,100.0,5,32280,0,,,3,990178.0,162011.0,40.6113571,-73.9786493,22d,,New York
BK,3688,38,305.0,37.0,11207.0,75.0,397 LIBERTY AVENUE,NY,V1,11,,HEZEKIAH WALKER,1513,0,18.92,80.0,5,56250,0,,,3,1013319.0,185138.0,40.67479,-73.8952036,17c,,New York
BK,3977,20,305.0,37.0,11207.0,75.0,504 LIBERTY AVENUE,NY,V1,11,,"510 LIBERTY AVENUE, LLC",2000,0,20.0,100.0,5,75150,0,,,3,1014452.0,185207.0,40.6749756,-73.8911188,17c,,New York
BK,3611,151,316.0,41.0,11212.0,73.0,918 HOPKINSON AVENUE,NY,V0,11,,OTHNIEL C MORRISON,2000,0,20.0,100.0,0,13140,0,,,3,1008949.0,178987.0,40.6579202,-73.9109804,17d,,New York
BK,1709,19,303.0,41.0,11233.0,81.0,802 HERKIMER STREET,NY,V0,11,,802 HERKIMER LLC,1800,0,24.0,75.0,5,10920,0,,,3,1004542.0,186372.0,40.6782016,-73.9268418,17a,,New York
BK,7479,55,315.0,46.0,11235.0,61.0,2665 FORD STREET,NY,V0,11,,COYLE ST. REALTY NY LLC,2190,0,30.0,73.08,5,6720,0,,,3,1002154.0,153660.0,40.5884192,-73.935538,29a,,New York
BK,1648,66,303.0,41.0,11221.0,81.0,893 PUTNAM AVENUE,NY,V0,11,X,RC CH OUR LADY GOOD C,1875,0,18.75,100.0,5,10860,0,,,3,1004934.0,189612.0,40.6870937,-73.9254186,17a,,New York
BK,573,101,306.0,38.0,11231.0,76.0,84 FERRIS STREET,NY,V1,11,,BT RED HOOK LLC,85000,0,200.0,425.0,5,1739700,0,,,3,979466.0,186593.0,40.6788301,-74.0172478,16a,,New York
BK,668,47,307.0,38.0,11232.0,72.0,151 30 STREET,NY,V1,11,,"COTTO, REGINA V",2504,0,25.0,100.17,5,153900,0,,,3,983859.0,179091.0,40.6582401,-74.0014092,16b,,New York
BK,7371,83,315.0,48.0,11223.0,61.0,2521 CONEY ISLAND AVENUE,NY,V1,11,X,"YESHIVAT DARCHE ERES, INC.",23000,0,136.83,145.33,5,402750,0,,,3,995216.0,156245.0,40.5955258,-73.9605135,28c,,New York
BK,7558,32,314.0,45.0,11210.0,70.0,1573 FLATBUSH AVENUE,NY,V1,11,,STREAM REALTY CO INC,6900,0,60.0,94.33,5,277200,0,,,3,998972.0,169771.0,40.6326465,-73.9469594,23a,,New York
BK,1078,46,306.0,39.0,11215.0,78.0,559A 3 STREET,NY,V0,11,,"LEONARD, JAMES P",48,0,0.5,95.0,5,306,0,,,3,990778.0,183293.0,40.6697712,-73.9764678,16d,,New York
BK,4191,9,305.0,37.0,11208.0,75.0,141 FOUNTAIN AVENUE,NY,V0,11,,WILLOW VIEW LLC,2000,0,20.0,100.0,5,12600,0,,,3,1018799.0,185865.0,40.6767658,-73.8754441,17c,,New York
BK,5442,21,312.0,44.0,11219.0,66.0,1538 47 STREET,NY,V0,11,X,48 BROOKLYN LLC,4007,0,40.0,100.17,5,29820,0,,,3,988201.0,169799.0,40.6327347,-73.9857653,22c,,New York
BK,3029,13,301.0,34.0,11206.0,90.0,316 TEN EYCK STREET,NY,V1,11,,"AMANT FOUNDATION PROPERTIES, LLC",12417,0,95.0,130.71,5,922500,0,,,3,1001767.0,198378.0,40.7111612,-73.9368152,13b,,New York
BK,3773,56,305.0,42.0,11207.0,75.0,461 NEW JERSEY AVENUE,NY,V1,11,,"HP NEW PENN HOUSING DEVELOPMENT FUND COM PANY, INC",2000,0,20.0,100.0,3,59850,0,,,3,1013771.0,182715.0,40.6681379,-73.8935848,17d,,New York
BK,361,29,306.0,39.0,11231.0,76.0,418 COURT STREET,NY,V1,11,,420 COURT STREET LLC,2950,0,100.0,50.0,5,259650,0,,,3,984990.0,186946.0,40.6798003,-73.997332,16c,,New York
BK,1028,58,306.0,38.0,11215.0,78.0,241 13 STREET,NY,V0,11,,241 13TH STREET LLC,2500,0,25.0,100.0,5,30060,0,,,3,987240.0,182454.0,40.6674703,-73.989222,16d,,New York
BK,1265,7,308.0,35.0,11213.0,77.0,285 KINGSTON AVENUE,NY,V1,11,,285 KINGSTON NFP LLC,1600,0,20.0,80.0,5,84150,0,Crown Heights North III Historic District,,3,1000373.0,183368.0,40.6699648,-73.9418794,17b,,New York
BK,1522,44,316.0,37.0,11233.0,73.0,401 SUMPTER STREET,NY,V2,11,,JOSE RUIZ,1667,0,16.67,100.0,5,11040,0,,,3,1009476.0,187571.0,40.6814798,-73.9090489,17c,,New York
BK,1654,67,303.0,36.0,11233.0,81.0,463A HANCOCK STREET,NY,V1,11,,JAMES PATRICK L,2000,0,20.0,100.0,5,76500,0,,,3,1001678.0,188572.0,40.6842462,-73.9371616,17a,,New York
BK,1661,38,303.0,36.0,11233.0,81.0,638 HANCOCK STREET,NY,V0,11,,BARBARA R PEEPLES - COFIELD,2374,0,24.5,96.92,5,12840,0,,,3,1003640.0,188701.0,40.6845961,-73.930087,17a,,New York
BK,1754,16,303.0,36.0,11206.0,79.0,772 MYRTLE AVENUE,NY,V1,11,,RESTORED HOMES HOUSING DEVELOPMENT FUND  CORP.,2500,0,25.0,100.0,5,242100,0,,,3,997682.0,192438.0,40.6948644,-73.9515619,13b,,New York
BK,3596,33,316.0,41.0,11212.0,73.0,62 RIVERDALE AVENUE,NY,V1,11,,62 RIVERDALE AVENUE LLC.,1000,0,20.0,50.0,5,56250,0,,,3,1007968.0,179729.0,40.6599595,-73.9145135,17b,,New York
BK,5591,53,312.0,38.0,11219.0,66.0,1037 42 STREET,NY,V3,11,,1037 1039 42 DEV LLC,3339,0,33.33,100.17,5,26940,0,,,3,986033.0,173381.0,40.6425672,-73.9935752,22c,,New York
BK,5672,19,312.0,43.0,11220.0,66.0,830 54 STREET,NY,V0,11,,"ZOU, CHANG XIAN",2003,0,20.0,100.17,5,17160,0,,,3,982750.0,171793.0,40.6382085,-74.0054047,22a,,New York
BK,5698,24,312.0,44.0,11219.0,66.0,5714 NEW UTRECHT AVENUE,NY,V1,11,,5714 NEW UTRECHT LLC,2957,0,40.0,85.83,5,189450,0,,,3,985284.0,168668.0,40.6296311,-73.9962749,22c,,New York
BK,5931,14,310.0,47.0,11209.0,68.0,514 74 STREET,NY,V1,11,,JULES L GOLDMARK,1990,0,20.0,99.5,5,146250,0,,,3,978159.0,168771.0,40.6299118,-74.0219438,22a,,New York
BK,1055,141,307.0,39.0,11215.0,72.0,32R JACKSON PLACE,NY,V0,11,,BSH CARE INC.,238,0,14.08,16.92,5,60,0,,,3,987883.0,180612.0,40.6624142,-73.9869051,16d,,New York
BK,1076,36,306.0,39.0,11215.0,78.0,510 1 STREET,NY,V0,11,,FIRST STREET NEIGHBOURS INC,2283,0,22.83,100.0,5,29100,0,,,3,990960.0,183600.0,40.6706137,-73.9758114,16d,,New York
BK,3334,50,304.0,37.0,11221.0,83.0,1393 GATES AVENUE,NY,V0,11,X,BUSHWICK GARDENS 1 LLC,2500,0,25.0,100.0,5,9780,0,,,3,1007583.0,192929.0,40.6961915,-73.9158554,13b,,New York
BK,3537,48,316.0,41.0,11212.0,73.0,109 BLAKE AVENUE,NY,V0,11,,103 BLAKE LLC,616,0,24.63,25.0,5,4620,0,,,3,1007620.0,181514.0,40.6648598,-73.9157616,17b,,New York
BK,5136,66,317.0,40.0,11226.0,67.0,159 LOTT STREET,NY,V0,11,,BH TILDEN LLC,5844,0,33.33,175.33,5,63120,0,,,3,997103.0,174640.0,40.6460137,-73.9536838,23a,,New York
BK,5583,62,312.0,38.0,11219.0,66.0,966 39TH STREET,NY,V1,11,,FIRST 39TH STREET LLC,3807,0,40.0,95.17,5,177750,0,,,3,986026.0,174171.0,40.6447356,-73.9936002,22c,,New York
BK,5621,38,312.0,44.0,11219.0,66.0,1168 46 STREET,NY,V0,11,X,"BINYAN SHEL CHESED, INC.",4000,0,40.0,100.17,5,34200,0,,,3,986136.0,171766.0,40.6381343,-73.9932045,22c,,New York
BK,5629,22,312.0,44.0,11219.0,66.0,1338 47 STREET,NY,V0,11,,1338 47 LLC,4007,0,40.0,100.17,5,43020,0,,,3,986993.0,170755.0,40.6353591,-73.9901171,22c,,New York
BK,6894,49,311.0,43.0,11214.0,62.0,206 BAY 40 STREET,NY,V0,11,,"KO, MEI YUNG",1933,0,20.0,96.67,5,22620,0,,,3,986757.0,155497.0,40.5934792,-73.990973,28c,,New York
BK,1481,21,303.0,41.0,11221.0,81.0,838 MONROE STREET,NY,V0,11,,838 MONROE LLC,2500,0,25.0,100.0,5,18900,0,,,3,1005728.0,190109.0,40.688456,-73.922554,17a,,New York
BK,1605,61,303.0,36.0,11221.0,81.0,859 LAFAYETTE AVENUE,NY,V0,11,,SPRINT GROUP LLC,1875,0,18.75,100.0,5,14160,0,,,3,1001374.0,191256.0,40.6916137,-73.9382509,17a,,New York
BK,1695,33,303.0,36.0,11233.0,81.0,33 SUMPTER STREET,NY,V1,11,,BISHOP S C MADISON /TR,2500,0,25.0,100.0,5,231750,0,,,3,1004868.0,186872.0,40.6795732,-73.9256649,17a,,New York
BK,1737,46,303.0,33.0,11205.0,79.0,123 SANDFORD STREET,NY,V1,11,,SIMON NEUMAN,1813,0,18.25,100.0,5,46800,0,,,3,997218.0,192612.0,40.6953427,-73.9532348,13b,,New York
BK,1839,59,303.0,36.0,11216.0,79.0,201A HALSEY STREET,NY,V0,11,,BSDC NEIGHBORHOOD HOMES HOUSING DEVELOPM NT FUND CP,1875,0,18.75,100.0,5,11280,0,,,3,999455.0,187962.0,40.6825759,-73.9451782,17a,,New York
BK,1973,37,303.0,36.0,11238.0,79.0,98 QUINCY STREET,NY,V0,11,,98 QUINCY STREET LLC,2300,0,23.0,100.0,5,13200,0,,,3,996086.0,189192.0,40.6859572,-73.957323,16c,,New York
BK,2737,5,301.0,34.0,11211.0,94.0,680 LORIMER STREET,NY,V1,11,,680 LORIMER STREET LLC,2500,0,25.0,100.0,5,40500,0,,,3,998219.0,200611.0,40.7172965,-73.9496084,13a,,New York
BK,3967,38,305.0,37.0,11207.0,75.0,647 LIBERTY AVENUE,NY,V1,11,,647 651 LIBERTY LLC,2500,0,25.0,100.0,5,94050,0,,,3,1015885.0,185649.0,40.6761838,-73.8859506,17c,,New York
BK,5174,24,314.0,40.0,11218.0,70.0,496 STRATFORD ROAD,NY,V0,11,,ISLAMIC CIRCLE OF NORTH AMERICA,3960,0,40.0,97.0,5,36720,0,,,3,993256.0,171067.0,40.6362114,-73.9675513,22c,,New York
BK,5387,86,312.0,39.0,11218.0,66.0,595 EAST 3 STREET,NY,V1,11,,597 E 3 MANAGEMENT CORP.,2017,0,20.0,100.83,5,193500,0,,,3,990888.0,171682.0,40.6379015,-73.9760826,22c,,New York
BK,5436,12,312.0,44.0,11219.0,66.0,1516 46 STREET,NY,V0,11,,"LOEVY , SEYMOUR",4007,0,40.0,100.17,5,43020,0,,,3,988220.0,170116.0,40.6336048,-73.9856966,22c,,New York
BK,5690,62,312.0,44.0,11219.0,66.0,1229 57 STREET,NY,V0,11,,1233-57 ST. LLC,6010,0,60.0,100.17,5,75600,0,,,3,984842.0,169344.0,40.6314867,-73.9978672,22c,,New York
BK,6580,45,311.0,44.0,11204.0,62.0,1447 WEST 5 STREET,NY,V0,11,,1447 W 5TH KTD LLC,4000,0,40.0,100.0,5,32280,0,,,3,990068.0,162075.0,40.6115329,-73.9790455,22d,,New York
BK,6592,38,312.0,44.0,11230.0,66.0,1806 CONEY ISLAND AVENUE,NY,V1,11,,SANDO RLTY CORP,2000,0,20.0,100.0,5,180900,0,,,3,994420.0,162738.0,40.6133487,-73.96337,22d,,New York
BK,648,24,307.0,38.0,11232.0,72.0,148 23 STREET,NY,V1,11,,GREENWOOD ASSOCIATES,1878,0,18.75,100.17,5,112500,0,,,3,984807.0,180463.0,40.6620059,-73.9979924,16d,,New York
BK,1174,30,308.0,35.0,11238.0,77.0,520 STERLING PLACE,NY,V0,11,,520 STERLING LLC,3275,0,25.0,131.0,5,32640,0,,,3,994995.0,184797.0,40.6738953,-73.9612638,16c,,New York
BK,347,62,306.0,39.0,11231.0,76.0,11 CARROLL STREET,NY,V1,11,,"SIMINO, HARRY R",1200,0,20.0,60.0,5,80100,0,,,3,982725.0,188379.0,40.6837334,-74.0054985,16a,,New York
BK,1038,35,306.0,38.0,11215.0,78.0,24 14 STREET,NY,V1,11,,JACKO REALTY LLC,2208,0,66.0,63.0,5,291150,0,,,3,985078.0,183353.0,40.6699383,-73.9970152,16d,,New York
BK,1842,65,303.0,36.0,11216.0,79.0,1213 FULTON STREET,NY,V1,11,,1211 FULTON ST REALTY LLC,2000,0,20.0,100.0,5,76050,0,,,3,997313.0,187320.0,40.6808172,-73.9529025,17a,,New York
BK,1867,15,303.0,36.0,11216.0,79.0,523 NOSTRAND AVENUE,NY,V1,11,,"IZ MA, LLC",1933,0,19.33,100.0,5,205650,0,,,3,998310.0,186781.0,40.6793363,-73.949309,17a,,New York
BK,1927,24,303.0,33.0,11205.0,79.0,209 FRANKLIN AVENUE,NY,V0,11,,209 FRANKLIN LLC,2500,0,25.0,100.0,5,15540,0,,,3,996091.0,191504.0,40.6923031,-73.9573009,16c,,New York
BK,2157,5,301.0,34.0,11249.0,90.0,447 BERRY STREET,NY,V0,11,O,NYC HOUSING AUTHORITY,1008,0,21.0,48.0,5,17880,0,,,3,993727.0,197169.0,40.707855,-73.9658176,12d,,New York
BK,2305,10,301.0,33.0,11211.0,94.0,168 NORTH 10 STREET,NY,V1,11,,168 NORTH 10 ST LLC,1738,0,22.4,79.58,5,177750,0,,,3,996496.0,201293.0,40.719171,-73.9558227,13a,,New York
BK,2314,122,301.0,33.0,11211.0,94.0,8 HAVEMEYER STREET,NY,V1,11,,6 HAVEMEYER STREET LLC,1676,0,33.5,50.0,5,152550,0,,,3,997255.0,200282.0,40.716395,-73.9530866,13a,,New York
BK,6396,15,311.0,50.0,11228.0,62.0,147 BAY 11 STREET,NY,V0,11,,"QU, QINGYONG",2900,0,30.0,96.67,5,35940,0,,,3,981233.0,160597.0,40.6074775,-74.0108656,22b,,New York
BK,6523,9,312.0,44.0,11230.0,66.0,1260 CONEY ISLAND AVENUE,NY,V5,11,X,YESHIVAH OF FLATBUSH,2000,0,20.0,100.0,5,207450,0,,,3,993708.0,167645.0,40.6268182,-73.9659276,22c,,New York
BK,8781,9,315.0,48.0,11235.0,61.0,2222 VOORHIES AVENUE,NY,V0,11,,VOORHIES 2220 PROPERTY LLC,1415,0,20.5,69.0,5,9840,0,,,3,999196.0,152914.0,40.5863771,-73.9461897,29a,,New York
BK,4676,27,317.0,41.0,11203.0,67.0,388 EAST 51 STREET,NY,V1,11,,DUMORNAY RAYMOND,2000,0,20.0,100.0,5,90900,0,,,3,1003752.0,176940.0,40.6523146,-73.9297172,17b,,New York
BK,4705,20,317.0,42.0,11203.0,67.0,5749 KINGS HIGHWAY,NY,V0,11,,ROSE EUDORA FLEARY,4475,0,32.67,137.0,5,34800,0,,,3,1005725.0,176728.0,40.6517281,-73.9226075,17b,,New York
BK,6659,31,315.0,44.0,11223.0,61.0,1836 EAST 3 STREET,NY,V0,11,,"BIJOU, ALBERT",2307,0,20.42,113.0,5,23940,0,,,3,992432.0,159880.0,40.6055062,-73.9705338,22d,,New York
BK,8739,82,315.0,48.0,11235.0,61.0,287 AMHERST STREET,NY,V0,11,,JACK LABOZ QUALIFIEDPERSONAL RESIDENCE T RUST,4160,0,40.0,104.0,5,52200,0,,,3,997792.0,148739.0,40.5749198,-73.9512529,29b,,New York
BK,1515,76,316.0,41.0,11233.0,73.0,315 MARION STREET,NY,V0,11,,CYRUS GEORGE,1900,0,19.0,100.0,5,7560,0,,,3,1007426.0,187533.0,40.6813811,-73.9164402,17a,,New York
BK,1386,31,308.0,41.0,11213.0,77.0,1564 ST JOHNS PLACE,NY,V0,11,,GARDEN OF PRAYER FORALL NATIONS INC,9720,0,80.1,120.25,5,72420,0,,,3,1004679.0,183396.0,40.6700328,-73.9263569,17b,,New York
BK,1809,15,303.0,36.0,11216.0,79.0,356 QUINCY STREET,NY,V0,11,,356 QUINCY LLC,1591,0,16.75,95.0,5,15660,0,,,3,999041.0,189644.0,40.6871933,-73.9466672,17a,,New York
BK,1822,49,303.0,36.0,11216.0,79.0,202 MADISON STREET,NY,V1,11,,ROZ AIG LLC,2000,0,20.0,100.0,5,148050,0,,,3,997842.0,188639.0,40.6844368,-73.9509925,17a,,New York
BK,1815,79,303.0,36.0,11221.0,79.0,343 MONROE STREET,NY,V1,11,,JOHNSON CYNTHIA,1511,0,19.0,79.5,5,93150,0,,,3,999760.0,189363.0,40.6864208,-73.9440753,17a,,New York
BK,1894,25,302.0,35.0,11205.0,88.0,346 PARK AVENUE,NY,V1,11,,SHELL MEDIA LLC,1537,0,25.0,65.0,5,82800,0,,,3,994451.0,192788.0,40.6958294,-73.9632129,12d,,New York
BK,529,38,306.0,38.0,11231.0,76.0,304 VAN BRUNT STREET,NY,V1,11,,304 VAN BRUNT STREET LLC,1091,0,15.58,70.0,5,132750,0,,,3,981255.0,186809.0,40.6794238,-74.010798,16a,,New York
BK,2745,114,301.0,34.0,11211.0,94.0,190A WITHERS STREET,NY,V0,11,,190 WITHERS GROUP LLC,1302,0,16.17,83.55,5,11620,0,,,3,999785.0,200595.0,40.71725,-73.9439593,13a,,New York
BK,3628,12,316.0,42.0,11212.0,73.0,607 OSBORN STREET,NY,V0,11,,JOSEPH KEITH,1950,0,19.5,100.0,5,7800,0,,,3,1010535.0,178645.0,40.6569769,-73.9052655,17d,,New York
BK,4454,77,305.0,42.0,11208.0,75.0,429 BERRIMAN STREET,NY,V0,11,,"CAMPUZANO, JOSE",2500,0,25.0,100.0,5,13080,0,,,3,1018121.0,182660.0,40.6679714,-73.8779045,17d,,New York
BK,1772,8,303.0,36.0,11206.0,79.0,173 TOMPKINS AVENUE,NY,V1,11,,173 TOMPKINS REALTY LLC,2400,0,30.0,80.0,5,158850,0,,,3,999327.0,191878.0,40.6933247,-73.945631,17a,,New York
BK,4153,44,305.0,37.0,11208.0,75.0,278 LOGAN STREET,NY,V0,11,,278 LOGAN BUYERS LLC,5000,0,50.0,100.0,5,14280,0,,,3,1018188.0,186835.0,40.6794306,-73.8776419,17c,,New York
BK,545,24,306.0,38.0,11231.0,76.0,332 VAN BRUNT STREET,NY,V1,11,,NY 336 VAN BRUNT LLC,1544,0,25.0,61.75,5,123300,0,,,3,981023.0,186545.0,40.6786991,-74.0116343,16a,,New York
BK,1519,63,303.0,41.0,11233.0,81.0,175 SUMPTER STREET,NY,V0,11,X,HABITAT MOSAIC HOUSING DEVELOPMENT FUND  CORP,2500,0,25.0,100.0,5,8400,0,,,3,1006779.0,187160.0,40.680359,-73.9187742,17a,,New York
BK,1772,13,303.0,36.0,11206.0,79.0,152 HART STREET,NY,V0,11,X,ZION TABERNACLE INC,1583,0,15.83,100.0,5,9180,0,,,3,999408.0,191881.0,40.6933328,-73.9453389,17a,,New York
BK,1139,29,308.0,35.0,11238.0,77.0,733 BERGEN STREET,NY,V0,11,,731 BERGEN LLC,3700,0,52.75,126.58,5,31320,0,,,3,994071.0,186616.0,40.6788891,-73.9645922,16c,,New York
BK,3677,8,316.0,37.0,11212.0,73.0,177 SACKMAN STREET,NY,V1,11,C,NYC DEPARTMENT OF CITYWIDE ADMINISTRATIVE SERVICES,1667,0,16.67,100.0,5,55800,0,,,3,1010416.0,184785.0,40.6738302,-73.9056706,17c,,New York
BK,3162,7,304.0,34.0,11206.0,83.0,18 STANWIX STREET,NY,V1,11,,"DELSON DEVELOPMENTS,",2040,0,24.92,87.5,5,30150,0,,,3,1002621.0,193954.0,40.6990166,-73.9337468,13b,,New York
BK,3167,24,304.0,34.0,11237.0,83.0,1162 FLUSHING AVENUE,NY,V9,11,,B & B SWEATER MILLSINC,6675,0,40.0,168.33,5,56250,0,,,3,1005152.0,196686.0,40.7065097,-73.9246106,13b,,New York
BK,3188,52,304.0,34.0,11237.0,83.0,227 STARR STREET,NY,V1,11,,IPANEMA 1950 REALTY LLC,2500,0,25.0,100.0,5,35550,0,,,3,1005556.0,196302.0,40.7054547,-73.9231546,13b,,New York
BK,3265,30,304.0,37.0,11221.0,83.0,80 STANHOPE STREET,NY,V0,11,X,IGLESIA CRISTIANA SINAI,3000,0,25.0,120.17,5,15300,0,,,3,1005267.0,193016.0,40.6964361,-73.9242072,13b,,New York
BK,3263,51,304.0,34.0,11221.0,83.0,1119 LAFAYETTE AVENUE,NY,V0,11,X,"215 PROPERTIES, LLC",1650,0,16.5,100.0,5,7380,0,,,3,1004551.0,191758.0,40.6929849,-73.9267931,17a,,New York
BK,5588,36,312.0,39.0,11218.0,66.0,1160 40 STREET,NY,V0,11,,1162-1164 40TH STREET LLC,1970,0,19.67,100.17,5,14460,0,,,3,987131.0,172971.0,40.6414415,-73.9896189,22c,,New York
BK,5588,38,312.0,39.0,11218.0,66.0,1164 40 STREET,NY,V0,11,,1162-1164 40TH STREET LLC,1970,0,19.67,100.17,5,14460,0,,,3,987162.0,172947.0,40.6413757,-73.9895072,22c,,New York
BK,5601,65,312.0,38.0,11219.0,66.0,931 44 STREET,NY,V0,11,,PHILIP AND RACHEL KOPLOWITZ IRREVOCABLE  TRUST,2000,0,20.0,100.0,5,13980,0,,,3,985094.0,173461.0,40.6427869,-73.9969588,22c,,New York
BK,5663,30,312.0,44.0,11219.0,66.0,1362 52 STREET,NY,V0,11,,1362 CHESED LLC,3756,0,37.5,100.17,5,30300,0,,,3,986331.0,169619.0,40.6322412,-73.9925026,22c,,New York
BK,5664,18,312.0,44.0,11219.0,66.0,1434 52 STREET,NY,V0,11,X,CONGREGATION SHAAREI CHAIM,3506,0,35.0,100.17,5,31860,0,,,3,986755.0,169284.0,40.6313216,-73.9909751,22c,,New York
BK,6944,480,313.0,47.0,11214.0,60.0,4302 WESTSHORE AVENUE,NY,V1,11,,"WATERSHORE VIEWS, LLC",443910,0,900.0,550.0,5,3790800,0,,,3,984465.0,152669.0,40.5857172,-73.9992259,28c,,New York
BK,5433,8,312.0,44.0,11219.0,66.0,4507 15 AVENUE,NY,V0,11,,4507 15TH AVENUE LLC,3000,0,30.0,100.0,5,31260,0,,,3,988325.0,170358.0,40.634269,-73.9853182,22c,,New York
BK,658,46,307.0,38.0,11232.0,72.0,237A 27 STREET,NY,V2,11,,237A 27TH ST LLC,3406,0,34.0,100.17,5,18060,0,,,3,984950.0,179221.0,40.6585969,-73.9974771,16d,,New York
BK,1112,76,307.0,39.0,11215.0,72.0,403 PROSPECT AVENUE,NY,V0,11,,"BETANCOURT, VANESSA",1692,0,16.92,100.0,5,33180,0,,,3,988521.0,180047.0,40.6608631,-73.9846059,16d,,New York
BK,1110,72,307.0,39.0,11215.0,72.0,143 WINDSOR PLACE,NY,V0,11,X,HOLY NAME R C CHURCH,17100,0,95.0,200.08,5,411360,0,,,3,989816.0,179637.0,40.659737,-73.9799386,16d,,New York
BK,1249,53,308.0,35.0,11213.0,77.0,983 ST JOHNS PLACE,NY,V0,11,,JAMES PATRICK L,2000,0,20.0,100.0,5,18660,0,Crown Heights North II Historic District,,3,999306.0,183984.0,40.6716575,-73.9457243,17a,,New York
BK,1265,6,308.0,35.0,11213.0,77.0,287 KINGSTON AVENUE,NY,V1,11,,285 KINGSTON NFP LLC,1600,0,20.0,80.0,5,84150,0,,,3,1000372.0,183347.0,40.6699072,-73.941883,17b,,New York
BK,1324,20,309.0,40.0,11225.0,71.0,540 EMPIRE BOULEVARD,NY,V1,11,,EMPIRE PLACE LLC,1858,0,20.0,92.92,5,96750,0,,,3,999697.0,181151.0,40.6638809,-73.9443213,17b,,New York
BK,1284,37,309.0,35.0,11213.0,71.0,1332 PRESIDENT STREET,NY,V0,11,,CHANA PINSON,3768,0,30.0,125.58,5,18480,0,,,3,999344.0,182464.0,40.6674854,-73.9455907,17b,,New York
BK,1433,19,316.0,41.0,11233.0,73.0,2150 ATLANTIC AVENUE,NY,V0,11,X,HABITAT MOSAIC HOUSING DEVELOPMENT FUND  CORP,1667,0,16.67,100.0,5,7740,0,,,3,1007689.0,185679.0,40.6762916,-73.9154984,17a,,New York
BK,1830,1,303.0,36.0,11216.0,79.0,387A TOMPKINS AVENUE,NY,V0,11,,WOODBINE ORVILLE V,1580,0,19.75,80.0,5,14280,0,,,3,999825.0,188605.0,40.6843402,-73.9438427,17a,,New York
BK,1967,43,303.0,36.0,11238.0,79.0,342 FRANKLIN AVENUE,NY,V1,11,,"HENEGAN, SHIRLEY",1365,0,21.08,64.5,5,96300,0,,,3,996129.0,189719.0,40.6874036,-73.957167,16c,,New York
BK,3605,117,316.0,41.0,11212.0,73.0,480 WATKINS STREET,NY,V0,11,,GLADYS A THOM,3657,0,34.83,105.0,5,17580,0,,,3,1010368.0,180016.0,40.6607405,-73.9058621,17d,,New York
BK,6553,69,311.0,43.0,11204.0,62.0,2225 65 STREET,NY,V1,11,,65 & BAY TOWER LLC,4000,0,40.0,100.0,5,298800,0,,,3,989664.0,162838.0,40.6136274,-73.9804999,22d,,New York
BK,6564,37,312.0,44.0,11230.0,66.0,1430 EAST 2 STREET,NY,V0,11,,OLLIE DEVELOPMENT LLC,2242,0,34.17,116.75,5,25740,0,,,3,991658.0,163291.0,40.6148694,-73.9733175,22d,,New York
BK,573,80,306.0,38.0,11231.0,76.0,242 COFFEY STREET,NY,V1,11,,BT RED HOOK LLC,28980,0,20.0,412.5,5,616500,0,,,3,979082.0,186800.0,40.6793981,-74.0186324,16a,,New York
BK,575,11,306.0,38.0,11231.0,76.0,121 WOLCOTT STREET,NY,V0,11,,RED HOOK BUILDING COMPANY LLC,3000,0,30.0,100.0,5,52860,0,,,3,980397.0,186178.0,40.6776915,-74.013891,16a,,New York
BK,2335,22,301.0,34.0,11249.0,94.0,204 BEDFORD AVENUE,NY,V1,11,,MOMNTUM BEDFORD LLC,3750,0,50.0,75.0,5,558450,0,,,3,995685.0,200565.0,40.7171739,-73.9587496,12c,,New York
BK,2997,6,301.0,34.0,11237.0,90.0,88 MORGAN AVENUE,NY,V1,11,X,120 GERRY STREET HOUSING DEVELOPMENT FUN D CORP.,1875,0,25.0,75.0,5,121950,0,,,3,1003162.0,196805.0,40.7068408,-73.9317878,13b,,New York
BK,3170,16,304.0,34.0,11206.0,83.0,14 JEFFERSON STREET,NY,V1,11,,"SAUVAIRE, JEAN STEPHANE",938,0,18.75,50.0,5,58500,0,,,3,1002377.0,193371.0,40.6974169,-73.9346284,13b,,New York
BK,3166,38,304.0,34.0,11237.0,83.0,323 JEFFERSON STREET,NY,V0,11,X,"IRVING STOCKHOLM HOUSING DEVELOPMENT FUN D COMPANY,",2500,0,25.0,100.0,5,9780,0,,,3,1004800.0,196156.0,40.7050558,-73.9258818,13b,,New York
BK,3227,8,304.0,34.0,11221.0,83.0,584 HART STREET,NY,V3,11,C,NYC DEPARTMENT OF EDUCATION,2438,0,25.0,97.5,5,9660,0,,,3,1004083.0,193272.0,40.6971415,-73.9284763,13b,,New York
BK,3409,14,304.0,37.0,11207.0,83.0,1040 HALSEY STREET,NY,V0,11,,1040 HALSEY ST LLC,2000,0,20.0,100.0,5,7980,0,,,3,1008321.0,189730.0,40.687409,-73.9132055,17a,,New York
BK,4275,14,305.0,42.0,11208.0,75.0,365 FORBELL STREET,NY,V0,11,,122 HARRISON LLC,4000,0,40.0,100.0,5,15600,0,,,3,1022380.0,184652.0,40.6734217,-73.8625407,18a,,New York
BK,4681,68,317.0,41.0,11203.0,67.0,177 EAST 55 STREET,NY,V0,11,,"PLAZA HOMES, LLC",2000,0,20.0,100.0,5,13500,0,,,3,1004935.0,177417.0,40.6536212,-73.9254524,17b,,New York
BK,4853,50,317.0,40.0,11226.0,67.0,368 LENOX ROAD,NY,V0,11,X,THE HEALTH SCIENCE CENTER AT BROOKLYN FO UNDATION,4725,0,25.0,188.83,5,34080,0,,,3,998857.0,177531.0,40.6539462,-73.9473569,17b,,New York
BK,7594,26,318.0,45.0,11210.0,63.0,2319 NOSTRAND AVENUE,NY,V1,11,X,UNITED STATES POSTAL SERVICE,8400,0,80.0,105.0,5,272250,0,,,3,999019.0,168119.0,40.628112,-73.9467937,23a,,New York
BK,5384,18,312.0,39.0,11218.0,66.0,708 MCDONALD AVE,NY,V9,11,,708 MCDONALD REALTY CORP.,4335,0,22.5,100.0,0,79650,0,,,3,990165.0,171272.0,40.6367766,-73.978688,22c,,New York
BK,1342,63,308.0,36.0,11213.0,77.0,1711 DEAN STREET,NY,V0,11,,NORTHEASTERN CONFERENCE,1929,0,18.0,107.17,5,13560,0,,,3,1003319.0,185605.0,40.676099,-73.9312532,17a,,New York
BK,6940,63,313.0,47.0,11214.0,60.0,2097 SHORE PARKWAY,NY,V0,11,,"LUIS F. GANDARA, TRUSTEE",700,0,40.08,35.58,5,5940,0,,,3,987447.0,152502.0,40.5852583,-73.98849,28c,,New York
BK,340,33,306.0,39.0,11231.0,76.0,52 UNION STREET,NY,V9,11,C,PORT AUTHORITY OF NY AND NJ,1600,0,20.0,80.0,3,183150,0,,,3,982754.0,188787.0,40.6848533,-74.005394,16a,,New York
BK,3139,1,304.0,34.0,11206.0,83.0,467 BUSHWICK AVENUE,NY,V1,11,,ZELIK JOSEPH,2325,0,25.0,93.58,3,101700,0,,,3,1001862.0,194851.0,40.7014802,-73.9364818,13b,,New York
BK,7065,6,313.0,47.0,11224.0,60.0,3616 SURF AVENUE,NY,V0,11,,RED APPLE SURF REALTY II LLC,27588,0,110.5,267.0,5,399060,0,,,3,983758.0,147918.0,40.5726766,-74.001771,28b,,New York
BK,4495,1,305.0,42.0,11208.0,75.0,2832 LINDEN BOULEVARD,NY,V0,11,,2832 LINDEN BOULEVARD REALTY LLC,100000,0,200.0,500.0,3,443940,0,,,3,1023266.0,183046.0,40.6690097,-73.859356,18b,,New York
BK,4480,20,305.0,42.0,11208.0,75.0,782 LOGAN STREET,NY,V0,11,,THEODORE F SIGERIST,2000,0,20.0,100.0,5,12120,0,,,3,1019367.0,182252.0,40.6668467,-73.8734151,17d,,New York
BK,4189,10,305.0,37.0,11208.0,75.0,129 MILFORD STREET,NY,V0,11,,JAMES YOUMAN,1708,0,17.08,100.0,5,10680,0,,,3,1018286.0,185782.0,40.67654,-73.8772939,17c,,New York
BK,2831,13,301.0,34.0,11222.0,94.0,19 NORTH HENRY STREET,NY,V0,11,,URD 19 N HENRY LLC,2550,0,25.0,109.5,5,21360,0,,,3,1000087.0,201472.0,40.7196566,-73.9428678,13a,,New York
BK,167,26,302.0,33.0,11217.0,84.0,60 FLATBUSH AVENUE,NY,V1,11,,372 LIVINGSTON LLC,5383,0,58.35,70.75,5,291710,0,,,3,989761.0,189649.0,40.6872177,-73.9801287,16c,,New York
BK,8876,2832,315.0,46.0,11229.0,61.0,4 BARTLETT PLACE,NY,V0,11,,GERRITSEN PARK LLC,2985,0,63.08,42.5,5,13680,0,,,3,1004399.0,153663.0,40.5884226,-73.927455,29a,,New York
BK,4919,55,317.0,45.0,11203.0,67.0,419 EAST 34 STREET,NY,V0,11,,"FORCAP,",1263,0,20.0,63.17,5,4380,0,,,3,999511.0,174843.0,40.6465671,-73.945006,23a,,New York
BK,408,43,306.0,39.0,11231.0,76.0,57 DOUGLASS STREET,NY,V0,11,,RANGHELLI GLORIA,1667,0,16.67,100.0,5,31320,0,,,3,986253.0,188421.0,40.6838486,-73.992778,16c,,New York
BK,2121,45,302.0,35.0,11238.0,88.0,69 GREENE AVENUE,NY,V0,11,,69 GREENE ACK LLC,1530,0,21.42,71.42,5,15360,0,Fort Greene Historic District,,3,992559.0,189357.0,40.6864141,-73.9700401,16c,,New York
BK,5448,43,312.0,44.0,11204.0,66.0,1682 48 STREET,NY,V0,11,,"PANZER, JUDITH",3435,0,27.0,100.17,5,39720,0,,,3,988933.0,168881.0,40.6302146,-73.9831286,22c,,New York
BK,5696,14,312.0,44.0,11219.0,66.0,1122 57 STREET,NY,V0,11,,57TH DEV LLC,4007,0,40.0,100.17,5,50400,0,,,3,984029.0,169783.0,40.6326916,-74.0007962,22c,,New York
BK,2893,56,301.0,34.0,11211.0,94.0,239 CONSELYEA STREET,NY,V0,11,,239 CONSELYEA LLC,2486,0,54.83,45.33,5,31680,0,,,3,1000434.0,200003.0,40.7156239,-73.9416195,13a,,New York
BK,1993,7,302.0,35.0,11238.0,88.0,1065 FULTON STREET,NY,V1,11,,1065 FULTON OWNERSHIP LLC,2189,0,20.33,112.17,5,207000,0,,,3,995582.0,187793.0,40.6821179,-73.9591426,16c,,New York
BK,1993,8,302.0,35.0,11238.0,88.0,1063 FULTON STREET,NY,V1,11,,1065 FULTON OWNERSHIP LLC,2218,0,18.67,122.0,5,239850,0,,,3,995564.0,187804.0,40.6821481,-73.9592075,16c,,New York
BK,1984,5,302.0,35.0,11238.0,88.0,63 IRVING PLACE,NY,V0,11,,MINTA GILLESPIE WALKER LIVING TRUST,676,0,12.75,53.0,5,5340,0,,,3,995442.0,188191.0,40.6832105,-73.9596468,16c,,New York
BK,5477,16,312.0,44.0,11219.0,66.0,1530 53 STREET,NY,V0,11,,ANNA SCHON QUALIFIED PERSONAL RESIDENCE TRUST,2405,0,30.0,80.17,5,16080,0,,,3,987180.0,168628.0,40.6295209,-73.9894443,22c,,New York
BK,1817,49,303.0,36.0,11216.0,79.0,210 MONROE STREET,NY,V1,11,C,FIRE DEPARTMENT OF NEW YORK,1850,0,25.0,74.0,5,115200,0,,,3,997843.0,188927.0,40.6852273,-73.9509884,17a,,New York
BK,1822,18,303.0,36.0,11216.0,79.0,148 MADISON STREET,NY,V0,11,,148 MADISON STREET LLC,1400,0,14.0,100.0,5,10620,0,,,3,997250.0,188550.0,40.6841934,-73.9531272,17a,,New York
BK,1817,50,303.0,36.0,11216.0,79.0,406 NOSTRAND AVENUE,NY,V1,11,C,NYC HOUSING PRESERVATION AND DEVELOPMENT,1125,0,14.5,75.0,3,74700,0,,,3,997888.0,188964.0,40.6853288,-73.950826,17a,,New York
BK,1867,17,303.0,36.0,11216.0,79.0,519 NOSTRAND AVENUE,NY,V1,11,,"IZ MA, LLC",1933,0,19.33,100.0,5,205650,0,,,3,998313.0,186820.0,40.6794433,-73.9492981,17a,,New York
BK,1584,1,303.0,36.0,11206.0,81.0,23 LEWIS AVENUE,NY,V1,11,,"TOXO AND ARROW PROPERTY ,",5346,0,54.0,99.0,5,603450,0,,,3,1001562.0,193282.0,40.6971742,-73.9375677,13b,,New York
BK,2369,37,301.0,34.0,11211.0,90.0,69 HOPE STREET,NY,V1,11,,"ABV FIORENTI COMPANY, LLC",3130,0,25.42,125.0,5,159750,0,,,3,996662.0,199136.0,40.7132503,-73.9552278,13b,,New York
BK,1621,27,303.0,36.0,11221.0,81.0,900A GREENE AVENUE,NY,V0,11,,VOLIMES LLC,1775,0,17.75,100.0,5,9660,0,,,3,1003120.0,190807.0,40.6903778,-73.9319561,17a,,New York
BK,1626,44,303.0,36.0,11221.0,81.0,114 MALCOLM X BOULEVARD,NY,V0,11,,"COHAN, DAVID",1925,0,19.25,100.0,6,12300,0,,,3,1003464.0,190563.0,40.6897073,-73.9307163,17a,,New York
BK,1551,41,316.0,41.0,11233.0,73.0,2128 FULTON STREET,NY,V1,11,C,NYC DEPARTMENT OF CITYWIDE ADMINISTRATIVE SERVICES,2500,0,25.0,100.0,5,83700,0,,,3,1008653.0,186339.0,40.6781006,-73.9120206,17c,,New York
BK,6901,34,313.0,47.0,11214.0,60.0,2728 BATH AVENUE,NY,V0,11,,"ZHEN, XIONG PU",3866,0,38.66,100.0,3,44640,0,,,3,988181.0,154575.0,40.5909479,-73.9858462,28c,,New York
BK,1343,2,308.0,36.0,11213.0,77.0,85A UTICA AVENUE,NY,V0,11,,"WILMINGTON TRUST, NATIONAL ASSOCIATION,  NOT IN ITS",1333,0,16.0,83.33,5,11460,0,,,3,1003620.0,185558.0,40.6759694,-73.9301682,17a,,New York
BK,7074,105,313.0,47.0,11224.0,60.0,1507 BOARDWALK WEST,NY,V1,11,,WANTANABE REALTY CORP,25484,0,60.0,424.73,5,1787400,0,,,3,989103.0,148518.0,40.5743222,-73.9825308,28d,,New York
BK,8667,770,313.0,48.0,11235.0,60.0,21 BRIGHTON 7 WALK,NY,V0,11,,"PARVEEN, SIDRA",1600,0,40.0,40.0,5,13920,0,,,3,995024.0,150891.0,40.5808304,-73.9612134,28d,,New York
BK,8667,784,313.0,48.0,11235.0,60.0,2952 BRIGHTON 8TH STREET,NY,V0,11,,VIVID BUILDERS LLC,3504,0,40.93,91.94,6,35280,0,,,3,995058.0,150735.0,40.5804022,-73.9610913,28d,,New York
BK,3383,1,304.0,37.0,11221.0,83.0,481 CENTRAL AVENUE,NY,V1,11,,481 CENTRAL SBL LLC,2498,0,25.0,99.92,3,106650,0,,,3,1008324.0,191241.0,40.6915564,-73.9131893,17a,,New York
BK,1497,56,303.0,41.0,11233.0,81.0,685 MAC DONOUGH STREET,NY,V0,11,,"RICHBURG, FRANCES",1600,0,16.0,100.0,5,5400,0,,,3,1006776.0,188524.0,40.6841029,-73.9187804,17a,,New York
BK,6710,80,314.0,44.0,11230.0,70.0,1709 AVENUE J,NY,V0,11,,YESHIVA OF FLATBUSH,5000,0,50.0,100.0,5,32700,0,,,3,995592.0,167227.0,40.6256687,-73.9591412,22d,,New York
BK,3245,11,304.0,37.0,11221.0,83.0,1311 MYRTLE AVENUE,NY,V1,11,,1311 MYRTLE LLC,1070,0,55.42,55.42,3,68400,0,,,3,1005046.0,193674.0,40.6982427,-73.9250022,13b,,New York
BK,6658,80,315.0,44.0,11223.0,61.0,3 WOODSIDE AVENUE,NY,V0,11,,IGOR KOLKER,1692,0,23.5,72.0,5,24780,0,,,3,992033.0,160018.0,40.6058853,-73.9719706,22d,,New York
BK,3305,30,304.0,37.0,11221.0,83.0,90 BLEECKER STREET,NY,V0,11,,ANDRE GREEN,2500,0,25.0,100.0,5,9780,0,,,3,1006075.0,192381.0,40.6946912,-73.9212954,13b,,New York
BK,6757,23,314.0,48.0,11230.0,70.0,1910 OCEAN AVENUE,NY,V0,11,,OCEAN AVE. GROUP LLC,5030,0,40.0,125.75,5,60720,0,,,3,996792.0,163433.0,40.6152533,-73.9548253,23b,,New York
BK,6757,18,314.0,48.0,11230.0,70.0,1898 OCEAN AVENUE,NY,V0,11,,OCEAN AVE GROUP LLC,4527,0,36.0,125.75,5,101820,0,,,3,996777.0,163534.0,40.6155306,-73.9548791,23b,,New York
BK,6734,101,314.0,44.0,11230.0,70.0,1504 AVENUE L,NY,V0,11,,1504-1506 AVENUE L LLC,7500,0,75.0,100.0,3,126300,0,,,3,995299.0,165228.0,40.6201822,-73.9602,22d,,New York
BK,7575,54,314.0,45.0,11210.0,70.0,2210 NOSTRAND AVENUE,NY,V1,11,X,DORMITORY AUTHORITY OF THE STATE OF NEW  YORK,23835,0,110.33,215.75,5,1856250,0,,,3,998696.0,169106.0,40.6308216,-73.9479552,23a,,New York
BK,6817,41,315.0,48.0,11229.0,61.0,1882 EAST 12 STREET,NY,V0,11,,1882 EAST 12TH STREET LLC,2500,0,25.08,100.33,5,9300,0,,,3,995117.0,159126.0,40.6034337,-73.9608654,28c,,New York
BK,6523,10,312.0,44.0,11230.0,66.0,1262 CONEY ISLAND AVENUE,NY,V5,11,X,YESHIVAH OF FLATBUSH,2000,0,20.0,100.0,5,207450,0,,,3,993710.0,167625.0,40.6267633,-73.9659204,22c,,New York
BK,6523,11,312.0,44.0,11230.0,66.0,1262A CONEY ISLAND AVENUE,NY,V5,11,X,YESHIVAH OF FLATBUSH,2000,0,20.0,100.0,5,207450,0,,,3,993713.0,167607.0,40.6267139,-73.9659096,22d,,New York
BK,4837,64,317.0,40.0,11203.0,67.0,778 NEW YORK AVENUE,NY,V0,11,X,THE HEALTH SCIENCE CENTER AT BROOKLYN FO UNDATON,2475,0,25.0,99.83,5,14400,0,,,3,998842.0,177857.0,40.654841,-73.9474103,17b,,New York
BK,4837,88,317.0,40.0,11226.0,67.0,309 LENOX ROAD,NY,V0,11,,JRS REALTY ENTERPRISES LLC,6000,0,30.0,200.0,5,40800,0,,,3,998366.0,177754.0,40.6545591,-73.949126,17b,,New York
BK,5105,58,317.0,40.0,11226.0,67.0,141 ERASMUS STREET,NY,V0,11,,"ORIGIN DESIGN 101, LLC",2297,0,25.5,90.08,5,22680,0,,,3,997850.0,176067.0,40.6499294,-73.9509891,17b,,New York
BK,5138,54,317.0,40.0,11226.0,67.0,997 ROGERS AVENUE,NY,V1,11,,997 ROGERS LLC,2496,0,25.0,99.83,5,184950,0,,,3,997673.0,174575.0,40.6458345,-73.9516299,23a,,New York
BK,3866,237,305.0,42.0,11207.0,75.0,634 HINSDALE STREET,NY,V0,11,,"GRANT, LESLIE",2000,0,20.0,100.0,5,7500,0,,,3,1012627.0,179432.0,40.6591306,-73.8977224,17d,,New York
BK,3982,32,305.0,37.0,11207.0,75.0,641 GLENMORE AVENUE,NY,V0,11,,NATASHA LLC,2500,0,25.0,100.0,5,16440,0,,,3,1015701.0,185143.0,40.6747956,-73.8866163,17c,,New York
BK,3753,3,305.0,42.0,11207.0,75.0,299 GEORGIA AVENUE,NY,V1,11,,EASTERN EFFECTS INC,2367,0,24.92,95.0,5,110700,0,,,3,1012849.0,183188.0,40.6694393,-73.8969063,17d,,New York
BK,7398,1,315.0,48.0,11229.0,61.0,2303 EAST 13 STREET,NY,V0,11,,ESTHER ANDERSON,2000,0,20.0,100.0,5,25680,0,,,3,996165.0,155695.0,40.594015,-73.9570973,28c,,New York
BK,3791,25,305.0,42.0,11207.0,75.0,426 WYONA STREET,NY,V1,11,,"HP NEW PENN HOUSING DEVELOPMENT FUND COM PANY, INC",4000,0,20.0,200.0,3,131400,0,,,3,1014091.0,182689.0,40.6680655,-73.8924314,17d,,New York
BK,4026,15,305.0,42.0,11207.0,75.0,546 BELMONT AVENUE,NY,V0,11,,"KASSIM, DAWOOD",2500,0,25.0,100.0,5,14580,0,,,3,1014943.0,183874.0,40.6713152,-73.8893547,17c,,New York
BK,5018,11,317.0,45.0,11210.0,67.0,791 EAST 43 STREET,NY,V9,11,,ITALIA COSTRUZIONE,28000,0,280.0,100.0,5,510750,0,,,3,1002246.0,170827.0,40.6355389,-73.935161,23a,,New York
BK,4060,15,305.0,42.0,11207.0,75.0,842 BLAKE AVENUE,NY,V0,11,,"JENKINS, CLIFFORD",1460,0,20.0,73.0,3,7680,0,,,3,1015517.0,182942.0,40.668755,-73.8872899,17d,,New York
BK,7415,43,315.0,48.0,11235.0,61.0,2481 EAST 13 STREET,NY,V0,11,,BROOKLYN ALLIANCE CHURCH OF THE CHRISTIA N &,8748,0,73.42,103.11,3,44460,0,,,3,996373.0,154285.0,40.5901445,-73.9563509,29a,,New York
BK,4045,112,305.0,42.0,11207.0,75.0,519 BARBEY STREET,NY,V0,11,,SALAMON DAVID,1875,0,18.75,100.0,5,9780,0,,,3,1015732.0,183348.0,40.6698686,-73.8865129,17d,,New York
BK,4045,19,305.0,42.0,11207.0,75.0,503 BARBEY STREET,NY,V1,11,,B & H ASSOCIATES GROUP 2 LLC,2000,0,20.0,100.0,5,87300,0,,,3,1015706.0,183484.0,40.670242,-73.886606,17d,,New York
BK,3967,37,305.0,37.0,11207.0,75.0,651 LIBERTY AVENUE,NY,V1,11,,647 651 LIBERTY LLC,2500,0,25.0,100.0,3,85500,0,,,3,1015911.0,185654.0,40.6761974,-73.8858568,17c,,New York
BK,7479,66,315.0,46.0,11235.0,61.0,2641 FORD STREET,NY,V0,11,,COYLE ST. REALTY LLC,3892,0,50.0,77.83,5,13440,0,,,3,1002133.0,153846.0,40.5889298,-73.9356131,29a,,New York
BK,8756,54,315.0,48.0,11235.0,61.0,177 MACKENZIE STREET,NY,V0,11,,"RIPA, ALLA S",3202,0,29.0,110.42,5,40200,0,,,3,1001021.0,150216.0,40.5789684,-73.9396258,29b,,New York
BK,4153,18,305.0,37.0,11208.0,75.0,47 MILFORD STREET,NY,V0,11,,"SHANDS, CHARLES R",1875,0,18.75,100.0,5,12120,0,,,3,1018144.0,186511.0,40.6785414,-73.8778022,17c,,New York
BK,4039,14,305.0,42.0,11208.0,75.0,838 BELMONT AVENUE,NY,V0,11,,FRANCISCO A. URENA,1800,0,20.0,90.0,5,10440,0,,,3,1017985.0,184473.0,40.6729482,-73.8783856,17c,,New York
BK,4290,31,305.0,42.0,11208.0,75.0,1474 BLAKE AVENUE,NY,V0,11,,STONEAGE BUYER INC.,2000,0,20.0,100.0,5,6120,0,,,3,1022537.0,184277.0,40.6723917,-73.8619769,18a,,New York
BK,4291,16,305.0,42.0,11208.0,75.0,735 DREW STREET,NY,V0,11,,OVERCOMING WORLD LLC,3000,0,30.0,100.0,5,11340,0,,,3,1022743.0,184147.0,40.672034,-73.861235,18a,,New York
BK,1886,38,303.0,33.0,11205.0,79.0,434 FLUSHING AVENUE,NY,V1,11,,"BEDFORD ROTH HOLDING, LLC",2012,0,33.33,60.25,5,158400,0,,,3,996080.0,193853.0,40.6987505,-73.9573365,12d,,New York
BK,1737,31,303.0,33.0,11205.0,79.0,136 NOSTRAND AVENUE,NY,V1,11,,MASSIH EISRAELIAN SOLAYMAN,2467,0,24.67,100.0,5,62550,0,,,3,997312.0,192681.0,40.6955319,-73.9528957,13b,,New York
BK,1737,59,303.0,33.0,11205.0,79.0,97 SANDFORD STREET,NY,V1,11,,"ROCHLITZ, YETTA",2500,0,25.0,100.0,5,63900,0,,,3,997176.0,192888.0,40.6961003,-73.9533857,13b,,New York
BK,3227,7,304.0,34.0,11221.0,83.0,580 HART STREET,NY,V0,11,C,NYC DEPARTMENT OF EDUCATION,2438,0,25.0,97.5,3,11220,0,,,3,1004063.0,193256.0,40.6970976,-73.9285485,13b,,New York
BK,3551,52,316.0,41.0,11212.0,73.0,45 DUMONT AVENUE,NY,V1,11,X,US MCLEOD HOUSING DEVELOPMENT FUND CORPO RATION,803,0,20.0,40.23,5,45000,0,,,3,1006923.0,180801.0,40.6629046,-73.9182764,17b,,New York
BK,430,49,306.0,39.0,11231.0,76.0,471 UNION STREET,NY,V0,11,,"INTERNICOLA, JOSEPH",1231,0,16.42,75.0,5,21180,0,,,3,987045.0,187123.0,40.6802857,-73.9899229,16c,,New York
BK,468,60,306.0,39.0,11231.0,76.0,11 5 STREET,NY,V1,11,,11 FIFTH LLC,4400,0,44.0,100.0,5,241200,0,,,3,985383.0,186096.0,40.6774672,-73.9959153,16c,,New York
BK,462,12,306.0,39.0,11231.0,76.0,155 3 STREET,NY,V1,11,,THIRD STREET OWNER LLC,52534,0,190.0,290.59,3,1536750,0,,,3,986875.0,185833.0,40.676745,-73.9905364,16c,,New York
BK,478,31,306.0,39.0,11231.0,76.0,59 GARNET STREET,NY,V1,11,,HL INVESTOR GROUP LLC,1340,0,20.0,67.0,3,157050,0,,,3,984766.0,184940.0,40.6742943,-73.9981398,16c,,New York
BK,7896,20,318.0,46.0,11234.0,63.0,1753 EAST 51 STREET,NY,V0,11,,"GRACIA, CINDY",2000,0,20.0,100.0,5,11940,0,,,3,1004950.0,164287.0,40.6175821,-73.9254386,23b,,New York
BK,3537,47,316.0,41.0,11212.0,73.0,113 BLAKE AVENUE,NY,V0,11,,103 BLAKE LLC,1885,0,75.38,25.0,3,8760,0,,,3,1007669.0,181524.0,40.6648872,-73.9155849,17b,,New York
BK,649,28,307.0,38.0,11232.0,72.0,218 23 STREET,NY,V0,11,,218 23RD OWNER LLC,2504,0,25.0,100.17,5,21240,0,,,3,985524.0,179895.0,40.6604468,-73.9954081,16d,,New York
BK,5114,3,314.0,40.0,11218.0,70.0,50 HINCKLEY PLACE,NY,V1,11,,545 CONEY ISLAND LLC,5800,0,46.42,125.0,5,182700,0,,,3,992626.0,174032.0,40.6443503,-73.9698176,22c,,New York
BK,5114,1,314.0,40.0,11218.0,70.0,545 CONEY ISLAND AVENUE,NY,V1,11,,545 CONEY ISLAND LLC,5910,0,51.0,125.33,5,100350,0,,,3,992577.0,174028.0,40.6443393,-73.9699941,22c,,New York
BK,1606,60,303.0,36.0,11221.0,81.0,925 LAFAYETTE AVENUE,NY,V0,11,,IDAL REALTY CORP,2500,0,25.0,100.0,5,14040,0,,,3,1002169.0,191377.0,40.6919442,-73.9353838,17a,,New York
BK,8845,1660,315.0,46.0,11229.0,61.0,13 NOEL AVENUE,NY,V0,11,,"SUAREZ, DANIEL",1800,0,40.0,45.0,3,8520,1950,,,3,1005910.0,152907.0,40.586344,-73.9220172,29a,,New York
BK,7924,107,317.0,42.0,11236.0,67.0,8712 DITMAS AVENUE,NY,V1,11,,8712 DITMAS AVE LLC,4000,0,40.0,100.0,5,70200,0,,,3,1007442.0,174895.0,40.6466926,-73.916426,23a,,New York
BK,8120,55,317.0,42.0,11236.0,67.0,784 EAST 95 STREET,NY,V1,11,,SALNICK REALTY CORP,5100,0,60.0,85.0,5,80550,0,,,3,1009064.0,175956.0,40.6496004,-73.9105771,17d,,New York
BK,335,29,306.0,39.0,11231.0,76.0,206 COLUMBIA STREET,NY,V1,11,,VAUGHAN ROBERTA F,1280,0,16.0,80.0,3,233100,0,,,3,983423.0,188855.0,40.68504,-74.0029819,16a,,New York
BK,8856,1648,315.0,46.0,11229.0,61.0,25 NOEL AVENUE,NY,V0,11,,THE BPD IRREVOCABLE TRUST,1800,0,40.0,45.0,5,8100,0,,,3,1005725.0,153125.0,40.5869428,-73.9226825,29a,,New York
BK,8844,340,315.0,46.0,11235.0,61.0,1 PLUMB 3 STREET,NY,V0,11,,"ZALIV, LLC.",4550,0,50.0,100.0,5,13500,0,,,3,1004173.0,152952.0,40.5864716,-73.9282708,29a,,New York
BK,8907,824,315.0,46.0,11229.0,61.0,55 FRANK COURT,NY,V0,11,,EDWARDS JOHN J,1800,0,40.0,45.0,5,6780,0,,,3,1005457.0,153654.0,40.5883955,-73.9236458,29a,,New York
BK,1627,11,303.0,36.0,11221.0,81.0,726 LEXINGTON AVENUE,NY,V0,11,,MILDRED MC KENZIE,1850,0,18.5,100.0,5,10740,0,,,3,1003671.0,190617.0,40.6898551,-73.9299697,17a,,New York
BK,3999,10,305.0,42.0,11207.0,75.0,658 GLENMORE AVENUE,NY,V0,11,,"BHUIYAN, ISLAM TAZUL",2088,0,25.0,83.5,3,12540,0,,,3,1015876.0,185026.0,40.6744738,-73.885986,17c,,New York
BK,4077,50,305.0,42.0,11207.0,75.0,598 JEROME STREET,NY,V1,11,,JPT TRUCKING CORP.,3000,0,30.0,100.0,5,79650,0,,,3,1016088.0,182057.0,40.6663239,-73.8852357,17d,,New York
BK,4077,5,305.0,42.0,11207.0,75.0,659 BARBEY STREET,NY,V1,11,,E.N.Y.P. PROPERTIES LLC,2000,0,20.0,100.0,5,43200,0,,,3,1015983.0,182071.0,40.6663627,-73.8856141,17d,,New York
BK,4745,11,317.0,42.0,11236.0,67.0,105 AVENUE B,NY,V0,11,,"LEGALL, LAWRENCE",2750,0,29.33,100.0,5,9660,0,,,3,1006481.0,175176.0,40.6474664,-73.9198881,23a,,New York
BK,4072,30,305.0,42.0,11208.0,75.0,1128 BLAKE AVENUE,NY,V0,11,,RANJETTE COOMBS,1808,0,20.08,90.0,3,8580,0,,,3,1018594.0,183530.0,40.6703575,-73.876195,17d,,New York
BK,120,18,302.0,33.0,11201.0,84.0,53 FLATBUSH AVENUE EXT,NY,V1,11,,FLATBUSH HOSPITALITY LLC,2322,0,28.67,73.08,5,315900,0,,,3,988495.0,193264.0,40.6971407,-73.9846913,12d,,New York
BK,1139,15,308.0,35.0,11238.0,77.0,774 DEAN STREET,NY,V1,11,,774-776 DEAN STREET LLC,1900,0,25.0,76.17,5,184050,0,,,3,994109.0,186754.0,40.6792678,-73.964455,16c,,New York
BK,1544,53,316.0,37.0,11233.0,73.0,99 TRUXTON STREET,NY,V0,11,C,NYC HOUSING PRESERVATION AND DEVELOPMENT,1950,0,19.5,100.0,5,9780,0,,,3,1010398.0,186619.0,40.6788641,-73.9057284,17c,,New York
BK,433,14,306.0,39.0,11217.0,78.0,558 SACKETT STREET,NY,V1,11,,SACKETT HEIGHTS LLC,6400,0,64.0,100.0,5,261900,0,,,3,987995.0,186769.0,40.6793137,-73.986498,16c,,New York
BK,978,19,306.0,39.0,11215.0,78.0,210 3 STREET,NY,V1,11,,WFM PROPERTIES BROOKLYN LLC,546,0,10.9,53.8,8,2556,0,,,3,987486.0,185232.0,40.6750952,-73.9883339,16c,,New York
BK,978,1,306.0,39.0,11215.0,78.0,220 3 STREET,NY,V1,11,,"376/384 3RD AVENUE PARCEL BROOKLYN NY, L LC",640,0,20.0,32.0,3,62100,0,,,3,987343.0,184949.0,40.6743185,-73.9888495,16c,,New York
BK,2622,8,301.0,33.0,11222.0,94.0,152 MESEROLE AVENUE,NY,V0,11,,152 MESEROLE AVE LLC,1875,0,25.0,75.0,3,13740,0,,,3,998060.0,204408.0,40.7277186,-73.9501742,13a,,New York
BK,2355,1,301.0,33.0,11249.0,94.0,105 RIVER STREET,NY,V1,11,,RIVER STREET PARTNERS LLC,134450,0,203.0,283.0,3,4260600,0,,,3,993712.0,201118.0,40.7186941,-73.9658662,12c,,New York
BK,641,88,307.0,38.0,11232.0,72.0,700 3 AVENUE,NY,V1,11,,700 THIRD AVENUE BRK. LLC,3029,0,35.25,100.0,3,199350,0,,,3,984649.0,181075.0,40.6636857,-73.9985618,16d,,New York
BK,2262,34,301.0,33.0,11205.0,90.0,437 FLUSHING AVENUE,NY,V0,11,,SATMAR FLUSHING LLC,4167,0,41.67,100.0,5,60060,0,,,3,996000.0,193984.0,40.6991102,-73.9576248,12d,,New York
BK,2224,17,301.0,33.0,11249.0,90.0,100 RUTLEDGE STREET,NY,V0,11,,100 RUTLEDGE LLC,3000,0,30.0,100.0,4,31320,0,,,3,995721.0,194576.0,40.7007355,-73.9586299,12d,,New York
BK,2543,50,301.0,33.0,11222.0,94.0,2 JAVA STREET,NY,V0,11,X,NYS OFFICE OF GENERAL SERVICES,168534,0,280.0,632.89,5,32160,0,,,3,994643.0,205444.0,40.7305669,-73.9625009,12c,,New York
BK,8800,187,315.0,48.0,11235.0,61.0,25 STANTON ROAD,NY,V0,11,,"DONOVAN, DONNA",1907,0,34.67,55.0,5,8400,0,,,3,1001911.0,152374.0,40.5848899,-73.9364162,29a,,New York
BK,8800,61,315.0,48.0,11235.0,61.0,2832 BATCHELDER STREET,NY,V0,11,,"LAURIA, JAMES J",3000,0,30.0,100.0,5,16320,0,,,3,1001951.0,152264.0,40.5845879,-73.9362725,29a,,New York
BK,8815,139,315.0,48.0,11235.0,61.0,17 WEBERS COURT,NY,V2,11,,"BANK, VOLDEMAR",1566,0,24.42,87.92,2,11760,0,,,3,1001337.0,151845.0,40.583439,-73.9384841,29a,,New York
BK,1874,24,302.0,35.0,11205.0,88.0,188 FLUSHING AVENUE,NY,V1,11,,188 FLUSHING CORP,3369,0,44.17,103.67,3,292950,0,,,3,992976.0,193408.0,40.6975327,-73.9685313,12d,,New York
BK,1970,5,303.0,36.0,11238.0,79.0,429 CLASSON AVENUE,NY,V0,11,,PURPLE PEBBLE LLC,2754,0,27.0,102.0,5,17460,0,,,3,995567.0,189321.0,40.6863119,-73.9591942,16c,,New York
BK,1973,63,303.0,36.0,11238.0,79.0,237 GATES AVENUE,NY,V0,11,,MOUNT SINAI BAPTIST CHURCH,2600,0,26.0,100.0,5,15300,0,,,3,995873.0,189057.0,40.6855869,-73.9580913,16c,,New York
BK,1807,58,303.0,36.0,11216.0,79.0,403 GATES AVENUE,NY,V1,11,,HARRIET WILLIAMS,1875,0,18.75,100.0,5,125550,0,,,3,997819.0,189351.0,40.6863911,-73.951074,17a,,New York
BK,3874,1,305.0,42.0,11207.0,75.0,740 HINSDALE STREET,NY,V0,11,,"C.C.M.S., A NY NOT FOR PROFIT D/B/A",13575,0,40.0,100.0,5,33360,0,,,3,1012771.0,178476.0,40.6565061,-73.8972074,17d,,New York
BK,8147,20,318.0,42.0,11236.0,69.0,1301 ROCKAWAY PARKWAY,NY,V0,11,,1305 ROCKAWAY LLC,2699,0,18.42,135.0,5,27660,0,,,3,1010673.0,175296.0,40.6477842,-73.9047813,23c,,New York
BK,1205,11,308.0,35.0,11216.0,77.0,1134 PACIFIC STREET,NY,V0,11,,"PROMESA RESIDENTIAL HEALTH CARE FACILITY , INC.",7800,0,65.0,120.0,5,77700,0,,,3,996813.0,186282.0,40.6779689,-73.9547071,17a,,New York
BK,1141,56,308.0,35.0,11238.0,77.0,843 BERGEN STREET,NY,V1,11,X,BROOKLYN PENT/ASMBLYINC,2750,0,25.0,110.0,5,67050,0,,,3,995445.0,186247.0,40.6778746,-73.9596392,16c,,New York
BK,820,58,307.0,38.0,11220.0,72.0,5423 1 AVENUE,NY,V1,11,,5423 FIRST AVENUE LLC,20034,0,100.17,200.0,3,360450,0,,,3,978293.0,175199.0,40.6475554,-74.0214667,22a,,New York
BK,45,1,302.0,33.0,11201.0,84.0,7 PROSPECT STREET,NY,V1,11,C,NYC DEPARTMENT OF TRANSPORTATION,80000,0,156.58,782.08,5,11189250,0,,INDIVIDUAL LANDMARK,3,986706.0,194862.0,40.7015276,-73.9911424,12d,,New York
BK,2393,32,301.0,34.0,11211.0,90.0,712 DRIGGS AVENUE,NY,V0,11,,KANE STREET HOLDING LLC,960,0,20.0,48.0,3,14940,0,,,3,995260.0,199223.0,40.713491,-73.9602849,12d,,New York
BK,2362,1,301.0,33.0,11249.0,90.0,230 KENT AVENUE,NY,V1,11,,KENT RIVERVIEW LLC,5862,0,57.33,102.25,5,306000,0,,,3,993844.0,200594.0,40.7172557,-73.9653907,12c,,New York
BK,1909,43,302.0,35.0,11205.0,88.0,212A CLASSON AVENUE,NY,V0,11,,CLASSON AVENUE 43 LLC,1600,0,15.58,100.0,5,18300,0,,,3,995009.0,191823.0,40.69318,-73.9612022,16c,,New York
BK,7123,33,315.0,44.0,11223.0,61.0,38 VILLAGE ROAD NORTH,NY,V1,11,,VILLAGE ROAD DEVELOPMENT LLC,4095,0,49.33,83.0,5,171900,0,,,3,991514.0,156547.0,40.5963586,-73.9738434,28c,,New York
BK,5793,64,307.0,43.0,11220.0,72.0,617 62 STREET,NY,V9,11,,SUNRISE PLAZA LLC,20000,0,200.0,100.0,5,682200,0,,,3,980314.0,171244.0,40.6367009,-74.0141815,22a,,New York
BK,4547,44,305.0,42.0,11208.0,75.0,915 PINE STREET,NY,V0,11,,"NURJAMAN, MOHAMMED",2000,0,20.0,100.0,5,7380,0,,,3,1021013.0,180715.0,40.6626213,-73.8674902,18b,,New York
BK,1839,60,303.0,36.0,11216.0,79.0,201 HALSEY STREET,NY,V0,11,,1A4V HOLDINGS LLC,1875,0,18.75,100.0,5,11280,0,,,3,999437.0,187959.0,40.6825677,-73.9452431,17a,,New York
BK,316,34,306.0,39.0,11231.0,76.0,162 COLUMBIA STREET,NY,V9,11,C,NYC DEPARTMENT OF TRANSPORTATION,2008,0,20.08,100.0,5,133200,0,,,3,983626.0,189435.0,40.686632,-74.00225,16a,,New York
BK,316,35,306.0,39.0,11231.0,76.0,164 COLUMBIA STREET,NY,V9,11,C,NYC DEPARTMENT OF TRANSPORTATION,1997,0,20.0,99.83,5,132300,0,,,3,983619.0,189417.0,40.6865826,-74.0022752,16a,,New York
BK,6757,22,314.0,48.0,11230.0,70.0,1906 OCEAN AVENUE,NY,V0,11,,OCEAN AVE. GROUP LLC,3521,0,28.0,125.75,5,42480,0,,,3,996787.0,163466.0,40.6153439,-73.9548432,23b,,New York
BK,1950,14,303.0,36.0,11205.0,79.0,462 LAFAYETTE AVENUE,NY,V0,11,,HANCOCK RAILWAY LLC,1667,0,16.67,100.0,5,10440,0,,,3,996284.0,190315.0,40.6890393,-73.9566071,17a,,New York
BK,1913,23,303.0,33.0,11205.0,79.0,656 MYRTLE AVENUE,NY,V0,11,,656 MYRTLE DS LLC,1443,0,20.08,71.83,5,17280,0,,,3,995995.0,192198.0,40.6942081,-73.9576459,12d,,New York
BK,1911,23,303.0,33.0,11205.0,79.0,618 MYRTLE AVENUE,NY,V1,11,,CR MYRTLE PROPERTIES LLC,1867,0,25.0,74.67,3,95400,0,,,3,995503.0,192121.0,40.6939973,-73.9594202,12d,,New York
BK,3686,6,305.0,37.0,11207.0,75.0,111 SHEFFIELD AVENUE,NY,V1,11,,BKCB LLC,2500,0,25.0,100.0,5,37350,0,,,3,1012727.0,185121.0,40.6747453,-73.8973379,17c,,New York
BK,888,62,307.0,39.0,11215.0,72.0,457 20 STREET,NY,V1,11,,448 19 LLC,2504,0,25.0,100.17,5,66600,0,,,3,988396.0,178819.0,40.6574925,-73.9850572,16d,,New York
BK,3401,37,304.0,37.0,11207.0,83.0,1262 BUSHWICK AVENUE,NY,V0,11,X,RESTORED HOMES HOUSING DEVELOPMENT FUND  CORP,1500,0,20.0,75.0,5,9780,0,,,3,1008025.0,189571.0,40.6869734,-73.9142733,17a,,New York
BK,3414,5,304.0,37.0,11207.0,83.0,1629 BROADWAY,NY,V1,11,,CALVARY PENTECOSTAL CHURCH INC,2460,0,30.0,82.0,5,109800,0,,,3,1008090.0,188928.0,40.6852083,-73.9140412,17a,,New York
BK,6917,26,313.0,47.0,11214.0,60.0,90 BAY 50 STREET,NY,V0,11,,"ZHAO, YUE CHANG",2900,0,30.0,96.67,5,38880,0,,,3,988161.0,153089.0,40.5868692,-73.9859191,28c,,New York
BK,5105,51,317.0,40.0,11226.0,67.0,163 ERASMUS STREET,NY,V0,11,,15 EAST 19TH LLC,3552,0,25.0,142.08,5,55740,0,,,3,998024.0,176101.0,40.6500225,-73.9503619,17b,,New York
BK,4353,14,305.0,42.0,11207.0,75.0,850 HENDRIX STREET,NY,V1,11,,ST.PAUL COMMU/BAPTIST CH,2110,0,20.0,105.5,5,82800,0,,,3,1016223.0,179879.0,40.6603452,-73.8847594,17d,,New York
BK,4353,12,305.0,42.0,11207.0,75.0,840 HENDRIX STREET,NY,V1,11,X,ST PAUL COMMUNITY BAP,2110,0,20.0,105.5,5,87750,0,,,3,1016204.0,179913.0,40.6604386,-73.8848277,17d,,New York
BK,4368,43,305.0,42.0,11207.0,75.0,899 SHEFFIELD AVENUE,NY,V1,11,,897-899 SHEFFIELD AVE LLC,1900,0,20.0,95.0,5,27450,0,,,3,1014973.0,178192.0,40.6557192,-73.8892725,17d,,New York
BK,4497,27,305.0,42.0,11208.0,75.0,1473 LORING AVENUE,NY,V0,11,,"PURPLE HEART REALTY,",8000,0,80.0,100.0,3,35520,0,,,3,1023874.0,182964.0,40.6687819,-73.8571648,18b,,New York
BK,4497,42,305.0,42.0,11208.0,75.0,327 AMBER STREET,NY,V0,11,,"SINGH, LAKHWINDER",4000,0,40.0,100.0,5,18840,0,,,3,1023741.0,183072.0,40.669079,-73.8576436,18b,,New York
BK,4484,32,305.0,42.0,11208.0,75.0,1151 LORING AVENUE,NY,V1,11,,"M & A HOLDING 1, LLC",20483,0,200.0,114.92,5,759150,0,,,3,1020498.0,182322.0,40.6670343,-73.8693379,17d,,New York
BK,4145,66,305.0,37.0,11208.0,75.0,200 PINE STREET,NY,V0,11,,"FRIEND, BETTY K",2415,0,25.0,96.58,5,14100,0,,,3,1019500.0,187681.0,40.6817475,-73.8729073,17c,,New York
BK,3806,4,305.0,42.0,11207.0,75.0,501 PENNSYLVANIA AVENUE,NY,V1,11,,AHMED AHMED,2000,0,20.0,100.0,5,85050,0,,,3,1013719.0,181606.0,40.6650942,-73.8937771,17d,,New York
BK,8856,1646,315.0,46.0,11229.0,61.0,27 NOEL AVENUE,NY,V0,11,,THE BPD IRREVOCABLE TRUST,1800,0,40.0,45.0,5,8100,0,,,3,1005700.0,153156.0,40.587028,-73.9227725,29a,,New York
BK,556,23,306.0,38.0,11231.0,76.0,103 KING STREET,NY,V0,11,,NY 103 KING LLC,2000,0,20.0,100.0,5,12240,0,,,3,981229.0,186132.0,40.6775655,-74.0108914,16a,,New York
BK,1008,7,306.0,38.0,11215.0,78.0,128 9 STREET,NY,V1,11,,"PIDEDJIAN, AS CO-EXECUTOR, ANTOVK",1500,0,20.0,75.0,3,162450,0,,,3,986092.0,184243.0,40.672381,-73.9933597,16c,,New York
BK,529,37,306.0,38.0,11231.0,76.0,302 VAN BRUNT STREET,NY,V1,11,,VAN BRUNT 300 LLC,1091,0,15.58,70.0,5,132750,0,,,3,981265.0,186820.0,40.679454,-74.0107619,16a,,New York
BK,3265,29,304.0,37.0,11221.0,83.0,78 STANHOPE STREET,NY,V0,11,X,IGLESIA CRISTIANA SINAI,3025,0,25.0,120.92,5,15420,0,,,3,1005252.0,192996.0,40.6963812,-73.9242614,13b,,New York
BK,357,2,306.0,39.0,11231.0,76.0,17 WOODHULL STREET,NY,V1,11,,"WHITE STAR LINES,INC",944,0,16.0,59.0,5,54450,0,,,3,983020.0,187717.0,40.6819164,-74.0044347,16a,,New York
BK,4994,8,317.0,45.0,11210.0,67.0,2013 NOSTRAND AVENUE,NY,V0,11,,"BERIGUETE, IVAN",2000,0,20.0,100.0,5,7980,0,,,3,998759.0,171187.0,40.6365334,-73.9477238,23a,,New York
BK,3217,57,304.0,34.0,11221.0,83.0,1263 MYRTLE AVENUE,NY,V1,11,,JAIME JIMENEZ,2050,0,29.0,88.9,5,60750,0,,,3,1004136.0,193565.0,40.6979456,-73.9282843,13b,,New York
BK,4995,5,317.0,45.0,11210.0,67.0,3115 FARRAGUT ROAD,NY,V1,11,,E AND E MANAGEMENT LLC,3500,0,35.0,100.0,5,170100,0,,,3,999090.0,171210.0,40.636596,-73.9465311,23a,,New York
BK,4255,38,305.0,42.0,11208.0,75.0,1409 SUTTER AVENUE,NY,V0,11,,"INDERKARRAN, VISHWANAT",1800,0,20.0,90.0,3,9720,0,,,3,1021432.0,184814.0,40.6738704,-73.8659574,18a,,New York
BK,1493,31,303.0,41.0,11233.0,81.0,832 HALSEY STREET,NY,V0,11,,TRIPLE SKY LLC,1800,0,18.0,100.0,5,10140,0,,,3,1006201.0,188817.0,40.6849086,-73.9208527,17a,,New York
BK,3992,44,305.0,37.0,11208.0,75.0,869 GLENMORE AVENUE,NY,V0,11,,GLENMORE AVENUE LLC,1500,0,16.67,90.0,5,9360,0,,,3,1018095.0,185602.0,40.6760466,-73.8779834,17c,,New York
BK,1566,34,316.0,41.0,11233.0,73.0,24 GUNTHER PLACE,NY,V1,11,,URBYN COLLATERAL LLC,1639,0,17.25,95.0,5,71100,0,,,3,1008632.0,185890.0,40.6768682,-73.912098,17c,,New York
BK,4002,21,305.0,42.0,11208.0,75.0,446 LINWOOD STREET,NY,V0,11,,15 EAST 19TH LLC,1800,0,20.0,90.0,5,11280,0,,,3,1016700.0,185055.0,40.6745505,-73.8830153,17c,,New York
BK,1661,37,303.0,36.0,11233.0,81.0,636 HANCOCK STREET,NY,V0,11,,GLADYS PEEPLES,1575,0,16.25,96.92,5,10740,0,,,3,1003619.0,188698.0,40.684588,-73.9301628,17a,,New York
BK,1691,41,303.0,36.0,11233.0,81.0,55 MARION STREET,NY,V1,11,C,NYC DEPARTMENT OF TRANSPORTATION,1471,0,26.75,55.0,5,77400,0,,,3,1004013.0,186964.0,40.6798277,-73.9287472,17a,,New York
BK,4032,33,305.0,42.0,11208.0,75.0,528 CLEVELAND STREET,NY,V0,11,,CANDIDA PEREZ,1800,0,20.0,90.0,5,10440,0,,,3,1016443.0,183976.0,40.6715898,-73.8839469,17c,,New York
BK,7817,34,318.0,45.0,11234.0,63.0,3824 KINGS HIGHWAY,NY,V0,11,,JAFFIN-SEGAL FLATBUSH,2347,0,47.17,49.75,3,13680,0,,,3,1001671.0,165856.0,40.6218957,-73.9372455,23b,,New York
BK,3976,9,305.0,37.0,11208.0,75.0,65 MONTAUK AVENUE,NY,V0,11,,"GONZALEZ, RAFAEL",1875,0,18.75,100.0,5,10860,0,,,3,1017926.0,186278.0,40.6779027,-73.8785893,17c,,New York
BK,5707,15,312.0,43.0,11220.0,66.0,822 59 STREET,NY,V0,11,,J. VO REAL ESTATE DEVELOPMENT LLC,2003,0,20.0,100.17,5,23820,0,,,3,981879.0,170822.0,40.6355432,-74.0085426,22a,,New York
BK,1521,57,316.0,41.0,11233.0,73.0,317 SUMPTER STREET,NY,V1,11,,"SPIEGEL, ILSE",1000,0,17.67,44.25,5,27450,0,,,3,1008592.0,187415.0,40.6810541,-73.9122367,17a,,New York
BK,6863,14,311.0,43.0,11214.0,62.0,65 BAY 35 STREET,NY,V0,11,,SCHIAFFINO WILLIAM V,1772,0,18.33,96.67,5,20220,0,,,3,986678.0,157245.0,40.5982771,-73.9912569,28c,,New York
BK,3790,9,305.0,42.0,11207.0,75.0,503 NEW JERSEY AVENUE,NY,V0,11,,503 NEW JERSEY AVE 5 PROPERTIES LLC,2000,0,20.0,100.0,5,11340,0,,,3,1013849.0,182314.0,40.667037,-73.8933054,17d,,New York
BK,3940,2,305.0,37.0,11208.0,75.0,203 CLEVELAND STREET,NY,V0,11,,"VALDEZ, JOSE M",2500,0,25.0,100.0,5,8880,0,,,3,1016035.0,187111.0,40.6801961,-73.8854029,17c,,New York
BK,1479,3,303.0,41.0,11221.0,81.0,884 QUINCY STREET,NY,V1,11,,880 QUINCY LLC,1664,0,21.33,78.0,5,67050,0,,,3,1005391.0,190615.0,40.6898456,-73.9237676,,,New York
BK,1020,34,306.0,38.0,11215.0,78.0,156 11 STREET,NY,V1,11,,PAB 3RD AVE HOLDINGS LLC,2000,0,20.0,100.0,5,375750,0,,,3,986311.0,183473.0,40.6702675,-73.9925704,,,New York
BK,388,42,302.0,39.0,11217.0,84.0,287 WYCKOFF STREET,NY,V1,11,,BERGEN ST EQUITY LLC,2000,0,20.0,100.0,5,90000,0,,,3,989034.0,188169.0,40.6831559,-73.9827511,,,New York
BK,8815,125,315.0,48.0,,,2908 EMMONS AVENUE,NY,V1,11,,LAMER MARINA DEVELOPMENT LLC,7511,0,169.38,47.3,5,2700,0,,,3,1001195.0,151725.0,40.5831099,-73.9389956,29a,,New York
BK,700,13,307.0,38.0,11232.0,72.0,320 37 STREET,NY,V1,11,,ABOVEGROUNDCOLLECTIVE LLC,2504,0,25.0,100.17,5,153900,0,,,3,982376.0,177740.0,40.6545317,-74.0067539,16b,,New York
BK,1363,7,308.0,41.0,11213.0,77.0,175 BUFFALO AVENUE,NY,V0,11,X,HABITAT MOSAIC HOUSING DEVELOPMENT FUND  CORP,1800,0,18.0,100.0,5,11940,0,,,3,1005104.0,184607.0,40.6733557,-73.9248211,17a,,New York
BK,1480,42,303.0,41.0,11221.0,81.0,1392 BROADWAY,NY,V1,11,,BROGA-MIJH INC,953,0,37.67,44.12,3,60750,0,,,3,1006041.0,190288.0,40.6889465,-73.9214248,17a,,New York
BK,7109,44,315.0,48.0,11223.0,61.0,627 AVENUE U,NY,V0,11,,627 AVENUE U LLC,1892,0,21.75,87.0,5,22260,0,,,3,994145.0,157214.0,40.5981868,-73.9643686,28c,,New York
BK,6618,22,311.0,43.0,11223.0,62.0,137 KINGS HIGHWAY,NY,V1,11,,137 KINGS HIGHWAY LLC,10500,0,105.89,122.43,3,776250,0,,,3,988050.0,160123.0,40.6061761,-73.9863147,22d,,New York
BK,1443,37,316.0,37.0,11233.0,73.0,148 SACKMAN STREET,NY,V0,11,,148 SACKMAN  ST LLC,1427,0,17.83,80.0,5,9300,0,,,3,1010183.0,185111.0,40.6747257,-73.9065093,17c,,New York
BK,7949,267,318.0,45.0,11234.0,63.0,24 PRESTON COURT,NY,V1,11,,EVERGREEN MG LLC,2000,0,20.0,100.0,5,28800,0,,,3,1005163.0,171636.0,40.637753,-73.9246486,23a,,New York
BK,1968,41,303.0,36.0,11216.0,79.0,199 LEXINGTON AVENUE,NY,V0,11,,HENRY SPITZER,2500,0,25.0,100.0,5,15540,0,,,3,996636.0,189711.0,40.6873809,-73.9553389,17a,,New York
BK,7130,60,315.0,44.0,11223.0,61.0,2207 EAST 3 STREET,NY,V0,11,,JACOB ORFALI,2000,0,20.0,100.0,5,16500,0,,,3,993085.0,156523.0,40.5962913,-73.9681865,28c,,New York
BK,3693,16,316.0,37.0,11212.0,73.0,108 LIBERTY AVENUE,NY,V0,11,C,NYC HOUSING PRESERVATION AND DEVELOPMENT,3000,0,30.0,100.0,3,11880,0,,,3,1010198.0,184373.0,40.6727,-73.9064581,17c,,New York
BK,3723,21,305.0,42.0,11207.0,75.0,234 WYONA STREET,NY,V0,11,,WYONA BUILDERS LLC,2044,0,20.44,100.0,5,15540,0,,,3,1013788.0,184541.0,40.6731498,-73.8935155,17c,,New York
BK,5221,55,314.0,45.0,11226.0,70.0,586 EAST 22 STREET,NY,V0,11,,580 HOLDING LLC,1160,0,33.08,70.0,5,17460,0,,,3,996211.0,171708.0,40.6379673,-73.9569033,22c,,New York
BK,928,57,306.0,39.0,11217.0,78.0,419 DEAN STREET,NY,V0,11,,604 PACIFIC OWNER LLC,2670,0,0.0,0.0,0,16020,0,,,3,990540.0,187976.0,40.6826252,-73.9773213,16c,,New York
BK,8365,61,318.0,46.0,11234.0,63.0,1346 EAST 66 STREET,NY,V0,11,,"NAOR, YAEL",2400,0,20.0,120.0,5,11640,1950,,,3,1007727.0,165651.0,40.6213191,-73.9154311,23b,,New York
BK,252,59,302.0,33.0,11201.0,84.0,33 JORALEMON STREET,NY,V0,11,,"33 JORALEMON STREET, LLC",1705,0,20.0,86.5,5,38640,0,Brooklyn Heights Historic District,,3,984686.0,192100.0,40.6939468,-73.9984277,12d,,New York
BK,3717,21,305.0,37.0,11207.0,75.0,174 ALABAMA AVENUE,NY,V1,11,,"174 ALABAMA AVENUE, LLC",2500,0,25.0,100.0,5,77400,0,,,3,1012228.0,184186.0,40.6721805,-73.8991408,17c,,New York
BK,43,28,302.0,33.0,11201.0,84.0,76 HUDSON AVENUE,NY,V0,11,,THE CIBRANO FAMILY LIMITED PARTNERSHIP,2365,0,25.0,94.58,5,36240,0,,,3,989406.0,195261.0,40.7026216,-73.9814044,12d,,New York
BK,8845,1670,315.0,46.0,11229.0,61.0,1 NOEL AVENUE,NY,V0,11,,MARRS FAMILY TRUST,1800,0,40.0,45.0,5,7380,0,,,3,1006040.0,152754.0,40.5859237,-73.9215496,29a,,New York
BK,5447,9,312.0,44.0,11219.0,66.0,1508 48 STREET,NY,V0,11,,NSHEI BOBOV INC.,4007,0,40.0,100.17,5,29100,0,,,3,987850.0,169744.0,40.6325839,-73.9870299,22c,,New York
BK,6919,38,313.0,47.0,11223.0,60.0,2558 STILLWELL AVENUE,NY,V0,11,,"LEUNG, CAROLINA",2000,0,20.0,100.0,5,22080,0,,,3,988836.0,152592.0,40.5855047,-73.9834892,28c,,New York
BK,8900,148,315.0,46.0,11229.0,61.0,40 FRANK COURT,NY,V0,11,,40 FRANK COURT LLC,1800,0,40.0,45.0,5,8100,0,,,3,1005750.0,153411.0,40.5877278,-73.9225916,29a,,New York
BK,1139,16,308.0,35.0,11238.0,77.0,776 DEAN STREET,NY,V1,11,,774-776 DEAN STREET LLC,1900,0,25.0,76.17,5,184050,0,,,3,994133.0,186747.0,40.6792486,-73.9643685,16c,,New York
BK,1342,62,308.0,36.0,11213.0,77.0,1713 DEAN STREET,NY,V0,11,,N E CONFERENCE CORP,1911,0,17.83,107.17,5,13440,0,,,3,1003337.0,185604.0,40.6760962,-73.9311883,17a,,New York
BK,1755,56,303.0,36.0,11206.0,79.0,121 VERNON AVENUE,NY,V0,11,X,RESTORED HOMES HOUSING DEVELOPMENT FUND  CORP.,2000,0,20.0,100.0,5,11520,0,,,3,998867.0,192514.0,40.6950711,-73.9472884,13b,,New York
BK,4457,45,305.0,42.0,11208.0,75.0,477 MILFORD STREET,NY,V0,11,,"BENNETT-MACK, CARLOTTA A",2333,0,23.33,100.0,5,12240,0,,,3,1019101.0,182519.0,40.6675806,-73.8743726,17d,,New York
BK,7629,10,314.0,45.0,11210.0,70.0,1187 EAST 29 STREET,NY,V0,11,,"SHRAGA DENAHARA VERETZKY TRUST, A CHARIT ABLE FOUND",2100,0,20.0,105.0,5,12540,0,,,3,999038.0,165971.0,40.6222162,-73.9467299,23b,,New York
BK,185,26,302.0,33.0,11217.0,84.0,48 3 AVENUE,NY,V1,11,,46 THIRD LLC,1100,0,20.0,55.0,5,172800,0,,,3,989512.0,188915.0,40.6852032,-73.9810271,16c,,New York
BK,1822,32,303.0,36.0,11216.0,79.0,172 MADISON STREET,NY,V0,11,,"JONES, TYRANA",2500,0,25.0,100.0,5,13500,0,,,3,997490.0,188586.0,40.6842918,-73.9522618,17a,,New York
BK,7166,1,313.0,47.0,11223.0,60.0,2295 WEST 8 STREET,NY,V1,11,,BORRELLO ANTHONY,250,0,7.0,71.58,8,2556,0,,,3,990264.0,155055.0,40.5922643,-73.9783458,28c,,New York
BK,417,14,306.0,39.0,11217.0,76.0,198 DOUGLASS STREET,NY,V1,11,,MATTHEWS INVESTMENTSLTD,7850,0,78.5,100.0,5,321750,0,,,3,987675.0,187517.0,40.6813669,-73.9876514,16c,,New York
BK,5893,32,310.0,47.0,11209.0,68.0,552 OVINGTON AVENUE,NY,V0,11,,552 OVINGTON AVE DEVELOPMENT SITE LLC,5102,0,33.42,152.67,5,104160,0,,,3,978651.0,169416.0,40.6316825,-74.0201719,22a,,New York
BK,3193,4,304.0,34.0,11221.0,83.0,29 DITMARS STREET,NY,V1,11,,BUSHWICK ARMS LLC,1160,0,19.92,56.83,5,41850,0,,,3,1002743.0,193213.0,40.6969825,-73.9333089,13b,,New York
BK,5766,15,310.0,43.0,11219.0,68.0,1116 67 STREET,NY,V0,11,,MARIO MANCUSO,3200,0,20.0,130.0,5,41760,0,,,3,982350.0,167686.0,40.6269356,-74.0068448,22a,,New York
BK,1615,75,303.0,36.0,11221.0,81.0,811 GREENE AVENUE,NY,V0,11,,LEROY FAIR,1675,0,16.75,100.0,5,9120,0,,,3,1002098.0,190821.0,40.6904183,-73.9356413,17a,,New York
BK,1356,24,308.0,41.0,11213.0,77.0,1696 BERGEN STREET,NY,V0,11,C,NYC DEPARTMENT OF CULTURAL AFFAIRS,2050,0,25.0,82.0,5,13500,0,,,3,1004728.0,185057.0,40.6745917,-73.9261752,17a,,New York
BK,2018,9,302.0,35.0,11238.0,88.0,263 ST JAMES PLACE,NY,V0,11,,BERKELY HOYT CORP,218,0,13.92,34.33,5,120,0,,,3,994450.0,187540.0,40.6814248,-73.9632244,16c,,New York
BK,2723,5,301.0,33.0,11222.0,94.0,404 LEONARD STREET,NY,V1,11,,"RICHARDSON STREET, LLC",578,0,33.5,34.67,5,59400,0,,,3,998572.0,201179.0,40.718855,-73.9483338,13a,,New York
BK,7111,18,315.0,48.0,11223.0,61.0,2028 EAST 9 STREET,NY,V0,11,,MARIE E FORMICHELLA,3000,0,30.0,100.0,5,43800,0,,,3,994614.0,157759.0,40.5996822,-73.9626789,28c,,New York
BK,7328,69,315.0,48.0,11229.0,61.0,2037 EAST 23 STREET,NY,V0,11,,2037 EAST 23RD REALTY LLC,3000,0,30.0,100.0,5,11340,0,,,3,998555.0,158258.0,40.6010464,-73.9484862,29a,,New York
BK,845,48,307.0,38.0,11220.0,72.0,267 58 STREET,NY,V1,11,,58TH ST 267 LLC,3005,0,30.0,100.17,5,205200,0,,,3,978774.0,173820.0,40.6437706,-74.0197323,22a,,New York
BK,870,8,307.0,39.0,11215.0,72.0,430 PROSPECT AVENUE,NY,V0,11,,"IULIANO, JOHN",2089,0,26.0,80.33,5,41820,0,,,3,988740.0,179659.0,40.659798,-73.9838168,16d,,New York
BK,1324,19,309.0,40.0,11225.0,71.0,538 EMPIRE BOULEVARD,NY,V1,11,,EMPIRE PLACE LLC,1770,0,20.0,88.5,5,92250,0,,,3,999678.0,181155.0,40.6638919,-73.9443898,17b,,New York
BK,1497,57,303.0,41.0,11233.0,81.0,683 MAC DONOUGH STREET,NY,V0,11,,FRANCES RICHBURG,972,0,16.08,60.42,5,3306,0,,,3,1006763.0,188501.0,40.6840398,-73.9188274,17a,,New York
BK,1503,16,316.0,41.0,11233.0,73.0,810 MAC DONOUGH STREET,NY,V1,11,X,"LIVONIA HOUSING DEVELOPMENT FUND COMPANY , INC",2500,0,25.0,100.0,5,72900,0,,,3,1008149.0,188563.0,40.6842063,-73.9138298,17a,,New York
BK,3193,120,304.0,34.0,11221.0,83.0,973 BROADWAY,NY,V1,11,,"LEE, SUK-CHAN",1575,0,16.0,102.25,5,900,0,,,3,1002522.0,193083.0,40.6966261,-73.9341062,13b,,New York
BK,3193,121,304.0,34.0,11221.0,83.0,969 BROADWAY,NY,V1,11,,"LEE, SUK-CHAN",1370,0,16.0,89.08,5,68850,0,,,3,1002494.0,193097.0,40.6966646,-73.9342072,13b,,New York
BK,3662,38,305.0,37.0,11207.0,75.0,36 WYONA STREET,NY,V0,11,,THE RIVAS AND RODRIGUEZ FAMILY TRUST,1931,0,18.75,103.0,5,8160,0,,,3,1013407.0,186471.0,40.6784485,-73.8948806,17c,,New York
BK,3389,45,304.0,37.0,11221.0,83.0,1143 HANCOCK STREET,NY,V0,11,X,RESTORED HOMES HOUSING DEVELOPMENT FUND  CORP,2000,0,20.0,100.0,5,8820,0,,,3,1008335.0,190887.0,40.6905847,-73.9131509,17a,,New York
BK,3600,31,316.0,41.0,11212.0,73.0,158 RIVERDALE AVENUE,NY,V0,11,C,NYC HOUSING PRESERVATION AND DEVELOPMENT,1500,0,20.0,75.0,5,9780,0,,,3,1009012.0,179921.0,40.6604836,-73.9107499,17d,,New York
BK,3791,28,305.0,42.0,11207.0,75.0,432 WYONA STREET,NY,V1,11,,"HP NEW PENN HOUSING DEVELOPMENT FUND COM PANY, INC",2000,0,20.0,100.0,5,85050,0,,,3,1014151.0,182659.0,40.667983,-73.8922152,17d,,New York
BK,5516,14,312.0,44.0,11219.0,66.0,1514 60 STREET,NY,V1,11,,1530 60TH LLC,13550,0,220.0,119.33,5,772650,0,,,3,985995.0,167214.0,40.6256401,-73.9937138,22d,,New York
BK,5780,33,307.0,38.0,11220.0,72.0,264 60 STREET,NY,V0,11,,JSY REALTY DEVELOPMENT LLC,2238,0,20.0,111.92,5,21900,0,,,3,978310.0,173288.0,40.6423101,-74.0214038,22a,,New York
BK,6064,58,310.0,47.0,11209.0,68.0,315 90 STREET,NY,V0,11,,"TSE, TAK DADE",696,0,18.67,37.33,5,6720,0,,,3,975507.0,165492.0,40.6209094,-74.0314938,22b,,New York
BK,7109,46,315.0,48.0,11223.0,61.0,621 AVENUE U,NY,V0,11,,627 AVENUE U LLC,1892,0,21.75,87.0,5,22260,0,,,3,994103.0,157208.0,40.5981704,-73.9645198,28c,,New York
BK,7175,52,315.0,44.0,11223.0,61.0,2361 WEST 1 STREET,NY,V0,11,,OLEG FARBEROV AS TRUSTEE,2000,0,20.0,100.0,5,18900,0,,,3,992306.0,154631.0,40.5910989,-73.9709938,28c,,New York
BK,7616,56,318.0,45.0,11210.0,63.0,1130 EAST 35 STREET,NY,V0,11,,FREDERICK W FITTING,3000,0,30.0,100.0,5,12180,0,,,3,1000265.0,167527.0,40.6264849,-73.9423063,23b,,New York
BK,888,19,307.0,39.0,11215.0,72.0,440 19 STREET,NY,V1,11,,448 19 LLC,12343,0,124.25,100.17,5,401400,0,,,3,988439.0,178916.0,40.6577588,-73.9849021,16d,,New York
BK,4303,5,305.0,42.0,11207.0,75.0,502 NEW LOTS AVENUE,NY,V1,11,,ENERGY REAL ESTATE GROUP LLC,1186,0,16.0,74.83,5,53550,0,,,3,1014944.0,180936.0,40.663251,-73.8893645,17d,,New York
BK,5591,51,312.0,38.0,11219.0,66.0,1039 42 STREET,NY,V3,11,,1037 1039 42 DEV LLC,3339,0,33.33,100.17,5,26940,0,,,3,986060.0,173360.0,40.6425096,-73.9934779,22c,,New York
BK,5892,32,310.0,47.0,11209.0,68.0,456 OVINGTON AVENUE,NY,V0,11,,OVINGCOR REALTY LLC,9260,0,54.42,170.17,5,63900,0,,,3,978004.0,169798.0,40.6327306,-74.0225032,22a,,New York
BK,1630,29,303.0,36.0,11221.0,81.0,654 QUINCY STREET,NY,V0,11,C,NYC DEPARTMENT OF EDUCATION,18050,0,103.0,200.0,5,171300,0,,,3,1002528.0,190125.0,40.6885071,-73.9340926,17a,,New York
BK,1837,8,303.0,36.0,11216.0,79.0,1209 BEDFORD AVENUE,NY,V1,11,,50-56 HANCOCK ST LLC,1489,0,21.5,66.83,5,102150,0,,,3,997182.0,187721.0,40.6819181,-73.953374,17a,,New York
BK,1837,6,303.0,36.0,11216.0,79.0,1211 BEDFORD AVENUE,NY,V1,11,,50-56 HANCOCK ST LLC,2898,0,41.75,72.25,5,202950,0,,,3,997189.0,187690.0,40.681833,-73.9533488,17a,,New York
BK,845,12,307.0,38.0,11220.0,72.0,216 57TH STREET,NY,V1,11,,HUI XING REALTY LLC,4007,0,40.0,100.17,5,166500,0,,,3,978500.0,174170.0,40.6447311,-74.0207199,22a,,New York
BK,1818,2,303.0,36.0,11216.0,79.0,371 NOSTRAND AVENUE,NY,V0,11,,371 NOSTRAND LLC,1600,0,20.0,80.0,5,13080,0,,,3,998045.0,188902.0,40.6851583,-73.9502601,17a,,New York
BK,6681,431,315.0,44.0,11223.0,61.0,1824 OCEAN PARKWAY,NY,V0,11,,"NISA REALTY, LLC",7500,0,50.0,150.0,5,100020,0,,,3,993324.0,159369.0,40.6041027,-73.9673221,28c,,New York
BK,8696,50,313.0,47.0,11224.0,60.0,1104 SURF AVENUE,NY,V1,11,,"1102-1110 SURF AVENUE, LLC",3525,0,35.25,100.0,5,117000,0,,,3,990108.0,148841.0,40.5752082,-73.9789129,28d,,New York
BK,3166,48,304.0,34.0,11237.0,83.0,303 JEFFERSON STREET,NY,V0,11,X,"IRVING STOCKHOLM HOUSING DEVELOPMENT FUN D COMPANY,",2500,0,25.0,100.0,5,9780,0,,,3,1004650.0,195955.0,40.7045044,-73.9264234,13b,,New York
BK,3193,20,304.0,34.0,11221.0,83.0,975 BROADWAY,NY,V1,11,,"LEE, SUK-CHAN",1675,0,16.0,108.83,5,675,0,,,3,1002536.0,193077.0,40.6966096,-73.9340558,13b,,New York
BK,3193,17,304.0,34.0,11221.0,83.0,979 BROADWAY,NY,V1,11,,"LEE, SUK-CHAN",2070,0,23.42,100.0,5,63900,0,,,3,1002578.0,193038.0,40.6965025,-73.9339044,13b,,New York
BK,3295,13,304.0,37.0,11221.0,83.0,1140 GREENE AVENUE,NY,V0,11,,"PALMITER, ANDRES",834,0,16.67,50.0,5,6960,0,,,3,1005465.0,192040.0,40.6937567,-73.9234963,13b,,New York
BK,191,37,302.0,33.0,11217.0,84.0,76 3 AVENUE,NY,V1,11,X,THE TEMPLE OF RESTORATION,2200,0,22.0,100.0,5,333000,0,,,3,989330.0,188614.0,40.6843771,-73.9816835,16c,,New York
BK,1864,9,303.0,36.0,11216.0,79.0,1510 FULTON STREET,NY,V1,11,,1517 FULTON LLC,3400,0,20.0,100.0,5,182520,0,,,3,1000756.0,186898.0,40.6796532,-73.9404901,17a,,New York
BK,2099,20,302.0,35.0,11217.0,88.0,39 SOUTH ELLIOTT PLACE,NY,V0,11,,JONAH ARIE PREGERSON 2014 TRUST,1250,0,12.5,100.0,5,10860,0,,,3,991029.0,190117.0,40.6885014,-73.9755561,16c,,New York
BK,4792,41,309.0,40.0,11225.0,71.0,429 MAPLE STREET,NY,V0,11,,CLINTON ABBOTT,2000,0,20.0,100.0,5,8820,0,,,3,999068.0,180210.0,40.6612991,-73.9465906,17b,,New York
BK,782,12,307.0,38.0,11220.0,72.0,316 49 STREET,NY,V0,11,,234-236 52ND REALTY,1503,0,15.0,100.17,5,10800,0,,,3,980405.0,175315.0,40.647875,-74.013856,22a,,New York
BK,813,79,307.0,38.0,11220.0,72.0,211 54 STREET,NY,V1,11,,ORISON OF NY INC,2003,0,20.0,100.17,5,106650,0,,,3,979057.0,174924.0,40.6468011,-74.0187134,22a,,New York
BK,821,24,307.0,38.0,11220.0,72.0,246 54 STREET,NY,V0,11,,TORIVIA L NORWOOD,1803,0,18.0,100.17,5,12960,0,,,3,979184.0,174621.0,40.6459695,-74.0182555,22a,,New York
BK,879,54,307.0,39.0,11215.0,72.0,291 19 STREET,NY,V0,11,,"VAZQUEZ, MIGUEL A",1003,0,20.0,50.17,5,6840,0,,,3,986941.0,180270.0,40.6614758,-73.9903006,16d,,New York
BK,1089,39,306.0,39.0,11215.0,78.0,122A PROSPECT PARK WEST,NY,V3,11,C,NYC DEPARTMENT OF CITYWIDE ADMINISTRATIVE SERVICES,58,0,0.6,97.83,5,120,0,,,3,990806.0,181790.0,40.6656458,-73.9763683,16d,,New York
BK,1190,46,309.0,35.0,11225.0,71.0,145 MONTGOMERY STREET,NY,V1,11,,"MONTGOMERY HOUSING DEVELOPMENT FUND COMP ANY, INC.",2325,0,28.42,75.08,5,280800,0,,,3,995412.0,182109.0,40.6665168,-73.959765,16d,,New York
BK,1435,4,316.0,37.0,11233.0,73.0,189A ROCKAWAY AVENUE,NY,V0,11,,2258 ATLANTIC LLC,1383,0,16.67,83.0,5,5760,0,,,3,1009023.0,185572.0,40.6759943,-73.9106895,17c,,New York
BK,1436,24,316.0,37.0,11233.0,73.0,2366 ATLANTIC AVENUE,NY,V0,11,,2364A PROPERTIES CORPORATION,1933,0,19.33,100.0,5,7740,0,,,3,1010133.0,185506.0,40.67581,-73.906688,17c,,New York
BK,2013,25,302.0,35.0,11238.0,88.0,521 WASHINGTON AVENUE,NY,V1,11,X,ZION BAPTIST CHURCHBKLY,2078,0,30.0,69.25,5,253350,0,,,3,994116.0,187974.0,40.6826164,-73.964428,16c,,New York
BK,2003,31,302.0,35.0,11217.0,88.0,72 HANSON PLACE,NY,V0,11,,HANSON PLACE PROPERTIES LLC,1900,0,20.0,95.0,5,32280,0,,,3,991273.0,188922.0,40.6852212,-73.9746775,16c,,New York
BK,5932,34,310.0,47.0,11209.0,68.0,7402 7 AVENUE,NY,V0,11,,"GARBIS, DIMITRIOS",1329,0,32.58,81.5,5,13800,0,,,3,979102.0,167962.0,40.6276919,-74.0185459,22a,,New York
BK,6656,57,311.0,44.0,11223.0,62.0,1751 WEST 1 STREET,NY,V0,11,X,NAME NOT ON FILE,1900,0,19.0,100.0,5,0,0,,,3,991449.0,159790.0,40.60526,-73.974074,22d,,New York
BK,5117,50,314.0,40.0,11218.0,70.0,203 ARGYLE ROAD,NY,V0,11,,WEISS JUTTA V,6000,0,60.0,100.0,5,41460,0,,,3,993503.0,174088.0,40.6445031,-73.9666573,22c,,New York
BK,797,34,307.0,38.0,11220.0,72.0,270 51 STREET,NY,V1,11,,TROMPETA PROPERTIES III LLC,2003,0,20.0,100.17,5,118800,0,,,3,979820.0,175114.0,40.647323,-74.015964,22a,,New York
BK,5657,69,312.0,44.0,11219.0,66.0,1415 52 STREET,NY,V0,11,,MULA OIRAH LLC,2554,0,25.5,100.17,5,29280,0,,,3,986733.0,169504.0,40.6319255,-73.9910543,22c,,New York
BK,5682,69,312.0,44.0,11219.0,66.0,1123 56 STREET,NY,V0,11,,"LICHTER, AMRON",4107,0,41.0,100.17,5,37740,0,,,3,984321.0,170086.0,40.6335233,-73.9997442,22c,,New York
BK,5759,56,310.0,43.0,11219.0,68.0,1155 67 STREET,NY,V0,11,,CANDIDA NACCARATO,2000,0,20.0,100.0,5,23940,0,,,3,982703.0,167642.0,40.6268149,-74.0055731,22a,,New York
BK,5985,14,310.0,47.0,11209.0,68.0,74 80 STREET,NY,V0,11,,"KARNABI, MARWAN",3280,0,30.0,109.33,5,26760,0,,,3,974040.0,168574.0,40.6293673,-74.0367829,22a,,New York
BK,6777,15,315.0,48.0,11229.0,61.0,1622 EAST 15 STREET,NY,V1,11,,IT1622 LLC,4000,0,40.0,100.0,5,570600,0,,,3,995700.0,161427.0,40.6097488,-73.9587619,22d,,New York
BK,1661,21,303.0,36.0,11233.0,81.0,604 HANCOCK STREET,NY,V0,11,,"ADEMU-JOHN, VERNA DUBERRY",2449,0,24.5,99.83,5,13200,0,,,3,1003324.0,188653.0,40.6844651,-73.9312266,17a,,New York
BK,191,16,302.0,33.0,11217.0,84.0,480 PACIFIC STREET,NY,V0,11,C,NYC DEPARTMENT OF EDUCATION,30900,0,159.0,100.0,5,474240,0,,,3,989193.0,188730.0,40.6846956,-73.9821774,16c,,New York
BK,196,135,302.0,33.0,11217.0,84.0,246 DEAN STREET,NY,V0,11,,TONY W H WONG,1625,0,16.25,100.0,5,22740,0,,,3,988716.0,188739.0,40.6847206,-73.9838973,16c,,New York
BK,388,41,302.0,39.0,11217.0,84.0,289 WYCKOFF STREET,NY,V1,11,C,NYC HOUSING PRESERVATION AND DEVELOPMENT,2000,0,20.0,100.0,5,90000,0,,,3,989052.0,188159.0,40.6831284,-73.9826862,16c,,New York
BK,840,16,307.0,38.0,11220.0,72.0,526 56 STREET,NY,V0,11,,C.F. BROTHERS HOLDING LLC,4007,0,40.0,100.17,5,31740,0,,,3,980555.0,172869.0,40.6411613,-74.0133141,22a,,New York
BK,899,35,307.0,39.0,11215.0,72.0,288 22 STREET,NY,V0,11,,"JAGUSIAK, STANLEY",629,0,25.0,25.17,5,4800,0,,,3,986401.0,179580.0,40.659582,-73.9922472,16d,,New York
BK,2361,1,301.0,33.0,11249.0,90.0,87 RIVER STREET,NY,V1,11,,RIVER STREET PARTNERS LLC,89026,0,180.75,273.58,5,3636900,0,,,3,993572.0,200822.0,40.7178818,-73.9663716,12c,,New York
BK,2157,4,301.0,34.0,11249.0,90.0,449 BERRY STREET,NY,V0,11,O,NYC HOUSING AUTHORITY,1110,0,15.42,72.0,5,19920,0,,,3,993736.0,197149.0,40.7078001,-73.9657852,12d,,New York
BK,1343,172,308.0,36.0,11233.0,77.0,1773 DEAN STREET,NY,V0,11,,"ATLANTIC PROPERTIES I, LLC",1795,0,16.75,107.17,5,12600,0,,,3,1003922.0,185563.0,40.6759824,-73.9290794,17a,,New York
BK,7454,18,315.0,48.0,11235.0,61.0,2628 EAST 11 STREET,NY,V0,11,,A VASSALLO,2000,0,20.0,100.0,5,7620,0,,,3,995477.0,153017.0,40.5866653,-73.9595791,28c,,New York
BK,3977,19,305.0,37.0,11207.0,75.0,502 LIBERTY AVENUE,NY,V1,11,,"510 LIBERTY AVENUE, LLC",2000,0,20.0,100.0,5,75150,0,,,3,1014433.0,185204.0,40.6749675,-73.8911873,17c,,New York
BK,5696,12,312.0,44.0,11219.0,66.0,1118 57 STREET,NY,V0,11,,57TH DEV LLC,4007,0,40.0,100.17,5,46560,0,,,3,983998.0,169808.0,40.6327603,-74.0009079,22c,,New York
BK,1530,12,303.0,41.0,11233.0,81.0,1905 FULTON STREET,NY,V1,11,,1905 FULTON STREET LLC,1853,0,25.6,76.92,4,72000,0,,,3,1006354.0,186667.0,40.6790069,-73.9203081,17a,,New York
BK,585,40,306.0,38.0,11231.0,76.0,166 COFFEY STREET,NY,V1,11,,STRONG RIVER PROPERTIES LLC,2500,0,25.0,100.0,5,168750,0,,,3,979905.0,186132.0,40.677565,-74.0156648,16a,,New York
BK,1375,7,308.0,41.0,11213.0,77.0,217 BUFFALO AVENUE,NY,V1,11,,217 BUFFALO AVENUE LLC,2500,0,25.0,100.0,5,127350,0,,,3,1005061.0,184004.0,40.6717007,-73.924978,17a,,New York
BK,1898,63,303.0,33.0,11205.0,79.0,136 FRANKLIN AVENUE,NY,V9,11,,"SILBERSTEIN, MALKA",2675,0,25.0,107.25,5,75600,0,,,3,995792.0,192398.0,40.6947573,-73.9583776,12d,,New York
