borough,Tax block,Tax lot,community board,council district,postcode,policeprct,address,state,bldgclass,landuse,ownertype,ownername,lotarea,unitstotal,lotfront,lotdepth,lottype,assessland,yearbuilt,histdist,landmark,borocode,x,y,latitude,longitude,zonemap,notes,city
QN,5102,54,407.0,20.0,11355.0,109.0,132-21 POPLE AVENUE,NY,V0,11,,EAST WEST MANSION LLC,2902,0,29.0,100.08,5,24180,0,,,4,1030798.0,213823.0,40.7534487,-73.8319921,10b,,New York
QN,4132,25,407.0,19.0,11356.0,109.0,127 STREET,NY,V1,11,,"25-50 FLB, LLC",3742,0,37.42,100.0,5,80100,0,,,4,1028112.0,224493.0,40.7827488,-73.8416171,7b,,New York
QN,4082,13,407.0,19.0,11356.0,109.0,120 STREET,NY,V0,11,,OSCAR RIOS,2500,0,25.0,100.0,5,17280,0,,,4,1026499.0,224443.0,40.7826194,-73.8474419,7b,,New York
QN,11742,42,410.0,28.0,11420.0,106.0,122 STREET,NY,V0,11,,121-18 133RD AVE CORP,4385,0,23.67,148.17,3,12720,0,,,4,1034766.0,184067.0,40.671754,-73.8178935,18c,,New York
QN,4128,14,407.0,19.0,11356.0,109.0,18-15 COLLEGE POINT BLVD,NY,V1,11,,DNF BUILDERS INC,2500,0,25.0,100.0,5,220950,0,,,4,1027009.0,224472.0,40.7826965,-73.8456001,7b,,New York
QN,11859,51,410.0,28.0,11420.0,106.0,135-12 126 STREET,NY,V0,11,,SINGH DAVID,10000,0,99.12,100.0,5,24540,0,,,4,1035802.0,182764.0,40.6681716,-73.8141688,18d,,New York
QN,11742,63,410.0,28.0,11420.0,106.0,133-42 122 STREET,NY,V0,11,,"SATTAUR, MICHELLE",2000,0,20.0,100.0,5,5340,0,,,4,1034679.0,183664.0,40.6706483,-73.8182101,18d,,New York
QN,11783,30,410.0,28.0,11420.0,106.0,133-13 124 STREET,NY,V0,11,,REMRAJ SINGH,2000,0,20.0,100.0,5,9240,0,,,4,1035661.0,183743.0,40.6708595,-73.8146696,18d,,New York
QN,11743,23,410.0,28.0,11420.0,106.0,133-27 122 STREET,NY,V0,11,,"SINGH, RAJINDER JIT",2000,0,20.0,100.0,5,6000,0,,,4,1034870.0,183784.0,40.6709766,-73.8175207,18d,,New York
QN,11709,47,410.0,28.0,11420.0,106.0,117 STREET,NY,V0,11,,"HSIEH-SHAN, ANA",2000,0,20.0,100.0,5,10320,0,,,4,1033759.0,185521.0,40.6757506,-73.821513,18c,,New York
QN,11716,5,410.0,28.0,11420.0,106.0,122-35 SUTTER AVENUE,NY,V0,11,,"ZAIDI, SAMINA",2675,0,20.0,133.75,5,8160,0,,,4,1035414.0,184784.0,40.6737183,-73.8155521,18c,,New York
QN,11746,61,410.0,28.0,11420.0,106.0,125 STREET,NY,V0,11,,GLORIA JENKINS,2000,0,20.0,100.0,5,6000,0,,,4,1036063.0,185004.0,40.6743183,-73.8132107,18c,,New York
QN,4014,2,407.0,19.0,11356.0,109.0,135 STREET,NY,V0,11,,"MALBA COVE PROPERTIES,IN",897,0,23.0,39.0,5,4380,0,,,4,1030178.0,226256.0,40.7875772,-73.8341449,7b,,New York
QN,11761,8,410.0,28.0,11420.0,106.0,130-55 123RD STREET,NY,V0,11,,DAM PROPERTIES HOLDING CORP.,3090,0,51.5,60.0,5,16686,0,,,4,1035455.0,184083.0,40.6717939,-73.8154096,18c,,New York
QN,5065,7,407.0,20.0,11355.0,109.0,42-15 HAIGHT STREET,NY,V1,11,,4218 DEVELOPMENT LLC,2500,0,25.0,100.0,5,99000,0,,,4,1030333.0,214058.0,40.7540962,-73.8336688,10b,,New York
QN,4810,42,407.0,19.0,11354.0,109.0,150 STREET,NY,V0,11,,"SHI, SAU WAN",1000,0,10.0,100.0,8,1638,0,,,4,1035412.0,221932.0,40.7756803,-73.8152769,10c,,New York
QN,4949,84,407.0,20.0,11354.0,109.0,33-15 PRINCE STREET,NY,V1,11,,MCN & S LLC,3372,0,36.38,93.76,5,226800,0,,,4,1030473.0,218438.0,40.7661174,-73.8331334,10a,,New York
QN,4946,48,407.0,20.0,11354.0,109.0,133-15 35 AVENUE,NY,V1,11,,"D & S 35 AVE, LLC",3422,0,29.0,118.0,5,145350,0,,,4,1030289.0,217757.0,40.7642492,-73.8338023,10a,,New York
QN,4966,28,407.0,20.0,11354.0,109.0,134-05 NORTHERN BOULEVARD,NY,V1,11,,"133 NORTHERN PROPERTY, LLC",3940,0,31.0,107.0,5,141300,0,,,4,1030053.0,217075.0,40.7623785,-73.8346589,10a,,New York
QN,4949,20,407.0,20.0,11354.0,109.0,33-32 FARRINGTON STREET,NY,V1,11,,BAYSIDE 2021 REALTY LLC,3000,0,25.0,120.0,5,136800,0,,,4,1030602.0,218314.0,40.7657764,-73.8326685,10a,,New York
QN,4966,11,407.0,20.0,11354.0,109.0,35-21 COLLEGE POINT BLVD,NY,V1,11,,133 NORTHERN PROPERTY LLC,16158,0,93.1,124.82,3,609750,0,,,4,1029953.0,217078.0,40.7623872,-73.8350198,10a,,New York
QN,4408,21,407.0,20.0,11354.0,109.0,31-15 FARRINGTON STREET,NY,V1,11,,MOTIF REALTY LLC,6250,0,25.0,125.0,5,242100,0,,,4,1030470.0,219379.0,40.7687002,-73.8331377,10a,,New York
QN,4950,1,407.0,20.0,11354.0,109.0,135-01 35 AVENUE,NY,V1,11,,"35 AVE XU HOLDINGS, LLC",15750,0,120.0,125.0,3,598950,0,,,4,1030915.0,217956.0,40.7647921,-73.8315411,10a,,New York
QN,6954,22,408.0,24.0,11365.0,107.0,71 AVENUE,NY,V0,11,,"IOANNIS LASKARIS, TRUSTEE",2525,0,25.0,102.67,3,13620,0,,,4,1038988.0,205398.0,40.7302773,-73.8025002,14c,,New York
QN,4960,49,407.0,20.0,11354.0,109.0,136-17 CARLTON PLACE,NY,V0,11,,AA CARLTON LLC,1250,0,25.0,50.0,5,15840,0,,,4,1031408.0,217837.0,40.7644629,-73.8297622,10a,,New York
QN,5150,5,407.0,20.0,11355.0,109.0,47-61 COLDEN STREET,NY,V0,11,,4761 COLDEN LLC,3384,0,32.67,103.58,5,25680,0,,,4,1034153.0,211971.0,40.7483471,-73.8198965,10d,,New York
QN,4973,6,407.0,20.0,11354.0,109.0,133-04 39 AVENUE,NY,V1,11,,MAGNOLIA GARDENS HOUSING DEVELOPMENT FUN D CORP,8388,0,89.0,136.0,3,1077750,0,,,4,1030205.0,215784.0,40.7588342,-73.834119,10b,,New York
QN,4972,59,407.0,20.0,11354.0,109.0,133-45 39 AVENUE,NY,V1,11,,GBZ 39 REALTY LLC,7138,0,50.0,142.33,5,313200,0,,,4,1030514.0,216122.0,40.7597604,-73.8330013,10b,,New York
QN,4963,9,407.0,20.0,11354.0,109.0,39-02 JANET PLACE,NY,V1,11,,"HENGXING, LLC",39393,0,129.0,342.18,3,5066550,0,,,4,1029718.0,215677.0,40.7585431,-73.8358776,10b,,New York
QN,5102,59,407.0,20.0,11355.0,109.0,132-15 POPLE AVENUE,NY,V0,11,,EAST WEST MANSION LLC,2802,0,28.0,100.08,5,23340,0,,,4,1030729.0,213789.0,40.7533557,-73.8322414,10b,,New York
QN,5036,38,407.0,20.0,11354.0,109.0,40-10 MAIN STREET,NY,V1,11,,JJDRJ DEVELOPMENT INC,4950,0,25.0,147.0,4,1481400,0,,,4,1031217.0,215910.0,40.7591748,-73.8304652,10b,,New York
QN,5037,91,407.0,20.0,11355.0,109.0,132-49 41 AVENUE,NY,V0,11,,BDW REALTY LLC,2500,0,25.0,100.0,5,33000,0,,,4,1030755.0,215212.0,40.7572614,-73.8321377,10b,,New York
QN,5150,49,407.0,20.0,11355.0,109.0,137-23 LABURNUM AVENUE,NY,V0,11,,P.O.Y. REALTY CORP.,2500,0,25.0,100.0,5,18960,0,,,4,1034374.0,212081.0,40.7486478,-73.8190981,10d,,New York
QN,5060,61,407.0,20.0,11354.0,109.0,131-22 40 ROAD,NY,V1,11,,B.F. CHU ASSOCIATES LLC,780,0,13.0,60.0,5,103950,0,,,4,1029769.0,214734.0,40.7559545,-73.8356999,10b,,New York
QN,5060,47,407.0,20.0,11354.0,109.0,131-50 40 ROAD,NY,V1,11,,MAXITO REALTY CORP,3500,0,50.0,70.0,5,399600,0,,,4,1030012.0,214918.0,40.7564583,-73.8348216,10b,,New York
QN,4092,21,407.0,19.0,11356.0,109.0,126 STREET,NY,V1,11,,15-17 126TH STREET LLC,2494,0,25.0,99.75,5,104850,0,,,4,1028037.0,225130.0,40.7844975,-73.8418838,7b,,New York
QN,4088,123,407.0,19.0,11356.0,109.0,124-08 15 AVENUE,NY,V0,11,,POSITANO REALTY LLC,2339,0,26.0,88.0,5,18300,0,,,4,1027574.0,225098.0,40.784412,-73.8435559,7b,,New York
QN,4090,17,407.0,19.0,11356.0,109.0,15-17 125 STREET,NY,V0,11,,PUBLICSOFT CORPORATION,2500,0,25.0,100.0,5,17280,0,,,4,1027782.0,225007.0,40.7841612,-73.8428054,7b,,New York
QN,4128,5,407.0,19.0,11356.0,109.0,18-35 122 STREET,NY,V1,11,,DJR CAPITAL LLC,2800,0,28.0,100.0,5,247500,0,,,4,1027000.0,224246.0,40.7820763,-73.8456341,10a,,New York
QN,5102,57,407.0,20.0,11355.0,109.0,132-17 POPLE AVENUE,NY,V0,11,,EAST WEST MANSION LLC,2402,0,24.0,100.08,5,21000,0,,,4,1030752.0,213800.0,40.7533858,-73.8321583,10b,,New York
QN,5041,8,407.0,20.0,11355.0,109.0,133-20 41 AVENUE,NY,V1,11,X,FAITH BIBLE INC,5000,0,50.0,100.0,5,448650,0,,,4,1031041.0,215205.0,40.7572407,-73.8311054,10b,,New York
QN,4128,6,407.0,19.0,11356.0,109.0,18-39 122 STREET,NY,V1,11,,DJR CAPITAL LLC,2200,0,22.0,100.0,0,175500,0,,,4,1027001.0,224271.0,40.7821449,-73.8456303,10a,,New York
QN,4002,46,407.0,19.0,11356.0,109.0,13 AVENUE,NY,V0,11,,"DEGATI, MARY",2376,0,24.0,99.0,5,18000,0,,,4,1027961.0,226020.0,40.7869407,-73.8421524,7b,,New York
QN,4427,29,407.0,19.0,11357.0,109.0,13-22 140 STREET,NY,V0,11,,TEODORO R MUNOZ,5400,0,60.0,90.0,5,24420,0,,,4,1031458.0,226030.0,40.7869502,-73.8295242,7b,,New York
QN,3959,5,407.0,19.0,11356.0,109.0,6-17 129 STREET,NY,V0,11,,AMAL HANNA,2500,0,25.0,100.0,5,9360,0,,,4,1028922.0,227500.0,40.7909981,-73.8386723,7b,,New York
QN,4443,26,407.0,19.0,11357.0,109.0,10 AVENUE,NY,V0,11,,MANETTA ANTONIO,1735,0,31.0,115.0,3,9240,0,,,4,1033034.0,227043.0,40.789722,-73.8238256,7b,,New York
QN,4437,167,407.0,19.0,11357.0,109.0,11 AVENUE,NY,V0,11,,KEHAGIAS MICHAEL,1035,0,10.08,103.5,8,1638,0,,,4,1032545.0,226711.0,40.7888135,-73.8255939,7b,,New York
QN,4012,35,407.0,19.0,11356.0,109.0,132-43 14 AVENUE,NY,V1,11,,"CIAMPA WHITEPOINT, LLC",4003,0,40.0,100.08,3,134100,0,,,4,1030026.0,225832.0,40.7864143,-73.8346967,7b,,New York
QN,4116,45,407.0,19.0,11356.0,109.0,15-43 131 STREET,NY,V1,11,,"JMDH REAL ESTATE OF COLLEGE POINT, LLC",366,0,43.08,17.0,5,900,0,,,4,1029167.0,224728.0,40.7833885,-73.837806,7b,,New York
QN,5186,84,407.0,20.0,11355.0,109.0,140-17 CHERRY AVENUE,NY,V0,11,,FAMIGLIA CORP,3990,0,42.0,95.0,5,61260,0,,,4,1033449.0,214176.0,40.7544032,-73.8224211,10d,,New York
QN,16282,59,414.0,32.0,11694.0,100.0,1-36 BEACH 138 STREET,NY,V0,11,,SAG ROCK LLC,4433,0,49.49,95.18,2,7320,0,,,4,1024854.0,147420.0,40.5712168,-73.8538459,30b,,New York
QN,4441,31,407.0,19.0,11357.0,109.0,4 8 AVENUE MALBA,NY,V0,11,,"PHILLIPS, PETER",1732,0,15.01,115.61,5,8400,0,,,4,1032753.0,227599.0,40.7912496,-73.8248364,7b,,New York
QN,11482,43,410.0,28.0,11417.0,106.0,107-30 ROCKAWAY BOULEVARD,NY,V1,11,,107-30 ROCKAWAY BLVD. LLC,5007,0,50.07,100.0,5,121500,0,,,4,1031076.0,186299.0,40.6779006,-73.8311801,18a,,New York
QN,11705,147,410.0,28.0,11420.0,106.0,114-42I 114 STREET,NY,V2,11,,"CHOKU, DONINDRA",2188,0,52.67,35.5,6,6660,0,,,4,1032673.0,185765.0,40.6764263,-73.8254264,18a,,New York
QN,16281,58,414.0,32.0,11694.0,100.0,1-30 BEACH 137 STREET,NY,V0,11,,130 BEACH 137 LLC,5425,0,100.0,54.25,5,10260,0,,,4,1025076.0,147539.0,40.5715424,-73.8530461,30b,,New York
QN,16283,46,414.0,32.0,11694.0,100.0,130 BEACH 139 STREET,NY,V0,11,,"SAID, MARIA",4162,0,44.6,100.0,2,6840,0,,,4,1024636.0,147303.0,40.5708966,-73.8546313,30b,,New York
QN,4095,1,407.0,19.0,11356.0,109.0,15-46 18 AVENUE,NY,V1,11,,"129TH STREET, LLC",1860,0,31.0,60.0,3,59400,0,,,4,1028641.0,224712.0,40.7833472,-73.8397055,7b,,New York
QN,16242,41,414.0,32.0,11694.0,100.0,130-04 CRONSTON AVENUE,NY,V0,11,,SUSAN FLINKER,4400,0,55.0,80.0,3,8940,0,,,4,1025563.0,150457.0,40.5795495,-73.8512753,30b,,New York
QN,16242,54,414.0,32.0,11694.0,100.0,518 BEACH 131 STREET,NY,V0,11,,"MANCINI, VITO",6000,0,60.0,100.0,5,9600,0,,,4,1025398.0,150527.0,40.5797424,-73.8518688,30b,,New York
QN,16315,42,414.0,32.0,11694.0,100.0,135 BEACH 141 STREET,NY,V0,11,,135 B. 141 ACQUISITION LLC,4092,0,37.86,100.01,2,6960,0,,,4,1024055.0,147006.0,40.570084,-73.8567243,30b,,New York
QN,4135,39,407.0,19.0,11356.0,109.0,18-30 130 STREET,NY,V1,11,,BENJAMIN BIORDI,2500,0,25.0,100.0,5,56250,0,,,4,1028855.0,224346.0,40.7823416,-73.8389352,7b,,New York
QN,2232,23,406.0,29.0,11375.0,112.0,70 AVENUE,NY,V0,11,,"MALAKOV, ELVIRA",2500,0,25.0,100.0,5,13680,0,,,4,1028330.0,203010.0,40.7237824,-73.8409708,14a,,New York
QN,11501,53,410.0,28.0,11417.0,106.0,98-31 LINDEN BOULEVARD,NY,V0,11,,98-31 LINDEN BOULEVARD FAMILY LIMITED PA RTNERSHIP,7000,0,100.0,70.0,3,44160,0,,,4,1029552.0,185246.0,40.6750183,-73.8366816,18a,,New York
QN,4988,48,407.0,20.0,11354.0,109.0,148 STREET,NY,V0,11,,"HUANG, XUEJIE",1146,0,60.0,20.0,5,8760,0,,,4,1034792.0,219184.0,40.7681413,-73.8175361,10c,,New York
QN,5032,18,407.0,20.0,11354.0,109.0,150-02 NORTHERN BOULEVARD,NY,V1,11,,15002 PROPERTY LLC,12236,0,179.0,113.0,5,572850,0,,,4,1035568.0,218003.0,40.7648953,-73.8147436,10c,,New York
QN,4645,33,407.0,19.0,11357.0,109.0,148-07 15TH AVENUE,NY,V0,11,,"ZHOU, BI QI",3750,0,37.5,100.0,5,18180,0,,,4,1034924.0,226128.0,40.7872,-73.8170072,7d,,New York
QN,4645,31,407.0,19.0,11357.0,109.0,148-11 15TH AVENUE,NY,V0,11,,"ZHOU, BI QI",3750,0,37.5,100.0,5,17820,0,,,4,1034959.0,226140.0,40.7872327,-73.8168807,7d,,New York
QN,4798,107,407.0,19.0,11354.0,109.0,32 AVENUE,NY,V0,11,,"BARRETT, ROBERT G",252,0,5.81,50.02,8,756,0,,,4,1033801.0,219831.0,40.7699228,-73.8211089,10c,,New York
QN,5032,32,407.0,20.0,11354.0,109.0,39-18 150 PLACE,NY,V0,11,,MM RENT LLC,2500,0,25.0,100.0,5,28320,0,,,4,1035736.0,217881.0,40.7645595,-73.8141381,10c,,New York
QN,5032,33,407.0,20.0,11354.0,109.0,39-20 150 PLACE,NY,V0,11,,MM RENT LLC,2500,0,25.0,100.0,5,28740,0,,,4,1035745.0,217857.0,40.7644936,-73.8141058,10c,,New York
QN,5002,74,407.0,20.0,11354.0,109.0,141-57 NORTHERN BOULEVARD,NY,V1,11,,NY EZ PROPERTY HOLDINGS LLC,22663,0,150.42,200.0,3,1928250,0,,,4,1033010.0,218020.0,40.7649565,-73.8239778,10a,,New York
QN,16166,24,414.0,32.0,11694.0,100.0,113-28 ROCKAWAY BEACH BLVD,NY,V1,11,,"JACOB, PAULA",3110,0,25.55,121.75,5,104850,0,,,4,1029941.0,150827.0,40.5805435,-73.8355122,30b,,New York
QN,16166,61,414.0,32.0,11694.0,100.0,110-18 ROCKAWAY BEACH BLVD,NY,V1,11,,"GAMBINO, MICHAEL",4880,0,40.08,121.75,5,138150,0,,,4,1030669.0,151096.0,40.5812781,-73.8328896,30b,,New York
QN,16185,35,414.0,32.0,11694.0,100.0,149 BEACH 112 STREET,NY,V0,11,,EDZ PROPERTIES,4000,0,40.0,100.0,5,10980,0,,,4,1030586.0,150391.0,40.5793435,-73.8331932,30b,,New York
QN,16166,80,414.0,32.0,11694.0,100.0,109-18 ROCKAWAY BEACH BLVD,NY,V1,11,,ROCKAWAY COURTYARD INC.,2432,0,20.08,121.42,5,69300,0,,,4,1031044.0,151235.0,40.5816577,-73.8315386,30b,,New York
QN,16164,20,414.0,32.0,11694.0,100.0,230 BEACH 109 STREET,NY,V0,11,C,CITY OF NEW YORK,3159,0,33.0,100.0,5,6840,0,,,4,1031260.0,151405.0,40.5821231,-73.8307598,30b,,New York
QN,16188,28,414.0,32.0,11694.0,100.0,157 BEACH 115 STREET,NY,V0,11,,CRYSTAL AT ROCKAWAY PARK LLC,32000,0,32.0,100.0,5,404880,0,,,4,1029805.0,150176.0,40.5787574,-73.8360062,30b,,New York
QN,4624,1,407.0,19.0,11357.0,109.0,146-30 14 AVENUE,NY,V0,11,,JANE PRISCILLA WAHEED,2575,0,25.0,103.25,3,13740,0,,,4,1034259.0,226156.0,40.7872806,-73.8194084,7d,,New York
QN,16185,4,414.0,32.0,11694.0,100.0,112-11 ROCKAWAY BEACH BLVD,NY,V0,11,,"TORRES, KEITH",2662,0,40.08,67.82,5,9600,0,,,4,1030322.0,150816.0,40.5805114,-73.8341407,30b,,New York
QN,16186,62,414.0,32.0,11694.0,100.0,162 BEACH 114 STREET,NY,V0,11,,BEACH HOUSE 114 LLC,3232,0,30.0,100.0,5,10380,0,,,4,1030205.0,150394.0,40.5793537,-73.8345648,30b,,New York
QN,12402,26,412.0,27.0,11434.0,113.0,115-09 MERRICK BOULEVARD,NY,V1,11,,ED'S COSMETICS LLC,1540,0,20.0,77.0,5,79650,0,,,4,1045987.0,190636.0,40.6897132,-73.7773826,19a,,New York
QN,16188,21,414.0,32.0,11694.0,100.0,169 BEACH 115 STREET,NY,V0,11,,THE IKAROS APARTMENTS CORP,8000,0,80.0,100.0,5,35220,0,,,4,1029802.0,150308.0,40.5791197,-73.8360161,30b,,New York
QN,16187,24,414.0,32.0,11694.0,100.0,167 BEACH 114 STREET,NY,V0,11,,"HALLGREN, NADIA MARIE",4000,0,40.0,100.0,5,10920,0,,,4,1030048.0,150371.0,40.5792914,-73.8351301,30b,,New York
QN,4012,33,407.0,19.0,11356.0,109.0,13-28 133 PLACE,NY,V1,11,,1332 133RD PLACE LLC,4313,0,25.0,172.5,5,169200,0,,,4,1029971.0,225920.0,40.7866561,-73.8348947,7b,,New York
QN,4012,34,407.0,19.0,11356.0,109.0,13-32 133 PLACE,NY,V1,11,,1332 133RD PLACE LLC,4313,0,25.0,172.5,5,154800,0,,,4,1029968.0,225895.0,40.7865875,-73.8349057,7b,,New York
QN,4016,21,407.0,19.0,11356.0,109.0,136 STREET,NY,V0,11,,"CHINGAS, ALEXANDRA",1600,0,32.0,100.0,5,7800,0,,,4,1030475.0,225856.0,40.7864778,-73.8330751,7b,,New York
QN,4136,11,407.0,19.0,11356.0,109.0,130 STREET,NY,V1,11,,18-19 130 STREET LLC,2000,0,20.0,100.0,5,44100,0,,,4,1029009.0,224449.0,40.7826235,-73.8383784,7b,,New York
QN,4106,56,407.0,19.0,11356.0,109.0,138 STREET,NY,V0,11,,"WRUBLEWSKI, LINDA",7300,0,73.0,100.0,5,32820,0,,,4,1031192.0,225626.0,40.7858427,-73.8304876,7b,,New York
QN,4739,1,407.0,19.0,11357.0,109.0,154 STREET,NY,V0,11,,"ANTONELLI, DOMENICO",1723,0,37.0,77.0,1,9240,0,,,4,1037175.0,222898.0,40.7783213,-73.8089039,10c,,New York
QN,4429,5,407.0,19.0,11357.0,109.0,141 STREET,NY,V0,11,,"LOSIRISUP , CHALERMSURK",1967,0,20.0,98.33,5,9420,0,,,4,1031874.0,226029.0,40.7869452,-73.8280219,7b,,New York
QN,4109,1,407.0,19.0,11357.0,109.0,217 STREET,NY,V0,11,,JUSTIN J ZHU,1950,0,13.0,150.0,5,9120,0,,,4,1031868.0,225788.0,40.7862838,-73.8280453,7b,,New York
QN,4705,42,407.0,19.0,11357.0,109.0,18 AVENUE,NY,V0,11,,"TSIGOS, ALEXANDER",2500,0,25.0,100.0,5,12240,0,,,4,1037095.0,224276.0,40.782104,-73.8091819,7d,,New York
QN,4441,60,407.0,19.0,11357.0,109.0,11 CENTER DRIVE MALBA,NY,V0,11,,"ZHONGMENG (U.S.A) CO., LTD.",15840,0,120.0,132.0,5,78420,0,,,4,1032546.0,227486.0,40.7909406,-73.8255848,7b,,New York
QN,3954,12,407.0,19.0,11356.0,109.0,128 STREET,NY,V0,11,,"ESPINOZA, MARISELA E",2500,0,25.0,100.0,5,12600,0,,,4,1028516.0,227792.0,40.7918016,-73.8401366,7b,,New York
QN,6011,14,411.0,19.0,11360.0,111.0,211 STREET,NY,V0,11,,"MARANDO, TRUSTEE, CATHERINE",5500,0,55.0,100.0,5,24720,0,,,4,1045796.0,221911.0,40.7755564,-73.7777852,11a,,New York
QN,4692,48,407.0,19.0,11357.0,109.0,22 AVENUE,NY,V0,11,,J HUGHES,3750,0,25.0,150.0,5,17400,0,,,4,1035845.0,222971.0,40.7785295,-73.8137055,10c,,New York
QN,4844,41,407.0,19.0,11357.0,109.0,157 STREET,NY,V0,11,,"COSTANTINO, CATHERINE",1700,0,17.0,100.0,5,12600,0,,,4,1037776.0,222397.0,40.7769426,-73.8067378,10c,,New York
QN,4858,17,407.0,19.0,11357.0,109.0,160 STREET,NY,V0,11,,UNAVAILABLE OWNER,256,0,16.0,32.0,5,306,0,,,4,1038701.0,223373.0,40.7796158,-73.8033901,10c,,New York
QN,6055,47,411.0,19.0,11360.0,111.0,214 PLACE,NY,V0,11,,75TH STREET CORPORATION,2825,0,25.0,113.0,5,13800,0,,,4,1047006.0,221748.0,40.7751005,-73.773418,11a,,New York
QN,4641,77,407.0,19.0,11357.0,109.0,145-17 WILLETS POINT BLVD,NY,V0,11,,CONGREGATION SHAARAI TEFILLA OF FLUSHING,18910,0,155.25,136.67,5,72540,0,,,4,1033143.0,222429.0,40.7770572,-73.8234656,10a,,New York
QN,6252,7,411.0,19.0,11361.0,111.0,218 STREET,NY,V0,11,,"DI BARTOLOMEO, JOSEPH A",2000,0,20.0,100.0,5,9360,0,,,4,1049569.0,219059.0,40.7677014,-73.7641904,11a,,New York
QN,6014,48,411.0,19.0,11360.0,111.0,214 STREET,NY,V0,11,,EVANGELINE DI BENEDETTO,2600,0,25.0,104.25,5,12720,0,,,4,1046645.0,222199.0,40.776341,-73.7747172,11a,,New York
QN,6015,9,411.0,19.0,11360.0,111.0,28-43 214 STREET,NY,V0,11,,"CHENG, BIK WAH",4200,0,50.17,100.75,5,19440,0,,,4,1046815.0,222143.0,40.7761861,-73.7741039,11a,,New York
QN,4669,5,407.0,19.0,11357.0,109.0,149 STREET,NY,V0,11,,WILLIAM DWIGHT HUGHES,4000,0,50.0,100.0,5,18480,0,,,4,1035038.0,224145.0,40.7817565,-73.8166105,10c,,New York
QN,6055,104,411.0,19.0,11361.0,111.0,32-41 214 STREET,NY,V0,11,,"32-41 214TH STREET,LLC",8759,0,67.33,146.42,5,39120,0,,,4,1047051.0,220909.0,40.7727974,-73.7732634,11a,,New York
QN,4674,218,407.0,19.0,11357.0,109.0,24 AVENUE,NY,V0,11,,ROSE FUSCO IRREVOCABLE TRUST,1681,0,60.0,32.79,5,8160,0,,,4,1035307.0,222553.0,40.7773854,-73.8156513,10c,,New York
QN,6111,36,411.0,19.0,11361.0,111.0,35 AVENUE,NY,V0,11,,BARBARA SAEPIA,3600,0,40.0,90.5,5,16200,0,,,4,1046324.0,219444.0,40.7687815,-73.7759016,11a,,New York
QN,6112,77,411.0,19.0,11361.0,111.0,213 STREET,NY,V0,11,,"SEVASAMY, KALITHASAN",3605,0,40.0,88.5,5,16680,0,,,4,1046619.0,219901.0,40.7700338,-73.7748324,11a,,New York
QN,6118,36,411.0,19.0,11361.0,111.0,33 ROAD,NY,V0,11,,6118 BAYSIDE LLC,6233,0,58.9,106.22,5,47760,0,,,4,1047279.0,220150.0,40.7707125,-73.7724473,11a,,New York
QN,6118,33,411.0,19.0,11361.0,111.0,34 ROAD,NY,V0,11,,6118 BAYSIDE LLC,6233,0,58.89,106.22,5,43440,0,,,4,1047185.0,220015.0,40.7703426,-73.772788,11a,,New York
QN,6060,19,411.0,19.0,11361.0,111.0,210 STREET,NY,V0,11,,"SIU LAN CHAN, TRUSTEE",7731,0,42.77,180.77,5,35640,0,,,4,1045657.0,220792.0,40.772486,-73.7782973,11a,,New York
QN,6093,44,411.0,19.0,11361.0,111.0,208 STREET,NY,V0,11,,HALKIADAKIS JIMMY,3000,0,30.0,100.0,5,14580,0,,,4,1044925.0,219753.0,40.7696393,-73.7809495,10c,,New York
QN,4655,12,407.0,19.0,11357.0,109.0,21 AVENUE,NY,V0,11,,MEN QUACH,500,0,5.0,100.0,8,315,0,,,4,1034567.0,223650.0,40.7804006,-73.8183149,10c,,New York
QN,4855,1,407.0,19.0,11354.0,109.0,33 AVENUE,NY,V0,11,,GIULIANA VALENZANO,2704,0,26.0,104.0,3,23280,0,,,4,1036986.0,219401.0,40.7687241,-73.8096137,10c,,New York
QN,5241,36,407.0,19.0,11354.0,109.0,156 STREET,NY,V0,11,,TIMOTHY & ELIZABETH O'SULLIVAN,2000,0,20.0,100.0,5,15300,0,,,4,1037343.0,219096.0,40.7678848,-73.8083273,10c,,New York
QN,5239,154,407.0,19.0,11354.0,109.0,155 STREET,NY,V0,11,,ADELCHI CAIRA 2014 REVOCABLE TRUST,2525,0,25.0,101.0,5,19800,0,,,4,1036896.0,218897.0,40.7673413,-73.8099426,10c,,New York
QN,4853,13,407.0,19.0,11354.0,109.0,30-41 154 STREET,NY,V0,11,,"YOUNG, GINA",5050,0,50.0,101.0,5,37440,0,,,4,1036903.0,219991.0,40.770344,-73.8099088,10c,,New York
QN,4810,149,407.0,19.0,11354.0,109.0,25 AVENUE,NY,V0,11,,"CHEN, BIN ZHAO",500,0,5.0,100.0,8,315,0,,,4,1035399.0,221804.0,40.775329,-73.8153248,10c,,New York
QN,6152,5,411.0,19.0,11361.0,111.0,36 AVENUE,NY,V0,11,,BAY 36 MANAGEMENT LLC,900,0,11.0,171.0,8,1452,0,,,4,1044314.0,217953.0,40.764703,-73.7831714,10c,,New York
QN,5341,38,407.0,19.0,11358.0,109.0,167 STREET,NY,V0,11,X,CHURCH IN NY THE CHURCH REBUILT BY THE H OLY SPIRIT,4000,0,40.0,100.0,5,28620,0,,,4,1039800.0,216575.0,40.7609503,-73.7994781,10c,,New York
QN,4904,29,407.0,19.0,11358.0,109.0,164 STREET,NY,V0,11,,27-38 164TH STREET LLC,618,0,6.5,95.0,8,378,0,,,4,1039402.0,220358.0,40.7713361,-73.8008837,10c,,New York
QN,4906,25,407.0,19.0,11358.0,109.0,29 AVENUE,NY,V0,11,,"SHMERYKOWSKY, MARCO",1905,0,20.0,95.25,5,14580,0,,,4,1039576.0,220325.0,40.7712444,-73.8002558,10c,,New York
QN,4933,28,407.0,19.0,11358.0,109.0,171 STREET,NY,V0,11,,PAULA SCOLARO,2000,0,20.0,100.0,5,14820,0,,,4,1041153.0,219605.0,40.7692582,-73.7945685,10c,,New York
QN,4886,51,407.0,19.0,11358.0,109.0,27 AVENUE,NY,V0,11,,"DEO, JENNIFER",1900,0,20.0,95.0,5,14520,0,,,4,1039017.0,220904.0,40.7728371,-73.8022692,10c,,New York
QN,4893,30,407.0,19.0,11358.0,109.0,29-05 162 STREET,NY,V0,11,,"LIN, JIN YAN",8780,0,92.42,95.0,3,25980,0,,,4,1039021.0,220219.0,40.7709569,-73.8022604,10c,,New York
QN,5377,22,407.0,20.0,11355.0,109.0,147-26 SANFORD AVENUE,NY,V0,11,,JS 14726 LLC,5683,0,41.33,137.5,5,24240,0,,,4,1035161.0,216127.0,40.7597485,-73.8162271,10d,,New York
QN,4841,13,407.0,19.0,11354.0,109.0,153 STREET,NY,V0,11,,"DELGRECO, ROSARIA",2500,0,25.0,100.0,5,19560,0,,,4,1036585.0,219608.0,40.7692946,-73.8110598,10c,,New York
QN,4912,30,407.0,19.0,11358.0,109.0,164TH STREET,NY,V0,11,,"CHAN, KAM",5238,0,65.0,83.75,0,29100,0,,,4,1039431.0,219188.0,40.7681246,-73.8007886,10c,,New York
QN,5438,6,407.0,20.0,11358.0,109.0,159 STREET,NY,V0,11,,LASCARIDES CHRISTOS,2000,0,20.0,100.0,5,15300,0,,,4,1037625.0,214167.0,40.7543543,-73.8073484,10d,,New York
QN,5015,27,407.0,20.0,11354.0,109.0,37 AVENUE,NY,V0,11,,GARDEN 37 LLC,8100,0,60.0,135.0,5,103920,0,,,4,1033890.0,217644.0,40.7639195,-73.8208038,10c,,New York
QN,5496,30,407.0,20.0,11355.0,109.0,157-05 ROSE AVENUE,NY,V0,11,,GONDESAN GREAT MERCIFUL WATER (U.S.A.),10000,0,100.0,100.0,3,44160,0,,,4,1036973.0,212245.0,40.7490828,-73.8097168,10d,,New York
QN,5458,24,407.0,20.0,11358.0,109.0,46 AVENUE,NY,V0,11,,"YOU, MING LIAN",2232,0,22.25,100.0,3,19200,0,,,4,1037565.0,213943.0,40.7537399,-73.8075667,10d,,New York
QN,5218,3,407.0,20.0,11355.0,109.0,142-10 LABURNUM AVENUE,NY,V0,11,,"CHEN, XIONG",5350,0,50.0,107.0,5,22320,0,,,4,1035417.0,212744.0,40.7504616,-73.8153288,10d,,New York
QN,5202,18,407.0,20.0,11355.0,109.0,45-34 BOWNE STREET,NY,V0,11,X,THE HINDU TEMPLE SOCIETY OF NORTH AMERIC A,2375,0,25.0,95.0,5,18600,0,,,4,1034743.0,213641.0,40.7529275,-73.8177546,10d,,New York
QN,5202,19,407.0,20.0,11355.0,109.0,45-36 BOWNE STREET,NY,V0,11,,HINDU TEMPLE SOCIETYOF NORTH AMERICA,9500,0,100.0,95.0,5,67020,0,,,4,1034784.0,213593.0,40.7527955,-73.817607,10d,,New York
QN,5336,8,407.0,20.0,11358.0,109.0,41-30 163RD STREET,NY,V0,11,,SHUN CHANG LLC,3090,0,35.52,100.33,5,16680,0,,,4,1038744.0,216440.0,40.7605863,-73.8032911,10c,,New York
QN,5442,135,407.0,20.0,11358.0,109.0,163 STREET,NY,V0,11,,ZHI HAO LU,1000,0,10.0,100.0,8,1638,0,,,4,1038728.0,214745.0,40.7559341,-73.8033626,10d,,New York
QN,5273,34,407.0,19.0,11354.0,109.0,157-04 35 AVE,NY,V0,11,X,CALVARY WORLD MISSION CHURCH,15769,0,80.0,198.2,3,122640,0,,,4,1037568.0,218250.0,40.7655614,-73.8075218,10c,,New York
QN,5461,7,407.0,20.0,11358.0,109.0,162 STREET,NY,V0,11,,YISHENG REALTY LLC,2690,0,20.0,133.0,5,28920,0,,,4,1038337.0,213322.0,40.7520307,-73.8047853,10d,,New York
QN,10863,58,412.0,27.0,11423.0,103.0,196 STREET,NY,V0,11,,"SMITH, MILDRED TOGBA",2000,0,20.0,100.0,5,5400,0,,,4,1050100.0,197719.0,40.7091247,-73.7624823,15b,,New York
QN,5283,47,407.0,19.0,11358.0,109.0,35-05 163 STREET,NY,V0,11,,DANANG FOUNDATION CORP.,12000,0,120.0,100.0,3,104700,0,,,4,1039067.0,218078.0,40.7650802,-73.8021118,10c,,New York
QN,5459,29,407.0,20.0,11358.0,109.0,160-14 46 AVENUE,NY,V1,11,,"VMSI, LLC",2000,0,20.0,100.0,5,283050,0,,,4,1037961.0,213903.0,40.7536277,-73.8061378,10d,,New York
QN,6970,36,408.0,24.0,11366.0,107.0,164-59 77 ROAD,NY,V0,11,,NELLY G MALBAEZ,879,0,12.25,70.33,3,4560,0,,,4,1039002.0,203133.0,40.7240604,-73.8024681,14c,,New York
QN,6969,42,408.0,24.0,11366.0,107.0,77 AVENUE,NY,V0,11,,"PHAM, THAI VAN",1900,0,20.0,95.0,5,8940,0,,,4,1038604.0,203360.0,40.7246859,-73.8039021,14c,,New York
QN,9336,38,409.0,29.0,11418.0,102.0,129 STREET,NY,V0,11,,WALTER C ANATRA,1012,0,11.0,92.0,8,1638,0,,,4,1033316.0,194518.0,40.7004477,-73.8230445,14d,,New York
QN,9125,134,410.0,32.0,11417.0,106.0,76 STREET,NY,V0,11,,"RASUL, GULAM",400,0,4.0,100.0,8,315,0,,,4,1022750.0,186029.0,40.6771996,-73.861199,18a,,New York
QN,6973,35,408.0,24.0,11366.0,107.0,165 STREET,NY,V0,11,,GAVRIL BOTAR,3140,0,20.0,158.17,5,15360,0,,,4,1038850.0,202537.0,40.7224255,-73.8030213,14c,,New York
QN,6866,388,407.0,20.0,11365.0,109.0,60-06 170 STREET,NY,V0,11,X,SAINT JOHN'S CEMETARY,6379,0,66.58,100.0,5,46740,0,,,4,1039857.0,208512.0,40.7388191,-73.799339,10d,,New York
QN,7195,50,408.0,24.0,11366.0,107.0,75-79 180 STREET,NY,V0,11,X,CONGREGATION OF BETH EL SEPHARDIC CENTER  OF JAMAIC,4000,0,40.0,100.0,5,25080,0,,,4,1042969.0,204341.0,40.7273506,-73.7881456,14c,,New York
QN,6935,8,408.0,24.0,11365.0,107.0,69 AVENUE,NY,V0,11,,"LIN, AIJIN",1000,0,10.0,100.0,8,1638,0,,,4,1039003.0,206310.0,40.7327804,-73.8024386,14c,,New York
QN,6913,8,408.0,24.0,11365.0,107.0,65-55 172ND STREET,NY,V0,11,,HE'S 69 AVENUE,5000,0,50.0,100.0,3,24540,0,,,4,1040439.0,207107.0,40.734959,-73.7972506,14c,,New York
QN,6913,6,408.0,24.0,11365.0,107.0,67TH AVENUE,NY,V0,11,,HE'S 69 AVENUE,5000,0,50.0,100.0,5,22560,0,,,4,1040436.0,207055.0,40.7348163,-73.7972618,14c,,New York
QN,7460,25,411.0,23.0,11364.0,111.0,58-40 210 STREET,NY,V0,11,X,DIOCESE ARMENINIAN CHURCH,5000,0,50.0,100.0,5,24960,0,,,4,1048673.0,211450.0,40.7468233,-73.767498,11b,,New York
QN,6912,33,408.0,24.0,11365.0,107.0,65 AVENUE,NY,V0,11,,"LI, LISA LAI WAH",2000,0,20.0,100.0,5,9360,0,,,4,1040212.0,207592.0,40.7362916,-73.7980656,14c,,New York
QN,6895,8,408.0,24.0,11365.0,107.0,61-49 167 STREET,NY,V0,11,,"LIN, SHUTING",6000,0,60.0,100.0,3,34920,0,,,4,1039201.0,207801.0,40.7368716,-73.801712,14c,,New York
QN,5603,11,411.0,20.0,11358.0,111.0,190 STREET,NY,V0,11,,"LOPEZ, FERNANDO R",345,0,46.25,15.0,5,306,0,,,4,1042500.0,213281.0,40.7518917,-73.7897603,10d,,New York
QN,7414,50,411.0,23.0,11364.0,111.0,205 STREET,NY,V0,11,,FRIES PHILIP,2000,0,20.0,100.0,5,9360,0,,,4,1047086.0,212410.0,40.7494696,-73.7732164,11b,,New York
QN,7456,37,411.0,23.0,11364.0,111.0,206 STREET,NY,V0,11,,"CHEN, RUO TING",1508,0,26.0,58.0,5,7080,0,,,4,1047763.0,210931.0,40.7454053,-73.770787,11b,,New York
QN,7084,19,408.0,24.0,11365.0,107.0,64 AVENUE,NY,V0,11,,"WONG, PEIZHEN HE",390,0,24.08,31.25,3,306,0,,,4,1041863.0,208145.0,40.7377989,-73.7921034,10d,,New York
QN,5534,98,411.0,19.0,11358.0,111.0,192 STREET,NY,V0,11,,KIM YOUNG H,2000,0,20.0,100.0,5,14820,0,,,4,1042751.0,214422.0,40.7550218,-73.7888445,10d,,New York
QN,7334,70,411.0,19.0,11361.0,111.0,215-16 NORTHERN BOULEVARD,NY,V1,11,,DAKOTA UNITED GROUP LLC,10075,0,100.76,100.0,3,572850,0,,,4,1048850.0,216370.0,40.7603261,-73.7668119,11a,,New York
QN,7334,47,411.0,19.0,11361.0,111.0,45-41 215TH STREET,NY,V0,11,,"LU, YIN YAN",2585,0,20.0,100.0,5,21540,0,,,4,1048829.0,215993.0,40.7592915,-73.7668913,11b,,New York
QN,8027,1,411.0,19.0,11363.0,111.0,31 AVENUE,NY,V0,11,,"LEE, LAWRENCE K",10000,0,100.0,100.42,3,50160,0,,,4,1052377.0,222804.0,40.7779592,-73.7540153,11a,,New York
QN,8097,64,411.0,19.0,11363.0,111.0,38 DRIVE,NY,V0,11,,DOUGLASTON 411 LLC,2500,0,25.0,100.0,5,13020,0,,,4,1054747.0,220592.0,40.7718693,-73.7454812,11a,,New York
QN,8024,60,411.0,19.0,11363.0,111.0,30 AVENUE,NY,V0,11,,LOMUSCIO JR FRANK,6000,0,60.0,100.0,5,27780,0,,,4,1053329.0,223101.0,40.778767,-73.7505749,11a,,New York
QN,8084,1,411.0,19.0,11363.0,111.0,233-30 41 AVENUE,NY,V0,11,,MOA PROPERTIES LLC,117981,0,205.17,353.06,3,591720,0,,,4,1053059.0,218874.0,40.7671671,-73.751593,11a,,New York
QN,8162,72,411.0,19.0,11363.0,111.0,30-01 MARINETTE STREET,NY,V0,11,,GOLUBOFF HAROLD,37463,0,333.0,387.0,5,169980,0,,,4,1054147.0,223183.0,40.7789856,-73.7476205,11a,,New York
QN,8097,85,411.0,19.0,11363.0,111.0,39 AVENUE,NY,V0,11,,"THE JOHN J. BELLO, JR LIVING TRUST UDT 1 /17/2022",4040,0,40.17,103.0,5,18660,0,,,4,1054418.0,220440.0,40.7714547,-73.7466706,11a,,New York
QN,8162,385,411.0,19.0,11363.0,111.0,38-02 LITTLE NECK PARKWAY,NY,V0,11,,1AB GROUP INC.,2250,0,24.75,87.0,3,12900,0,,,4,1055431.0,221711.0,40.7749351,-73.7429999,11a,,New York
QN,8080,27,411.0,19.0,11363.0,111.0,234 STREET,NY,V0,11,,MJ 38TH LLC,14689,0,98.31,175.0,3,73680,0,,,4,1052960.0,220078.0,40.7704726,-73.7519381,11a,,New York
QN,8048,61,411.0,19.0,11363.0,111.0,34 AVENUE,NY,V0,11,,"MORGAN, AARON",4000,0,40.0,100.0,5,18480,0,,,4,1054193.0,222267.0,40.7764711,-73.7474639,11a,,New York
QN,7688,66,411.0,23.0,11364.0,111.0,69-69 229 STREET,NY,V0,11,,"FU, AI LIAN",4000,0,40.0,100.0,5,19080,0,,,4,1054722.0,210321.0,40.7436783,-73.7456791,11b,,New York
QN,7319,12,411.0,19.0,11361.0,111.0,47 ROAD,NY,V0,11,,MARION P EDWARDS,1150,0,8.0,100.0,8,1830,0,,,4,1046418.0,214008.0,40.7538605,-73.7756126,11b,,New York
QN,7314,12,411.0,19.0,11361.0,111.0,45 ROAD,NY,V0,11,,FILOMENA DIBISCEGLIE REVOCABLE LIVING TR UST,7500,0,75.0,100.0,5,34800,0,,,4,1047815.0,215874.0,40.7589722,-73.7705527,11b,,New York
QN,10306,17,412.0,27.0,11434.0,113.0,114-16 176TH STREET,NY,V0,11,,CITY BUILDERS DEVELOPMENT CORP.,8000,0,80.0,100.0,5,34320,0,Addisleigh Park Historic District,,4,1046947.0,191965.0,40.6933542,-73.7739086,15b,,New York
QN,10312,81,412.0,27.0,11434.0,113.0,178 STREET,NY,V0,11,,"REJEB, SINDA BEN",1640,0,55.0,59.0,3,4740,0,,,4,1047713.0,191852.0,40.6930386,-73.7711474,19a,,New York
QN,7304,32,411.0,19.0,11361.0,111.0,46-02 206 STREET,NY,V0,11,,VISCOUNT CORP,1682,0,30.0,53.0,3,8940,0,,,4,1046266.0,214800.0,40.7560354,-73.7761539,11b,,New York
QN,7308,3,411.0,19.0,11361.0,111.0,46-13 206 STREET,NY,V0,11,X,COMM BAPTIST CHURCH,4000,0,40.0,100.0,5,19200,0,,,4,1046433.0,214737.0,40.7558613,-73.7755517,11b,,New York
QN,10310,4,412.0,27.0,11434.0,113.0,114 AVENUE,NY,V0,11,,CAROLE BYRD,4000,0,40.0,100.0,5,10560,0,,,4,1047655.0,192640.0,40.6952019,-73.7713491,15b,,New York
QN,2498,135,405.0,30.0,11378.0,104.0,70 STREET,NY,V0,11,,"OHAGAN, EUGENE",325,0,3.0,108.42,8,315,0,,,4,1013619.0,205008.0,40.7293275,-73.8940355,13c,,New York
QN,12873,113,413.0,31.0,11422.0,116.0,129 AVENUE,NY,V0,11,X,CITY OF NEW YORK,3400,0,40.0,85.0,5,0,0,,,4,1058275.0,187262.0,40.6803581,-73.7331106,19c,,New York
QN,2808,57,405.0,30.0,11378.0,104.0,72 PLACE,NY,V0,11,,"YONG SONG, JIAN",2400,0,40.0,45.08,5,18420,0,,,4,1014734.0,204445.0,40.7277784,-73.8900151,13c,,New York
QN,6189,38,411.0,19.0,11361.0,111.0,38 AVENUE,NY,V0,11,,"TANEJA, KRISHAN",5000,0,50.0,100.0,5,22560,0,,,4,1049371.0,219191.0,40.7680652,-73.7649039,11a,,New York
QN,6340,117,411.0,19.0,11361.0,111.0,222 STREET,NY,V0,11,,"SONG, SAE YONG",1200,0,12.0,100.0,8,1830,0,,,4,1050425.0,218336.0,40.7657106,-73.7611073,11a,,New York
QN,10270,25,412.0,27.0,11433.0,113.0,171-15 111 AVENUE,NY,V1,11,X,ALLEN A.M.E. CHURCH,4000,0,40.0,100.0,5,310950,0,,,4,1044953.0,192519.0,40.6948887,-73.7810941,14d,,New York
QN,10270,112,412.0,27.0,11433.0,113.0,110-48 172 STREET,NY,V0,11,X,ALLEN AME CHURCH,2650,0,26.5,100.0,5,7620,0,,,4,1045017.0,192628.0,40.6951875,-73.7808623,14d,,New York
QN,6192,54,411.0,19.0,11361.0,111.0,35-53 223 STREET,NY,V0,11,,"PRUITT, KEVIN",1338,0,8.75,148.0,8,1830,0,,,4,1050244.0,219769.0,40.7696451,-73.7617466,11a,,New York
QN,2478,1,405.0,30.0,11378.0,104.0,69 STREET,NY,V0,11,,"LIU, LI QING",1867,0,18.67,100.0,3,16260,0,,,4,1013201.0,206078.0,40.7322658,-73.895539,13c,,New York
QN,6533,2,408.0,24.0,11367.0,107.0,68-15 MAIN STREET,NY,V0,11,X,"QUEENS HATZOLO AID, INC.",9000,0,90.0,100.0,3,27360,0,,,4,1032858.0,206358.0,40.7329481,-73.8246108,14a,,New York
QN,6534,28,408.0,24.0,11367.0,107.0,144-46 68 ROAD,NY,V0,11,,"HAIM, MOSHE",5925,0,59.25,100.0,5,24360,0,,,4,1033278.0,206319.0,40.7328387,-73.8230956,14c,,New York
QN,5514,1,411.0,19.0,11358.0,111.0,43-45 189 STREET,NY,V0,11,,"DING, LEFU",4000,0,40.0,100.0,3,23640,0,,,4,1042004.0,214925.0,40.7564073,-73.7915364,10d,,New York
QN,2501,77,405.0,30.0,11378.0,104.0,69 PLACE,NY,V0,11,,"CAICEDO, VILMA",448,0,33.17,13.5,5,120,0,,,4,1013508.0,204623.0,40.7282711,-73.8944376,13c,,New York
QN,2891,6,404.0,30.0,11373.0,110.0,84-18 GRAND AVENUE,NY,V1,11,,1820 GRAND LLC,6629,0,54.0,116.58,3,223650,0,,,4,1016662.0,206674.0,40.7338896,-73.8830482,13c,,New York
QN,2473,73,404.0,30.0,11373.0,110.0,51-63 CODWISE PLACE,NY,V0,11,,5163 CODWISE PLACE LLC,3000,0,30.0,100.0,5,20040,0,,,4,1016750.0,207368.0,40.7357942,-73.8827273,13c,,New York
QN,655,18,401.0,22.0,11103.0,114.0,32-49 37 STREET,NY,V0,11,,3249 37TH STREET REALTY LLC,2500,0,25.0,100.0,3,9180,0,,,4,1006039.0,215586.0,40.7583834,-73.9213501,9b,,New York
QN,7202,36,408.0,24.0,11366.0,107.0,185-23 UNION TURNPIKE,NY,V1,11,,MB185 LLC,28928,0,127.0,190.0,3,305400,0,,,4,1044259.0,204907.0,40.7288955,-73.7834864,14c,,New York
QN,7203,48,408.0,24.0,11366.0,107.0,75-65 186 STREET,NY,V1,11,,7565 186 STREET LLC,4000,0,40.0,100.0,5,140850,0,,,4,1044430.0,205004.0,40.7291605,-73.7828685,14c,,New York
QN,7202,47,408.0,24.0,11366.0,107.0,75-71 185 STREET,NY,V1,11,,JKS REALTY NYC LLC,5060,0,40.0,126.5,5,184950,0,,,4,1044172.0,204839.0,40.7287094,-73.7838009,14c,,New York
QN,3034,12,405.0,30.0,11379.0,104.0,75 STREET,NY,V0,11,,SLAVKO BRNIC,2000,0,20.0,100.0,5,17940,0,,,4,1017435.0,200265.0,40.7162956,-73.8802906,13c,,New York
QN,1536,80,404.0,25.0,11373.0,110.0,45-20 83RD STREET,NY,V1,11,,SUNSHINE ELMHURST LLC,20103,0,46.5,55.5,5,705600,0,,,4,1016791.0,209172.0,40.7407455,-73.8825706,9d,,New York
QN,1352,1,402.0,26.0,11377.0,108.0,70-01 QUEENS BOULEVARD,NY,V1,11,,70 QUEENS BLVD OWNERS LLC,2175,0,110.8,42.78,3,215100,0,,,4,1013656.0,208969.0,40.7401993,-73.8938847,9d,,New York
QN,4701,58,407.0,19.0,11357.0,109.0,17 AVENUE,NY,V0,11,X,ST LUKES R C CHURCH,3360,0,130.42,60.17,5,16320,0,,,4,1037046.0,224933.0,40.7839076,-73.8093537,7d,,New York
QN,4722,24,407.0,19.0,11357.0,109.0,15-45 153 PLACE,NY,V0,11,,153RD PLACE LLC,3169,0,54.67,88.78,5,15900,0,,,4,1037173.0,225599.0,40.7857348,-73.8088898,7d,,New York
QN,4699,19,407.0,19.0,11357.0,109.0,15-56 CLINTONVILLE STREET,NY,V0,11,,FERAZZOLI MARIO,11520,0,60.0,192.0,5,51600,0,,,4,1036904.0,225439.0,40.7852973,-73.8098625,7d,,New York
QN,4722,19,407.0,19.0,11357.0,109.0,15-65 CLINTONVILLE STREET,NY,V0,11,,153RD PLACE LLC,3641,0,37.93,87.02,5,16680,0,,,4,1037087.0,225544.0,40.7855844,-73.8092008,7d,,New York
QN,4701,48,407.0,19.0,11357.0,109.0,16-38 CLINTONVILLE STREET,NY,V0,11,X,ST LUKES R C CHURCH,7475,0,41.74,181.47,5,34440,0,,,4,1037068.0,224987.0,40.7840557,-73.8092738,7d,,New York
QN,10847,7,412.0,27.0,11423.0,103.0,99 AVENUE,NY,V0,11,,ABDUL MALIK SAUD MUHAMMAD,2500,0,25.0,100.0,5,7200,0,,,4,1051007.0,198581.0,40.7114838,-73.7592023,15b,,New York
QN,4722,21,407.0,19.0,11357.0,109.0,15-49 153 PLACE,NY,V0,11,,153RD PLACE LLC,2792,0,31.96,100.27,5,13980,0,,,4,1037178.0,225563.0,40.785636,-73.808872,7d,,New York
QN,3833,46,405.0,32.0,11385.0,104.0,82 STREET,NY,V0,11,,"JASKIEL, HALINE",715,0,7.08,100.92,8,1008,0,,,4,1021237.0,196319.0,40.7054497,-73.8665972,14b,,New York
QN,3819,27,405.0,32.0,11385.0,104.0,77-11 80 STREET,NY,V0,11,,"RIZZO, ROSA L",1962,0,36.0,54.5,3,9720,0,,,4,1020646.0,196696.0,40.7064869,-73.8687268,13d,,New York
QN,3286,52,406.0,29.0,11375.0,112.0,75 ROAD,NY,V0,11,,MIRWAN BEYDOUN,4646,0,46.83,101.25,5,24240,0,,,4,1028298.0,199152.0,40.7131933,-73.8411115,14b,,New York
QN,3305,22,406.0,29.0,11375.0,112.0,78 AVENUE,NY,V0,11,,"BOGAL, MONIKA S",6396,0,41.42,90.67,5,33660,0,,,4,1029404.0,198680.0,40.7118922,-73.8371251,14b,,New York
QN,13921,124,413.0,31.0,11422.0,116.0,17 MEYER AVENUE,NY,V1,11,,17 MEYER LLC,3891,0,55.58,70.0,5,64800,0,,,4,1056077.0,171043.0,40.6358588,-73.741208,25a,,New York
QN,13921,118,413.0,31.0,11422.0,116.0,18 MEYER AVENUE,NY,V1,11,,DG OF QUEENS LLC,2318,0,44.0,55.0,3,43650,0,,,4,1056104.0,171123.0,40.6360782,-73.7411098,25a,,New York
QN,13921,121,413.0,31.0,11422.0,116.0,19 MEYER AVENUE,NY,V1,11,,ROSEDALE 252-18 LLC,3676,0,62.75,58.58,3,72900,0,,,4,1056141.0,171039.0,40.6358473,-73.7409774,25a,,New York
QN,13913,261,413.0,31.0,11422.0,116.0,155-15 BAYVIEW AVENUE,NY,V1,11,,"SPADARO, CHARLES",10000,0,100.0,100.0,5,113850,0,,,4,1055214.0,171954.0,40.6383663,-73.7443078,25a,,New York
QN,13911,119,413.0,31.0,11422.0,116.0,155-49 BROAD STREET,NY,V2,11,,THE BUREY FAMILY LIVING TRUST,5000,0,50.0,88.0,5,6360,0,,,4,1054574.0,171620.0,40.6374546,-73.7466172,25a,,New York
QN,13921,90,413.0,31.0,11422.0,116.0,18 3 STREET,NY,V1,11,,ROSEDALE 252-18 LLC,3081,0,36.25,85.0,3,61200,0,,,4,1056180.0,170972.0,40.6356631,-73.7408376,25a,,New York
QN,3851,121,405.0,32.0,11385.0,104.0,89-30 METROPOLITAN AVENUE,NY,V1,11,,S PUCCI SERVICE STATION INC,7548,0,74.0,102.0,5,218250,0,,,4,1022509.0,198689.0,40.7119494,-73.861996,14b,,New York
QN,3872,33,405.0,32.0,11385.0,104.0,89-40 METROPOLITAN AVENUE,NY,V1,11,,89-40 REALTY LLC,18207,0,150.0,95.0,5,948600,0,,,4,1022840.0,198596.0,40.7116927,-73.8608025,14b,,New York
QN,1283,72,403.0,25.0,11372.0,115.0,72-11 ROOSEVELT AVENUE,NY,V1,11,,ROOSEVELT 72 LLC,25107,0,179.62,222.55,3,1145250,0,,,4,1013844.0,211441.0,40.7469837,-73.8931954,9d,,New York
QN,1354,25,404.0,25.0,11377.0,110.0,72-36 43 AVENUE,NY,V0,11,,"RBLENDERS, LLC",1409,0,25.0,112.42,5,18360,0,,,4,1014392.0,209636.0,40.7420276,-73.8912257,9d,,New York
QN,3099,40,406.0,29.0,11374.0,112.0,66 AVENUE,NY,V0,11,,REGO PARK LAND OWNERS LLC,3500,0,35.0,100.0,5,40800,0,,,4,1023785.0,203829.0,40.7260518,-73.8573631,14a,,New York
QN,15482,43,414.0,32.0,11693.0,100.0,100 PLACE,NY,V1,11,,"VIRBUKAS, HEATHER",3000,0,10.0,180.0,4,900,0,,,4,1034536.0,158371.0,40.6012254,-73.8189141,30c,,New York
QN,1833,240,407.0,20.0,,110.0,271 STREET,NY,V1,11,C,NYC DEPARTMENT OF PARKS AND RECREATION,1941,0,1.0,1941.0,8,23265,0,,,4,1029332.0,217057.0,40.7623328,-73.8372617,10a,,New York
QN,6672,42,408.0,24.0,11367.0,107.0,146 STREET,NY,V1,11,,VITO SCATURRO PARTNERS,399,0,5.0,79.75,8,2970,0,,,4,1035218.0,201064.0,40.7184041,-73.8161355,14c,,New York
QN,8811,41,413.0,23.0,11001.0,105.0,267 STREET,NY,V0,11,,TERESA BRADY,1310,0,40.0,51.0,5,3432,0,,,4,1066894.0,207993.0,40.7371832,-73.7017815,15c,,New York
QN,8575,167,413.0,23.0,11426.0,105.0,252 STREET,NY,V0,11,,"SINHA, NANDA K",1600,0,40.0,40.0,5,4200,0,,,4,1062688.0,209291.0,40.7407842,-73.7169435,11d,,New York
QN,15484,20,414.0,32.0,11693.0,100.0,101 STREET,NY,V1,11,,"HOWARD, CHARLES",3750,0,25.0,150.0,5,1350,0,,,4,1034427.0,157882.0,40.5998838,-73.8193103,30c,,New York
QN,15609,56,414.0,31.0,11691.0,101.0,70 6 ROAD,NY,V0,11,,ROCKAWAY BEACH PARTNERS LLC,1750,0,20.0,87.0,5,3480,0,,,4,1056257.0,156240.0,40.5952264,-73.7407173,31a,,New York
QN,12526,18,412.0,27.0,11434.0,113.0,127 AVENUE,NY,V0,11,,YRET LLC,2156,0,28.0,77.0,5,5820,0,,,4,1049008.0,187634.0,40.6814518,-73.7665181,19a,,New York
QN,2505,107,405.0,30.0,11378.0,104.0,71 STREET,NY,V0,11,,ANNA KATA,1450,0,37.67,38.5,5,11760,0,,,4,1013936.0,205035.0,40.7294005,-73.8928916,13c,,New York
QN,5807,7,407.0,19.0,11360.0,109.0,26 AVENUE,NY,V0,11,,JOSEPH BIOSI,141,0,3.0,47.0,8,630,0,,,4,1043631.0,222274.0,40.7765676,-73.7855988,10c,,New York
QN,6711,121,408.0,24.0,11367.0,107.0,79 AVENUE,NY,V0,11,,"KHAIMOV, DAVID",2856,0,168.0,17.0,5,19800,0,,,4,1036271.0,201881.0,40.7206404,-73.8123305,14c,,New York
QN,787,68,401.0,22.0,11105.0,114.0,43 STREET,NY,V0,11,,"CARROLL, ANTHONY J",2500,0,25.0,100.0,5,31200,0,,,4,1011611.0,221234.0,40.7738702,-73.9012144,9c,,New York
QN,12880,115,413.0,31.0,11422.0,116.0,130 AVENUE,NY,V0,11,,"GILLIS, EILEEN",600,0,16.0,40.0,5,1560,0,,,4,1058505.0,187244.0,40.6803068,-73.7322816,19c,,New York
QN,9668,211,408.0,24.0,11435.0,107.0,82 AVENUE,NY,V0,11,,FURKAT 82 AVE LLC,1120,0,20.0,56.0,5,20160,0,,,4,1033688.0,199535.0,40.7142161,-73.8216661,14d,,New York
QN,9375,6,409.0,29.0,11418.0,102.0,121 STREET,NY,V4,11,X,MTA - LIRR,2750,0,25.0,110.0,5,57150,0,,,4,1032547.0,192603.0,40.6951957,-73.8258316,14b,,New York
QN,15465,11,414.0,32.0,11693.0,100.0,9 ROAD,NY,V1,11,,ARUNAS J SEGZDA,3000,0,51.0,95.0,2,900,0,,,4,1035174.0,160161.0,40.6061349,-73.8166031,24d,,New York
QN,1176,33,403.0,25.0,11370.0,115.0,81 STREET,NY,V1,11,,GUERRA LUIS,800,0,8.0,100.0,8,10395,0,,,4,1015647.0,214711.0,40.7559528,-73.8866731,9d,,New York
QN,786,58,401.0,22.0,11105.0,114.0,45 STREET,NY,V0,11,,"ADHIKARI, SUNITA",3300,0,33.25,100.0,5,24720,0,,,4,1011750.0,220988.0,40.7731945,-73.9007135,9c,,New York
QN,7805,7,411.0,23.0,11427.0,111.0,85 AVENUE,NY,V0,11,,"SHIMUNOV, EMMONIEL",2000,0,20.0,100.0,5,9360,0,,,4,1051867.0,205478.0,40.7304078,-73.7560309,15a,,New York
QN,9590,143,410.0,28.0,11419.0,106.0,131 STREET,NY,V0,11,C,NYC DEPARTMENT OF TRANSPORTATION,938,0,67.0,28.0,5,2220,0,,,4,1035967.0,189745.0,40.6873318,-73.8135204,18c,,New York
QN,8367,115,411.0,23.0,11362.0,111.0,61 AVENUE,NY,V0,11,,DEEPDALE GDNS 2 CP,5616,0,65.0,96.0,5,25860,0,,,4,1060895.0,215154.0,40.7568923,-73.7233469,11d,,New York
QN,8805,79,413.0,23.0,11001.0,105.0,263 STREET,NY,V0,11,,"CHACKO, JAMES P",2000,0,20.0,100.0,5,5400,0,,,4,1066071.0,207128.0,40.7348167,-73.7047617,15c,,New York
QN,8579,35,413.0,23.0,11426.0,105.0,247 STREET,NY,V0,11,,VIDYANAND SHIVRAJ,1774,0,6.0,100.0,8,2712,0,,,4,1061533.0,208388.0,40.7383159,-73.7211218,11d,,New York
QN,8304,61,411.0,23.0,11362.0,111.0,246 PLACE,NY,V0,11,,"LAWRENCE LIND, AS TRUSTEE",1307,0,13.92,93.92,5,6120,0,,,4,1058834.0,215375.0,40.7575165,-73.7307837,11d,,New York
QN,1221,12,402.0,26.0,11377.0,108.0,68 STREET,NY,V0,11,C,NYC DEPARTMENT OF TRANSPORTATION,53,0,6.88,15.29,8,189,0,,,4,1012654.0,211909.0,40.7482722,-73.8974881,9d,,New York
QN,7807,29,411.0,23.0,11427.0,111.0,215 STREET,NY,V0,11,,R M MARTENS,4000,0,40.0,100.0,5,17760,0,,,4,1052191.0,206053.0,40.7319836,-73.7548561,15a,,New York
QN,12041,57,412.0,28.0,11436.0,113.0,145 STREET,NY,V0,11,,"GRANT-STUART, YURIE",1699,0,12.25,100.0,5,4500,0,,,4,1041134.0,185543.0,40.6757666,-73.7949249,18c,,New York
QN,2810,40,405.0,30.0,11378.0,104.0,57 ROAD,NY,V0,11,,"MILEWSKA, ANNA E",2000,0,25.0,80.0,5,15720,0,,,4,1015122.0,204457.0,40.72781,-73.8886151,13c,,New York
QN,2229,37,406.0,29.0,11375.0,112.0,112 STREET,NY,V0,11,,110-53 REALTY LLC,2500,0,25.0,100.0,5,13860,0,,,4,1028288.0,203764.0,40.7258522,-73.8411174,14a,,New York
QN,10860,60,412.0,27.0,11423.0,103.0,194 STREET,NY,V0,11,,"CHOWDHURY, MOHAMMAD",1250,0,10.0,125.0,8,1890,0,,,4,1049464.0,197430.0,40.7083361,-73.7647791,15b,,New York
QN,9289,173,409.0,29.0,11418.0,102.0,87-07A 104 STREET,NY,V0,11,,"104-14 JAMAICA AVENUE, LLC",600,0,20.0,30.0,5,1596,0,,,4,1027882.0,192436.0,40.6947615,-73.8426556,14b,,New York
QN,8300,396,411.0,23.0,11362.0,111.0,244 STREET,NY,V0,11,,THE ZHONG FAMILY IRREVOCABLE TRUST,1150,0,1.17,1.33,5,5280,0,,,4,1057639.0,212428.0,40.7494378,-73.7351293,11b,,New York
QN,8334,114,411.0,23.0,11362.0,111.0,73 AVENUE,NY,V0,11,,FRAGEDIS GEORGE,540,0,5.0,102.0,8,315,0,,,4,1058907.0,212020.0,40.7483073,-73.7305574,11d,,New York
QN,15722,39,414.0,31.0,11691.0,101.0,27-12 HEALY AVENUE,NY,V0,11,,2708 HEALY LLC,15951,0,46.0,256.0,5,24600,0,,,4,1049378.0,159671.0,40.604697,-73.765454,25b,,New York
QN,15609,50,414.0,31.0,11691.0,101.0,6 ROAD,NY,V0,11,,GROVE CORONADO REALTY CORP,7312,0,80.0,105.0,2,15420,0,,,4,1056290.0,156086.0,40.5948034,-73.7406001,31a,,New York
QN,8809,82,413.0,23.0,11001.0,105.0,265 STREET,NY,V0,11,,"ISLAM, FAYEZIN",144,0,17.92,16.0,6,504,0,,,4,1066548.0,207267.0,40.7351938,-73.7030389,15c,,New York
QN,15322,18,414.0,32.0,11693.0,100.0,204 AVENUE,NY,V0,11,,DONNA M. MUNDY,2000,0,20.0,100.0,5,2568,0,,,4,1033532.0,158270.0,40.6009538,-73.8225304,30c,,New York
QN,1223,22,402.0,26.0,11377.0,108.0,67-01 ROOSEVELT AVENUE,NY,V1,11,,UNITED REALTY EIGHT LLC,2580,7,20.0,129.0,5,153000,2009,,,4,1012512.0,211240.0,40.7464364,-73.8980034,9d,,New York
QN,12912,50,413.0,31.0,11422.0,116.0,233 STREET,NY,V0,11,,AUDATE RITA,1000,0,40.0,100.0,5,2580,0,,,4,1058225.0,187126.0,40.6799853,-73.7332924,19c,,New York
QN,11051,289,413.0,27.0,11411.0,105.0,209 STREET,NY,V0,11,,"EFINGER, JOAN (TRUST)",400,0,4.0,100.0,8,315,0,,,4,1054967.0,194222.0,40.6994887,-73.7449641,15b,,New York
QN,7798,24,411.0,23.0,11427.0,111.0,223 STREET,NY,V0,11,,"RASULEV, AZAMAT",500,0,5.0,100.0,8,315,0,,,4,1054226.0,206948.0,40.7344243,-73.7475042,15a,,New York
QN,1314,49,402.0,26.0,11377.0,108.0,52 STREET,NY,V1,11,,VINCENT A NUNZIATO,72,0,1.37,105.6,8,4460,0,,,4,1008459.0,210540.0,40.7445271,-73.912633,9b,,New York
QN,6680,18,408.0,24.0,11367.0,107.0,72 DRIVE,NY,V0,11,,J CHRABUSZCZ,1200,0,12.0,100.0,8,1830,0,,,4,1034733.0,204022.0,40.7265259,-73.8178629,14c,,New York
QN,12887,129,413.0,31.0,11422.0,116.0,128-64 HOOK CREEK BOULEVARD,NY,V0,11,,"ATID DEVELOPMENT, LLC",24920,0,138.0,258.0,5,64680,0,,,4,1060209.0,187036.0,40.6797214,-73.7261404,19c,,New York
QN,802,36,401.0,22.0,11105.0,114.0,41 STREET,NY,V2,11,,STEINWAY MANSION 1 LLC,2500,0,25.0,100.0,5,7980,0,,,4,1012797.0,223063.0,40.7788865,-73.8969246,9c,,New York
QN,9094,3,409.0,32.0,11416.0,102.0,89-12A ROCKAWAY BOULEVARD,NY,V1,11,,102ND ROAD REALTY CORP.,2000,0,54.5,47.08,5,78300,0,,,4,1025758.0,187758.0,40.6819317,-73.8503439,18a,,New York
QN,9283,16,409.0,29.0,11418.0,102.0,132 STREET,NY,V0,11,,"GRATTA, FERDINANDO",2500,0,25.0,100.0,5,12060,0,,,4,1033966.0,195325.0,40.7026591,-73.8206944,14d,,New York
QN,9362,5,409.0,29.0,11418.0,102.0,89-55 133 STREET,NY,V0,11,,THOMAS C LEE,3440,0,51.0,98.0,5,14820,0,,,4,1034806.0,194097.0,40.6992837,-73.817674,14d,,New York
QN,9340,216,409.0,29.0,11418.0,102.0,87-20A 132 STREET,NY,V0,11,,"SHAH JAHAN, MOHAMMED",636,0,12.0,53.0,8,378,0,,,4,1034225.0,194914.0,40.7015295,-73.8197633,14d,,New York
QN,12953,250,413.0,31.0,11422.0,116.0,131 AVENUE,NY,V0,11,C,NYC DEPARTMENT OF CITYWIDE ADMINISTRATIVE SERVICES,140,0,10.0,28.0,8,378,0,,,4,1059791.0,185902.0,40.6766124,-73.7276601,19c,,New York
QN,8306,100,411.0,23.0,11362.0,111.0,63 AVENUE,NY,V0,11,,"LA MERE, DOROTHY",700,0,7.0,100.0,8,1074,0,,,4,1059340.0,214605.0,40.7553988,-73.7289659,11d,,New York
QN,15876,5,414.0,31.0,11691.0,101.0,173 BEACH 38TH STREET,NY,V1,11,,NYC HOUSING PRESERVATION & DEVELOPMENT,6548,0,55.2,82.85,5,146250,0,,,4,1048025.0,155466.0,40.593165,-73.7703662,31a,,New York
QN,9116,21,410.0,32.0,11417.0,106.0,103-31A WOODHAVEN BOULEVARD,NY,V0,11,,103-33  94TH STREET LLC,400,0,15.75,25.0,5,120,0,,,4,1027238.0,187538.0,40.6813208,-73.8450092,18a,,New York
QN,12518,31,412.0,27.0,11434.0,113.0,126 AVENUE,NY,V0,11,,"SAMPSON , ADJUA",150,0,2.0,75.0,8,378,0,,,4,1047940.0,187469.0,40.6810067,-73.7703702,19a,,New York
QN,12525,107,412.0,27.0,11434.0,113.0,125 AVENUE,NY,V0,11,,"SHEILA PROCOPE, TRUSTEE",3654,0,42.0,87.0,5,9660,0,,,4,1048607.0,187836.0,40.6820092,-73.7679619,19a,,New York
QN,12524,37,412.0,27.0,11434.0,113.0,128 AVENUE,NY,V0,11,,"ESTWICK, CARLTON H",4235,0,42.0,102.0,5,11520,0,,,4,1048518.0,187163.0,40.6801626,-73.7682892,19a,,New York
QN,12529,355,412.0,27.0,11434.0,113.0,172 STREET,NY,V0,11,,"MCKOY, MARTIN",341,0,20.0,34.08,5,120,0,,,4,1047598.0,187095.0,40.6799826,-73.7716068,19a,,New York
QN,12540,80,412.0,27.0,11434.0,113.0,178 PLACE,NY,V0,11,C,NYC DEPARTMENT OF CITYWIDE ADMINISTRATIVE SERVICES,9037,0,30.0,200.0,5,24360,0,,,4,1049816.0,186681.0,40.6788301,-73.7636141,19a,,New York
QN,16118,25,414.0,32.0,11693.0,100.0,3-22 BEACH 87 STREET,NY,V0,11,,"LOPEZ, JEFFREY",2000,0,20.0,100.0,5,3840,0,,,4,1036436.0,154025.0,40.5892855,-73.8121056,30c,,New York
QN,15818,107,414.0,31.0,11691.0,101.0,146 BEACH 27 STREET,NY,V0,11,,UNAVAILABLE OWNER,296,0,3.7,80.0,8,315,0,,,4,1051017.0,155569.0,40.5934257,-73.759592,31a,,New York
QN,15822,41,414.0,31.0,11691.0,101.0,161 BEACH 30TH STREET,NY,V0,11,,BEACH 31 BUYER LLC,2083,0,20.83,100.0,5,7740,0,,,4,1050107.0,155620.0,40.5935725,-73.7628682,31a,,New York
QN,5958,139,407.0,19.0,11360.0,109.0,23 ROAD,NY,V0,11,,ANATRA CHARLES,861,0,42.0,41.0,5,9540,0,,,4,1046979.0,224450.0,40.782517,-73.7734903,11c,,New York
QN,7317,46,411.0,19.0,11361.0,111.0,46 ROAD,NY,V0,11,,CASTELLNOU OSVALDO,1400,0,40.25,35.25,5,6780,0,,,4,1046071.0,214352.0,40.7548071,-73.7768618,11b,,New York
QN,15876,3,414.0,31.0,11691.0,101.0,38-59 SHORE FRONT PARKWAY,NY,V1,11,C,NYC HOUSING PRESERVATION & DEVELOPMENT,129199,0,773.0,254.0,0,2881350,0,,,4,1047658.0,155415.0,40.5930276,-73.7716882,31a,,New York
QN,11384,39,410.0,32.0,11414.0,106.0,78 STREET,NY,V0,11,,135 SAPPHIRE LLC,4235,0,20.0,211.75,5,18540,0,,,4,1024058.0,183098.0,40.6691489,-73.8565007,18b,,New York
QN,15322,97,414.0,32.0,11693.0,100.0,18 ROAD,NY,V0,11,,"WAGNER, MARGARET",3000,0,30.0,100.0,5,5520,0,,,4,1033013.0,158202.0,40.60077,-73.8243998,30a,,New York
QN,12886,7499,413.0,31.0,11422.0,116.0,128 DRIVE,NY,V0,11,X,ROSEBROOK DEVELOPMENT LTD,1431,0,20.49,112.31,5,0,0,,,4,1059790.0,187266.0,40.6803563,-73.7276484,19c,,New York
QN,8204,123,411.0,19.0,11362.0,111.0,248 STREET,NY,V0,11,,RESLADE L.P,119,0,1.0,121.67,5,306,0,,,4,1056542.0,218369.0,40.7657533,-73.7390246,11a,,New York
QN,2248,49,406.0,29.0,11375.0,112.0,72 AVENUE,NY,V0,11,,"LIU, JACK",2500,0,25.0,100.0,5,13680,0,,,4,1029128.0,202376.0,40.7220382,-73.838096,14a,,New York
QN,9587,25,410.0,28.0,11419.0,106.0,133 STREET,NY,V0,11,,ITWARU RAMSAYWAK,2500,0,25.0,100.0,5,6660,0,,,4,1036175.0,190766.0,40.690133,-73.8127625,18c,,New York
QN,2482,1,405.0,30.0,11378.0,104.0,72 STREET,NY,V0,11,,THE DIEGO A. LODICO FAMILY TRUST,700,0,22.0,30.25,5,5760,0,,,4,1013952.0,205757.0,40.7313822,-73.8928307,13c,,New York
QN,12581,34,412.0,28.0,11434.0,116.0,138 AVENUE,NY,V0,11,,"JONES-BARNABY, KAREN",2320,0,3.17,100.0,5,6720,0,,,4,1049557.0,184565.0,40.6730241,-73.7645684,19a,,New York
QN,12580,121,412.0,28.0,11434.0,116.0,137 AVENUE,NY,V0,11,,LARRY S SAMPSON,4750,0,34.7,190.23,3,13800,0,,,4,1049097.0,184575.0,40.6730549,-73.7662266,19a,,New York
QN,12580,154,412.0,28.0,11434.0,116.0,175 STREET,NY,V0,11,,URBAN ADVANCEMENT II LLC,944,0,10.0,94.42,8,1452,0,,,4,1049057.0,184392.0,40.6725529,-73.7663726,19a,,New York
QN,9104,34,409.0,32.0,11416.0,102.0,97-15 103 AVENUE,NY,V0,11,,GIUSEPPE ZOLLO,1865,0,18.5,100.83,5,12060,0,,,4,1027876.0,188216.0,40.6831787,-73.8427045,18a,,New York
QN,7360,33,411.0,20.0,11364.0,111.0,50 AVENUE,NY,V0,11,,UNAVAILABLE OWNER,122,0,26.67,28.17,5,306,0,,,4,1045716.0,212946.0,40.7509505,-73.778156,11b,,New York
QN,8811,1,413.0,23.0,11001.0,105.0,266 STREET,NY,V0,11,,MCDONAL E. PENA,1400,0,53.0,52.0,5,3900,0,,,4,1066829.0,207858.0,40.7368133,-73.7020177,15c,,New York
QN,2640,23,405.0,30.0,11378.0,104.0,55 STREET,NY,V0,11,,UNAVAILABLE OWNER,157,0,21.0,13.0,3,120,0,,,4,1009725.0,199199.0,40.7133953,-73.9081072,13d,,New York
QN,5843,175,407.0,19.0,11360.0,109.0,208 PLACE,NY,V0,11,X,BAYBRIDGE HMOWNRS ASSN,6984,0,72.51,97.0,5,0,0,,,4,1043739.0,226183.0,40.787296,-73.7851743,7d,,New York
QN,15324,18,414.0,32.0,11693.0,100.0,19 ROAD,NY,V0,11,,"HENGLEIN, JOHN F",3000,0,30.0,100.0,5,5520,0,,,4,1033543.0,157751.0,40.5995292,-73.8224945,30c,,New York
QN,8227,8,411.0,19.0,11362.0,111.0,251 STREET,NY,V0,11,X,J COOPER,6268,0,50.0,125.0,5,0,0,,,4,1057388.0,219328.0,40.7683785,-73.7359601,11a,,New York
QN,9317,150,409.0,29.0,11418.0,102.0,110 STREET,NY,V0,11,,U.S. BANK TRUST NATIONAL ASSOCIATION,200,0,2.0,100.0,8,567,0,,,4,1029627.0,192025.0,40.6936247,-73.8363656,14b,,New York
QN,9314,127,409.0,29.0,11418.0,102.0,108 STREET,NY,V0,11,,JOSEPH LE LAY,1440,0,20.0,72.0,5,3660,0,,,4,1029071.0,191344.0,40.6917583,-73.8383751,18a,,New York
QN,9289,174,409.0,29.0,11418.0,102.0,87-05A 104 STREET,NY,V0,11,,"104-14 JAMAICA AVENUE, LLC",600,0,20.0,30.0,5,1596,0,,,4,1027875.0,192455.0,40.6948137,-73.8426807,14b,,New York
QN,9289,165,409.0,29.0,11418.0,102.0,104-11A 88 AVENUE,NY,V0,11,,WALTER C ANATRA,400,0,20.0,20.0,5,120,0,,,4,1027893.0,192419.0,40.6947148,-73.842616,14b,,New York
QN,9312,11,409.0,29.0,11418.0,102.0,92 AVENUE,NY,V0,11,C,NYC DEPARTMENT OF TRANSPORTATION,10000,0,50.0,200.0,5,31500,0,,,4,1028429.0,191271.0,40.6915612,-73.8406906,18a,,New York
QN,12044,75,412.0,28.0,11436.0,113.0,147 STREET,NY,V0,11,,"HILTON, SOPHIA C",2000,0,20.0,100.0,5,5220,0,,,4,1041916.0,185720.0,40.6762474,-73.7921042,18c,,New York
QN,12041,99,412.0,28.0,11436.0,113.0,144 STREET,NY,V0,11,,"BOGOPA ENTERPRISES, INC.",2367,0,6.0,100.0,5,6780,0,,,4,1041050.0,185564.0,40.6758248,-73.7952276,18c,,New York
QN,12022,32,412.0,28.0,11436.0,113.0,119 AVENUE,NY,V0,11,,SALMO CORPORATION,2000,0,20.0,100.0,5,5220,0,,,4,1041849.0,186886.0,40.6794482,-73.7923358,18c,,New York
QN,2288,118,402.0,26.0,11377.0,108.0,44 STREET,NY,V0,11,,4823 WOODSIDE LLC,243,0,9.0,27.0,8,315,0,,,4,1006044.0,208402.0,40.7386651,-73.9213554,9b,,New York
QN,198,18,402.0,26.0,11104.0,108.0,40 STREET,NY,V0,11,,40TH ST OWNERS CORP,2000,0,20.0,100.0,5,19020,0,,,4,1005149.0,209165.0,40.7407615,-73.9245826,9b,,New York
QN,1941,46,404.0,21.0,11368.0,110.0,103 STREET,NY,V0,11,,AMINI BARDIA,498,0,1.81,202.66,8,315,0,,,4,1023677.0,209209.0,40.7408191,-73.8577212,10b,,New York
QN,2481,185,405.0,30.0,11378.0,104.0,53 AVENUE,NY,V0,11,,"ZHANG, SHAO LIANG",139,0,1.42,98.17,8,756,0,,,4,1013832.0,205749.0,40.7313606,-73.8932637,13c,,New York
QN,2808,42,405.0,30.0,11378.0,104.0,57 DRIVE,NY,V0,11,,O'REILLY PADRAIC F,5600,0,20.0,280.0,5,43200,0,,,4,1014873.0,204341.0,40.7274925,-73.889514,13c,,New York
QN,2809,107,405.0,30.0,11378.0,104.0,58 ROAD,NY,V0,11,,"LI, HUA ZHONG",1675,0,75.0,67.0,5,13560,0,,,4,1014765.0,204268.0,40.7272925,-73.889904,13c,,New York
QN,2808,65,405.0,30.0,11378.0,104.0,57 AVENUE,NY,V0,11,,"CHMIELAK, DANUTA",2250,0,25.0,90.0,5,18300,0,,,4,1014625.0,204562.0,40.7280999,-73.8904078,13c,,New York
QN,2812,97,405.0,30.0,11378.0,104.0,73 PLACE,NY,V0,11,,"ZHU, WEN FENG",1260,0,39.83,63.83,5,10260,0,,,4,1015278.0,204507.0,40.7279467,-73.888052,13c,,New York
QN,10844,10,412.0,27.0,11423.0,103.0,99 ROAD,NY,V0,11,X,V SNYDER,9000,0,45.0,200.0,5,0,0,,,4,1050246.0,198275.0,40.7106497,-73.7619503,15b,,New York
QN,2830,108,405.0,30.0,11378.0,104.0,59 DRIVE,NY,V0,11,,CONO NATALE,600,0,6.0,100.0,8,378,0,,,4,1014142.0,202437.0,40.722269,-73.8921599,13c,,New York
QN,2841,108,405.0,30.0,11378.0,104.0,60 AVENUE,NY,V0,11,,"CARIOLA, LUIGI",605,0,6.42,100.0,8,378,0,,,4,1015046.0,202689.0,40.7229576,-73.8888974,13c,,New York
QN,6627,70,408.0,24.0,11367.0,107.0,76 ROAD,NY,V0,11,,"SHERMAN, TRUSTEE, ABRAHAM HILLEL",500,0,5.0,100.0,8,315,0,,,4,1034251.0,202436.0,40.7221754,-73.8196137,14c,,New York
QN,6391,19,407.0,20.0,11367.0,109.0,63 ROAD,NY,V0,11,X,CEDAR GROVE CEMETRY A,6000,0,60.0,100.0,5,27120,0,,,4,1031113.0,208831.0,40.7397453,-73.8308899,10b,,New York
QN,11829,37,410.0,28.0,11420.0,106.0,150 AVENUE,NY,V0,11,,"COOPER, WILLIAM J JR.",2000,0,20.0,100.0,5,5760,0,,,4,1032448.0,182486.0,40.6674274,-73.826261,18b,,New York
QN,11830,25,410.0,28.0,11420.0,106.0,115 STREET,NY,V0,11,,"MOHAMED , ELISA",2000,0,20.0,100.0,5,5760,0,,,4,1032621.0,182258.0,40.6668007,-73.825639,18b,,New York
QN,9116,16,410.0,32.0,11417.0,106.0,103-23A WOODHAVEN BOULEVARD,NY,V0,11,,CASTRO NIEVES Z,100,0,3.0,25.0,8,441,0,,,4,1027225.0,187614.0,40.6815295,-73.8450556,18a,,New York
QN,15709,75,414.0,31.0,11691.0,101.0,11-02 BEACH CHANNEL DRIVE,NY,V0,11,,"FORLADER, CRAIG",1688,0,64.99,51.96,3,5100,0,,,4,1052101.0,159430.0,40.604015,-73.7556501,31a,,New York
QN,3041,63,405.0,30.0,11379.0,104.0,79 STREET,NY,V0,11,,SURACI CAROL,987,0,18.0,57.0,5,8340,0,,,4,1019238.0,200572.0,40.7171313,-73.873785,13c,,New York
QN,8174,12,411.0,19.0,11362.0,111.0,241 STREET,NY,V0,11,,DILLUVIO GIACOMO,4000,0,40.0,100.0,5,17760,0,,,4,1055988.0,215689.0,40.7584019,-73.7410531,11b,,New York
QN,15609,55,414.0,31.0,11691.0,101.0,72 6 ROAD,NY,V0,11,,ROCKAWAY BEACH PARTNERS LLC,1550,0,20.0,77.33,5,3138,0,,,4,1056257.0,156220.0,40.5951715,-73.7407175,31a,,New York
QN,15563,104,414.0,31.0,11691.0,101.0,2 MORSE COURT,NY,V3,11,,MORSE COURT PARTNERS LLC,10202,0,83.17,122.67,5,32880,0,,,4,1053416.0,158658.0,40.6018859,-73.7509224,31a,,New York
QN,7514,47,411.0,23.0,11364.0,111.0,230 STREET,NY,V0,11,,JABLONSKI PROTECTIVE TRUST DATED 12/7/17,400,0,0.97,100.0,8,315,0,,,4,1053426.0,214216.0,40.7543793,-73.7503161,11b,,New York
QN,8254,36,411.0,19.0,11362.0,111.0,253 STREET,NY,V0,11,,SU PETER C,4000,0,37.0,100.0,5,18360,0,,,4,1059596.0,217560.0,40.7635073,-73.7280087,11c,,New York
QN,8242,45,411.0,19.0,11362.0,111.0,51 AVENUE,NY,V0,11,,"BHARNE, DILIP",3700,0,59.5,112.08,5,16980,0,,,4,1058655.0,218192.0,40.7652499,-73.7313986,11c,,New York
QN,8256,42,411.0,19.0,11362.0,111.0,254 STREET,NY,V0,11,,"YASHAR, MAHBOOHEH",320,0,4.0,80.0,8,246,0,,,4,1059960.0,218372.0,40.7657329,-73.7266856,11c,,New York
QN,8448,126,413.0,23.0,11004.0,105.0,72 ROAD,NY,V0,11,,"GLEN OAKS VILLAGE OWNERS, INC.",1300,0,100.0,26.33,5,3480,0,,,4,1062333.0,214044.0,40.753833,-73.7181693,11d,,New York
QN,8715,43,413.0,23.0,11004.0,105.0,260 STREET,NY,V0,11,,TWO SIXTY STREET LLC,2000,0,20.0,100.0,5,5400,0,,,4,1064262.0,210614.0,40.7444014,-73.7112477,11d,,New York
QN,8831,131,413.0,23.0,11001.0,105.0,87 ROAD,NY,V0,11,,"MARINO-CATALANO, AS TRUSTEE, DIANNE",300,0,3.0,100.0,8,696,0,,,4,1065004.0,205015.0,40.7290268,-73.7086372,15c,,New York
QN,8819,48,413.0,23.0,11001.0,105.0,261 STREET,NY,V0,11,,8622 261ST PROPERTY LAND INC,2000,0,20.0,100.0,5,5400,0,,,4,1065733.0,206419.0,40.7328738,-73.7059899,15c,,New York
QN,8183,39,411.0,19.0,11362.0,111.0,243 STREET,NY,V0,11,,"LU, CHENG S CHES",2000,0,20.0,100.0,5,9420,0,,,4,1055711.0,217495.0,40.7633611,-73.7420338,11a,,New York
QN,9126,84,410.0,32.0,11417.0,106.0,77 STREET,NY,V0,11,X,UNKNOWN,10165,0,41.0,200.0,5,0,0,,,4,1022979.0,185995.0,40.6771053,-73.8603736,18a,,New York
QN,9109,18,410.0,32.0,11417.0,106.0,89-19 LIBERTY AVENUE,NY,V1,11,,"89-19 LIBERTY AVENUE, LLC",11217,0,124.82,107.13,3,350100,0,,,4,1026073.0,187133.0,40.6802148,-73.849212,18a,,New York
QN,2955,13,405.0,30.0,11379.0,104.0,62 AVENUE,NY,V0,11,,"NOIA, GEORGE C",9015,0,74.0,100.0,5,70500,0,,,4,1015733.0,201048.0,40.718451,-73.8864266,13c,,New York
QN,2782,135,405.0,30.0,11379.0,104.0,67 STREET,NY,V0,11,C,NYC DEPARTMENT OF CITYWIDE ADMINISTRATIVE SERVICES,4208,0,6.0,701.25,8,6480,0,,,4,1013749.0,200537.0,40.7170553,-73.893586,13c,,New York
QN,802,66,401.0,22.0,11105.0,114.0,42 STREET,NY,V1,11,,STEINWAY MANSION 1 LLC,1100,0,50.0,22.0,6,28215,0,,,4,1012801.0,222974.0,40.7786422,-73.8969106,9c,,New York
QN,9135,115,410.0,32.0,11417.0,106.0,80 STREET,NY,V0,11,,MLA PATWARY LLC,2016,0,21.25,95.17,5,9660,0,,,4,1023794.0,186073.0,40.6773158,-73.8574349,18a,,New York
QN,2792,27,405.0,30.0,11378.0,104.0,69 LANE,NY,V0,11,,"MORENA III, JOSEPH",521,0,16.0,10.0,5,4260,0,,,4,1013865.0,203678.0,40.7256761,-73.8931537,13c,,New York
QN,15609,54,414.0,31.0,11691.0,101.0,74 6 ROAD,NY,V0,11,,ROCKAWAY BEACH PARTNERS LLC,1550,0,20.0,77.49,5,3138,0,,,4,1056261.0,156200.0,40.5951166,-73.7407033,31a,,New York
QN,8832,39,413.0,23.0,11001.0,105.0,268 STREET,NY,V0,11,,"SINGH, AMANDEEP",50,0,10.0,10.0,8,183,0,,,4,1065329.0,204824.0,40.7284996,-73.7074669,15c,,New York
QN,15314,34,414.0,32.0,11693.0,100.0,99 STREET,NY,V1,11,,EDWARD O'HARE,1673,0,23.25,75.79,3,18810,0,,,4,1034152.0,160267.0,40.6064317,-73.8202829,24d,,New York
QN,15400,1,414.0,32.0,11693.0,100.0,5 ROAD,NY,V0,11,,"DELUCA, CARLY",3000,0,30.0,100.0,5,4920,0,,,4,1034608.0,162101.0,40.6114631,-73.818627,24d,,New York
QN,15322,11,414.0,32.0,11693.0,100.0,17 ROAD,NY,V0,11,,KATHLEEN OBRIEN,1500,0,15.0,100.0,5,1998,0,,,4,1033402.0,158285.0,40.6009957,-73.8229984,30c,,New York
QN,134,123,402.0,26.0,11377.0,108.0,49 STREET,NY,V0,11,,HAZARIAN REALTY LLC,650,0,6.5,100.0,8,1074,0,,,4,1007794.0,210979.0,40.7457338,-73.9150314,9b,,New York
QN,2808,126,405.0,30.0,11378.0,104.0,73 STREET,NY,V0,11,,"KELLY, JULIE",1963,0,40.0,49.08,5,15420,0,,,4,1014776.0,204470.0,40.7278469,-73.8898634,13c,,New York
QN,9295,50,409.0,29.0,11418.0,102.0,104-25 90 AVENUE,NY,V0,11,,KAMAL BHUIYAN,1500,0,15.0,100.0,5,3960,0,,,4,1028222.0,191943.0,40.6934067,-73.8414327,14b,,New York
QN,15319,73,414.0,32.0,11693.0,100.0,57 WEST 15 ROAD,NY,V0,11,,"MUNCY, DANIEL",3000,0,30.0,100.0,2,5520,0,,,4,1033431.0,158927.0,40.6027577,-73.8228893,30c,,New York
QN,15306,6,414.0,32.0,11693.0,100.0,423 CROSS BAY BOULEVARD,NY,V2,11,,"LANE, JR, JOSEPH P",3148,0,24.0,131.13,5,5160,0,,,4,1034307.0,162131.0,40.6115471,-73.8197109,24d,,New York
QN,15466,1130,414.0,32.0,11693.0,100.0,104 STREET,NY,V1,11,,D'AMBROSIO DOLORES,1304,0,26.5,56.0,5,450,0,,,4,1035396.0,160449.0,40.6069241,-73.8158014,24d,,New York
QN,15482,45,414.0,32.0,11693.0,100.0,100 ROAD,NY,V1,11,,1606 CHANNEL ROAD LLC,3000,0,10.0,180.0,4,900,0,,,4,1034540.0,158400.0,40.601305,-73.8188995,30c,,New York
QN,15483,7,414.0,32.0,11693.0,100.0,18-18 CROSS BAY BOULEVARD,NY,V3,11,,TOKHIE ASMATULLAH,16850,0,150.0,195.0,5,28200,0,,,4,1034203.0,157720.0,40.5994404,-73.8201181,30c,,New York
QN,15480,20,414.0,32.0,11693.0,100.0,14-04 CHANNEL ROAD,NY,V1,11,,BARR & HARNISHER,9375,0,87.75,150.0,5,3015,0,,,4,1034548.0,158891.0,40.6026526,-73.818867,30c,,New York
QN,15317,80,414.0,32.0,11693.0,100.0,200 AVENUE,NY,V0,11,,"MONAGHAN., NOREEN P",3000,0,30.0,100.0,2,5520,0,,,4,1033486.0,159437.0,40.6041572,-73.8226875,30c,,New York
QN,15476,5,414.0,32.0,11693.0,100.0,197 AVENUE,NY,V1,11,,"PORTO, JOSEPH",2970,0,33.0,0.0,5,900,0,,,4,1034746.0,159974.0,40.6056241,-73.8181459,24d,,New York
QN,9300,107,409.0,29.0,11418.0,102.0,111 STREET,NY,V0,11,,KHEMRAJ S BALRAM,200,0,2.0,100.0,8,567,0,,,4,1029559.0,192492.0,40.6949068,-73.8366077,14b,,New York
QN,2083,108,406.0,24.0,11374.0,112.0,97 PLACE,NY,V0,11,X,CNY,9300,0,30.0,310.0,5,0,0,,,4,1022690.0,206658.0,40.7338216,-73.8612976,14a,,New York
QN,11339,70,410.0,32.0,11414.0,106.0,7830 NORTH CONDUIT AVENUE,NY,V0,11,X,NYC DEPARTMENT OF ENVIRONMENTAL PROTECTION,3043,0,132.69,38.56,5,14340,0,,,4,1023728.0,184767.0,40.6737314,-73.8576805,18a,,New York
QN,9142,13,410.0,32.0,11417.0,106.0,109 AVENUE,NY,V0,11,,"CHOWDHURY, MOHAMMAD",1800,0,20.0,90.0,5,8760,0,,,4,1025429.0,185669.0,40.6761995,-73.8515428,18a,,New York
QN,9111,44,410.0,32.0,11417.0,106.0,103-09 91 STREET,NY,V0,11,,103 AND 91 HOLDING CORP.,3400,0,47.08,103.75,5,16140,0,,,4,1026401.0,187431.0,40.6810312,-73.8480276,18a,,New York
QN,4227,40,407.0,19.0,11356.0,109.0,124 STREET,NY,V0,11,,"JOSE R. MARTINEZ, AS TRUSTEE",1500,0,15.0,100.0,5,10620,0,,,4,1027288.0,222664.0,40.7777327,-73.8446042,10a,,New York
QN,4256,105,407.0,19.0,11354.0,109.0,120-05G GRAHAM COURT,NY,V0,11,,CP DEVELOPMENT PROPERTY LLC,6520,0,40.0,163.0,5,48240,0,,,4,1026419.0,221821.0,40.7754231,-73.8477472,10a,,New York
QN,488,2,402.0,26.0,11101.0,108.0,44-00 VERNON BOULEVARD,NY,V0,11,,"44-02 VENTURES, LLC",1703,0,130.0,13.1,5,18420,0,,,4,996991.0,212924.0,40.7510945,-73.9540149,9b,,New York
QN,477,15,402.0,26.0,11101.0,108.0,42-02 VERNON BOULEVARD,NY,V1,11,,TERRA COTTA LLC,106200,0,129.92,510.0,5,7251300,0,,,4,997978.0,214148.0,40.7544526,-73.9504502,9b,,New York
QN,477,13,402.0,26.0,11101.0,108.0,41-98 VERNON BOULEVARD,NY,V1,11,,TERRA COTTA LLC,8675,0,42.5,275.42,5,765450,0,,,4,998162.0,214172.0,40.7545182,-73.949786,9b,,New York
QN,9811,40,412.0,27.0,11432.0,103.0,90-11 175 STREET,NY,V0,11,,STANLEY CRAIGWELL,2325,0,25.0,91.0,5,10200,0,,,4,1043523.0,197876.0,40.7096021,-73.7862038,14d,,New York
QN,9804,17,412.0,27.0,11432.0,103.0,90-37 170 STREET,NY,V0,11,,SOMNIUM VILLA LLC,10000,0,80.0,125.0,5,62040,0,,,4,1042533.0,197236.0,40.707852,-73.7897802,14d,,New York
QN,9804,21,412.0,27.0,11432.0,103.0,90-29 170 STREET,NY,V0,11,,SOMNIUM VILLA LLC,3750,0,30.0,125.0,5,21720,0,,,4,1042511.0,197286.0,40.7079894,-73.7898591,14d,,New York
QN,9829,37,412.0,27.0,11432.0,103.0,172-02 HILLSIDE AVENUE,NY,V1,11,,HILLSIDE RESIDENTS LLC,7220,0,95.0,76.0,3,384300,0,,,4,1042512.0,198599.0,40.7115933,-73.7898441,14d,,New York
QN,9843,3,408.0,24.0,11432.0,107.0,87-21 HOMELAWN STREET,NY,V0,11,,"KARIM, MOHAMMED R",1457,0,41.11,47.95,5,9540,0,,,4,1041688.0,198733.0,40.7119664,-73.7928152,14d,,New York
QN,9843,2,408.0,24.0,11432.0,107.0,87-25 HOMELAWN STREET,NY,V0,11,,87-25 HOMELAWN ST INC.,1735,0,34.46,47.95,5,11400,0,,,4,1041697.0,198699.0,40.7118731,-73.7927831,14d,,New York
QN,5027,61,407.0,20.0,11354.0,109.0,40-24 149 STREET,NY,V0,11,,15 40 CLINTONVILLE STREET CORP,8920,0,32.0,337.0,5,86040,0,,,4,1035018.0,217059.0,40.7623075,-73.8167362,10c,,New York
QN,9835,23,408.0,24.0,11432.0,107.0,177-06 87 DRIVE,NY,V0,11,,PANCHGAON REALTY LLC,6110,0,47.0,130.0,5,47160,0,,,4,1043376.0,198988.0,40.7126552,-73.7867242,14d,,New York
QN,2650,51,405.0,30.0,11378.0,104.0,60 STREET,NY,V0,11,,"ROZMUS, DOROTA",2500,0,25.0,100.0,5,11940,0,,,4,1010246.0,199932.0,40.7154057,-73.906225,13d,,New York
QN,4383,1,407.0,19.0,11354.0,109.0,31 ROAD,NY,V1,11,,HOLCIM (US) INC.,20000,0,330.58,30.0,5,840150,0,,,4,1028095.0,219211.0,40.7682512,-73.841713,10a,,New York
QN,4231,38,407.0,19.0,11356.0,109.0,23 AVENUE,NY,V0,11,,"BISWAS, GOUR",2500,0,25.0,100.0,5,16800,0,,,4,1028335.0,222907.0,40.7783945,-73.8408223,10a,,New York
QN,4346,7,407.0,19.0,11354.0,109.0,118-14 29 AVENUE,NY,V1,11,,"FIACCO, ARCANGELO",3000,0,40.0,75.0,5,122400,0,,,4,1026028.0,220518.0,40.7718486,-73.849167,10a,,New York
QN,4402,47,407.0,19.0,11354.0,109.0,32-08 COLLEGE POINT BLVD,NY,V1,11,,SANO 3208 COLLEGE PT. LLC,20533,0,197.0,147.0,5,629550,0,,,4,1028730.0,218578.0,40.7665106,-73.8394247,10a,,New York
QN,4315,40,407.0,19.0,11354.0,109.0,118-09 29 AVENUE,NY,V1,11,,118-09 ASSOCIATES LL,6102,0,113.0,54.0,2,127800,0,,,4,1025917.0,220639.0,40.7721812,-73.849567,10a,,New York
QN,4292,12,407.0,19.0,11354.0,109.0,27-24 COLLEGE POINT BLVD,NY,V1,11,,LASTRADA GENERAL CONTRACTING CORP,5750,0,66.0,130.0,5,531000,0,,,4,1026838.0,221033.0,40.7732582,-73.8462394,10a,,New York
QN,13,1,402.0,26.0,11101.0,108.0,2 STREET,NY,V9,11,,CON EDISON,2000,0,201.0,10.0,3,95400,0,,,4,996258.0,209332.0,40.7412364,-73.9566669,8d,,New York
QN,4315,47,407.0,19.0,11354.0,109.0,28-34 29 AVENUE,NY,V1,11,,"COLARUSSO, RITA",5000,0,50.0,100.0,3,122850,0,,,4,1026068.0,220655.0,40.7722244,-73.8490218,10a,,New York
QN,4315,45,407.0,19.0,11354.0,109.0,118-09A 29 AVENUE,NY,V1,11,,118-09 ASSOCIATES LLC,1200,0,12.0,100.0,2,45450,0,,,4,1025942.0,220682.0,40.7722991,-73.8494765,10a,,New York
QN,4225,22,407.0,19.0,11356.0,109.0,121-10 23 AVENUE,NY,V0,11,,"XIA, KELLY XIAOCHU",5000,0,50.0,100.0,5,17460,0,,,4,1026711.0,222900.0,40.7783833,-73.8466861,10a,,New York
QN,4226,7,407.0,19.0,11356.0,109.0,23-47 122 STREET,NY,V0,11,,"STOLZ, NICHOLAS",4988,0,50.0,99.75,5,59460,0,,,4,1026928.0,222475.0,40.7772157,-73.8459053,10a,,New York
QN,4198,36,407.0,19.0,11356.0,109.0,22-40 123 STREET,NY,V0,11,,RIVER HOLDING LLC,2500,0,25.0,100.0,5,18000,0,,,4,1027055.0,223125.0,40.7789992,-73.8454426,10a,,New York
QN,4261,23,407.0,19.0,11354.0,109.0,25-30 124 STREET,NY,V0,11,,NEW SANFORD REALTY LLC,4988,0,50.0,99.75,3,34560,0,,,4,1027257.0,221955.0,40.7757868,-73.8447207,10a,,New York
QN,4225,26,407.0,19.0,11356.0,109.0,23-06 122 STREET,NY,V0,11,,GREAT STAR PROPERTY INC,5000,0,50.0,100.0,5,23700,0,,,4,1026785.0,222875.0,40.7783143,-73.8464191,10a,,New York
QN,911,1,413.0,31.0,11422.0,116.0,3-15 26 AVENUE,NY,V1,11,,ASTORIA OWNERS LLC,139128,0,128.94,581.0,3,3455550,0,,,4,1002940.0,222464.0,40.7772688,-73.9325172,9a,,New York
QN,906,5,401.0,22.0,11102.0,114.0,8-01 26 AVENUE,NY,V1,11,,KS ASTORIA HOLDINGS LLC,42051,0,131.0,295.0,5,378900,0,,,4,1003442.0,222039.0,40.7761012,-73.9307059,9a,,New York
QN,11515,45,410.0,32.0,11417.0,106.0,96 STREET,NY,V0,11,,NORMA PASCUALINI,2340,0,20.0,115.17,5,10860,0,,,4,1028592.0,184667.0,40.6734339,-73.8401463,18a,,New York
QN,2631,8,405.0,30.0,11378.0,104.0,59-15 56 STREET,NY,V1,11,,BRENDAN LAWLESS,2500,0,25.0,100.0,5,62550,0,,,4,1008620.0,200586.0,40.7172054,-73.9120881,13c,,New York
QN,2631,127,405.0,30.0,11378.0,104.0,56-20 GRAND AVENUE,NY,V1,11,,UNAVAILABLE OWNER,15049,0,149.0,101.0,0,337050,0,,,4,1008471.0,201241.0,40.7190036,-73.9126232,13a,,New York
QN,2740,11,405.0,30.0,11378.0,104.0,59 AVENUE,NY,V0,11,,"RIOS, JUAN PABLO",2500,0,25.0,100.0,3,12060,0,,,4,1010812.0,201224.0,40.7189502,-73.9041782,13c,,New York
QN,2642,23,405.0,30.0,11378.0,104.0,56 STREET,NY,V0,11,,BLACHOWSKA IRENA,2500,0,25.0,100.0,5,11940,0,,,4,1009542.0,199592.0,40.7144745,-73.9087658,13d,,New York
QN,61,6,402.0,26.0,11101.0,108.0,11-24 JACKSON AVENUE,NY,V1,11,X,MTA - LIRR,7070,0,95.0,132.32,3,487350,0,,,4,997947.0,210092.0,40.74332,-73.9505703,9b,,New York
QN,80,4,402.0,26.0,11101.0,108.0,24-11 JACKSON AVENUE,NY,V1,11,,COURT SQUARE 45TH AVE 2 LLC,20725,0,154.89,100.0,3,4539600,0,,,4,999481.0,211227.0,40.7464327,-73.9450318,9b,,New York
QN,80,9,402.0,26.0,11101.0,108.0,23-14 45TH AVENUE,NY,V1,11,,COURT SQUARE 45TH AVE LLC,8338,0,60.0,140.0,4,962550,0,,,4,999514.0,211296.0,40.7466221,-73.9449126,9b,,New York
QN,79,1,402.0,26.0,11101.0,108.0,44-79 23 STREET,NY,V1,11,,"44-79 REALTY, LLC",2250,0,25.0,90.0,3,645750,0,,,4,999497.0,211423.0,40.7469707,-73.9449737,9b,,New York
QN,438,5,402.0,26.0,11101.0,108.0,21-47 44 DRIVE,NY,V1,11,,BJ LIC HOLDING LLC,2000,0,20.0,100.0,5,191250,0,,,4,999359.0,211804.0,40.7480167,-73.9454708,9b,,New York
QN,428,1,402.0,26.0,11101.0,108.0,42-50 24 STREET,NY,V1,11,,L ISLAND CITY LLC,33950,0,186.0,179.0,3,3420450,0,,,4,1000026.0,212442.0,40.7497667,-73.9430621,9b,,New York
QN,11535,121,410.0,32.0,11417.0,106.0,138-39 CENTREVILLE STREET,NY,V0,11,,SHORE HOMES INC,5634,0,131.0,83.0,5,22560,0,,,4,1029314.0,184061.0,40.6717669,-73.8375476,18a,,New York
QN,11551,26,410.0,32.0,11417.0,106.0,97-51 BRISTOL AVENUE,NY,V0,11,,"SITA, GHEORGHE",3000,0,24.0,125.0,5,9720,0,,,4,1029716.0,183814.0,40.6710869,-73.8361,18a,,New York
QN,11549,16,410.0,32.0,11417.0,106.0,95-35 150 ROAD,NY,V0,11,,150 CENTREVILLE LLC,4114,0,38.5,106.33,3,19020,0,,,4,1028845.0,183088.0,40.6690987,-73.8392447,18b,,New York
QN,11549,12,410.0,32.0,11417.0,106.0,150-24 CENTREVILLE STREET,NY,V0,11,,150 CENTREVILLE,7501,0,75.0,114.42,5,41400,0,,,4,1028860.0,183144.0,40.6692523,-73.8391903,18b,,New York
QN,11551,25,410.0,32.0,11417.0,106.0,97-49 BRISTOL AVENUE,NY,V0,11,,"SITA, GHEORGHE",3000,0,24.0,125.0,5,9720,0,,,4,1029693.0,183821.0,40.6711063,-73.8361829,18a,,New York
QN,10299,48,412.0,27.0,11433.0,113.0,112-24 177 STREET,NY,V0,11,,RAHAMU ONE CORP,8000,0,80.0,100.0,5,24180,0,,,4,1046809.0,192592.0,40.6950762,-73.7744004,15b,,New York
QN,13354,12,413.0,31.0,11434.0,116.0,146-93 GUY R BREWER BLVD,NY,V1,11,,RANBIR LLC,10825,0,102.0,97.33,3,380250,0,,,4,1048705.0,180010.0,40.6605279,-73.7676834,19b,,New York
QN,12038,53,412.0,28.0,11436.0,113.0,142-69 123 AVENUE,NY,V0,11,,WILFRID JEAN FRANCOIS,2019,0,25.0,100.58,5,5400,0,,,4,1040718.0,185167.0,40.6747373,-73.7964278,18c,,New York
QN,8668,268,413.0,23.0,11426.0,105.0,87 DRIVE,NY,V0,11,,SINGH SUKHVIR,890,0,27.0,33.0,5,2340,0,,,4,1064199.0,204550.0,40.7277578,-73.7115471,15c,,New York
QN,733,24,401.0,22.0,11103.0,114.0,24-53 47 STREET,NY,V1,11,,EMMANUEL BORTOLIS,2500,0,25.0,100.0,5,57600,0,,,4,1010581.0,218504.0,40.7663802,-73.9049438,9c,,New York
QN,15315,75,414.0,32.0,11693.0,100.0,198 AVENUE,NY,V0,11,,FRANK HARNISHER,3000,0,40.0,100.0,2,4920,0,,,4,1033559.0,159929.0,40.6055073,-73.822421,24d,,New York
QN,13953,46,410.0,32.0,11414.0,106.0,88 STREET,NY,V0,11,,"ROBBINS, SANFORD H",1100,0,22.0,100.0,5,2796,0,,,4,1027152.0,180765.0,40.6627309,-73.8453624,18b,,New York
QN,14183,13,410.0,32.0,11414.0,106.0,95 STREET,NY,V0,11,,CRAINE WILLIAM,1100,0,10.0,110.0,2,3192,0,,,4,1029292.0,178667.0,40.6569617,-73.8376629,18b,,New York
QN,1372,42,403.0,21.0,11369.0,115.0,98 STREET,NY,V1,11,,DANNY & M REALTY LLC,3186,0,15.0,212.38,4,159750,0,,,4,1019999.0,217144.0,40.7626142,-73.8709517,9c,,New York
QN,15967,18,414.0,31.0,11691.0,101.0,429 BEACH 44 STREET,NY,V0,11,,"O'SULLIVAN, KATHLEEN A",2985,0,35.0,85.28,3,10080,0,,,4,1046432.0,156692.0,40.5965414,-73.7760908,31a,,New York
QN,1940,10,404.0,21.0,11368.0,110.0,53-05 102 STREET,NY,V0,11,,"DEL  ZOTTO, DINO R",1800,0,18.0,100.0,5,12240,0,,,4,1023340.0,209388.0,40.7413119,-73.8589363,10b,,New York
QN,13341,14,413.0,31.0,11434.0,116.0,145-113 GUY R BREWER BLVD,NY,V1,11,,WEST ABRAHAM V,3568,0,41.17,86.67,5,74250,0,,,4,1048576.0,181015.0,40.6632874,-73.7681388,19b,,New York
QN,13341,36,413.0,31.0,11434.0,116.0,145-73 FARMERS BOULEVARD,NY,V1,11,,"CLARKE, COREY",1780,0,20.0,89.0,3,38700,0,,,4,1048595.0,181386.0,40.6643055,-73.7680668,19b,,New York
QN,9769,61,408.0,24.0,11432.0,107.0,87-36 162 STREET,NY,V0,11,X,"THE HIGHLAND CHURCH, A NEW YORK RELIGIOU S CORP",4000,0,40.0,100.0,5,29220,0,,,4,1039487.0,197569.0,40.7087856,-73.800764,14d,,New York
QN,13427,1,413.0,31.0,11413.0,116.0,147-41 183 STREET,NY,V1,11,,COMMUNITY HOMES HDFDC INC,339,0,7.8,39.0,8,2970,0,,,4,1049510.0,179351.0,40.6587132,-73.7647883,19b,,New York
QN,13433,67,413.0,31.0,11434.0,116.0,183 STREET,NY,V1,11,,A A & G REALTY CORP.,5200,0,40.0,140.0,3,68850,0,,,4,1049726.0,178241.0,40.655665,-73.7640206,19b,,New York
QN,8211,8,411.0,19.0,11362.0,111.0,246-16 52 AVENUE,NY,V0,11,,"LOWENHAUPT,, HENRY",4074,0,42.0,97.0,5,18060,0,,,4,1057215.0,216585.0,40.7608511,-73.7366144,11a,,New York
QN,4952,7,407.0,20.0,11354.0,109.0,32-21 LINDEN STREET,NY,V0,11,,LATIMER AND LINDEN MANAGEMENT CORP.,4677,0,37.42,125.0,5,51600,0,,,4,1030973.0,218807.0,40.7671276,-73.8313258,10a,,New York
QN,4538,70,407.0,19.0,11357.0,109.0,11-08 154 STREET,NY,V1,11,X,THE LITTLE FLOCK CHURCH,8015,0,60.0,133.58,3,279900,0,,,4,1037516.0,227946.0,40.7921746,-73.8076326,7d,,New York
QN,15709,215,414.0,31.0,11691.0,101.0,21-19A MOTT AVENUE,NY,V1,11,,"PATEL, PRAVINKUMAR",2816,0,123.84,50.0,5,96750,0,,,4,1052380.0,159625.0,40.6045481,-73.7546434,25b,,New York
QN,15609,19,414.0,31.0,11691.0,101.0,1-55 BEACH 5 STREET,NY,V0,11,,ROCKAWAY BEACH PARTNERS LLC,4800,0,60.0,80.0,5,11280,0,,,4,1056345.0,156179.0,40.5950582,-73.7404011,31a,,New York
QN,9822,26,412.0,27.0,11432.0,103.0,168-33 88TH AVENUE,NY,V1,11,,BANGLADESH TOWER LLC,7600,0,76.0,100.0,3,205200,0,,,4,1041525.0,198006.0,40.7099721,-73.7934094,14d,,New York
QN,15629,70,414.0,31.0,11691.0,101.0,329 BEACH 15 STREET,NY,V0,11,,SKI DEVELOPMENT 12 LLC,5102,0,40.08,127.9,5,16380,0,,,4,1053854.0,157441.0,40.5985421,-73.7493576,31a,,New York
QN,13483,12,413.0,31.0,11413.0,116.0,145-19 226 STREET,NY,V0,11,,PRESTIGE HOMES LLC,1890,0,31.5,81.67,5,5100,0,,,4,1052693.0,180594.0,40.662101,-73.7533035,19b,,New York
QN,15452,26,414.0,32.0,11693.0,100.0,9 NOEL ROAD,NY,V0,11,,"ZELLER, JILL",2078,0,29.39,100.0,5,300,0,,,4,1034589.0,160836.0,40.607991,-73.8187049,24d,,New York
QN,434,8,402.0,26.0,11101.0,108.0,43-05 CRESCENT STREET,NY,V1,11,,CENTRAL REALTY LIC LLC,5385,0,85.0,89.0,3,121050,0,,,4,1000273.0,211996.0,40.7485421,-73.9421717,9b,,New York
QN,7966,218,413.0,23.0,11426.0,105.0,88 AVENUE,NY,V0,11,,"SINGH, SAMITA",1000,0,30.5,33.0,5,2652,0,,,4,1059975.0,205489.0,40.7303723,-73.7267765,15c,,New York
QN,13252,20,413.0,31.0,11422.0,116.0,247-32 137 AVENUE,NY,V0,11,,"FENG, DEGUANG",400,0,4.0,100.0,5,120,0,,,4,1059595.0,182437.0,40.6671035,-73.7284055,19d,,New York
QN,872,7,401.0,22.0,11102.0,114.0,23-25 ASTORIA BOULEVARD,NY,V1,11,,23-25 ASTORIA BLVD LLC,4325,0,25.17,175.0,5,342000,0,,,4,1005486.0,220489.0,40.7718422,-73.9233308,9a,,New York
QN,901,21,401.0,22.0,11102.0,114.0,26-25 14 STREET,NY,V0,11,,HUDSON CAPITAL FUND LLC,5490,0,45.0,122.0,5,41280,0,,,4,1004074.0,221205.0,40.7738107,-73.9284264,9a,,New York
QN,8809,100,413.0,23.0,11001.0,105.0,127 264 STREET,NY,V0,11,,"SHAH, FAROOQ",26,0,7.0,7.25,8,183,0,,,4,1066481.0,207127.0,40.7348101,-73.7032823,15c,,New York
QN,12137,11,412.0,28.0,11434.0,113.0,152-22 136 AVENUE,NY,V1,11,,AIR HOST REALTY LLC,4033,0,40.0,100.83,5,107100,0,,,4,1044597.0,182849.0,40.6683493,-73.7824645,18d,,New York
QN,362,13,401.0,26.0,11101.0,114.0,37-17 12 STREET,NY,V1,11,,DMHZ 2 LLC,5046,0,50.0,100.92,5,490500,0,,,4,1000850.0,215752.0,40.7588503,-73.94008,9b,,New York
QN,11356,43,410.0,32.0,11414.0,106.0,133-29 76 STREET,NY,V0,11,,REDEEMED CHRISTIAN CHURCH OF GOD INTL CH APEL,4037,0,40.0,100.92,5,17700,0,,,4,1023269.0,184162.0,40.6720729,-73.8593387,18a,,New York
QN,5372,13,411.0,19.0,11358.0,111.0,42 ROAD,NY,V0,11,,"RODRIGUEZ, GERARD M",2520,0,38.58,130.0,5,19800,0,,,4,1043923.0,215944.0,40.7591915,-73.7846007,10d,,New York
QN,16119,178,414.0,32.0,11693.0,100.0,87-03 BEACH CHANNEL DRIVE,NY,V0,11,,BRYAN BERNATH,2634,0,26.92,100.92,5,7260,0,,,4,1036163.0,154373.0,40.5902423,-73.8130858,30c,,New York
QN,1780,70,403.0,21.0,11368.0,115.0,108-35 ROOSEVELT AVENUE,NY,V1,11,,"IPM CORONA PLAZA, LLC.",3125,0,25.0,125.0,5,158850,0,,,4,1023698.0,213045.0,40.7513478,-73.857623,10b,,New York
QN,8813,22,413.0,23.0,11040.0,105.0,100 HILLSIDE AVENUE,NY,V0,11,,268-04 HILLSIDE AVENUE CORP,235,0,23.58,10.0,5,204,0,,,4,1067187.0,208568.0,40.7387587,-73.7007171,11d,,New York
QN,809,51,401.0,22.0,11105.0,114.0,20-46 STEINWAY STREET,NY,V1,11,,M 20-46 STEINWAY LLC,2500,0,25.0,100.0,5,383400,0,,,4,1011081.0,221866.0,40.7756065,-73.9031254,9c,,New York
QN,4409,22,407.0,20.0,11354.0,109.0,31-13 LINDEN STREET,NY,V0,11,,JINKE REAL ESTATE GROUP LLC,2302,0,18.42,125.0,5,18000,0,,,4,1030761.0,219485.0,40.7689896,-73.8320864,10a,,New York
QN,620,3,401.0,22.0,11102.0,114.0,25-81 31 STREET,NY,V1,11,,COSMOPOLITAN BRO LLC,3350,0,25.0,134.0,5,269550,0,,,4,1006575.0,219250.0,40.7684388,-73.9194032,9a,,New York
QN,15618,8,414.0,31.0,11691.0,101.0,11-01 PLAINVIEW AVENUE,NY,V0,11,,"TANNENBAUM, ABRAHAM",1346,0,28.34,47.5,3,5040,0,,,4,1054942.0,156987.0,40.5972873,-73.7454445,31a,,New York
QN,8828,81,413.0,23.0,11001.0,105.0,87 AVENUE,NY,V0,11,,"JAINARINE, MICHAEL",614,0,33.0,36.0,5,1638,0,,,4,1065848.0,205875.0,40.7313796,-73.7055816,15c,,New York
QN,652,92,401.0,22.0,11103.0,114.0,25-89 36 STREET,NY,V0,11,,25-89 36ST LLC,1500,0,20.0,75.0,5,16200,0,,,4,1007616.0,218658.0,40.7668112,-73.9156471,9a,,New York
QN,1959,27,404.0,21.0,11368.0,110.0,57-38 WALDRON STREET,NY,V0,11,,"57-38 WALDRON STREET, LLC",4413,0,16.97,100.0,5,50220,0,,,4,1024923.0,208603.0,40.7391501,-73.8532285,10b,,New York
QN,1320,12,402.0,26.0,11377.0,108.0,51-02 ROOSEVELT AVENUE,NY,V1,11,,HW LIC ONE LLC,25956,0,224.02,224.7,3,1968750,0,,,4,1008269.0,210217.0,40.743641,-73.9133199,9b,,New York
QN,1957,3,404.0,21.0,11368.0,110.0,104-06 OTIS AVENUE,NY,V0,11,,GOLD EMPIRE LLC,2000,0,20.0,100.0,5,12660,0,,,4,1024371.0,208196.0,40.7380355,-73.8552229,10b,,New York
QN,1957,2,404.0,21.0,11368.0,110.0,104-04 OTIS AVENUE,NY,V0,11,,GOLD EMPIRE LLC,2000,0,20.0,100.0,5,13680,0,,,4,1024364.0,208178.0,40.7379861,-73.8552482,10b,,New York
QN,4952,5,407.0,20.0,11354.0,109.0,32-25 LINDEN STREET,NY,V0,11,,LATIMER AND LINDEN MANAGEMENT CORP.,4677,0,37.42,125.0,5,51480,0,,,4,1030984.0,218771.0,40.7670287,-73.8312863,10a,,New York
QN,4409,17,407.0,20.0,11354.0,109.0,31-25 LINDEN PLACE,NY,V0,11,,ABD LINDEN GROUP LLC,3125,0,25.0,125.0,5,33480,0,,,4,1030791.0,219388.0,40.7687232,-73.8319788,10a,,New York
QN,15840,65,414.0,31.0,11691.0,101.0,3-05 BEACH 49 STREET,NY,V0,11,,305 BEACH 48TH STREET LLC,1902,0,20.0,95.1,5,3840,0,,,4,1045593.0,155712.0,40.5938574,-73.7791208,31a,,New York
QN,15890,62,414.0,31.0,11691.0,101.0,53-13 BEACH CHANNEL DRIVE,NY,V1,11,O,NYC HOUSING AUTHORITY,4225,0,40.01,105.95,5,100800,0,,,4,1044227.0,156072.0,40.5948548,-73.7840362,30c,,New York
QN,15965,20,414.0,31.0,11691.0,101.0,434 BEACH 44 STREET,NY,V0,11,,ROXINE JOHNSON,1735,0,20.0,86.74,5,3480,0,,,4,1046571.0,156755.0,40.5967134,-73.7755897,31a,,New York
QN,15963,51,414.0,31.0,11691.0,101.0,44-12 NORTON AVENUE,NY,V0,11,,ANTHROPOCENE LLC,1600,0,20.0,80.0,5,3252,0,,,4,1046285.0,157624.0,40.5991006,-73.7766116,31a,,New York
QN,15971,19,414.0,31.0,11691.0,101.0,47-08 NORTON AVENUE,NY,V1,11,,"ROCKOZ REALTY, LLC",5946,0,47.56,125.02,2,40950,0,,,4,1045695.0,157085.0,40.5976253,-73.7787411,31a,,New York
QN,15964,153,414.0,31.0,11691.0,101.0,45-12 NORTON AVENUE,NY,V0,11,,POLSINELLI MANAGMENT CO.,1409,0,26.72,73.96,5,2568,0,,,4,1046078.0,157402.0,40.5984927,-73.777359,31a,,New York
QN,15964,152,414.0,31.0,11691.0,101.0,45-12R NORTON AVENUE,NY,V0,11,,POLSINELLI MANAGMENT CO.,2394,0,67.09,42.0,5,6120,0,,,4,1046063.0,157453.0,40.5986328,-73.7774126,31a,,New York
QN,15968,129,414.0,31.0,11691.0,101.0,452 BEACH 46 STREET,NY,V0,11,,"RAMDIAL, ANA M",753,0,30.0,25.1,5,1542,0,,,4,1046120.0,156921.0,40.5971722,-73.7772122,31a,,New York
QN,15706,67,414.0,31.0,11691.0,101.0,22-59 LORETTA ROAD,NY,V0,11,,RAYMOND SMITH,1898,0,61.29,45.0,5,4020,0,,,4,1051681.0,158969.0,40.6027529,-73.7571672,31a,,New York
QN,15601,31,414.0,31.0,11691.0,101.0,2-10 SEAGIRT AVENUE,NY,V0,11,X,BEACH SHUL,3000,0,30.0,100.0,5,6300,0,,,4,1056836.0,156583.0,40.5961631,-73.7386288,31a,,New York
QN,15601,33,414.0,31.0,11691.0,101.0,202 BEACH 3 STREET,NY,V0,11,X,BEACH SHUL,4000,0,40.0,100.0,3,9960,0,,,4,1056801.0,156584.0,40.5961662,-73.7387548,31a,,New York
QN,15628,1,414.0,31.0,11691.0,101.0,18-69 GATEWAY BOULEVARD,NY,V0,11,,BEANSTALK ASSETS GROUP LLC,5583,0,55.0,74.0,3,13920,0,,,4,1053116.0,157704.0,40.5992697,-73.7520124,31a,,New York
QN,8304,25,411.0,23.0,11362.0,111.0,60-20 246 PLACE,NY,V0,11,,DT 246 MANAGEMENT LLC,6200,0,62.0,100.0,5,16380,0,,,4,1058731.0,215248.0,40.7571688,-73.7311569,11d,,New York
QN,5537,145,411.0,19.0,11358.0,111.0,195 STREET,NY,V0,11,,"ASIM, NIDA",2916,0,29.3,100.25,5,22860,0,,,4,1043537.0,214428.0,40.755033,-73.7860074,10d,,New York
QN,4409,18,407.0,20.0,11354.0,109.0,31-23 LINDEN PLACE,NY,V0,11,,ABD LINDEN GROUP LLC,2208,0,17.67,125.0,5,23940,0,,,4,1030785.0,219409.0,40.7687809,-73.8320003,10a,,New York
QN,15461,30,414.0,32.0,11693.0,100.0,13 EAST 10 ROAD,NY,V0,11,,"MOSS, THOMAS",2750,0,25.0,110.0,5,402,0,,,4,1034549.0,160097.0,40.6059628,-73.8188545,24d,,New York
QN,15500,105,414.0,32.0,11693.0,100.0,20-06 DEMEREST ROAD,NY,V1,11,,"SAW, CLARICE C",2940,0,28.0,105.0,2,990,0,,,4,1034303.0,157402.0,40.598567,-73.8197604,30c,,New York
QN,15400,63,414.0,32.0,11693.0,100.0,506 CROSS BAY BOULEVARD,NY,V0,11,,"SMITH, JAQUELINE M",2386,0,23.45,101.75,5,300,0,,,4,1034637.0,162033.0,40.6112762,-73.8185231,24d,,New York
QN,15323,17,414.0,32.0,11693.0,100.0,56 WEST 18 ROAD,NY,V0,11,,"BOLLMANN, JOSEPH",5000,0,50.0,100.0,2,570,0,,,4,1033339.0,158035.0,40.6003099,-73.8232271,30c,,New York
QN,15312,21,414.0,32.0,11693.0,100.0,9 WEST 9 ROAD,NY,V0,11,,"COYLE, RICHARD",2765,0,23.0,30.0,5,4560,0,,,4,1034227.0,160414.0,40.6068347,-73.8200117,24d,,New York
QN,15500,100,414.0,32.0,11693.0,100.0,20-14 DEMEREST ROAD,NY,V1,11,,"RIVERA, VICTOR",2970,0,27.0,110.0,2,2700,0,,,4,1034345.0,157315.0,40.598328,-73.8196098,30c,,New York
QN,15465,8,414.0,32.0,11693.0,100.0,214 EAST 9 ROAD,NY,V1,11,,D'AMBROSIO DOLORES,2500,0,25.0,100.0,5,900,0,,,4,1035259.0,160250.0,40.6063787,-73.8162963,24d,,New York
QN,15322,58,414.0,32.0,11693.0,100.0,21 WEST 18 ROAD,NY,V0,11,,"KLEIN, PATRICIA A",2500,0,25.0,100.0,5,4620,0,,,4,1033791.0,158115.0,40.6005269,-73.8215988,30c,,New York
QN,15461,28,414.0,32.0,11693.0,100.0,17 EAST 10 ROAD,NY,V0,11,,"MOSS, THOMAS",2750,0,25.0,110.0,5,5160,0,,,4,1034600.0,160099.0,40.605968,-73.8186708,24d,,New York
QN,15466,13,414.0,32.0,11693.0,100.0,308 EAST 8 ROAD,NY,V1,11,,"MARTYNICK, VERA C",1615,0,18.75,88.25,5,990,0,,,4,1035353.0,160499.0,40.6070616,-73.8159559,24d,,New York
QN,15485,5,414.0,32.0,11693.0,100.0,20-22 DEMEREST ROAD,NY,V1,11,,126 WILLOUGHBY AVENUE REALTY CORP.,5040,0,24.0,210.0,2,1800,0,,,4,1034348.0,157202.0,40.5980178,-73.8195998,30c,,New York
QN,15485,13,414.0,32.0,11693.0,100.0,20-11 DEMEREST ROAD,NY,V1,11,,20 DASH 10 CORP,2540,0,21.5,100.0,5,900,0,,,4,1034216.0,157334.0,40.5983809,-73.8200741,30c,,New York
QN,15484,2,414.0,32.0,11693.0,100.0,18-34 CHURCH ROAD,NY,V1,11,,"O'REILLY, EUGENE",5590,0,26.0,215.0,2,1800,0,,,4,1034438.0,157549.0,40.5989697,-73.8192731,30c,,New York
QN,11355,6,410.0,32.0,11414.0,106.0,75-20 BLAKE AVENUE,NY,V0,11,,REDEEMED CHRISTIAN CHURCH OF GOD INTL CH APEL,14000,0,100.11,140.0,3,78780,0,,,4,1023069.0,184357.0,40.672609,-73.8600586,18a,,New York
QN,12867,101,413.0,31.0,11422.0,116.0,128 ROAD,NY,V0,11,,"SCOTT, MICHAEL A",4940,0,56.0,100.0,3,8753,0,,,4,1060256.0,187558.0,40.6811538,-73.725965,19c,,New York
QN,9813,16,412.0,24.0,11432.0,103.0,88-29 163 STREET,NY,V1,11,,"163 AVENUE, LLC",2871,0,33.0,87.0,5,84150,0,,,4,1040103.0,197254.0,40.7079171,-73.7985447,14d,,New York
QN,16079,29,414.0,31.0,11692.0,100.0,3-07 BEACH 74 STREET,NY,V1,11,,"COLLINS, PATRICK",2000,0,20.0,100.0,5,24795,0,,,4,1039092.0,154700.0,40.5911222,-73.8025373,30c,,New York
QN,16119,41,414.0,32.0,11693.0,100.0,3-42A BEACH 88 STREET,NY,V0,11,,"SADLER, LEWIS",4436,0,52.0,105.0,5,12000,0,,,4,1036176.0,154133.0,40.5895835,-73.8130409,30c,,New York
QN,16103,96,414.0,31.0,11693.0,100.0,3-42 BEACH 84 STREET,NY,V0,11,,MARINUCCI CRAIG,5000,0,50.0,100.0,5,12540,0,,,4,1037104.0,154889.0,40.5916531,-73.8096937,30c,,New York
QN,16103,99,414.0,31.0,11693.0,100.0,3-48 BEACH 84 STREET,NY,V0,11,,MARINUCCI CRAIG,5000,0,50.0,100.0,5,12540,0,,,4,1037115.0,154940.0,40.591793,-73.8096537,30c,,New York
QN,15821,44,414.0,31.0,11691.0,101.0,151 BEACH 29TH STREET,NY,V0,11,,BEACH 30 GROUP LLC,2082,0,20.0,104.0,0,8640,0,,,4,1050364.0,155551.0,40.5933811,-73.7619434,31a,,New York
QN,15821,39,414.0,31.0,11691.0,101.0,161 BEACH 29TH STREET,NY,V0,11,,BEACH 30 GROUP LLC,2082,0,20.0,104.8,0,8640,0,,,4,1050350.0,155650.0,40.593653,-73.7619929,31a,,New York
QN,15815,91,414.0,31.0,11691.0,101.0,114 BEACH 24 STREET,NY,V0,11,,"ROC DEV CO, LLC",54340,0,441.17,138.0,5,131040,0,,,4,1051653.0,155438.0,40.5930613,-73.7573033,31a,,New York
QN,15461,21,414.0,32.0,11693.0,100.0,26 EAST 9 ROAD,NY,V3,11,,"RYAN, MICHAEL K",8250,0,75.0,110.0,5,13860,0,,,4,1034720.0,160217.0,40.6062912,-73.8182377,24d,,New York
QN,8250,20,411.0,19.0,11362.0,111.0,52-05 BROWVALE LANE,NY,V0,11,,FERAZZOLI MARIO,6774,0,61.0,81.0,3,38700,0,,,4,1058687.0,218509.0,40.7661197,-73.7312796,11c,,New York
QN,9578,17,410.0,28.0,11419.0,106.0,104-20 125 STREET,NY,V0,11,,"LIANG, YAO XUN",2000,0,20.0,100.0,5,8760,0,,,4,1034374.0,189759.0,40.6873794,-73.8192643,18c,,New York
QN,12048,122,412.0,28.0,11436.0,113.0,123-34 INWOOD STREET,NY,V0,11,,"BAKSH, VISHAL C",2000,0,20.0,100.0,5,5220,0,,,4,1041619.0,184999.0,40.6742703,-73.7931811,18c,,New York
QN,3973,42,407.0,19.0,11356.0,109.0,9 AVENUE,NY,V0,11,,JOHN MALACK,5000,0,50.0,100.0,5,34740,0,,,4,1027829.0,226814.0,40.7891207,-73.842624,7b,,New York
QN,1319,1,402.0,26.0,11377.0,108.0,50-01 QUEENS BOULEVARD,NY,V1,11,,DAFRE LLC,16438,0,100.02,195.81,3,591750,0,,,4,1007914.0,210052.0,40.7431891,-73.9146016,9b,,New York
QN,11355,26,410.0,32.0,11414.0,106.0,133-40 76 STREET,NY,V0,11,,JELB REALTY DEVELOP LLC,2018,0,20.0,100.92,5,7920,0,,,4,1023125.0,184063.0,40.6718018,-73.8598584,18a,,New York
QN,9169,45,410.0,32.0,11417.0,106.0,97-11 ROCKAWAY BOULEVARD,NY,V1,11,,"ROCK ASSET MANAGEMENT, LLC",4796,0,50.04,90.36,5,72900,1977,,,4,1028329.0,187224.0,40.6804536,-73.8410777,18a,,New York
QN,10151,65,412.0,27.0,11433.0,103.0,163-25 ARCHER AVENUE,NY,V1,11,,ARCHER TOWERS DEVELOPMENT LLC,36659,0,280.0,322.08,5,2799900,0,,,4,1040974.0,195835.0,40.7040167,-73.7954151,14d,,New York
QN,10101,24,412.0,27.0,11433.0,103.0,92-30 UNION HALL STREET,NY,V1,11,,MALL 92-30 ASSOC,14775,0,75.0,197.0,5,1128600,0,,,4,1040304.0,195582.0,40.7033266,-73.7978337,14d,,New York
QN,9758,47,412.0,27.0,11432.0,103.0,159-29 90 AVENUE,NY,V1,11,,FIRST REFORMED DUTCH CHURCH OF JAMAICA I N THE COUN,24238,0,149.0,197.0,5,1166850,0,,,4,1039609.0,196351.0,40.7054417,-73.800334,14d,,New York
QN,9761,82,412.0,27.0,11432.0,103.0,89-66 163 STREET,NY,V1,11,,JACKSON JAMAICA OPPORTUNITY LLC,540,0,9.0,60.0,8,2970,0,,,4,1040433.0,196272.0,40.7052197,-73.7973627,14d,,New York
QN,2482,46,405.0,30.0,11378.0,104.0,71-10 52 AVENUE,NY,V0,11,,J TUOZZO,4000,0,40.0,100.0,5,30000,0,,,4,1013987.0,206512.0,40.7334544,-73.8927011,13c,,New York
QN,12546,262,412.0,27.0,11434.0,113.0,133 AVENUE,NY,V0,11,,FL CONSULTING & MANAGEMENT LLC,1756,0,20.0,89.0,3,5100,0,,,4,1049867.0,186244.0,40.6776303,-73.7634345,19a,,New York
QN,2803,76,405.0,30.0,11378.0,104.0,73-25 57 AVENUE,NY,V1,11,,86-21 60TH ROAD PROPERTIES LLC,4524,0,40.67,111.25,3,145350,0,,,4,1015167.0,204798.0,40.7287458,-73.8884512,13c,,New York
QN,11121,31,413.0,27.0,11429.0,105.0,111-10 209 PLACE,NY,V0,11,,"RAYMOND, CAROLE",2520,0,40.0,54.0,5,14460,0,,,4,1054304.0,196618.0,40.7060704,-73.7473303,15b,,New York
QN,2091,26,406.0,29.0,11374.0,112.0,97-44 64TH AVNUE,NY,V0,11,,RUOGU CAPITAL LLC,4900,0,49.0,100.0,5,57180,0,,,4,1023402.0,205262.0,40.7299868,-73.8587366,14a,,New York
QN,9281,118,409.0,29.0,11418.0,102.0,129-20 HILLSIDE AVENUE,NY,V1,11,,"LOLP, LLC",920,0,56.0,32.0,5,30150,0,,,4,1033438.0,195619.0,40.703469,-73.8225965,14d,,New York
QN,9591,63,410.0,28.0,11419.0,106.0,104-11 131 STREET,NY,V0,11,,"KARIBWORKS ENTERPRISES, INC.",2500,0,25.0,100.0,5,6660,0,,,4,1035738.0,190665.0,40.6898583,-73.8143391,18c,,New York
QN,9592,8,410.0,28.0,11419.0,106.0,105-04 133 STREET,NY,V0,11,,"PURAN, BHOWANIE",2700,0,25.0,108.0,5,10500,0,,,4,1036082.0,190561.0,40.6895709,-73.8130995,18c,,New York
QN,9589,19,410.0,28.0,11419.0,106.0,103-24 VAN WYCK EXPRESSWAY,NY,V0,11,,LION TEMPLE BAPT CH   #A,2500,0,25.0,100.0,5,6660,0,,,4,1036725.0,191054.0,40.6909203,-73.8107771,18c,,New York
QN,3067,109,405.0,30.0,11379.0,104.0,66-07 78 STREET,NY,V0,11,,MONTALBANO  LUIGI,815,0,16.42,49.67,5,6660,0,,,4,1018872.0,199923.0,40.7153514,-73.8751086,13d,,New York
QN,9592,78,410.0,28.0,11419.0,106.0,104-36 133 STREET,NY,V0,11,X,ARYA SPIRITUAL CENTER IN,22668,0,139.95,49.44,5,53940,0,,,4,1036009.0,190669.0,40.6898677,-73.8133619,18c,,New York
QN,9589,18,410.0,28.0,11419.0,106.0,103-22 VAN WYCK EXPRESSWAY,NY,V0,11,,"ZION TEMPLE BAPTISTCHURCH, INC",2500,0,25.0,100.0,5,6660,0,,,4,1036715.0,191077.0,40.6909835,-73.8108129,18c,,New York
QN,3059,67,405.0,30.0,11379.0,104.0,66 DRIVE,NY,V0,11,,"MANZELLA, FARA",3400,0,40.0,85.0,3,240,0,,,4,1018053.0,199314.0,40.713683,-73.878066,13d,,New York
QN,11841,33,410.0,28.0,11420.0,106.0,118-09 NORTH CONDUIT AVENUE,NY,V0,11,,LIONEL SINGH,1752,0,20.92,83.75,5,5040,0,,,4,1033440.0,182159.0,40.6665244,-73.8226875,18d,,New York
QN,2781,124,405.0,30.0,11378.0,104.0,60-66 69 STREET,NY,V0,11,,ADM 69 ST REALTY LLC,7744,0,52.0,141.0,5,27360,0,,,4,1014236.0,201494.0,40.7196804,-73.891825,13c,,New York
QN,4952,1,407.0,20.0,11354.0,109.0,32-35 LINDEN STREET,NY,V0,11,,"LATIMER AND LINDEN MANAGEMENT, CORP.",11125,0,89.5,125.0,3,180660,0,,,4,1031004.0,218707.0,40.7668529,-73.8312146,10a,,New York
QN,4952,9,407.0,20.0,11354.0,109.0,32-19 LINDEN STREET,NY,V0,11,,LATIMER AND LINDEN MANAGEMENT CORP.,3750,0,30.0,125.0,5,41400,0,,,4,1030964.0,218837.0,40.7672099,-73.8313581,10a,,New York
QN,4409,21,407.0,20.0,11354.0,109.0,31-15 LINDEN STREET,NY,V0,11,,JINKE REAL ESTATE GROUP LLC,1938,0,15.5,125.0,5,14340,0,,,4,1030766.0,219469.0,40.7689457,-73.8320685,10a,,New York
QN,15751,10,414.0,31.0,11691.0,101.0,606 BEACH 22 STREET,NY,V0,11,,HASSEN GROUP 1  LLC,10000,0,100.0,100.0,3,13020,0,,,4,1052222.0,158384.0,40.6011431,-73.7552249,31a,,New York
QN,4249,32,407.0,19.0,11357.0,109.0,22 ROAD,NY,V0,11,,GEORGE AND STELLA KAPORIS JOINT REVOCABL E TRUST,4400,0,60.0,100.0,5,8172,0,,,4,1032508.0,223063.0,40.7788009,-73.8257538,10a,,New York
QN,15962,5,414.0,31.0,11691.0,101.0,526 BEACH 44 STREET,NY,V0,11,,EDGEMERE HOLDINGS LLC,1735,0,20.0,86.74,5,3480,0,,,4,1046488.0,157674.0,40.5992364,-73.7758801,31a,,New York
QN,15724,70,414.0,31.0,11691.0,101.0,12-60 NORTON DRIVE,NY,V0,11,,"GARCIA-ABRIL RUIZ, ANTON",6390,0,76.83,80.38,5,9240,0,,,4,1048312.0,160294.0,40.6064147,-73.7692871,25b,,New York
QN,16238,11,414.0,32.0,11694.0,100.0,128-03 ROCKAWAY BEACH BLVD,NY,V0,11,X,ROMAN CATHOLIC CHURCH OF ST. FRANCIS DE  SALES,10735,0,100.34,111.25,5,23220,0,,,4,1026678.0,149141.0,40.575932,-73.8472696,30b,,New York
QN,15722,9,414.0,31.0,11691.0,101.0,27-13 COLD SPRING ROAD,NY,V0,11,,2713 COLD SPRING LLC,12847,0,104.0,134.55,5,20040,0,,,4,1049285.0,159833.0,40.6051423,-73.7657874,25b,,New York
QN,15580,44,414.0,31.0,11691.0,101.0,6-15 READS LANE,NY,V0,11,,"FINMAN, DOV BER",9670,0,78.0,120.0,5,20820,0,,,4,1056026.0,158574.0,40.6016346,-73.7415243,31a,,New York
QN,15609,15,414.0,31.0,11691.0,101.0,149 BEACH 6 STREET,NY,V0,11,,ROCKAWAY BEACH PARTNERS LLC,5630,0,66.21,77.47,0,10020,0,,,4,1056324.0,156241.0,40.5952286,-73.740476,31a,,New York
QN,15608,23,414.0,31.0,11691.0,101.0,1-51 BEACH 4 STREET,NY,V0,11,,"LEONE, VITA M",1550,0,20.0,77.49,5,3138,0,,,4,1056545.0,156172.0,40.5950374,-73.739681,31a,,New York
QN,15602,14,414.0,31.0,11691.0,101.0,239 BEACH 3 STREET,NY,V0,11,,239 BEACH 3RD LLC,20280,0,130.0,156.0,5,25740,0,,,4,1056659.0,156788.0,40.5967273,-73.7392639,31a,,New York
QN,15604,292,414.0,31.0,11691.0,101.0,1 SEAGIRT AVENUE,NY,V0,11,,ONE SEAGIRT LLC,48125,0,275.0,175.0,5,102360,0,,,4,1056140.0,156629.0,40.5962951,-73.7411345,31a,,New York
QN,5540,1,411.0,19.0,11358.0,111.0,196 PLACE,NY,V0,11,,SAM DIMOS,1819,0,24.67,151.25,3,15360,0,,,4,1043891.0,214518.0,40.7552777,-73.7847289,10d,,New York
QN,5520,8,411.0,19.0,11358.0,111.0,196-20 NORTHERN BOULEVARD,NY,V3,11,X,ST NICHOLAS GREEK ORTHODOX CHURCH FLUSHI NG INC,3970,0,19.25,206.25,5,28500,0,,,4,1043839.0,215316.0,40.7574683,-73.7849095,10d,,New York
QN,15628,4,414.0,31.0,11691.0,101.0,18-59 GATEWAY BOULEVARD,NY,V0,11,,"EPISCOPAL HEALTH SERVICES, INC.",7143,0,55.0,135.16,5,15000,0,,,4,1053150.0,157740.0,40.5993683,-73.7518896,31a,,New York
QN,15573,20,414.0,31.0,11691.0,101.0,6 GREENWOOD COURT,NY,V0,11,,GW COURT LLC,14426,0,30.0,200.0,5,27780,0,,,4,1054254.0,158699.0,40.6019919,-73.7479042,31a,,New York
QN,15573,107,414.0,31.0,11691.0,101.0,10 GREENWOOD COURT,NY,V0,11,,GW COURT LLC,284,0,12.25,23.17,5,120,0,,,4,1054317.0,158668.0,40.6019063,-73.7476776,31a,,New York
QN,7360,1,411.0,20.0,11364.0,111.0,202 STREET,NY,V0,11,,"YEUNG, KANNY C.K.",1057,0,33.0,53.0,3,5640,0,,,4,1045736.0,213407.0,40.7522156,-73.7780796,11b,,New York
QN,15568,13,414.0,31.0,11691.0,101.0,542 BEACH 19 STREET,NY,V0,11,,BEACH 19TH PARKING LLC,5850,0,89.9,130.0,5,11760,0,,,4,1053149.0,158099.0,40.6003537,-73.7518896,31a,,New York
QN,7303,18,411.0,19.0,11361.0,111.0,45 DRIVE,NY,V0,11,,THE WILLS ENTERPRISE LLC,5926,0,31.17,31.17,3,27300,0,,,4,1045946.0,214916.0,40.756356,-73.7773078,11b,,New York
QN,15629,54,414.0,31.0,11691.0,101.0,311A OSTEND PLACE,NY,V0,11,,OSTEND PLACE LLC,3111,0,23.0,136.08,5,10380,0,,,4,1053701.0,157331.0,40.5982413,-73.7499097,31a,,New York
QN,15619,24,414.0,31.0,11691.0,101.0,233 BEACH 12 STREET,NY,V5,11,X,BAIS YAAKOV ATERES MIRIAM,4371,0,40.28,106.92,3,130050,0,,,4,1054688.0,156677.0,40.5964385,-73.7463624,31a,,New York
QN,15629,72,414.0,31.0,11691.0,101.0,325 BEACH 15 STREET,NY,V0,11,,SKI DEVELOPMENT 12 LLC,10143,0,80.0,126.85,5,32520,0,,,4,1053854.0,157381.0,40.5983774,-73.7493582,31a,,New York
QN,8262,129,411.0,19.0,11362.0,111.0,46-11 GLENWOOD STREET,NY,V0,11,,"EL-SAWAF, ABDEL-NABI",1150,0,40.0,30.0,5,5280,0,,,4,1058247.0,220543.0,40.7717062,-73.7328456,11c,,New York
QN,8262,131,411.0,19.0,11362.0,111.0,254-04 PEMBROKE AVENUE,NY,V0,11,,"LIU, YANG",1280,0,60.0,20.0,5,6240,0,,,4,1058210.0,220576.0,40.7717971,-73.7329788,11c,,New York
QN,8260,11,411.0,19.0,11362.0,111.0,253-26 NORTHERN BOULEVARD,NY,V1,11,,253-26 NORTHERN LLC,4076,0,20.0,133.0,5,136800,0,,,4,1057770.0,220329.0,40.7711228,-73.7345701,11a,,New York
QN,8260,221,411.0,19.0,11362.0,111.0,253-17 PEMBROKE AVENUE,NY,V1,11,,253-17 PEMBROKE LLC,7000,0,100.0,70.0,3,148500,0,,,4,1057875.0,220329.0,40.7711219,-73.734191,11a,,New York
QN,16217,37,414.0,32.0,11694.0,100.0,121-16 ROCKAWAY BEACH BLVD,NY,V0,11,X,TEMPLE BETH EL ROCKAW,10000,0,100.0,100.0,3,19440,0,,,4,1028107.0,150063.0,40.5784558,-73.8421196,30b,,New York
QN,15622,95,414.0,31.0,11691.0,101.0,13-12 NEW HAVEN AVENUE,NY,V0,11,,1316 NEWHAVEN LLC,936,0,23.04,44.0,5,1800,0,,,4,1054378.0,157183.0,40.5978298,-73.7474734,31a,,New York
QN,15619,26,414.0,31.0,11691.0,101.0,12-08 HEYSON ROAD,NY,V5,11,X,BAIS YAAKOV ATERES MIRIAM,4558,0,40.28,116.32,5,105300,0,,,4,1054648.0,156675.0,40.5964333,-73.7465064,31a,,New York
QN,15890,8,414.0,31.0,11691.0,101.0,53-04 ROCKAWAY BEACH BLVD,NY,V1,11,,BEACH 53 GARDENS LLC,8200,0,103.63,50.74,3,230850,0,,,4,1044319.0,155346.0,40.5928615,-73.7837114,30c,,New York
QN,15835,43,414.0,31.0,11691.0,101.0,364 BEACH 45 STREET,NY,V0,11,,ROSALYN LEON,2287,0,25.2,95.77,3,5760,0,,,4,1046379.0,156311.0,40.595496,-73.7762852,31a,,New York
QN,15890,13,414.0,31.0,11691.0,101.0,53-06 ROCKAWAY BEACH BLVD,NY,V1,11,,BEACH 53 GARDENS LLC,1680,0,30.48,72.0,5,35100,0,,,4,1044268.0,155315.0,40.5927768,-73.7838953,30c,,New York
QN,15839,26,414.0,31.0,11691.0,101.0,47-15 BEACH CHANNEL DRIVE,NY,V0,11,,WESTAVITZ INFORMATION MANAGEMENT GROUP I NC.,8559,0,90.01,95.0,3,25020,0,,,4,1045690.0,156214.0,40.5952346,-73.778767,31a,,New York
QN,8268,100,411.0,19.0,11362.0,111.0,3 CONCORD STREET,NY,V0,11,,"ZHOU, MINGMEI",1420,0,60.0,40.0,3,7620,0,,,4,1059270.0,219725.0,40.7694524,-73.7291614,11c,,New York
QN,15964,53,414.0,31.0,11691.0,101.0,45-14 NORTON AVENUE,NY,V0,11,,POLSINELLI MANAGMENT CO.,1144,0,26.47,61.98,5,2112,0,,,4,1046060.0,157379.0,40.5984297,-73.7774241,31a,,New York
QN,15963,52,414.0,31.0,11691.0,101.0,44-14 NORTON AVENUE,NY,V0,11,,ANTHROPOCENE LLC,1600,0,20.0,80.0,5,5280,0,,,4,1046265.0,157622.0,40.5990952,-73.7766836,31a,,New York
QN,15966,65,414.0,31.0,11691.0,101.0,469 BEACH 44 STREET,NY,V0,11,,"HERRARTE, HOWARD",1706,0,20.0,85.28,5,3420,0,,,4,1046396.0,157100.0,40.5976615,-73.7762167,31a,,New York
QN,15965,54,414.0,31.0,11691.0,101.0,504 BEACH 44 STREET,NY,V0,11,,GITMAR REALTY CORP,1735,0,20.0,86.74,5,3480,0,,,4,1046508.0,157453.0,40.5986297,-73.7758102,31a,,New York
QN,15965,53,414.0,31.0,11691.0,101.0,502 BEACH 44 STREET,NY,V0,11,,ROBERT & MARIE MURPHY,1735,0,20.0,86.74,5,3480,0,,,4,1046510.0,157433.0,40.5985748,-73.7758031,31a,,New York
QN,8249,19,411.0,19.0,11362.0,111.0,49-37 ANNADALE LANE,NY,V0,11,,CHAMPS HOLDINGS LTD,12137,0,90.0,100.0,5,55320,0,,,4,1058599.0,219020.0,40.767523,-73.7315916,11c,,New York
QN,15968,89,414.0,31.0,11691.0,101.0,445 BEACH 45 STREET,NY,V0,11,,508 BEACH 45 ST LLC,1890,0,20.0,94.52,5,3780,0,,,4,1046189.0,156837.0,40.5969411,-73.7769645,31a,,New York
QN,15971,14,414.0,31.0,11691.0,101.0,47-14 NORTON AVENUE,NY,V9,11,,AVARAQUELA REALTY LLC,4459,0,35.67,125.02,5,35550,0,,,4,1045599.0,156997.0,40.5973844,-73.7790876,31a,,New York
QN,15961,87,414.0,31.0,11691.0,101.0,552 BEACH 43 STREET,NY,V0,11,C,NYC HOUSING PRESERVATION AND DEVELOPMENT,2375,0,25.0,95.0,5,6780,0,,,4,1046713.0,158162.0,40.6005743,-73.7750654,31a,,New York
QN,15962,87,414.0,31.0,11691.0,101.0,517 BEACH 43 STREET,NY,V0,11,,NORTHEASTERN MORTGAGE INVESTMENT CORP,1599,0,26.0,61.46,5,3252,0,,,4,1046630.0,157654.0,40.5991805,-73.775369,31a,,New York
QN,15965,109,414.0,31.0,11691.0,101.0,419 BEACH 43 STREET,NY,V0,11,,"PEREZ, GLADYS",2907,0,23.25,124.57,5,8280,0,,,4,1046690.0,156616.0,40.596331,-73.7751625,31a,,New York
QN,15965,104,414.0,31.0,11691.0,101.0,431 BEACH 43 STREET,NY,V0,11,,"RON COHEN RESIDENTIAL REAL ESTATE, INC.",2498,0,20.0,124.88,5,7140,0,,,4,1046680.0,156728.0,40.5966385,-73.7751975,31a,,New York
QN,15963,50,414.0,31.0,11691.0,101.0,44-10 NORTON AVENUE,NY,V0,11,,"AQEL, GALEB",1600,0,20.0,80.0,5,3252,0,,,4,1046305.0,157626.0,40.5991059,-73.7765396,31a,,New York
QN,15965,52,414.0,31.0,11691.0,101.0,500 BEACH 44 STREET,NY,V0,11,,ROBERT J MURPHY,1735,0,20.0,86.74,5,3480,0,,,4,1046512.0,157413.0,40.5985198,-73.7757961,31a,,New York
QN,8247,27,411.0,19.0,11362.0,111.0,50-17 DEEPDALE PLACE,NY,V0,11,,WILLIAM AND MAITASUN SHAW IRREVOCABLE TR UST,2420,0,20.0,124.33,5,11400,0,,,4,1058239.0,218857.0,40.7670786,-73.7328931,11c,,New York
QN,15968,86,414.0,31.0,11691.0,101.0,451 BEACH 45 STREET,NY,V0,11,,449 BEACH 45 ST LLC,1890,0,20.0,94.52,5,3780,0,,,4,1046183.0,156896.0,40.5971031,-73.7769856,31a,,New York
QN,15968,82,414.0,31.0,11691.0,101.0,459 BEACH 45 STREET,NY,V0,11,,"ROCKOZ REALTY, LLC",1890,0,20.0,94.52,5,3780,0,,,4,1046176.0,156977.0,40.5973255,-73.77701,31a,,New York
QN,15966,8,414.0,31.0,11691.0,101.0,448 BEACH 45 STREET,NY,V0,11,,ORAN DEVELOPMENT AND MANAGEMENT LLC,1825,0,20.0,91.26,5,3660,0,,,4,1046325.0,156895.0,40.5970994,-73.7764743,31a,,New York
QN,15966,80,414.0,31.0,11691.0,101.0,439 BEACH 44 STREET,NY,V0,11,,ROCCO A DOINO,1706,0,20.0,85.28,5,3420,0,,,4,1046423.0,156804.0,40.5968489,-73.7761222,31a,,New York
QN,15968,85,414.0,31.0,11691.0,101.0,453 BEACH 45 STREET,NY,V0,11,,449 BEACH 45 ST LLC,1890,0,20.0,94.52,5,3780,0,,,4,1046181.0,156916.0,40.597158,-73.7769926,31a,,New York
QN,15968,70,414.0,31.0,11691.0,101.0,483 BEACH 45 STREET,NY,V0,11,,"BUDHU, BISUNDIAL",1890,0,20.0,94.52,5,3780,0,,,4,1046154.0,157216.0,40.5979816,-73.7770871,31a,,New York
QN,5872,114,407.0,19.0,11360.0,109.0,212TH STREET,NY,V0,11,,BAY LANE LLC,61118,0,413.0,256.0,5,371820,0,,,4,1045284.0,224348.0,40.7822489,-73.7796117,7d,,New York
QN,15800,144,414.0,31.0,11691.0,101.0,326 BEACH 27 STREET,NY,V0,11,,"T. D. EQUITIES, INC.",4463,0,9.0,150.0,5,11220,0,,,4,1050882.0,156888.0,40.597047,-73.7600651,31a,,New York
QN,15784,1,414.0,31.0,11691.0,101.0,24-00 SEAGIRT BOULEVARD,NY,V1,11,,SEAGIRT BUYER LLC,26524,0,170.67,155.42,3,965250,0,,,4,1051371.0,156469.0,40.5958933,-73.7583084,31a,,New York
QN,15776,25,414.0,31.0,11691.0,101.0,385 BRIAR PLACE,NY,V0,11,,LORENZO SIMMONS,2743,0,46.34,77.63,5,7020,0,,,4,1051344.0,157171.0,40.5978203,-73.7583987,31a,,New York
QN,11426,102,410.0,32.0,11414.0,106.0,151-01 79 STREET,NY,V0,11,X,UNAVAILABLE OWNER,3260,0,20.0,123.34,5,0,0,,,4,1024388.0,182306.0,40.6669736,-73.8553158,18b,,New York
QN,7453,27,411.0,20.0,11364.0,111.0,203 STREET,NY,V0,11,,"OUYANG, JINGWEN",2000,0,20.0,100.0,5,9360,0,,,4,1046929.0,210800.0,40.7450517,-73.7737981,11b,,New York
QN,16157,58,414.0,32.0,11694.0,100.0,3-39 BEACH 101 STREET,NY,V0,11,,SFC PROPERTIES LLC,5019,0,50.0,100.0,5,12660,0,,,4,1033325.0,152676.0,40.5856006,-73.8233164,30c,,New York
QN,850,350,401.0,22.0,11105.0,114.0,20 AVENUE,NY,V1,11,P,LUYSTER CREEK LLC.,835323,0,331.0,1248.0,5,26627400,0,,,4,1011122.0,224186.0,40.7819741,-73.9029681,9c,,New York
QN,16156,100,414.0,32.0,11694.0,100.0,100-04 ROCKAWAY BEACH BLVD,NY,V1,11,,BEACHSIDE ASSOCIATES LLC,960,0,20.0,48.0,5,34650,0,,,4,1033870.0,152057.0,40.5838985,-73.8213588,30c,,New York
QN,16156,99,414.0,32.0,11694.0,100.0,100-02 ROCKAWAY BEACH BLVD,NY,V0,11,,BEACHSIDE ASSOCIATES LLC,910,0,19.0,48.0,3,5160,0,,,4,1033886.0,152068.0,40.5839286,-73.8213011,30c,,New York
QN,16156,101,414.0,32.0,11694.0,100.0,100-06 ROCKAWAY BEACH BLVD,NY,V0,11,,BEACHSIDE ASSOCIATES LLC,960,0,20.0,48.0,5,4860,0,,,4,1033853.0,152047.0,40.5838712,-73.8214201,30c,,New York
QN,765,20,401.0,22.0,11105.0,114.0,19-00 48 STREET,NY,V1,11,,"CHARMER INDUSTRIES,INC",57750,0,70.0,825.0,5,1324800,0,,,4,1013184.0,221219.0,40.773824,-73.8955352,9c,,New York
QN,15706,63,414.0,31.0,11691.0,101.0,22-61 LORETTA ROAD,NY,V0,11,,"ADRIAN, YOLANDE",2670,0,71.5,46.0,5,6840,0,,,4,1051645.0,158941.0,40.6026763,-73.7572972,31a,,New York
QN,8833,40,413.0,23.0,11001.0,105.0,258 STREET,NY,V0,11,,"PALAMAR, JOHN",325,0,26.5,24.0,5,306,0,,,4,1065430.0,205032.0,40.7290696,-73.7071,15c,,New York
QN,15485,4,414.0,32.0,11693.0,100.0,20-24 DEMEREST ROAD,NY,V1,11,,126 WILLOUGHBY AVENUE REALTY CORP,4709,0,26.0,181.13,2,1665,0,,,4,1034346.0,157174.0,40.597941,-73.8196072,30c,,New York
QN,15485,2,414.0,32.0,11693.0,100.0,31 VAN BRUNT ROAD,NY,V1,11,,"KRAMER, MARIA",14895,0,75.0,181.17,5,4275,0,,,4,1034374.0,157127.0,40.5978118,-73.8195067,30c,,New York
QN,15317,33,414.0,32.0,11693.0,100.0,10 WEST 12 ROAD,NY,V0,11,,"PORCELLA, THOMAS A",2500,0,25.0,100.0,5,360,0,,,4,1034099.0,159487.0,40.6042911,-73.8204796,30c,,New York
QN,15476,9,414.0,32.0,11693.0,100.0,10-06 CHANNEL ROAD,NY,V1,11,,"KROOG, JAMES",1429,0,23.89,61.85,5,450,0,,,4,1034610.0,159945.0,40.6055453,-73.8186359,24d,,New York
QN,11357,6,410.0,32.0,11414.0,106.0,77-12 BLAKE AVENUE,NY,V0,11,,77-12 133RD AVENUE CORP.,3216,0,58.0,100.08,3,13560,0,,,4,1023563.0,184500.0,40.6729993,-73.8582769,18a,,New York
QN,15457,30,414.0,32.0,11693.0,100.0,610 WALTON ROAD,NY,V0,11,,"GUTTIERI, PETER",1930,0,32.54,79.52,5,180,0,,,4,1035115.0,160993.0,40.6084189,-73.8168093,24d,,New York
QN,15311,11,414.0,32.0,11693.0,100.0,701 CROSS BAY BOULEVARD,NY,V0,11,,CHARLES HOWARD,8532,0,195.0,90.0,5,13260,0,,,4,1034351.0,160891.0,40.6081433,-73.8195616,24d,,New York
QN,15400,40,414.0,32.0,11693.0,100.0,540 CROSS BAY BOULEVARD,NY,V0,11,,"PEARCE, DANIEL T",2623,0,25.5,102.33,5,300,0,,,4,1034628.0,161552.0,40.609956,-73.8185591,24d,,New York
QN,15400,10,414.0,32.0,11693.0,100.0,115 6 ROAD,NY,V0,11,,"KHAN, HEDAET ULLAH",2600,0,26.0,100.0,5,300,0,,,4,1035065.0,161231.0,40.6090725,-73.8169876,24d,,New York
QN,15454,31,414.0,32.0,11693.0,100.0,101 EAST 7 ROAD,NY,V0,11,,"RHODES, JACK",3264,0,27.5,115.7,3,402,0,,,4,1034761.0,161103.0,40.6087229,-73.8180834,24d,,New York
QN,15457,28,414.0,32.0,11693.0,100.0,102 STREET,NY,V0,11,,"GUTIERRI, JANET",2275,0,35.7,102.86,5,3180,0,,,4,1035111.0,160964.0,40.6083394,-73.816824,24d,,New York
QN,15451,21,414.0,32.0,11693.0,100.0,18 6 ROAD,NY,V0,11,,"BARTELS SIROTA, KELLI ANN",2500,0,25.0,100.0,5,300,0,,,4,1034723.0,161239.0,40.6090964,-73.8182193,24d,,New York
QN,15457,3,414.0,32.0,11693.0,100.0,206 EAST 6 ROAD,NY,V0,11,,"MAHARAJ, LEIANA",3478,0,37.0,94.0,5,402,0,,,4,1035180.0,161035.0,40.6085338,-73.8165749,24d,,New York
QN,15465,2,414.0,32.0,11693.0,100.0,202 EAST 9 ROAD,NY,V1,11,,CHARLES BOSTWICK,6000,0,60.0,100.0,5,2250,0,,,4,1035116.0,160243.0,40.6063603,-73.8168114,24d,,New York
QN,15317,32,414.0,32.0,11693.0,100.0,12 WEST 12 ROAD,NY,V0,11,,"PORCELLA, THOMAS A",2500,0,25.0,100.0,5,300,0,,,4,1034073.0,159492.0,40.6043049,-73.8205732,30c,,New York
QN,15321,36,414.0,32.0,11693.0,100.0,10 WEST 16 ROAD,NY,V0,11,,"OLDENBUTTEL, LEWIS",2875,0,30.0,100.0,5,6000,0,,,4,1033984.0,158476.0,40.6015167,-73.8209012,30c,,New York
QN,15315,53,414.0,32.0,11693.0,100.0,19 WEST 11 ROAD,NY,V0,11,,O'BRIEN  JAMES,2500,0,25.0,100.0,2,4620,0,,,4,1034017.0,159887.0,40.6053894,-73.8207719,24d,,New York
QN,15321,14,414.0,32.0,11693.0,100.0,203 AVENUE,NY,V0,11,,"ABARCA, SUSANA",2500,0,25.0,100.0,5,4620,0,,,4,1033537.0,158529.0,40.6016647,-73.8225105,30c,,New York
QN,15304,2,414.0,32.0,11693.0,100.0,329 CROSS BAY BOULEVARD,NY,V0,11,,"MACRAE, JOHN DENIS JR.",9447,0,37.5,249.83,5,14520,0,,,4,1034081.0,162496.0,40.6125502,-73.8205222,24d,,New York
QN,15304,3,414.0,32.0,11693.0,100.0,325 CROSS BAY BOULEVARD,NY,V0,11,,"MURRAY, JOSEPH J",14807,0,57.71,254.03,5,972,0,,,4,1034056.0,162537.0,40.6126629,-73.8206119,24d,,New York
QN,15453,8,414.0,32.0,11693.0,100.0,728 CROSS BAY BOULEVARD,NY,V0,11,,CHARLES W HOWARD,4180,0,50.74,87.95,3,8160,0,,,4,1034510.0,160715.0,40.6076593,-73.8189903,24d,,New York
QN,15318,71,414.0,32.0,11693.0,100.0,14 ROAD,NY,V0,11,,MINAMI THOMAS,3000,0,30.0,100.0,2,5520,0,,,4,1033458.0,159181.0,40.6034547,-73.8227902,30c,,New York
QN,15321,24,414.0,32.0,11693.0,100.0,16 ROAD,NY,V0,11,,"RAUERT, THEODORE",2500,0,30.0,100.0,5,4620,0,,,4,1033709.0,158509.0,40.6016088,-73.8218912,30c,,New York
QN,15477,18,414.0,32.0,11693.0,100.0,12-10 CROSS BAY BOULEVARD,NY,V0,11,,"SCANLON-BOSTWICK, STACY A",2399,0,25.25,95.0,5,240,0,,,4,1034365.0,159395.0,40.604037,-73.8195223,30c,,New York
QN,15456,15,414.0,32.0,11693.0,100.0,112 NOEL ROAD,NY,V0,11,,"MCCOY-SMILARDI, KATHLEEN",2500,0,25.0,100.0,5,402,0,,,4,1034847.0,160709.0,40.6076409,-73.8177767,24d,,New York
QN,15316,16,414.0,32.0,11693.0,100.0,32 WEST 11 ROAD,NY,V0,11,,SCOTT CHARLES,2500,0,25.0,100.0,5,4620,0,,,4,1033854.0,159776.0,40.6050857,-73.8213598,24d,,New York
QN,15315,43,414.0,32.0,11693.0,100.0,10-11 CROSS BAY BOULEVARD,NY,V0,11,,"CINA, MAURIZIO MARIO",2500,0,25.0,100.0,5,360,0,,,4,1034213.0,159902.0,40.6054295,-73.820066,24d,,New York
QN,15327,10,414.0,32.0,11693.0,100.0,97 STREET,NY,V0,11,C,NYC DEPARTMENT OF PARKS AND RECREATION,106933,0,188.23,621.59,5,134040,0,,,4,1033328.0,157264.0,40.5981937,-73.8232723,30c,,New York
QN,11357,16,410.0,32.0,11414.0,106.0,133-22 SAPPHIRE STREET,NY,V0,11,,"SOUTH AMBER REALTY, LLC",4037,0,40.0,100.92,5,19380,0,,,4,1023609.0,184306.0,40.6724666,-73.8581122,18a,,New York
QN,11410,1,410.0,32.0,11414.0,106.0,149-39 SAPPHIRE STREET,NY,V0,11,,KIVA HOMES LLC,8000,0,54.67,106.5,6,30540,0,,,4,1024117.0,182532.0,40.6675951,-73.8562914,18b,,New York
QN,11357,36,410.0,32.0,11414.0,106.0,77-09 DUMONT AVENUE,NY,V0,11,,SOUTH AMBER REALTY LLC.,2860,0,30.0,95.33,5,10500,0,,,4,1023597.0,184074.0,40.6718299,-73.8581568,18a,,New York
QN,1169,49,403.0,25.0,11372.0,115.0,73-01 NORTHERN BOULEVARD,NY,V1,11,,7301 NORTHERN LLC,16567,0,110.0,150.61,3,687600,0,,,4,1013741.0,214378.0,40.7550454,-73.8935542,9d,,New York
QN,8578,1,413.0,23.0,11426.0,105.0,82-66 247 STREET,NY,V0,11,,"KHAN, SHAZAD",6000,0,60.0,100.0,3,17280,0,,,4,1061523.0,207804.0,40.736713,-73.7211646,15c,,New York
QN,14246,1207,410.0,32.0,11414.0,106.0,163 ROAD,NY,V0,11,,"GIUNTA, JOHN A",3200,0,40.0,80.0,5,9420,0,,,4,1031734.0,177314.0,40.6532353,-73.8288712,18b,,New York
QN,11410,12,410.0,32.0,11414.0,106.0,149-10 79 STREET,NY,V0,11,,KIVA HOMES LLC,2750,0,10.0,115.17,6,10860,0,,,4,1024146.0,182790.0,40.6683031,-73.8561853,18b,,New York
QN,11355,29,410.0,32.0,11414.0,106.0,133-42 76 STREET,NY,V0,11,,JELB REALTY DEVELOP LLC,10375,0,120.0,100.0,3,2340,0,,,4,1023142.0,184002.0,40.6716343,-73.8597975,18a,,New York
QN,11356,42,410.0,32.0,11414.0,106.0,133-35 76 STREET,NY,V0,11,,REDEEMED CHRISTIAN CHURCH OF GOD INTL CH APEL,2018,0,20.0,100.92,5,7920,0,,,4,1023274.0,184133.0,40.6719932,-73.8593209,18a,,New York
QN,12646,32,412.0,27.0,11412.0,113.0,191 STREET,NY,V0,11,C,NYC DEPARTMENT OF CITYWIDE ADMINISTRATIVE SERVICES,43,0,1.58,54.65,8,183,0,,,4,1051287.0,189968.0,40.6878411,-73.7582781,19a,,New York
QN,9356,7,409.0,29.0,11418.0,102.0,127-16 91 AVENUE,NY,V1,11,,91ST AVENUE LLC,2800,0,28.0,100.0,5,58050,0,,,4,1033723.0,193518.0,40.6977006,-73.821584,14d,,New York
QN,16138,42,414.0,32.0,11693.0,100.0,141 BEACH 92 STREET,NY,V0,11,,"HUNGREDER, KEITH JANE",4750,0,50.0,95.0,5,15420,0,,,4,1035754.0,152405.0,40.584843,-73.8145734,30c,,New York
QN,13154,58,413.0,31.0,11413.0,116.0,228 STREET,NY,V0,11,,"CAMERON, FLORA PAMELA",2000,0,20.0,100.0,5,5220,0,,,4,1054360.0,183157.0,40.6691228,-73.7472684,19b,,New York
QN,3126,62,406.0,30.0,11374.0,112.0,90-30 64 ROAD,NY,V0,11,,PEI HENG WU,3897,0,122.24,64.07,3,22680,0,,,4,1022835.0,202789.0,40.7232015,-73.8607965,14a,,New York
QN,2321,59,402.0,26.0,11377.0,108.0,48 AVENUE,NY,V0,11,,"TRUJILLO, OSCAR",2000,0,20.0,100.0,3,28440,0,,,4,1010466.0,208446.0,40.7387739,-73.9053982,9d,,New York
QN,11880,1,410.0,28.0,11420.0,106.0,127-19 150 AVENUE,NY,V0,11,,ALFRED CARLUCCI,2369,0,10.17,130.0,3,7620,0,,,4,1036158.0,181822.0,40.6655839,-73.8128927,18d,,New York
QN,14228,214,410.0,32.0,11414.0,106.0,21 BAYVIEW AVENUE,NY,V0,11,,"AHMED, ADEL M",1600,0,20.0,80.0,2,4800,0,,,4,1030675.0,178512.0,40.6565292,-73.8326795,18b,,New York
QN,14205,32,410.0,32.0,11414.0,106.0,164 AVENUE,NY,V0,11,,"D'ANDREA, ANTHONY",1000,0,10.0,100.0,8,1638,0,,,4,1030453.0,176735.0,40.6516529,-73.8334917,18b,,New York
QN,899,53,401.0,22.0,11102.0,114.0,14-32 ASTORIA PARK SOUTH,NY,V0,11,,14-32 ASTORIA LLC,2500,0,25.0,100.0,5,16860,0,,,4,1004597.0,221888.0,40.7756842,-73.9265361,9a,,New York
QN,2803,75,405.0,30.0,11378.0,104.0,73-23 57 AVENUE,NY,V1,11,,86-21 60TH ROAD PROPERTIES LLC,2068,0,19.25,107.42,5,69300,0,,,4,1015138.0,204793.0,40.7287322,-73.8885559,13c,,New York
QN,15965,86,414.0,31.0,11691.0,101.0,469 BEACH 43 STREET,NY,V0,11,,"ROCKOZ REALTY, LLC",2518,0,20.0,130.34,5,7200,0,,,4,1046648.0,157085.0,40.5976186,-73.7753094,31a,,New York
QN,15821,15,414.0,31.0,11691.0,101.0,156 BEACH 30TH STREET,NY,V0,11,,BEACH 30 GROUP LLC,2575,0,25.0,103.0,5,10680,0,,,4,1050256.0,155573.0,40.5934423,-73.7623321,31a,,New York
QN,9843,1,408.0,24.0,11432.0,107.0,170-05 CEDARCROFT ROAD,NY,V0,11,,"KARIM, MOHAMMED R",1679,0,58.05,28.3,3,11580,0,,,4,1041709.0,198671.0,40.7117961,-73.79274,14d,,New York
QN,10922,203,413.0,27.0,11429.0,105.0,104 AVENUE,NY,V0,11,,"FERGUSON, RONALD",425,0,4.25,100.0,8,315,0,,,4,1054346.0,198542.0,40.711351,-73.7471587,15b,,New York
QN,12931,59,413.0,31.0,11413.0,116.0,221 STREET,NY,V0,11,,ATKINSON EARL I,2000,0,20.0,100.0,5,5400,0,,,4,1054460.0,187335.0,40.6805896,-73.7468644,19a,,New York
QN,1592,202,404.0,21.0,11373.0,110.0,43 AVENUE,NY,V0,11,,WAN YING LAM AS TRUSTEE,1450,0,40.5,40.67,5,18540,0,,,4,1019996.0,210758.0,40.7450863,-73.8709965,9d,,New York
QN,10602,3,413.0,23.0,11428.0,105.0,212 PLACE,NY,V0,11,,"KURIAN, ROSAMMA",2000,0,20.0,100.0,5,5400,0,,,4,1054631.0,200734.0,40.7173652,-73.7461078,15a,,New York
QN,9992,47,412.0,27.0,11435.0,103.0,143-33 95 AVENUE,NY,V1,11,,SRS PROPERTIES LLC,2200,0,22.0,100.0,5,122850,0,,,4,1037300.0,193588.0,40.6978721,-73.8086837,14d,,New York
QN,13121,61,413.0,31.0,11413.0,116.0,227 STREET,NY,V0,11,,ALBERT LOVE,2000,0,20.0,100.0,5,5220,0,,,4,1054970.0,185055.0,40.6743275,-73.7450495,19a,,New York
QN,1084,16,403.0,22.0,11369.0,115.0,91 STREET,NY,V0,11,,MARTHA MONTEVERDE,1937,0,20.0,112.89,5,10320,0,,,4,1017705.0,218794.0,40.767152,-73.8792245,9c,,New York
QN,1077,33,403.0,22.0,11370.0,115.0,83 STREET,NY,V1,11,,AYZ REALTY LLC,2633,0,25.0,103.0,5,151650,0,,,4,1015679.0,218205.0,40.7655428,-73.8865412,9c,,New York
QN,11057,42,412.0,27.0,11412.0,113.0,116 AVENUE,NY,V0,11,,CONSOLIDATED LAND INV CORP,1000,0,10.0,100.0,8,1638,0,,,4,1050970.0,192388.0,40.6944858,-73.7593971,15b,,New York
QN,9025,32,409.0,32.0,11416.0,102.0,95-21 87 STREET,NY,V0,11,,"GONZALEZ, RAFAEL",2154,0,28.75,75.08,5,10380,0,,,4,1024833.0,188712.0,40.6845545,-73.8536732,18a,,New York
QN,13689,31,413.0,31.0,11422.0,116.0,148 DRIVE,NY,V0,11,,ONEL MOREAU,200,0,2.0,100.0,8,504,0,,,4,1059920.0,177406.0,40.6532918,-73.7272904,19d,,New York
QN,10715,7,413.0,23.0,11428.0,105.0,91 ROAD,NY,V0,11,,"VARGAS, MARIA MILAGROS",2380,0,47.5,108.0,3,7560,0,,,4,1057065.0,204228.0,40.7269356,-73.7372897,15a,,New York
QN,12199,3,412.0,28.0,11434.0,113.0,115 ROAD,NY,V0,11,,"JENKINS, BRENDA",2000,0,20.0,100.0,5,5400,0,,,4,1043402.0,189737.0,40.6872633,-73.7867117,18c,,New York
QN,10378,8,412.0,27.0,11412.0,103.0,189 STREET,NY,V0,11,,GARRET E MILLER,1437,0,28.75,83.25,3,4440,0,,,4,1048763.0,195824.0,40.7039332,-73.767323,15b,,New York
QN,12351,5,412.0,28.0,11434.0,113.0,169-11 FOCH BOULEVARD,NY,V0,11,,"LAMBACK, JANICE",2000,0,20.0,100.0,5,5400,0,,,4,1045950.0,189421.0,40.6863786,-73.7775271,19a,,New York
QN,10162,49,412.0,27.0,11433.0,103.0,107 AVENUE,NY,V0,11,C,NYC HOUSING PRESERVATION AND DEVELOPMENT,4000,0,40.0,100.0,3,19020,0,,,4,1042041.0,193915.0,40.6987399,-73.7915833,14d,,New York
QN,601,35,401.0,26.0,11106.0,114.0,32-16 36 AVENUE,NY,V1,11,,LAND SHARK NYC LLC,1662,0,17.42,95.0,3,135900,0,,,4,1004062.0,214660.0,40.7558464,-73.9284891,9b,,New York
QN,9435,40,409.0,29.0,11419.0,102.0,94-47 117 STREET,NY,V0,11,X,ST BENEDICT JOSEPH LABRE,930,0,10.0,93.0,8,1452,0,,,4,1031732.0,191547.0,40.6923016,-73.8287781,18a,,New York
QN,10033,13,412.0,27.0,11435.0,103.0,149-04 97 AVENUE,NY,V1,11,,G. MASTRONARDI & SONS CONTRUCTION CORP,2500,0,25.02,100.1,5,68400,0,,,4,1038866.0,193653.0,40.6980409,-73.8030356,14d,,New York
QN,7313,5,411.0,19.0,11361.0,111.0,211-02 NORTHERN BOULEVARD,NY,V1,11,,211 ST. LLC,10000,0,100.0,100.0,3,513450,0,,,4,1047573.0,216067.0,40.7595037,-73.7714244,11b,,New York
QN,10200,83,412.0,27.0,11433.0,113.0,111 AVENUE,NY,V0,11,,10438 108TH STREET LLC,4488,0,33.0,136.0,5,11820,0,,,4,1044573.0,192327.0,40.6943643,-73.7824662,14d,,New York
QN,14152,117,410.0,32.0,11414.0,106.0,157-07 CROSS BAY BOULEVARD,NY,V1,11,,RSL BOWLING CORP,5100,0,60.0,85.0,2,108900,0,,,4,1028606.0,180456.0,40.6618756,-73.8401236,18b,,New York
QN,1700,33,403.0,21.0,11369.0,115.0,32-54 106 STREET,NY,V0,11,,EMH BUILDING CORP.,2000,0,20.0,100.0,5,15840,0,,,4,1022159.0,215548.0,40.7582246,-73.8631634,10b,,New York
QN,11156,10,413.0,27.0,11429.0,105.0,220 STREET,NY,V0,11,,COLUMBUS MOLETTE,800,0,8.0,100.0,8,1326,0,,,4,1057906.0,198728.0,40.7118326,-73.7343156,15d,,New York
QN,13034,6,413.0,31.0,11413.0,116.0,138 ROAD,NY,V0,11,,GARRETT JAMES,1971,0,71.0,90.0,5,5340,0,,,4,1052354.0,184887.0,40.6738869,-73.754482,19a,,New York
QN,10046,19,412.0,28.0,11435.0,103.0,105 AVENUE,NY,V0,11,,UNAVAILABLE OWNER,2500,0,25.0,100.0,5,11220,0,,,4,1037848.0,191957.0,40.6933921,-73.8067204,14d,,New York
QN,763,123,401.0,22.0,11105.0,114.0,47 STREET,NY,V0,11,,"PARTHENIS, PETER C",700,0,7.0,100.0,8,1074,0,,,4,1012508.0,220762.0,40.7725718,-73.8979778,9c,,New York
QN,4438,47,407.0,19.0,11357.0,109.0,100 MALBA DRIVE,NY,V0,11,,"MILLER, CO-TRUSTEE, LISA",8204,0,66.45,116.77,5,37800,0,,,4,1032240.0,228788.0,40.7945159,-73.8266805,7b,,New York
QN,10157,157,412.0,27.0,11433.0,103.0,166-16 DOUGLAS AVENUE,NY,V1,11,,CASAGRANDE REALTY CORP,1510,0,20.0,73.0,5,20115,0,,,4,1042123.0,195599.0,40.7033615,-73.7912731,14d,,New York
QN,15478,1050,414.0,32.0,,100.0,12 ROAD,NY,V1,11,C,NYC DEPARTMENT OF CITYWIDE ADMINISTRATIVE SERVICES,70950,0,473.0,150.0,3,24795,0,,,4,1034604.0,159237.0,40.603602,-73.8186628,30c,,New York
QN,13681,35,413.0,31.0,11422.0,116.0,259-07 147TH ROAD,NY,V0,11,,147 ROAD DEVELOPERS LLC,3345,0,35.0,94.0,0,7500,0,,,4,1059367.0,178590.0,40.6565463,-73.7292702,19d,,New York
QN,13911,130,413.0,31.0,11422.0,116.0,155-33 BROAD STREET,NY,V1,11,,33 BROAD STREET LLC,5000,0,50.0,100.0,2,58950,0,,,4,1054697.0,171717.0,40.6377199,-73.746173,25a,,New York
QN,14251,1670,410.0,32.0,11414.0,106.0,164 ROAD,NY,V0,11,,"BUONINCONTRI, GABRIEL",1600,0,20.0,80.0,5,4620,0,,,4,1031457.0,176605.0,40.6512907,-73.8298744,18b,,New York
QN,14252,1733,410.0,32.0,11414.0,106.0,164 DRIVE,NY,V0,11,,CHAPPELL JR ANTHONY,1600,0,20.0,80.0,5,3840,0,,,4,1031631.0,176455.0,40.6508781,-73.8292484,18b,,New York
QN,11750,53,410.0,28.0,11420.0,106.0,128-06 ROCKAWAY BOULEVARD,NY,V1,11,,SINGH DAVID,2018,0,20.08,100.5,5,40500,0,,,4,1037069.0,185186.0,40.6748119,-73.8095826,18c,,New York
QN,11753,42,410.0,28.0,11420.0,106.0,119-98 130 STREET,NY,V0,11,,RODNEY RICHARD,2000,0,20.0,100.0,3,7080,0,,,4,1037233.0,184295.0,40.6723654,-73.8089984,18c,,New York
QN,14255,1702,410.0,32.0,11414.0,106.0,165 AVENUE,NY,V0,11,,"TORRE, DONALD R",3200,0,20.0,100.0,5,9540,0,,,4,1032074.0,176497.0,40.650991,-73.8276516,18b,,New York
QN,14065,24,410.0,32.0,11414.0,106.0,92 STREET,NY,V0,11,,"ANTHONY DELLECAMELIE, AS TRUSTEE",800,0,20.42,40.0,5,2340,0,,,4,1028780.0,177167.0,40.6528472,-73.8395181,18b,,New York
QN,4963,8,407.0,20.0,11354.0,109.0,39-08 JANET PLACE,NY,V1,11,,"JANET DE, LLC",37046,0,100.0,342.18,3,4763250,0,,,4,1029704.0,215558.0,40.7582165,-73.835929,10b,,New York
QN,5060,60,407.0,20.0,11354.0,109.0,131-24 40 ROAD,NY,V1,11,,B.F. CHU ASSOCIATES LLC,1200,0,20.0,60.0,5,159750,0,,,4,1029785.0,214747.0,40.7559901,-73.8356421,10b,,New York
QN,14080,28,410.0,32.0,11414.0,106.0,87 STREET,NY,V0,11,,ANNE CURCIO,4000,0,40.0,100.0,5,11520,0,,,4,1027716.0,175650.0,40.6486886,-73.8433624,24a,,New York
QN,4160,50,407.0,19.0,,109.0,20 STREET,NY,V1,11,X,20-24 119TH STREET LLC,83526,0,317.0,319.0,5,0,0,,,4,1025806.0,223885.0,40.7810911,-73.8499477,10a,,New York
QN,14238,1039,410.0,32.0,11414.0,106.0,102-10 RUSSELL STREET,NY,V0,11,,EHLERS UDO,1400,0,20.0,70.0,5,3660,0,,,4,1031388.0,178228.0,40.6557459,-73.8301117,18b,,New York
QN,14238,1157,410.0,32.0,11414.0,106.0,1 STREET,NY,V0,11,,DOMENIC J MIZIO,2905,0,15.0,70.0,5,8640,0,,,4,1031769.0,178377.0,40.6561528,-73.8287375,18b,,New York
QN,3439,21,405.0,34.0,11385.0,104.0,1818 GROVE STREET,NY,V1,11,,"LIEB, NATHANIEL",2029,0,20.17,100.0,5,45000,0,,,4,1009412.0,195930.0,40.7044235,-73.9092484,13d,,New York
QN,11590,38,410.0,32.0,11414.0,106.0,156 AVENUE,NY,V0,11,,"GUZZO, JOSEPH",693,0,7.0,99.0,8,1074,0,,,4,1029237.0,181327.0,40.6642631,-73.8378434,18b,,New York
QN,14205,5,410.0,32.0,11414.0,106.0,163 AVENUE,NY,V0,11,,"BEDARD, GINETTE M.R.",2000,0,20.0,100.0,5,5760,0,,,4,1030314.0,177176.0,40.652864,-73.8339897,18b,,New York
QN,14154,32,410.0,32.0,11414.0,106.0,158 AVENUE,NY,V0,11,,JSS FOUNDATIONS,2000,0,20.0,100.0,5,5760,0,,,4,1029233.0,180289.0,40.6614141,-73.8378647,18b,,New York
QN,646,7,401.0,22.0,11106.0,114.0,35 STREET,NY,V0,11,,KOESTNER WALTER,7,0,7.0,1.0,8,183,0,,,4,1005423.0,215676.0,40.7586319,-73.9235734,9b,,New York
QN,15500,602,414.0,32.0,,100.0,910 LANARK ROAD,NY,V1,11,,ROBERT BADAMO,2775,0,37.0,75.0,5,900,0,,,4,1035327.0,160153.0,40.6061121,-73.8160522,24d,,New York
QN,369,119,401.0,26.0,11101.0,114.0,37-16 28 STREET,NY,V1,11,,VIGI REALTY LLC,2004,0,25.0,80.17,5,169200,0,,,4,1002555.0,214674.0,40.7558881,-73.9339285,9b,,New York
QN,6146,37,411.0,19.0,11361.0,111.0,201 STREET,NY,V0,11,,"LE, ALEXANDRE",800,0,8.0,100.0,8,1326,0,,,4,1043913.0,217430.0,40.7632702,-73.7846236,10c,,New York
QN,7803,41,411.0,23.0,11427.0,111.0,212 STREET,NY,V0,11,,"MUSHEYEV , ARTEM",4000,0,40.0,100.0,5,17760,0,,,4,1051307.0,205731.0,40.7311065,-73.7580489,15a,,New York
QN,12378,3,412.0,28.0,11434.0,113.0,121-13 GUY R BREWER BOULEVARD,NY,V0,11,,121-15 GUY BREWER BLVD. ASSOC. INC.,2375,0,25.54,93.0,5,6550,0,,,4,1045285.0,186948.0,40.6795954,-73.7799473,18c,,New York
QN,5519,1,411.0,19.0,11358.0,111.0,195-20 NORTHERN BOULEVARD,NY,V1,11,,NORTH PLAZA ASSOCIATES,20400,0,200.75,100.0,3,1188900,0,,,4,1043506.0,215399.0,40.7576984,-73.7861108,10d,,New York
QN,5060,46,407.0,20.0,11354.0,109.0,131-56 40 ROAD,NY,V1,11,,MAXITO REALTY CORP,1750,0,25.0,70.0,5,205200,0,,,4,1030040.0,214940.0,40.7565185,-73.8347203,10b,,New York
QN,13694,19,413.0,31.0,11422.0,116.0,148-21 HOOK CREEK BOULEVARD,NY,V0,11,X,UNAVAILABLE OWNER,22480,0,0.0,0.0,0,0,0,,,4,1060372.0,177821.0,40.654427,-73.7256567,19d,,New York
QN,5273,27,407.0,19.0,11354.0,109.0,35-19 157 STREET,NY,V0,11,,ISIXSTEEL LLC,7920,0,80.0,99.0,5,56880,0,,,4,1037504.0,218116.0,40.765194,-73.8077539,10c,,New York
QN,16047,17,414.0,31.0,11692.0,100.0,69-31 HILLMEYER AVENUE,NY,V0,11,,MALIBU DESIGN CORP,2000,0,20.0,100.0,5,3840,0,,,4,1039839.0,156948.0,40.5972879,-73.7998292,30c,,New York
QN,142,150,401.0,26.0,11101.0,114.0,45-02 37 AVENUE,NY,V1,11,,UNAVAILABLE OWNER,1441,0,889.0,1.62,5,48600,0,,,4,1006842.0,212656.0,40.7503392,-73.9184615,9b,,New York
QN,10102,80,412.0,27.0,11433.0,103.0,92-09 UNION HALL STREET,NY,V1,11,,MALER JAMAICA LLC,2340,0,33.0,70.0,5,177300,0,,,4,1040401.0,195801.0,40.7039271,-73.797482,14d,,New York
QN,16315,40,414.0,32.0,11694.0,100.0,139 BEACH 141 STREET,NY,V0,11,,"STEVENS, PERRY",4000,0,40.0,100.0,5,7380,0,,,4,1024040.0,147044.0,40.5701884,-73.8567781,30b,,New York
QN,12012,1,412.0,28.0,11436.0,113.0,140 STREET,NY,V0,11,,"BISSEMBER, VARSHA",1000,0,10.0,100.0,8,1638,0,,,4,1039509.0,185694.0,40.6761914,-73.800782,18c,,New York
QN,15479,15,414.0,32.0,11693.0,100.0,14-16 CROSS BAY BOULEVARD,NY,V1,11,,"BARR, MICHAEL",4884,0,25.05,195.0,2,1800,0,,,4,1034348.0,158806.0,40.6024204,-73.8195879,30c,,New York
QN,14234,520,410.0,32.0,11414.0,106.0,160-45 102 STREET,NY,V0,11,,SARA BARBERA,2100,0,42.0,50.0,2,6060,0,,,4,1031656.0,178853.0,40.6574599,-73.8291415,18b,,New York
QN,3998,17,407.0,19.0,11356.0,109.0,123 STREET,NY,V0,11,,"COLORUNDO, JOANNE",1800,0,8.17,102.0,8,2712,0,,,4,1027323.0,225777.0,40.7862769,-73.8444579,7b,,New York
QN,6095,5,411.0,19.0,11361.0,111.0,209-12 33 ROAD,NY,V0,11,,"HENRY G. WYKOWSKI, TRUSTEE",4500,0,45.0,100.0,5,19980,0,,,4,1045256.0,219737.0,40.7695931,-73.7797546,10c,,New York
QN,11946,83,412.0,28.0,11435.0,103.0,108 AVENUE,NY,V0,11,,ABDOOL H KARIMBASKII,2000,0,20.0,100.0,5,7860,0,,,4,1039664.0,191528.0,40.6922034,-73.8001753,18c,,New York
QN,5627,40,411.0,20.0,11365.0,111.0,193 STREET,NY,V0,11,,"CRACCO , DOMENIC",2000,0,20.0,100.0,5,14820,0,,,4,1043283.0,212315.0,40.7492351,-73.7869428,10d,,New York
QN,8106,121,411.0,19.0,11363.0,111.0,240-24 REAR POPLAR STREET,NY,V0,11,,"GIANNOULIS, HARRY",5000,0,50.0,100.0,5,22440,1901,Douglaston Hill Historic District,,4,1054631.0,219249.0,40.768184,-73.7459141,11a,,New York
QN,5807,13,407.0,19.0,11360.0,109.0,207 STREET,NY,V0,11,C,NYC DEPARTMENT OF CITYWIDE ADMINISTRATIVE SERVICES,270,0,3.0,90.0,8,756,0,,,4,1043460.0,222792.0,40.7779905,-73.7862117,10c,,New York
QN,5145,90,407.0,20.0,11355.0,109.0,137-31 45 AVENUE,NY,V0,11,X,NYC SCHOOL CONSTRUCTION AUTHORITY,69757,0,213.33,327.5,5,353640,0,,,4,1033320.0,213157.0,40.7516071,-73.8228942,10d,,New York
QN,11543,500,410.0,28.0,11420.0,106.0,108-10 NORTH CONDUIT AVENUE,NY,V1,11,C,NYC DEPARTMENT OF CITYWIDE ADMINISTRATIVE SERVICES,1131352,0,225.49,153.78,0,23373450,0,,,4,1030735.0,182883.0,40.6685263,-73.8324331,18b,,New York
QN,16166,250,414.0,32.0,11694.0,100.0,111-02 BEACH CHANNEL DRIVE,NY,V1,11,C,NYC DEPARTMENT OF PARKS AND RECREATION,9150,0,158.33,37.17,2,107100,0,,,4,1030341.0,151830.0,40.5832945,-73.8340654,30a,,New York
QN,4127,2,407.0,19.0,11357.0,109.0,15-01 141 STREET,NY,V1,11,C,NYC ECONOMIC DEVELOPMENT CORPORATION,8700,0,30.0,227.0,5,182700,0,,,4,1031974.0,224793.0,40.7835522,-73.8276696,7b,,New York
QN,4238,33,407.0,19.0,11354.0,109.0,23-23 LINDEN PLACE,NY,V9,11,C,NYC DEPARTMENT OF SMALL BUSINESS SERVICES,64300,0,263.0,270.0,5,1901700,0,,,4,1029780.0,222862.0,40.7782637,-73.8356052,10a,,New York
QN,488,15,402.0,26.0,11101.0,108.0,44 ROAD,NY,V9,11,C,NYC DEPARTMENT OF SMALL BUSINESS SERVICES,35780,0,181.0,29.0,5,272250,0,,,4,996891.0,212683.0,40.7504332,-73.9543763,9b,,New York
QN,6019,111,411.0,19.0,11360.0,111.0,28 ROAD,NY,V0,11,C,NYC DEPARTMENT OF CITYWIDE ADMINISTRATIVE SERVICES,500,0,5.33,100.0,8,315,0,,,4,1047842.0,222594.0,40.7774166,-73.7703916,11a,,New York
QN,7135,60,408.0,24.0,11365.0,107.0,182 STREET,NY,V0,11,C,NYC DEPARTMENT OF PARKS AND RECREATION,6020,0,9.5,81.0,5,27960,0,,INDIVIDUAL LANDMARK,4,1042947.0,206052.0,40.732047,-73.7882101,14c,,New York
QN,12919,300,413.0,31.0,11422.0,116.0,130 ROAD,NY,V0,11,C,NYC DEPARTMENT OF CITYWIDE ADMINISTRATIVE SERVICES,1800,0,20.0,90.0,5,4680,0,,,4,1059761.0,186283.0,40.6776585,-73.727764,19c,,New York
QN,773,148,401.0,22.0,11105.0,114.0,46 STREET,NY,V0,11,C,CITY OF NEW YORK,400,0,20.0,20.0,5,120,0,,,4,1012177.0,221111.0,40.7735308,-73.8991714,9c,,New York
QN,4699,32,407.0,19.0,11357.0,109.0,150 PLACE,NY,V0,11,C,NYC DEPARTMENT OF CITYWIDE ADMINISTRATIVE SERVICES,2705,0,49.08,78.0,5,13560,0,,,4,1036734.0,225320.0,40.7849717,-73.8104773,7d,,New York
QN,15315,600,414.0,32.0,,100.0,53 WEST 11 ROAD,NY,V0,11,C,NYC DEPARTMENT OF CITYWIDE ADMINISTRATIVE SERVICES,57780,0,225.0,795.0,5,4800,0,,,4,1033536.0,159995.0,40.6056886,-73.8225034,24d,,New York
QN,11421,108,410.0,32.0,11414.0,106.0,151 AVENUE,NY,V0,11,C,NYC DEPARTMENT OF CITYWIDE ADMINISTRATIVE SERVICES,16,0,4.17,7.58,8,63,0,,,4,1027361.0,182922.0,40.6686504,-73.8445952,18b,,New York
QN,2786,35,405.0,30.0,11379.0,104.0,61 ROAD,NY,V0,11,C,NYC DEPARTMENT OF TRANSPORTATION,4040,0,20.0,401.0,5,18060,0,,,4,1014388.0,201077.0,40.7185353,-73.8912785,13c,,New York
QN,15317,100,414.0,32.0,,100.0,34 WEST 12 ROAD,NY,V0,11,C,NYC DEPARTMENT OF CITYWIDE ADMINISTRATIVE SERVICES,37454,0,150.0,225.0,2,2406,0,,,4,1033518.0,159493.0,40.6043108,-73.8225719,30c,,New York
QN,10059,10,412.0,28.0,11435.0,103.0,147-26 105 AVENUE,NY,V1,11,C,CITY OF NEW YORK,2500,0,25.0,100.0,5,67950,0,,,4,1038919.0,192933.0,40.6960644,-73.8028503,14d,,New York
QN,9116,18,410.0,32.0,11417.0,106.0,103-27A WOODHAVEN BOULEVARD,NY,V0,11,,CITY OF NEW YORK,175,0,7.0,25.0,8,756,0,,,4,1027230.0,187588.0,40.6814581,-73.8450377,18a,,New York
QN,12537,60,412.0,27.0,11434.0,113.0,177 STREET,NY,V0,11,C,NYC DEPARTMENT OF CITYWIDE ADMINISTRATIVE SERVICES,4867,0,48.67,100.0,5,12960,0,,,4,1049401.0,186560.0,40.6785011,-73.7651115,19a,,New York
QN,1833,117,407.0,21.0,11368.0,110.0,38-27 126TH STREET,NY,V1,11,C,NYC HOUSING PRESERVATION AND DEVELOPMENT,45751,0,478.0,637.0,5,3774818,0,,,4,1027851.0,215124.0,40.7570346,-73.8426204,10b,,New York
QN,1833,120,407.0,21.0,11368.0,110.0,126-20 WILLETS POINT BLVD,NY,V1,11,C,NYC HOUSING PRESERVATION AND DEVELOPMENT,35011,0,320.0,637.0,5,1264950,0,,,4,1027937.0,215167.0,40.7571522,-73.8423097,10b,,New York
QN,1833,119,407.0,21.0,11368.0,110.0,126-10 38TH AVENUE,NY,V1,11,C,NYC HOUSING PRESERVATION AND DEVELOPMENT,15175,0,90.0,105.0,5,1252056,0,,,4,1027642.0,215004.0,40.7567063,-73.8433755,10b,,New York
QN,1833,118,407.0,21.0,11368.0,110.0,126-16 38TH AVENUE,NY,V1,11,C,NYC HOUSING PRESERVATION AND DEVELOPMENT,39747,0,296.0,66.0,5,3279441,0,,,4,1027724.0,214948.0,40.7565522,-73.8430799,10b,,New York
QN,8083,20,411.0,19.0,11363.0,111.0,231 STREET,NY,V0,11,X,MTA - LIRR,24010,0,101.0,124.99,5,108600,0,,,4,1052700.0,218253.0,40.7654654,-73.7528954,11a,,New York
QN,2498,128,405.0,30.0,11378.0,104.0,53 DRIVE,NY,V0,11,C,NYC DEPARTMENT OF CITYWIDE ADMINISTRATIVE SERVICES,328,0,3.0,2.0,8,315,0,,,4,1013561.0,205112.0,40.7296131,-73.8942443,13c,,New York
QN,10151,116,412.0,27.0,11433.0,103.0,92-18 JAMAICA AVENUE,NY,V1,11,C,NYC DEPARTMENT OF TRANSPORTATION,15000,0,46.0,205.0,5,1160100,0,,,4,1041200.0,196088.0,40.7047097,-73.7945979,14d,,New York
QN,6398,152,407.0,20.0,11367.0,109.0,62 ROAD,NY,V0,11,C,NYC DEPARTMENT OF CITYWIDE ADMINISTRATIVE SERVICES,710,0,5.0,142.0,8,1074,0,,,4,1032534.0,208950.0,40.7400643,-73.8257612,10b,,New York
QN,15962,28,414.0,31.0,11691.0,101.0,574 BEACH 44 STREET,NY,V0,11,C,NYC HOUSING PRESERVATION AND DEVELOPMENT,3823,0,40.0,95.58,5,10860,0,,,4,1046441.0,158144.0,40.6005268,-73.7760451,31a,,New York
QN,15705,59,414.0,31.0,11691.0,101.0,10-57 BEACH 21ST STREET,NY,V8,11,X,NYC DEPARTMENT OF TRANSPORTATION,15444,0,75.14,140.0,5,831150,0,,,4,1052548.0,159510.0,40.6042312,-73.7540395,31a,,New York
QN,5559,193,411.0,19.0,11361.0,111.0,47 AVENUE,NY,V0,11,C,NYC DEPARTMENT OF CITYWIDE ADMINISTRATIVE SERVICES,100,0,4.0,33.33,8,378,0,,,4,1045216.0,214077.0,40.7540582,-73.7799504,10d,,New York
QN,15323,77,414.0,32.0,11693.0,100.0,206 AVENUE,NY,V0,11,C,NYC DEPARTMENT OF CITYWIDE ADMINISTRATIVE SERVICES,2000,0,20.0,100.0,5,2796,0,,,4,1033535.0,157886.0,40.5998998,-73.8225224,30c,,New York
QN,15322,54,414.0,32.0,11693.0,100.0,205 AVENUE,NY,V0,11,C,NYC DEPARTMENT OF PARKS AND RECREATION,6000,0,75.0,100.0,5,8340,0,,,4,1033911.0,158092.0,40.6004631,-73.8211669,30c,,New York
QN,8615,50,413.0,23.0,11426.0,105.0,86 AVENUE,NY,V0,11,,CITY OF NEW YORK,169,0,20.33,8.33,5,306,0,,,4,1062234.0,206088.0,40.7319968,-73.7186189,15c,,New York
QN,15964,64,414.0,31.0,11691.0,101.0,45-08 NORTON AVENUE,NY,V0,11,C,NYC HOUSING PRESERVATION AND DEVELOPMENT,1600,0,20.0,80.0,5,3252,0,,,4,1046120.0,157404.0,40.5984979,-73.7772078,31a,,New York
QN,14243,1219,410.0,32.0,11414.0,106.0,99-73 163 ROAD,NY,V0,11,C,CITY OF NEW YORK,1920,0,24.0,80.0,5,5640,0,,,4,1031502.0,177268.0,40.6531103,-73.8297076,18b,,New York
QN,14234,586,410.0,32.0,11414.0,106.0,75 BROADWAY,NY,V0,11,C,CITY OF NEW YORK,816,0,16.0,51.0,2,4020,0,,,4,1031477.0,178621.0,40.6568241,-73.8297882,18b,,New York
QN,15318,375,414.0,32.0,11693.0,100.0,37 WEST 14 ROAD,NY,V0,11,C,NYC DEPARTMENT OF CITYWIDE ADMINISTRATIVE SERVICES,45900,0,225.0,745.0,5,3840,0,,,4,1033510.0,159235.0,40.6036027,-73.8226026,30c,,New York
QN,15851,58,414.0,31.0,11691.0,101.0,216 BEACH 43 STREET,NY,V1,11,C,NYC HOUSING PRESERVATION AND DEVELOPMENT,4000,0,40.0,100.0,5,89100,0,,,4,1046946.0,155527.0,40.5933401,-73.7742508,31a,,New York
QN,15968,5,414.0,31.0,11691.0,101.0,406 BEACH 46 STREET,NY,V0,11,C,NYC HOUSING PRESERVATION AND DEVELOPMENT,1902,0,20.0,95.1,5,3840,0,,,4,1046133.0,156427.0,40.5958161,-73.7771699,31a,,New York
QN,15968,94,414.0,31.0,11691.0,101.0,435 BEACH 45 STREET,NY,V0,11,C,CITY OF NEW YORK,1890,0,20.0,94.52,5,3528,0,,,4,1046198.0,156738.0,40.5966693,-73.776933,31a,,New York
QN,15960,35,414.0,31.0,11691.0,101.0,464 BEACH 43 STREET,NY,V0,11,C,NYC HOUSING PRESERVATION AND DEVELOPMENT,3800,0,40.0,95.0,5,10860,0,,,4,1046811.0,157091.0,40.5976339,-73.7747224,31a,,New York
QN,13866,28,413.0,31.0,11422.0,116.0,153 AVENUE,NY,V0,11,C,NYC DEPARTMENT OF PARKS AND RECREATION,80800,0,325.42,105.5,3,239700,0,,,4,1055789.0,173674.0,40.6430827,-73.7422177,25a,,New York
QN,15965,75,414.0,31.0,11691.0,101.0,489 BEACH 43 STREET,NY,V0,11,C,NYC HOUSING PRESERVATION AND DEVELOPMENT,5060,0,40.0,126.44,5,11940,0,,,4,1046630.0,157294.0,40.5981924,-73.7753723,31a,,New York
QN,14245,1368,410.0,32.0,11414.0,106.0,163 DRIVE,NY,V0,11,C,NYC DEPARTMENT OF CITYWIDE ADMINISTRATIVE SERVICES,2400,0,30.0,80.0,5,7080,0,,,4,1031244.0,176931.0,40.6521867,-73.8306398,18b,,New York
QN,15960,22,414.0,31.0,11691.0,101.0,434 BEACH 43 STREET,NY,V0,11,C,NYC HOUSING PRESERVATION AND DEVELOPMENT,1900,0,20.0,95.0,5,3780,0,,,4,1046836.0,156821.0,40.5968926,-73.7746349,31a,,New York
QN,15966,81,414.0,31.0,11691.0,101.0,437 BEACH 44 STREET,NY,V0,11,C,NYC HOUSING PRESERVATION AND DEVELOPMENT,3411,0,35.0,85.28,5,10200,0,,,4,1046425.0,156775.0,40.5967693,-73.7761153,31a,,New York
QN,15965,36,414.0,31.0,11691.0,101.0,466 BEACH 44 STREET,NY,V0,11,C,NYC HOUSING PRESERVATION AND DEVELOPMENT,1908,0,22.0,86.74,5,3840,0,,,4,1046542.0,157076.0,40.5975946,-73.7756912,31a,,New York
QN,15960,41,414.0,31.0,11691.0,101.0,476 BEACH 43 STREET,NY,V0,11,C,NYC HOUSING PRESERVATION AND DEVELOPMENT,1900,0,20.0,100.0,5,3780,0,,,4,1046801.0,157200.0,40.5979332,-73.7747574,31a,,New York
QN,15965,80,414.0,31.0,11691.0,101.0,481 BEACH 43 STREET,NY,V0,11,C,NYC HOUSING PRESERVATION AND DEVELOPMENT,2525,0,20.0,126.25,5,7200,0,,,4,1046638.0,157205.0,40.597948,-73.7753443,31a,,New York
QN,15962,201,414.0,31.0,11691.0,101.0,5 DELMORE COURT,NY,V0,11,C,NYC HOUSING PRESERVATION AND DEVELOPMENT,3138,0,24.7,127.0,5,8940,0,,,4,1046612.0,157488.0,40.598725,-73.7754353,31a,,New York
QN,15968,92,414.0,31.0,11691.0,101.0,439 BEACH 45 STREET,NY,V0,11,C,CITY OF NEW YORK,3781,0,40.0,94.52,5,8700,0,,,4,1046195.0,156768.0,40.5967517,-73.7769435,31a,,New York
QN,12924,20,413.0,31.0,11413.0,116.0,132 ROAD,NY,V0,11,C,NYC DEPARTMENT OF CITYWIDE ADMINISTRATIVE SERVICES,800,0,9.0,95.0,8,1326,0,,,4,1053304.0,187821.0,40.6819326,-73.7510272,19a,,New York
QN,13346,62,413.0,31.0,11413.0,116.0,181 STREET,NY,V0,11,C,NYC DEPARTMENT OF TRANSPORTATION,5000,0,50.0,100.0,5,14280,0,,,4,1049529.0,180862.0,40.6628604,-73.7647052,19b,,New York
QN,12690,103,412.0,27.0,11412.0,113.0,120 AVENUE,NY,V0,11,C,NYC DEPARTMENT OF CITYWIDE ADMINISTRATIVE SERVICES,500,0,5.0,100.0,8,315,0,,,4,1053593.0,190873.0,40.6903074,-73.7499538,19a,,New York
QN,12655,25,412.0,27.0,11412.0,113.0,200 STREET,NY,V0,11,C,NYC DEPARTMENT OF TRANSPORTATION,2000,0,20.0,100.0,5,5400,0,,,4,1053381.0,190940.0,40.6904929,-73.7507176,19a,,New York
QN,11163,78,413.0,27.0,11429.0,105.0,219 STREET,NY,V0,11,C,NYC DEPARTMENT OF CITYWIDE ADMINISTRATIVE SERVICES,200,0,2.0,100.0,8,504,0,,,4,1057252.0,198172.0,40.7103119,-73.7366807,15b,,New York
QN,15463,830,414.0,32.0,11693.0,100.0,106 EAST 9 ROAD,NY,V1,11,C,NYC DEPARTMENT OF CITYWIDE ADMINISTRATIVE SERVICES,34200,0,318.1,101.87,5,10710,0,,,4,1034922.0,160108.0,40.6059909,-73.8175111,24d,,New York
QN,15968,17,414.0,31.0,11691.0,101.0,432 BEACH 46 STREET,NY,V0,11,C,NYC HOUSING PRESERVATION AND DEVELOPMENT,2140,0,22.5,95.1,5,4620,0,,,4,1046108.0,156693.0,40.5965464,-73.7772575,31a,,New York
QN,15966,29,414.0,31.0,11691.0,101.0,506 BEACH 45 STREET,NY,V0,11,C,NYC HOUSING PRESERVATION AND DEVELOPMENT,1825,0,20.0,95.77,5,3660,0,,,4,1046287.0,157312.0,40.5982442,-73.7766073,31a,,New York
QN,15963,35,414.0,31.0,11691.0,101.0,547 BEACH 44 STREET,NY,V0,11,C,NYC HOUSING PRESERVATION AND DEVELOPMENT,1706,0,20.0,85.28,5,3420,0,,,4,1046323.0,157881.0,40.5998057,-73.7764724,31a,,New York
QN,15969,59,414.0,31.0,11691.0,101.0,439 BEACH 46 STREET,NY,V0,11,C,NYC HOUSING PRESERVATION AND DEVELOPMENT,2378,0,25.0,95.1,5,6780,0,,,4,1045964.0,156739.0,40.5966737,-73.7777756,31a,,New York
QN,1820,18,407.0,21.0,11368.0,110.0,126-40 NORTHERN BL SR SOUTH,NY,V1,11,C,NYC HOUSING PRESERVATION AND DEVELOPMENT,5200,0,42.08,123.58,3,188550,0,,,4,1027315.0,216547.0,40.760943,-73.844546,10a,,New York
QN,1823,1,407.0,21.0,11368.0,110.0,126-02 35TH AVENUE,NY,V1,11,C,NYC HOUSING PRESERVATION AND DEVELOPMENT,8000,0,80.0,100.0,3,572850,0,,,4,1027257.0,215817.0,40.7589397,-73.84476,10b,,New York
QN,1823,12,407.0,21.0,11368.0,110.0,37-11 126TH STREET,NY,V1,11,X,NYC HOUSING PRESERVATION AND DEVELOPMENT,439121,0,333.0,555.0,3,17115409,0,,,4,1027663.0,215580.0,40.7582872,-73.843296,10b,,New York
QN,13433,15,413.0,31.0,11413.0,116.0,150 ROAD,NY,V9,11,C,NYC DEPARTMENT OF CITYWIDE ADMINISTRATIVE SERVICES,7500,0,60.0,118.0,5,88650,0,,,4,1049885.0,178277.0,40.6557626,-73.7634472,19b,,New York
QN,12331,449,412.0,28.0,11434.0,113.0,115 AVENUE,NY,V0,11,C,NYC DEPARTMENT OF CITYWIDE ADMINISTRATIVE SERVICES,36,0,0.5,60.0,8,183,0,,,4,1044885.0,190427.0,40.6891472,-73.7813581,18c,,New York
QN,15960,16,414.0,31.0,11691.0,101.0,422 BEACH 43 STREET,NY,V0,11,C,NYC HOUSING PRESERVATION AND DEVELOPMENT,1900,0,20.0,95.0,5,3780,0,,,4,1046847.0,156701.0,40.5965632,-73.7745964,31a,,New York
QN,15834,42,414.0,31.0,11691.0,101.0,357 BEACH 43 STREET,NY,V1,11,C,NYC HOUSING PRESERVATION AND DEVELOPMENT,2574,0,20.0,128.7,5,55350,0,,,4,1046724.0,156269.0,40.5953783,-73.7750433,31a,,New York
QN,15834,38,414.0,31.0,11691.0,101.0,363 BEACH 43 STREET,NY,V1,11,C,NYC HOUSING PRESERVATION AND DEVELOPMENT,9414,0,128.67,73.17,5,176400,0,,,4,1046720.0,156316.0,40.5955073,-73.7750573,31a,,New York
QN,15965,99,414.0,31.0,11691.0,101.0,437 BEACH 43 STREET,NY,V0,11,C,NYC HOUSING PRESERVATION AND DEVELOPMENT,3500,0,20.0,125.22,5,8940,0,,,4,1046661.0,156821.0,40.5968939,-73.775265,31a,,New York
QN,15969,57,414.0,31.0,11691.0,101.0,443 BEACH 46 STREET,NY,V0,11,C,NYC HOUSING PRESERVATION AND DEVELOPMENT,2140,0,22.5,95.1,5,4620,0,,,4,1045960.0,156788.0,40.5968082,-73.7777896,31a,,New York
QN,3012,50,405.0,30.0,11379.0,104.0,83 PLACE,NY,V0,11,C,NYC DEPARTMENT OF CITYWIDE ADMINISTRATIVE SERVICES,695,0,14.0,99.0,5,6420,0,,,4,1020390.0,201786.0,40.7204588,-73.8696228,13c,,New York
QN,15969,60,414.0,31.0,11691.0,101.0,431 BEACH 46 STREET,NY,V0,11,C,NYC HOUSING PRESERVATION AND DEVELOPMENT,2852,0,30.0,95.1,5,8160,0,,,4,1045966.0,156712.0,40.5965996,-73.7777686,31a,,New York
QN,15968,90,414.0,31.0,11691.0,101.0,443 BEACH 45 STREET,NY,V0,11,C,NYC HOUSING PRESERVATION AND DEVELOPMENT,1890,0,20.0,94.52,5,3780,0,,,4,1046190.0,156817.0,40.5968862,-73.7769611,31a,,New York
QN,15960,23,414.0,31.0,11691.0,101.0,436 BEACH 43 STREET,NY,V0,11,C,NYC HOUSING PRESERVATION AND DEVELOPMENT,1900,0,20.0,95.0,5,3780,0,,,4,1046834.0,156840.0,40.5969448,-73.7746419,31a,,New York
QN,15965,81,414.0,31.0,11691.0,101.0,479 BEACH 43 STREET,NY,V0,11,C,NYC HOUSING PRESERVATION AND DEVELOPMENT,2503,0,20.0,125.15,5,7440,0,,,4,1046639.0,157188.0,40.5979014,-73.7753409,31a,,New York
QN,15962,104,414.0,31.0,11691.0,101.0,514 BEACH 44 STREET,NY,V0,11,C,NYC HOUSING PRESERVATION AND DEVELOPMENT,867,0,10.0,86.74,8,1074,0,,,4,1046500.0,157539.0,40.5988658,-73.7758382,31a,,New York
QN,15962,1,414.0,31.0,11691.0,101.0,518 BEACH 44 STREET,NY,V0,11,C,NYC HOUSING PRESERVATION AND DEVELOPMENT,1735,0,20.0,86.74,5,3780,0,,,4,1046493.0,157613.0,40.5990689,-73.7758627,31a,,New York
QN,15971,16,414.0,31.0,11691.0,101.0,47-10 NORTON AVENUE,NY,V1,11,C,NYC HOUSING PRESERVATION AND DEVELOPMENT,4459,0,35.67,125.02,5,47700,0,,,4,1045626.0,157023.0,40.5974556,-73.7789901,31a,,New York
QN,15969,73,414.0,31.0,11691.0,101.0,413 BEACH 46 STREET,NY,V0,11,C,NYC HOUSING PRESERVATION AND DEVELOPMENT,4280,0,45.0,95.1,5,12000,0,,,4,1045988.0,156467.0,40.5959269,-73.7776917,31a,,New York
QN,15961,97,414.0,31.0,11691.0,101.0,584 BEACH 43 STREET,NY,V0,11,C,NYC HOUSING PRESERVATION AND DEVELOPMENT,2240,0,30.0,70.0,5,3960,0,,,4,1046698.0,158360.0,40.6011178,-73.7751176,31a,,New York
QN,15961,95,414.0,31.0,11691.0,101.0,584A BEACH 43 STREET,NY,V0,11,C,NYC HOUSING PRESERVATION AND DEVELOPMENT,3800,0,40.0,95.0,5,10860,0,,,4,1046698.0,158329.0,40.6010328,-73.7751179,31a,,New York
QN,15962,59,414.0,31.0,11691.0,101.0,569 BEACH 43 STREET,NY,V0,11,C,NYC DEPARTMENT OF CITYWIDE ADMINISTRATIVE SERVICES,7091,0,55.0,128.86,5,11880,0,,,4,1046549.0,158166.0,40.6005864,-73.7756559,31a,,New York
QN,15961,100,414.0,31.0,11691.0,101.0,590 BEACH 43 STREET,NY,V0,11,C,NYC HOUSING PRESERVATION AND DEVELOPMENT,2240,0,40.0,70.0,5,4680,0,,,4,1046691.0,158435.0,40.6013238,-73.7751421,31a,,New York
QN,15961,104,414.0,31.0,11691.0,101.0,598 BEACH 43 STREET,NY,V0,11,C,CITY OF NEW YORK,5255,0,34.65,95.0,2,11820,0,,,4,1046686.0,158528.0,40.6015791,-73.7751592,31a,,New York
QN,15962,3,414.0,31.0,11691.0,101.0,524 BEACH 44 STREET,NY,V0,11,C,NYC HOUSING PRESERVATION AND DEVELOPMENT,3470,0,40.0,86.74,5,9900,0,,,4,1046490.0,157644.0,40.599154,-73.7758732,31a,,New York
QN,15962,9,414.0,31.0,11691.0,101.0,534 BEACH 44 STREET,NY,V0,11,C,NYC HOUSING PRESERVATION AND DEVELOPMENT,2169,0,25.0,86.74,5,4680,0,,,4,1046481.0,157746.0,40.5994341,-73.7759047,31a,,New York
QN,15963,55,414.0,31.0,11691.0,101.0,528 BEACH 45 STREET,NY,V0,11,C,NYC HOUSING PRESERVATION AND DEVELOPMENT,1915,0,20.0,95.77,5,3840,0,,,4,1046252.0,157671.0,40.5992298,-73.77673,31a,,New York
QN,15969,42,414.0,31.0,11691.0,101.0,479 BEACH 46 STREET,NY,V0,11,C,NYC HOUSING PRESERVATION AND DEVELOPMENT,1750,0,23.0,76.08,5,3480,0,,,4,1045942.0,157135.0,40.5977608,-73.7778512,31a,,New York
QN,15966,25,414.0,31.0,11691.0,101.0,482 BEACH 45 STREET,NY,V0,11,C,NYC HOUSING PRESERVATION AND DEVELOPMENT,2145,0,23.5,91.25,5,4620,0,,,4,1046295.0,157230.0,40.5980191,-73.7765792,31a,,New York
QN,15964,65,414.0,31.0,11691.0,101.0,45-10 NORTON AVENUE,NY,V0,11,C,NYC HOUSING PRESERVATION AND DEVELOPMENT,1600,0,20.0,80.0,5,2850,0,,,4,1046098.0,157402.0,40.5984925,-73.777287,31a,,New York
QN,15964,61,414.0,31.0,11691.0,101.0,45-02 NORTON AVENUE,NY,V0,11,C,NYC HOUSING PRESERVATION AND DEVELOPMENT,1161,0,14.52,50.0,3,2910,0,,,4,1046176.0,157408.0,40.5985085,-73.7770061,31a,,New York
QN,15964,62,414.0,31.0,11691.0,101.0,45-04 NORTON AVENUE,NY,V0,11,C,NYC HOUSING PRESERVATION AND DEVELOPMENT,1600,0,20.0,80.0,5,3252,0,,,4,1046159.0,157407.0,40.5985058,-73.7770673,31a,,New York
QN,15960,34,414.0,31.0,11691.0,101.0,462 BEACH 43 STREET,NY,V0,11,C,NYC DEPARTMENT OF CITYWIDE ADMINISTRATIVE SERVICES,1900,0,20.0,95.0,5,4800,0,,,4,1046814.0,157061.0,40.5975515,-73.7747119,31a,,New York
QN,15965,84,414.0,31.0,11691.0,101.0,473 BEACH 43 STREET,NY,V0,11,C,NYC HOUSING PRESERVATION AND DEVELOPMENT,2521,0,20.0,126.0,5,7500,0,,,4,1046645.0,157122.0,40.5977202,-73.7753199,31a,,New York
QN,15960,15,414.0,31.0,11691.0,101.0,420 BEACH 43 STREET,NY,V0,11,C,NYC HOUSING PRESERVATION AND DEVELOPMENT,2100,0,20.0,95.0,5,4020,0,,,4,1046852.0,156680.0,40.5965055,-73.7745786,31a,,New York
QN,15962,17,414.0,31.0,11691.0,101.0,544 BEACH 44 STREET,NY,V0,11,C,NYC HOUSING PRESERVATION AND DEVELOPMENT,1294,0,22.43,78.5,5,3594,0,,,4,1046478.0,157894.0,40.5998403,-73.7759141,31a,,New York
QN,15962,91,414.0,31.0,11691.0,101.0,527 BEACH 43 STREET,NY,V0,11,C,NYC HOUSING PRESERVATION AND DEVELOPMENT,1357,0,22.0,61.66,5,2736,0,,,4,1046623.0,157724.0,40.5993727,-73.7753935,31a,,New York
QN,15961,61,414.0,31.0,11691.0,101.0,518 BEACH 43 STREET,NY,V0,11,C,NYC HOUSING PRESERVATION AND DEVELOPMENT,3034,0,32.58,95.0,5,9060,0,,,4,1046760.0,157646.0,40.5991576,-73.7749009,31a,,New York
QN,15961,103,414.0,31.0,11691.0,101.0,596 BEACH 43 STREET,NY,V0,11,C,CITY OF NEW YORK,2850,0,30.0,95.0,5,8160,0,,,4,1046684.0,158482.0,40.6014528,-73.7751669,31a,,New York
QN,15969,40,414.0,31.0,11691.0,101.0,481 BEACH 46 STREET,NY,V0,11,C,NYC HOUSING PRESERVATION AND DEVELOPMENT,2816,0,65.59,76.08,3,7380,0,,,4,1045949.0,157154.0,40.5978129,-73.7778258,31a,,New York
QN,15963,44,414.0,31.0,11691.0,101.0,529 BEACH 44 STREET,NY,V0,11,C,NYC HOUSING PRESERVATION AND DEVELOPMENT,1706,0,20.0,85.28,5,3420,0,,,4,1046340.0,157700.0,40.5993088,-73.7764128,31a,,New York
QN,15963,33,414.0,31.0,11691.0,101.0,551 BEACH 44 STREET,NY,V0,11,C,NYC HOUSING PRESERVATION AND DEVELOPMENT,1706,0,20.0,85.28,5,3420,0,,,4,1046320.0,157921.0,40.5999155,-73.7764828,31a,,New York
QN,15963,30,414.0,31.0,11691.0,101.0,555 BEACH 44 STREET,NY,V0,11,C,NYC HOUSING PRESERVATION AND DEVELOPMENT,3831,0,40.0,95.77,5,10920,0,,,4,1046320.0,157971.0,40.6000528,-73.7764824,31a,,New York
QN,15964,63,414.0,31.0,11691.0,101.0,45-06 NORTON AVENUE,NY,V0,11,C,NYC HOUSING PRESERVATION AND DEVELOPMENT,1600,0,20.0,80.0,5,2850,0,,,4,1046140.0,157405.0,40.5985005,-73.7771357,31a,,New York
QN,15968,16,414.0,31.0,11691.0,101.0,430 BEACH 46 STREET,NY,V0,11,C,NYC HOUSING PRESERVATION AND DEVELOPMENT,2140,0,22.5,95.1,5,4620,0,,,4,1046110.0,156672.0,40.5964888,-73.7772505,31a,,New York
QN,15967,14,414.0,31.0,11691.0,101.0,428 BEACH 45 STREET,NY,V0,11,C,CITY OF NEW YORK,3650,0,35.0,91.26,3,12840,0,,,4,1046344.0,156684.0,40.5965201,-73.7764078,31a,,New York
QN,15960,17,414.0,31.0,11691.0,101.0,424 BEACH 43 STREET,NY,V0,11,C,NYC HOUSING PRESERVATION AND DEVELOPMENT,1900,0,20.0,95.0,5,3780,0,,,4,1046845.0,156721.0,40.5966181,-73.7746034,31a,,New York
QN,15960,7,414.0,31.0,11691.0,101.0,408 BEACH 43 STREET,NY,V0,11,C,NYC HOUSING PRESERVATION AND DEVELOPMENT,2252,0,23.3,95.0,5,4860,0,,,4,1046863.0,156522.0,40.5960718,-73.7745404,31a,,New York
QN,11000,340,412.0,27.0,11412.0,113.0,113 ROAD,NY,V0,11,C,NYC DEPARTMENT OF CITYWIDE ADMINISTRATIVE SERVICES,585,0,3.0,195.0,8,378,0,,,4,1053504.0,195237.0,40.7022862,-73.7502299,15b,,New York
QN,12957,47,413.0,31.0,11413.0,116.0,133 ROAD,NY,V0,11,C,NYC DEPARTMENT OF CITYWIDE ADMINISTRATIVE SERVICES,2617,0,13.08,200.0,5,7560,0,,,4,1053675.0,187142.0,40.680066,-73.7496966,19a,,New York
QN,3700,123,405.0,30.0,11385.0,104.0,66-48R MYRTLE AVENUE,NY,V1,11,C,NYC DEPARTMENT OF CITYWIDE ADMINISTRATIVE SERVICES,220,0,20.0,11.0,5,900,0,,,4,1015715.0,194730.0,40.7011097,-73.8865211,13d,,New York
QN,15968,88,414.0,31.0,11691.0,101.0,447 BEACH 45 STREET,NY,V0,11,C,NYC HOUSING PRESERVATION AND DEVELOPMENT,1890,0,20.0,94.52,5,3780,0,,,4,1046187.0,156857.0,40.596996,-73.7769715,31a,,New York
QN,15966,28,414.0,31.0,11691.0,101.0,504 BEACH 45 STREET,NY,V0,11,C,NYC HOUSING PRESERVATION AND DEVELOPMENT,1825,0,20.0,91.26,5,3660,0,,,4,1046289.0,157293.0,40.598192,-73.7766002,31a,,New York
QN,15966,23,414.0,31.0,11691.0,101.0,480 BEACH 45 STREET,NY,V0,11,C,NYC HOUSING PRESERVATION AND DEVELOPMENT,3331,0,36.5,91.26,5,9540,0,,,4,1046297.0,157200.0,40.5979367,-73.7765723,31a,,New York
QN,15965,51,414.0,31.0,11691.0,101.0,498 BEACH 44 STREET,NY,V0,11,C,NYC HOUSING PRESERVATION AND DEVELOPMENT,1735,0,20.0,86.74,5,3480,0,,,4,1046513.0,157393.0,40.5984649,-73.7757927,31a,,New York
QN,15966,79,414.0,31.0,11691.0,101.0,441 BEACH 44 STREET,NY,V0,11,C,NYC HOUSING PRESERVATION AND DEVELOPMENT,1706,0,20.0,85.28,5,3420,0,,,4,1046421.0,156823.0,40.5969011,-73.7761292,31a,,New York
QN,15968,80,414.0,31.0,11691.0,101.0,463 BEACH 45 STREET,NY,V0,11,C,NYC HOUSING PRESERVATION AND DEVELOPMENT,1890,0,20.0,94.52,5,3780,0,,,4,1046172.0,157016.0,40.5974325,-73.7770241,31a,,New York
QN,15968,84,414.0,31.0,11691.0,101.0,455 BEACH 45 STREET,NY,V0,11,C,NYC HOUSING PRESERVATION AND DEVELOPMENT,1890,0,20.0,94.52,5,3780,0,,,4,1046179.0,156936.0,40.5972129,-73.7769996,31a,,New York
QN,15966,66,414.0,31.0,11691.0,101.0,465 BEACH 44 STREET,NY,V0,11,C,NYC HOUSING PRESERVATION AND DEVELOPMENT,3411,0,40.0,85.28,5,9720,0,,,4,1046398.0,157071.0,40.5975819,-73.7762098,31a,,New York
QN,15965,79,414.0,31.0,11691.0,101.0,483 BEACH 43 STREET,NY,V0,11,C,NYC HOUSING PRESERVATION AND DEVELOPMENT,7582,0,60.0,126.28,5,17820,0,,,4,1046634.0,157245.0,40.5980579,-73.7753584,31a,,New York
QN,15960,37,414.0,31.0,11691.0,101.0,466 BEACH 43 STREET,NY,V0,11,C,NYC DEPARTMENT OF CITYWIDE ADMINISTRATIVE SERVICES,3800,0,40.0,95.0,5,7380,0,,,4,1046808.0,157131.0,40.5977437,-73.7747328,31a,,New York
QN,15969,6,414.0,31.0,11691.0,101.0,414 BEACH 47 STREET,NY,V0,11,C,NYC HOUSING PRESERVATION AND DEVELOPMENT,2378,0,26.39,90.1,5,6780,0,,,4,1045895.0,156477.0,40.595955,-73.7780264,31a,,New York
QN,8260,226,411.0,19.0,11362.0,111.0,253-19 PEMBROKE AVENUE,NY,V1,11,C,NYC DEPARTMENT OF CITYWIDE ADMINISTRATIVE SERVICES,1624,0,8.0,203.0,8,0,0,,,4,1057780.0,220304.0,40.7710541,-73.7345342,11a,,New York
QN,8069,1,411.0,19.0,11360.0,111.0,38 ROAD,NY,V1,11,C,NYC DEPARTMENT OF PARKS AND RECREATION,936000,0,999.75,936.0,9,0,0,,,4,1050687.0,223396.0,40.7795969,-73.7601114,11a,,New York
QN,11874,50,410.0,28.0,11420.0,106.0,134 STREET,NY,V0,11,C,NYC DEPARTMENT OF PARKS AND RECREATION,3008,0,47.0,64.0,3,11760,0,,,4,1038175.0,182380.0,40.6671034,-73.8056178,18d,,New York
QN,6199,36,411.0,19.0,11361.0,111.0,204 STREET,NY,V0,11,C,NYC DEPARTMENT OF CITYWIDE ADMINISTRATIVE SERVICES,266,0,8.25,33.67,8,756,0,,,4,1044724.0,217171.0,40.7625538,-73.7816984,10c,,New York
QN,4915,150,407.0,19.0,11358.0,109.0,25 DRIVE,NY,V0,11,C,NYC DEPARTMENT OF CITYWIDE ADMINISTRATIVE SERVICES,150,0,25.0,10.0,6,1074,0,,,4,1040453.0,221080.0,40.7733111,-73.7970833,10c,,New York
QN,15325,25,414.0,32.0,11693.0,100.0,20-15 CROSS BAY BOULEVARD,NY,V0,11,C,NYC DEPARTMENT OF PARKS AND RECREATION,87370,0,331.0,480.0,5,212100,0,,,4,1033789.0,157315.0,40.5983311,-73.8216119,30c,,New York
QN,15400,59,414.0,32.0,11693.0,100.0,514 CROSS BAY BOULEVARD,NY,V0,11,C,NYC DEPARTMENT OF CITYWIDE ADMINISTRATIVE SERVICES,23800,0,102.0,233.0,5,30720,0,,,4,1034679.0,161861.0,40.6108039,-73.8183731,24d,,New York
QN,11357,37,410.0,32.0,11414.0,106.0,77-07 DUMONT AVENUE,NY,V0,11,C,NYC HOUSING PRESERVATION AND DEVELOPMENT,3813,0,40.0,95.33,5,16680,0,,,4,1023563.0,184068.0,40.6718136,-73.8582794,18a,,New York
QN,15968,44,414.0,31.0,11691.0,101.0,492 BEACH 46 STREET,NY,V0,11,C,NYC HOUSING PRESERVATION AND DEVELOPMENT,5018,0,66.54,57.06,3,12540,0,,,4,1046042.0,157226.0,40.5980099,-73.7774903,31a,,New York
QN,14182,19,410.0,32.0,11414.0,106.0,159 AVENUE,NY,V1,11,C,NYC DEPARTMENT OF CITYWIDE ADMINISTRATIVE SERVICES,20,0,4.0,5.0,8,941,0,,,4,1031524.0,179310.0,40.658715,-73.829614,18b,,New York
QN,14234,280,410.0,32.0,11414.0,106.0,160 AVENUE,NY,V0,11,C,CITY OF NEW YORK,1120,0,28.0,40.0,5,2850,0,,,4,1031304.0,179290.0,40.6586613,-73.8304071,18b,,New York
QN,13329,30,413.0,31.0,11413.0,116.0,144 ROAD,NY,V0,11,C,NYC DEPARTMENT OF EDUCATION,13200,0,65.51,100.0,3,37680,0,,,4,1050819.0,181652.0,40.6650192,-73.7600477,19b,,New York
QN,1332,207,402.0,26.0,11377.0,108.0,41 DRIVE,NY,V0,11,C,NYC DEPARTMENT OF CITYWIDE ADMINISTRATIVE SERVICES,126,0,5.02,25.25,8,630,0,,,4,1010565.0,210120.0,40.7433683,-73.9050344,9d,,New York
QN,15829,11,414.0,31.0,11691.0,101.0,306 BEACH 40 STREET,NY,V0,11,C,NYC DEPARTMENT OF EDUCATION,2630,0,28.0,93.75,5,7500,0,,,4,1047616.0,155995.0,40.5946199,-73.771834,31a,,New York
QN,15963,48,414.0,31.0,11691.0,101.0,44-06 NORTON AVENUE,NY,V0,11,C,NYC HOUSING PRESERVATION AND DEVELOPMENT,1600,0,20.0,80.0,5,3252,0,,,4,1046344.0,157629.0,40.5991139,-73.7763991,31a,,New York
QN,9449,60,409.0,29.0,11419.0,102.0,133-02 ATLANTIC AVENUE,NY,V0,11,X,NYS DEPARTMENT OF TRANSPORTATION,6800,0,34.0,200.0,5,53880,0,,,4,1035348.0,193140.0,40.6966539,-73.8157266,14d,,New York
QN,659,172,401.0,22.0,11103.0,114.0,37 STREET,NY,V0,11,C,NYC DEPARTMENT OF CITYWIDE ADMINISTRATIVE SERVICES,853,0,22.0,39.11,6,9600,0,,,4,1007117.0,217273.0,40.763011,-73.9174532,9a,,New York
QN,11969,40,412.0,28.0,11436.0,113.0,139 STREET,NY,V0,11,C,NYC DEPARTMENT OF CITYWIDE ADMINISTRATIVE SERVICES,237,0,3.75,79.75,8,504,0,,,4,1038762.0,187829.0,40.6820561,-73.8034578,18c,,New York
QN,10472,20,412.0,23.0,11423.0,103.0,198 STREET,NY,V0,11,C,NYC DEPARTMENT OF CITYWIDE ADMINISTRATIVE SERVICES,625,0,5.0,125.0,8,378,0,,,4,1049649.0,200910.0,40.7178865,-73.7640781,15a,,New York
QN,15962,101,414.0,31.0,11691.0,101.0,508 BEACH 44 STREET,NY,V0,11,C,NYC HOUSING PRESERVATION AND DEVELOPMENT,2169,0,25.0,86.74,5,4680,0,,,4,1046504.0,157495.0,40.598745,-73.7758242,31a,,New York
QN,2515,33,402.0,26.0,11378.0,108.0,54 ROAD,NY,V1,11,X,NYS DEPARTMENT OF TRANSPORTATION,2000,0,20.0,100.0,5,43650,0,,,4,1004974.0,205934.0,40.7318936,-73.9252241,13a,,New York
QN,15913,26,414.0,31.0,11692.0,100.0,66-22 ROCKAWAY BEACH BLVD,NY,V0,11,M,NYC HOUSING PRESERVATION AND DEVELOPMENT,28220,0,233.5,242.64,3,93300,0,,,4,1041021.0,154595.0,40.5908219,-73.7955927,30c,,New York
QN,14231,819,410.0,32.0,11414.0,106.0,99-41 RUSSELL STREET,NY,V0,11,C,CITY OF NEW YORK,2958,0,29.0,102.0,5,9420,0,,,4,1031023.0,177870.0,40.6547652,-73.8314297,18b,,New York
QN,14234,574,410.0,32.0,11414.0,106.0,7 BRIDGE STREET,NY,V0,11,C,CITY OF NEW YORK,3000,0,30.0,100.0,5,12180,0,,,4,1031374.0,178903.0,40.6575987,-73.8301575,18b,,New York
QN,14234,283,410.0,32.0,11414.0,106.0,102-12A 160 AVENUE,NY,V0,11,C,CITY OF NEW YORK,1200,0,30.0,40.0,6,4020,0,,,4,1031260.0,179240.0,40.6585243,-73.830566,18b,,New York
QN,14234,539,410.0,32.0,11414.0,106.0,2 BRIDGE STREET,NY,V0,11,C,CITY OF NEW YORK,1725,0,23.0,75.0,5,5940,0,,,4,1031400.0,178984.0,40.6578209,-73.8300632,18b,,New York
QN,14231,1120,410.0,32.0,11414.0,106.0,99-75 1 STREET,NY,V0,11,C,CITY OF NEW YORK,2100,0,30.0,70.0,5,5940,0,,,4,1031290.0,177822.0,40.654632,-73.8304678,18b,,New York
QN,14234,500,410.0,32.0,11414.0,106.0,160-69 BROADWAY,NY,V0,11,C,CITY OF NEW YORK,1296,0,36.0,36.0,2,4620,0,,,4,1031546.0,178562.0,40.6566618,-73.8295399,18b,,New York
QN,2516,28,402.0,26.0,11378.0,108.0,54 DRIVE,NY,V1,11,X,DORMITORY AUTHORITY OF THE STATE OF NEW YORK,3870,0,43.0,90.0,5,94950,0,,,4,1004867.0,205709.0,40.7312763,-73.9256109,13a,,New York
QN,13714,50,413.0,31.0,11413.0,116.0,149 AVENUE,NY,V0,11,C,NYC DEPARTMENT OF PARKS AND RECREATION,4002,0,100.0,40.0,3,11760,0,,,4,1051824.0,178759.0,40.657071,-73.7564541,19b,,New York
QN,13714,53,413.0,31.0,11413.0,116.0,226 STREET,NY,V0,11,C,NYC DEPARTMENT OF PARKS AND RECREATION,16140,0,140.0,76.0,3,46440,0,,,4,1051880.0,178833.0,40.6572737,-73.7562515,19b,,New York
QN,14234,281,410.0,32.0,11414.0,106.0,102-16 160 AVENUE,NY,V0,11,C,CITY OF NEW YORK,960,0,22.0,40.0,5,3252,0,,,4,1031310.0,179250.0,40.6585515,-73.8303857,18b,,New York
QN,14228,731,410.0,32.0,11414.0,106.0,99-01 162 AVENUE,NY,V0,11,C,CITY OF NEW YORK,3600,0,40.0,90.0,2,13380,0,,,4,1030637.0,178019.0,40.6551762,-73.8328198,18b,,New York
QN,14228,167,410.0,32.0,11414.0,106.0,14A BAYVIEW AVENUE,NY,V0,11,C,CITY OF NEW YORK,2400,0,40.0,60.0,2,12900,0,,,4,1030794.0,178371.0,40.6561415,-73.8322516,18b,,New York
QN,15969,7,414.0,31.0,11691.0,101.0,416 BEACH 47 STREET,NY,V0,11,C,NYC HOUSING PRESERVATION AND DEVELOPMENT,2127,0,23.61,90.1,5,4560,0,,,4,1045893.0,156502.0,40.5960237,-73.7780334,31a,,New York
QN,15847,80,414.0,31.0,11691.0,101.0,2-04 BEACH 39 STREET,NY,V1,11,C,NYC HOUSING PRESERVATION AND DEVELOPMENT,1673,0,54.5,30.7,5,25650,0,,,4,1047835.0,155820.0,40.594138,-73.771047,31a,,New York
QN,755,150,401.0,22.0,11370.0,114.0,19 AVENUE,NY,V0,11,C,NYC DEPARTMENT OF TRANSPORTATION,1482,0,10.0,93.64,8,0,0,,,4,1014312.0,221022.0,40.7732795,-73.8914635,9c,,New York
QN,727,151,401.0,22.0,11103.0,114.0,48 STREET,NY,V0,11,C,NYC DEPARTMENT OF CITYWIDE ADMINISTRATIVE SERVICES,6,0,2.33,3.6,8,120,0,,,4,1008800.0,215316.0,40.757635,-73.911385,9d,,New York
QN,10781,45,413.0,27.0,11429.0,105.0,100 AVENUE,NY,V0,11,X,NYC DEPARTMENT OF TRANSPORTATION,2815,0,65.75,52.17,5,8100,0,,,4,1058591.0,199952.0,40.7151864,-73.7318312,15d,,New York
QN,15320,330,414.0,32.0,,100.0,28 WEST 16 ROAD,NY,V0,11,C,NYC DEPARTMENT OF CITYWIDE ADMINISTRATIVE SERVICES,76000,0,225.0,975.0,2,4920,0,,,4,1033323.0,158757.0,40.6022917,-73.8232795,30c,,New York
QN,1355,114,402.0,26.0,11377.0,108.0,44 AVENUE,NY,V0,11,C,NYC DEPARTMENT OF CITYWIDE ADMINISTRATIVE SERVICES,310,0,12.42,25.0,5,120,0,,,4,1014222.0,209260.0,40.7409962,-73.8918409,9d,,New York
QN,9444,3,409.0,29.0,11419.0,102.0,127-006A 94 AVENUE,NY,V1,11,C,NYC DEPARTMENT OF CITYWIDE ADMINISTRATIVE SERVICES,220,0,22.0,10.17,5,900,0,,,4,1033963.0,192807.0,40.6957478,-73.8207238,14d,,New York
QN,9357,28,409.0,29.0,11418.0,102.0,130-41 90 AVENUE,NY,V1,11,C,NYC DEPARTMENT OF CITYWIDE ADMINISTRATIVE SERVICES,2000,0,72.0,165.0,5,27900,0,,,4,1034251.0,194147.0,40.6994241,-73.8196752,14d,,New York
QN,16103,60,414.0,31.0,11693.0,100.0,83-02 BEACH CHANNEL DRIVE,NY,V1,11,C,NYC HOUSING PRESERVATION AND DEVELOPMENT,12915,0,123.56,210.33,5,119700,0,,,4,1037180.0,154363.0,40.5902089,-73.8094242,30c,,New York
QN,16105,1,414.0,31.0,11693.0,100.0,310 BEACH CHANNEL DRIVE,NY,V1,11,C,NYC HOUSING PRESERVATION AND DEVELOPMENT,20726,0,198.33,104.5,3,218700,0,,,4,1037864.0,154341.0,40.5901444,-73.8069616,30c,,New York
QN,16120,65,414.0,32.0,11693.0,100.0,239 BEACH 86 STREET,NY,V0,11,C,CITY OF NEW YORK,4242,0,69.75,115.42,3,12240,0,,,4,1036564.0,153826.0,40.5887386,-73.8116463,30c,,New York
QN,8116,152,411.0,19.0,11363.0,111.0,246 STREET,NY,V0,11,C,NYC DEPARTMENT OF PARKS AND RECREATION,12127,0,120.0,101.0,5,54540,0,,,4,1055555.0,219751.0,40.7695545,-73.742573,11a,,New York
QN,1822,17,407.0,21.0,11368.0,110.0,126-36 34 AVENUE,NY,V1,11,C,NYC HOUSING PRESERVATION AND DEVELOPMENT,44500,0,140.0,200.0,5,507150,0,,,4,1027484.0,216113.0,40.759751,-73.8439387,10b,,New York
QN,6712,65,408.0,24.0,11367.0,107.0,152 STREET,NY,V0,11,C,NYC DEPARTMENT OF CITYWIDE ADMINISTRATIVE SERVICES,142,0,2.0,71.0,8,696,0,,,4,1036355.0,201623.0,40.7199318,-73.8120295,14c,,New York
QN,15965,37,414.0,31.0,11691.0,101.0,468 BEACH 44 STREET,NY,V0,11,C,NYC HOUSING PRESERVATION AND DEVELOPMENT,1908,0,22.0,86.74,5,3840,0,,,4,1046540.0,157097.0,40.5976523,-73.7756982,31a,,New York
QN,15400,39,414.0,32.0,11693.0,100.0,542 CROSS BAY BOULEVARD,NY,V0,11,C,NYC DEPARTMENT OF CITYWIDE ADMINISTRATIVE SERVICES,2601,0,27.65,102.43,5,4260,0,,,4,1034622.0,161526.0,40.6098847,-73.8185809,24d,,New York
QN,15655,33,414.0,31.0,11691.0,101.0,14-50 GIPSON STREET,NY,V0,11,C,NYC DEPARTMENT OF CITYWIDE ADMINISTRATIVE SERVICES,4779,0,42.46,100.0,3,7800,0,,,4,1051698.0,161601.0,40.6099771,-73.7570797,25b,,New York
QN,2892,22,404.0,30.0,11373.0,110.0,55 AVENUE,NY,V0,11,C,NYC DEPARTMENT OF TRANSPORTATION,3800,0,20.0,100.0,5,48960,0,,,4,1017464.0,206078.0,40.7322508,-73.8801573,13c,,New York
QN,13227,11,413.0,31.0,11422.0,116.0,135 AVENUE,NY,V0,11,C,NYC DEPARTMENT OF CITYWIDE ADMINISTRATIVE SERVICES,2027,0,20.21,102.28,3,6060,0,,,4,1059465.0,183562.0,40.6701925,-73.7288615,19d,,New York
QN,10162,56,412.0,27.0,11433.0,103.0,104-51 164 STREET,NY,V0,11,C,NYC HOUSING PRESERVATION AND DEVELOPMENT,2000,0,20.0,100.0,5,13680,0,,,4,1041998.0,194055.0,40.6991245,-73.7917371,14d,,New York
QN,13427,42,413.0,31.0,11413.0,116.0,184 STREET,NY,V1,11,C,NYC DEPARTMENT OF TRANSPORTATION,39,0,39.0,1.0,5,810,0,,,4,1049610.0,179329.0,40.6586521,-73.7644281,19b,,New York
QN,13434,112,413.0,31.0,11413.0,116.0,147 AVENUE,NY,V0,11,C,NYC DEPARTMENT OF CITYWIDE ADMINISTRATIVE SERVICES,1300,0,14.0,87.0,3,3900,0,,,4,1050559.0,179526.0,40.6591858,-73.7610058,19b,,New York
QN,12317,141,412.0,28.0,11434.0,113.0,142 AVENUE,NY,V0,11,C,NYC DEPARTMENT OF CITYWIDE ADMINISTRATIVE SERVICES,63,0,6.76,17.0,8,183,0,,,4,1047125.0,183487.0,40.6700829,-73.7733458,19b,,New York
QN,4292,132,407.0,19.0,11354.0,109.0,119 STREET,NY,V0,11,C,NYC DEPARTMENT OF CITYWIDE ADMINISTRATIVE SERVICES,5534,0,17.5,59.25,5,38520,0,,,4,1026129.0,221200.0,40.77372,-73.8487981,10a,,New York
QN,65,1,402.0,26.0,11101.0,108.0,11 STREET,NY,V9,11,X,NYS DEPARTMENT OF TRANSPORTATION,13488,0,68.0,425.0,5,691650,0,,,4,997746.0,208965.0,40.7402269,-73.9512979,9b,,New York
QN,13714,55,413.0,31.0,11413.0,116.0,148 AVENUE,NY,V0,11,C,NYC DEPARTMENT OF PARKS AND RECREATION,3800,0,38.0,100.0,5,10320,0,,,4,1051913.0,178839.0,40.6572899,-73.7561326,19b,,New York
QN,1580,33,404.0,25.0,11373.0,110.0,46-08 88 STREET,NY,V0,11,,NYC DEPARTMENT OF CITYWIDE ADMINISTRATIVE SERVICES,450,0,3.0,150.0,8,126,0,,,4,1018070.0,209412.0,40.7413995,-73.877954,9d,,New York
QN,3994,21,407.0,19.0,,,137 STREET,NY,V0,11,C,NYC DEPARTMENT OF PARKS AND RECREATION,6800,0,46.0,195.0,3,34740,0,,,4,1030737.0,226850.0,40.7892047,-73.8321221,7b,,New York
QN,5567,40,407.0,20.0,11358.0,109.0,170 STREET,NY,V0,11,C,NYC DEPARTMENT OF CITYWIDE ADMINISTRATIVE SERVICES,85,0,17.0,13.0,5,306,0,,,4,1040187.0,212207.0,40.7489588,-73.7981175,10d,,New York
QN,2406,148,405.0,30.0,11378.0,104.0,53 ROAD,NY,V0,11,C,NYC DEPARTMENT OF CITYWIDE ADMINISTRATIVE SERVICES,35,0,5.0,7.0,8,126,0,,,4,1012391.0,205626.0,40.7310277,-73.8984636,13c,,New York
QN,851,108,401.0,22.0,11102.0,114.0,28 STREET,NY,V0,11,C,NYC DEPARTMENT OF CITYWIDE ADMINISTRATIVE SERVICES,78,0,200.0,0.39,3,306,0,,,4,1006651.0,220666.0,40.7723251,-73.9191241,9a,,New York
QN,9399,51,409.0,29.0,11419.0,102.0,113 STREET,NY,V0,11,C,NYC DEPARTMENT OF CITYWIDE ADMINISTRATIVE SERVICES,1,0,1.25,0.16,8,63,0,,,4,1030660.0,191486.0,40.6921399,-73.8326442,18a,,New York
QN,8871,101,409.0,32.0,11421.0,102.0,86 ROAD,NY,V0,11,C,NYC DEPARTMENT OF CITYWIDE ADMINISTRATIVE SERVICES,33,0,1.0,100.08,8,183,0,,,4,1024820.0,192311.0,40.694433,-73.8536984,14b,,New York
QN,200,122,402.0,26.0,11104.0,108.0,39 STREET,NY,V0,11,C,NYC DEPARTMENT OF CITYWIDE ADMINISTRATIVE SERVICES,142,0,1.42,100.0,8,756,0,,,4,1004650.0,209333.0,40.7412238,-73.9263828,9b,,New York
QN,11100,31,413.0,27.0,11429.0,105.0,216 STREET,NY,V0,11,C,NYC DEPARTMENT OF CITYWIDE ADMINISTRATIVE SERVICES,105,0,1.0,105.0,8,246,0,,,4,1055557.0,198574.0,40.7114291,-73.7427903,15b,,New York
QN,7935,79,413.0,23.0,11427.0,105.0,235 STREET,NY,V0,11,,CITY OF NEW YORK,200,0,16.92,24.0,5,306,0,,,4,1057533.0,206762.0,40.733887,-73.7355736,15a,,New York
QN,13344,28,413.0,31.0,11434.0,116.0,146 AVENUE,NY,V0,11,C,NYC DEPARTMENT OF TRANSPORTATION,4756,0,46.0,100.0,5,12480,0,,,4,1049243.0,181033.0,40.6633319,-73.7657344,19b,,New York
QN,2892,24,404.0,30.0,11373.0,110.0,55 ROAD,NY,V0,11,C,NYC DEPARTMENT OF TRANSPORTATION,2100,0,44.0,100.0,5,26640,0,,,4,1017579.0,206029.0,40.7321158,-73.8797426,13c,,New York
QN,9508,45,410.0,29.0,11417.0,106.0,105 STREET,NY,V0,11,C,NYC DEPARTMENT OF CITYWIDE ADMINISTRATIVE SERVICES,682,0,3.33,199.5,8,1074,0,,,4,1029497.0,188072.0,40.6827753,-73.8368609,18a,,New York
QN,9448,60,409.0,29.0,11419.0,102.0,132-06 ATLANTIC AVENUE,NY,V0,11,X,NYS DEPARTMENT OF TRANSPORTATION,6800,0,34.0,200.0,5,53880,0,,,4,1035112.0,193054.0,40.6964192,-73.8165784,14d,,New York
QN,9440,125,409.0,29.0,11419.0,102.0,123-02 ATLANTIC AVENUE,NY,V0,11,X,NYS DEPARTMENT OF TRANSPORTATION,4540,0,20.0,227.0,5,21360,0,,,4,1032992.0,192462.0,40.6948062,-73.8242279,14b,,New York
QN,9450,80,409.0,29.0,11419.0,102.0,94 AVENUE,NY,V8,11,X,NYS DEPARTMENT OF TRANSPORTATION,11832,0,34.0,348.0,5,184950,0,,,4,1035662.0,193258.0,40.696976,-73.8145934,14d,,New York
QN,12038,13,412.0,28.0,11436.0,113.0,142 PLACE,NY,V0,11,C,NYC DEPARTMENT OF CITYWIDE ADMINISTRATIVE SERVICES,3020,0,30.0,100.67,3,9240,0,,,4,1040319.0,185358.0,40.675264,-73.7978647,18c,,New York
QN,12015,172,412.0,28.0,11436.0,113.0,143 STREET,NY,V0,11,C,NYC DEPARTMENT OF CITYWIDE ADMINISTRATIVE SERVICES,56,0,4.0,109.0,8,126,0,,,4,1040250.0,186261.0,40.677743,-73.7981059,18c,,New York
QN,209,160,402.0,26.0,11104.0,108.0,39 PLACE,NY,V0,11,C,NYC DEPARTMENT OF CITYWIDE ADMINISTRATIVE SERVICES,30,0,2.58,20.5,8,189,0,,,4,1004794.0,207572.0,40.7363899,-73.9258686,13a,,New York
QN,2327,116,402.0,26.0,11377.0,108.0,58 PLACE,NY,V0,11,C,NYC DEPARTMENT OF CITYWIDE ADMINISTRATIVE SERVICES,90,0,1.0,90.0,8,441,0,,,4,1009754.0,208082.0,40.7377768,-73.9079689,13c,,New York
QN,2392,34,402.0,26.0,11377.0,108.0,65 PLACE,NY,V0,11,C,NYC DEPARTMENT OF ENVIRONMENTAL PROTECTION,4700,0,111.0,83.0,5,36960,0,,,4,1011909.0,208958.0,40.7401748,-73.900189,9d,,New York
QN,10982,301,412.0,27.0,11412.0,113.0,113 AVENUE,NY,V0,11,C,NYC DEPARTMENT OF CITYWIDE ADMINISTRATIVE SERVICES,1240,0,3.17,105.0,8,1830,0,,,4,1053580.0,195549.0,40.703142,-73.7499526,15b,,New York
QN,13051,133,412.0,31.0,11413.0,116.0,143 AVENUE,NY,V0,11,C,NYC DEPARTMENT OF CITYWIDE ADMINISTRATIVE SERVICES,160,0,2.25,79.75,8,378,0,,,4,1050164.0,183220.0,40.6693279,-73.7623933,19b,,New York
QN,859,10,401.0,22.0,11105.0,114.0,27 STREET,NY,V0,11,C,NYC DEPARTMENT OF CITYWIDE ADMINISTRATIVE SERVICES,900,0,4.42,100.0,8,1452,0,,,4,1009197.0,223416.0,40.7798663,-73.9099219,9c,,New York
QN,9445,60,409.0,29.0,11419.0,102.0,129-12 ATLANTIC AVENUE,NY,V0,11,X,NYS DEPARTMENT OF TRANSPORTATION,7458,0,33.0,226.0,5,59280,0,,,4,1034392.0,192787.0,40.6956905,-73.8191768,14d,,New York
QN,9447,60,409.0,29.0,11419.0,102.0,131-02 ATLANTIC AVENUE,NY,V0,11,X,NYS DEPARTMENT OF TRANSPORTATION,6800,0,34.0,200.0,3,53880,0,,,4,1034878.0,192968.0,40.6961845,-73.8174229,14d,,New York
QN,2885,109,404.0,30.0,11373.0,110.0,58 AVENUE,NY,V0,11,C,NYC DEPARTMENT OF CITYWIDE ADMINISTRATIVE SERVICES,106,0,6.08,17.5,8,315,0,,,4,1018661.0,205531.0,40.7307448,-73.8758411,13c,,New York
QN,2891,224,404.0,30.0,11373.0,110.0,85 STREET,NY,V0,11,C,NYC DEPARTMENT OF TRANSPORTATION,2648,0,49.0,100.0,5,34740,0,,,4,1017704.0,205968.0,40.7319479,-73.8792919,13c,,New York
QN,2575,58,402.0,26.0,11378.0,108.0,56 ROAD,NY,V1,11,C,NYC DEPARTMENT OF CITYWIDE ADMINISTRATIVE SERVICES,24,0,7.0,39.0,8,495,0,,,4,1006598.0,203789.0,40.7260022,-73.9193716,13a,,New York
QN,1093,128,403.0,21.0,11369.0,115.0,100 STREET,NY,V0,11,C,NYC DEPARTMENT OF CITYWIDE ADMINISTRATIVE SERVICES,240,0,6.0,40.0,8,630,0,,,4,1020033.0,218885.0,40.7673927,-73.8708197,9c,,New York
QN,11493,63,410.0,32.0,11417.0,106.0,94 PLACE,NY,V0,11,C,NYC DEPARTMENT OF CITYWIDE ADMINISTRATIVE SERVICES,39,0,3.5,21.08,8,126,0,,,4,1028046.0,184975.0,40.674282,-73.8421126,18a,,New York
QN,9595,36,410.0,28.0,11419.0,106.0,106-10 VAN WYCK EXPRESSWAY,NY,V0,11,C,NYC HOUSING PRESERVATION AND DEVELOPMENT,2000,0,20.0,100.0,5,4860,0,,,4,1037092.0,190196.0,40.6885631,-73.8094604,18c,,New York
QN,15545,1,414.0,31.0,11691.0,101.0,11-06 FOAM PLACE,NY,V0,11,C,NYC DEPARTMENT OF EDUCATION,25120,0,39.9,226.0,3,94860,0,,,4,1053629.0,159667.0,40.6046537,-73.750145,25b,,New York
QN,15966,76,414.0,31.0,11691.0,101.0,447 BEACH 44 STREET,NY,V0,11,C,NYC HOUSING PRESERVATION AND DEVELOPMENT,1706,0,20.0,85.28,5,3420,0,,,4,1046415.0,156883.0,40.5970658,-73.7761503,31a,,New York
QN,15966,61,414.0,31.0,11691.0,101.0,477 BEACH 44 STREET,NY,V0,11,C,NYC HOUSING PRESERVATION AND DEVELOPMENT,1706,0,20.0,85.28,5,3420,0,,,4,1046388.0,157181.0,40.5978839,-73.7762448,31a,,New York
QN,1820,9,407.0,21.0,11368.0,110.0,126-30 NORTHERN BL SR SOUTH,NY,V1,11,C,NYC HOUSING PRESERVATION AND DEVELOPMENT,57177,0,189.0,323.0,5,2692350,0,,,4,1027284.0,216402.0,40.7605452,-73.8446588,10a,,New York
QN,15965,85,414.0,31.0,11691.0,101.0,471 BEACH 43 STREET,NY,V0,11,C,NYC HOUSING PRESERVATION AND DEVELOPMENT,2520,0,20.0,126.0,5,7200,0,,,4,1046647.0,157105.0,40.5976735,-73.7753128,31a,,New York
QN,15963,34,414.0,31.0,11691.0,101.0,549 BEACH 44 STREET,NY,V0,11,C,NYC HOUSING PRESERVATION AND DEVELOPMENT,1706,0,20.0,85.28,5,3420,0,,,4,1046322.0,157901.0,40.5998606,-73.7764758,31a,,New York
QN,15963,36,414.0,31.0,11691.0,101.0,545 BEACH 44 STREET,NY,V0,11,C,NYC HOUSING PRESERVATION AND DEVELOPMENT,1706,0,20.0,85.28,5,3420,0,,,4,1046325.0,157861.0,40.5997508,-73.7764654,31a,,New York
QN,15962,7,414.0,31.0,11691.0,101.0,530 BEACH 44 STREET,NY,V0,11,C,NYC HOUSING PRESERVATION AND DEVELOPMENT,2169,0,25.0,86.74,5,4680,0,,,4,1046483.0,157721.0,40.5993654,-73.7758977,31a,,New York
QN,15962,10,414.0,31.0,11691.0,101.0,536 BEACH 44 STREET,NY,V0,11,C,NYC HOUSING PRESERVATION AND DEVELOPMENT,2169,0,25.0,86.74,5,4680,0,,,4,1046479.0,157771.0,40.5995027,-73.7759116,31a,,New York
QN,9978,65,412.0,24.0,11435.0,103.0,90 AVENUE,NY,V0,11,C,NYC DEPARTMENT OF CITYWIDE ADMINISTRATIVE SERVICES,200,0,2.0,100.0,8,315,0,,,4,1036159.0,194739.0,40.701038,-73.8127896,14d,,New York
QN,1869,147,404.0,25.0,11373.0,110.0,54 AVENUE,NY,V0,11,C,NYC DEPARTMENT OF CITYWIDE ADMINISTRATIVE SERVICES,100,0,1.0,100.0,8,441,0,,,4,1020316.0,208333.0,40.738429,-73.8698546,9d,,New York
QN,11874,48,410.0,28.0,11420.0,106.0,135-16 134 STREET,NY,V0,11,C,NYC DEPARTMENT OF PARKS AND RECREATION,2800,0,40.0,70.0,5,10320,0,,,4,1038181.0,182433.0,40.6672489,-73.8055958,18d,,New York
QN,10112,39,412.0,28.0,11435.0,103.0,150-11 TUSKEGEE AIRMEN WAY,NY,V1,11,C,NYC HOUSING PRESERVATION AND DEVELOPMENT,10890,0,66.0,66.0,3,312300,0,,,4,1039433.0,192867.0,40.69588,-73.8009973,14d,,New York
QN,10094,20,412.0,27.0,11433.0,103.0,150-10 151 STREET,NY,V1,11,C,NYC DEPARTMENT OF TRANSPORTATION,10500,0,100.0,113.11,3,936000,0,,,4,1038754.0,194886.0,40.7014259,-73.8034296,14d,,New York
QN,9710,125,408.0,24.0,11435.0,107.0,139-26I 85 DRIVE,NY,V0,11,C,NYC DEPARTMENT OF CITYWIDE ADMINISTRATIVE SERVICES,18,0,18.0,1.0,5,0,0,,,4,1035295.0,197449.0,40.7084814,-73.8158851,14d,,New York
QN,10116,9,412.0,27.0,11433.0,103.0,158-05 LIBERTY AVENUE,NY,V1,11,O,DORMITORY AUTHORITY OF THE STATE OF NEW YORK,18600,0,181.0,100.0,1,504900,0,,,4,1040234.0,194472.0,40.7002804,-73.7980954,14d,,New York
QN,10099,1,412.0,27.0,11433.0,103.0,158-18 BEAVER ROAD,NY,V0,11,X,DORMITORY AUTHORITY OF THE STATE OF NEW YORK,33170,0,112.0,355.0,3,163380,0,,,4,1039497.0,194884.0,40.7014158,-73.8007499,14d,,New York
QN,10160,1,412.0,27.0,11433.0,103.0,164-26 LIBERTY AVENUE,NY,V0,11,O,DORMITORY AUTHORITY OF THE STATE OF NEW YORK,86000,0,300.0,408.0,3,419040,0,,,4,1041748.0,194859.0,40.7013329,-73.7926319,14d,,New York
QN,2708,148,405.0,30.0,11378.0,104.0,56 AVENUE,NY,V0,11,C,NYC DEPARTMENT OF CITYWIDE ADMINISTRATIVE SERVICES,33,0,22.0,3.0,5,120,0,,,4,1011316.0,203532.0,40.7252836,-73.9023507,13c,,New York
QN,15862,1,414.0,31.0,11691.0,101.0,3527 SHORE FRONT PARKWAY,NY,V1,11,C,NYC HOUSING PRESERVATION AND DEVELOPMENT,107853,0,846.53,1081.56,3,2853000,0,,,4,1048566.0,155884.0,40.5943084,-73.7684143,31a,,New York
QN,12165,30,412.0,28.0,11433.0,113.0,110-01 UNION HALL STREET,NY,V0,11,X,NYC DEPARTMENT OF TRANSPORTATION,968,0,11.0,88.0,8,1638,0,,,4,1042612.0,191826.0,40.6930024,-73.7895421,18c,,New York
QN,6,160,402.0,26.0,11101.0,108.0,1-55 54 AVENUE,NY,V3,11,C,NYC HOUSING PRESERVATION AND DEVELOPMENT,33934,0,209.25,249.5,3,397020,0,,,4,995419.0,209320.0,40.7412046,-73.9596946,8d,,New York
QN,10141,87,412.0,28.0,11433.0,103.0,150-20 108 AVENUE,NY,V0,11,C,NYC HOUSING PRESERVATION AND DEVELOPMENT,5772,0,70.72,78.0,5,22620,0,,,4,1040247.0,191945.0,40.6933443,-73.7980695,14d,,New York
QN,10161,9,412.0,27.0,11433.0,103.0,104-10 164 STREET,NY,V1,11,C,NYC HOUSING PRESERVATION AND DEVELOPMENT,1710,0,18.0,95.0,5,129600,0,,,4,1041668.0,194341.0,40.6999116,-73.7929248,14d,,New York
QN,10161,52,412.0,27.0,11433.0,103.0,106-39 GUY R BREWER BLVD,NY,V1,11,C,NYC HOUSING PRESERVATION AND DEVELOPMENT,2000,0,20.0,100.0,5,151650,0,,,4,1041769.0,193950.0,40.6988377,-73.7925639,14d,,New York
QN,10150,7,412.0,28.0,11433.0,103.0,108-49 UNION HALL STREET,NY,V0,11,C,NYC HOUSING PRESERVATION AND DEVELOPMENT,2220,0,20.01,111.0,5,9600,0,,,4,1042204.0,192577.0,40.6950664,-73.7910069,14d,,New York
QN,10150,57,412.0,28.0,11433.0,103.0,108-44 GUY R BREWER BLVD,NY,V1,11,C,NYC HOUSING PRESERVATION AND DEVELOPMENT,2875,0,25.0,115.0,5,223650,0,,,4,1042283.0,192669.0,40.6953184,-73.7907213,14d,,New York
QN,12152,11,412.0,28.0,11433.0,103.0,109-43 UNION HALL STREET,NY,V0,11,C,NYC HOUSING PRESERVATION AND DEVELOPMENT,2387,0,21.5,111.0,5,10320,0,,,4,1042496.0,192056.0,40.6936344,-73.7899584,14d,,New York
QN,12152,8,412.0,28.0,11433.0,103.0,109-47 UNION HALL STREET,NY,V0,11,C,NYC HOUSING PRESERVATION AND DEVELOPMENT,2220,0,20.0,111.0,5,9600,0,,,4,1042527.0,192000.0,40.6934805,-73.7898471,14d,,New York
QN,1757,90,403.0,21.0,11368.0,115.0,114 STREET,NY,V0,11,C,NYC DEPARTMENT OF PARKS AND RECREATION,2640,0,97.25,49.25,3,21780,0,,,4,1024668.0,214379.0,40.7550049,-73.854114,10b,,New York
QN,401,1,401.0,26.0,11101.0,114.0,39-27 NORTHERN BOULEVARD,NY,V1,11,X,NYC TRANSIT AUTHORITY,6645,0,163.0,125.0,3,756000,0,,,4,1002782.0,213270.0,40.752034,-73.933113,9b,,New York
QN,16325,227,414.0,32.0,11694.0,100.0,67 ROCKAWAY BEACH BLVD,NY,V0,11,C,NYC HEALTH AND HOSPITALS CORPORATION,246000,0,535.0,460.0,5,392940,0,,,4,1021776.0,146302.0,40.5681616,-73.8649313,30b,,New York
QN,581,146,401.0,22.0,11106.0,114.0,33-19A CRESCENT STREET,NY,V1,11,C,NYC DEPARTMENT OF CITYWIDE ADMINISTRATIVE SERVICES,143,0,1.67,85.65,8,2475,0,,,4,1003844.0,216964.0,40.7621708,-73.9292692,9a,,New York
QN,10501,171,408.0,23.0,11423.0,107.0,188 STREET,NY,V0,11,C,NYC DEPARTMENT OF CITYWIDE ADMINISTRATIVE SERVICES,835,0,5.0,167.5,8,1326,0,,,4,1046806.0,200793.0,40.7175859,-73.774335,15a,,New York
QN,16065,48,414.0,31.0,11692.0,100.0,527 BEACH 72 STREET,NY,V0,11,C,CITY OF NEW YORK,4000,0,40.0,100.0,3,14340,0,,,4,1039451.0,156283.0,40.595465,-73.8012317,30c,,New York
QN,16010,1,414.0,31.0,11692.0,100.0,62-02 BEACH 63 STREET,NY,V0,11,C,NYC DEPARTMENT OF PARKS AND RECREATION,71600,0,200.0,372.0,3,162240,0,,,4,1042066.0,156327.0,40.5955691,-73.7918153,30c,,New York
QN,15909,1,414.0,31.0,11692.0,100.0,64-22 ROCKAWAY BEACH BLVD,NY,V0,11,C,NYC HOUSING PRESERVATION AND DEVELOPMENT,600,0,99.5,97.1,3,4260,0,,,4,1041498.0,154749.0,40.5912415,-73.7938739,30c,,New York
QN,15909,70,414.0,31.0,11692.0,100.0,64 BEACH 64 STREET,NY,V0,11,C,NYC HOUSING PRESERVATION AND DEVELOPMENT,13358,0,143.88,86.81,5,60,0,,,4,1041609.0,154791.0,40.5913561,-73.7934739,30c,,New York
QN,15910,7,414.0,31.0,11692.0,100.0,65-12 ROCKAWAY BEACH BLVD,NY,V0,11,C,NYC HOUSING PRESERVATION AND DEVELOPMENT,6360,0,252.75,115.25,5,18360,0,,,4,1041303.0,154691.0,40.5910836,-73.7945765,30c,,New York
QN,15848,62,414.0,31.0,11691.0,101.0,2-19 BEACH 39 STREET,NY,V1,11,C,NYC HOUSING PRESERVATION AND DEVELOPMENT,2459,0,26.0,94.42,5,53100,0,,,4,1047739.0,155805.0,40.5940975,-73.7713929,31a,,New York
QN,911,100,401.0,22.0,11102.0,114.0,3RD STREET,NY,V1,11,X,NYS DEPARTMENT OF TRANSPORTATION,2548,0,0.0,0.0,0,24795,0,,,4,1002992.0,222712.0,40.7779494,-73.9323287,9a,,New York
QN,13047,101,412.0,31.0,11434.0,116.0,180 STREET,NY,V0,11,C,NYC DEPARTMENT OF CITYWIDE ADMINISTRATIVE SERVICES,310,0,1.08,286.5,8,756,0,,,4,1049653.0,183757.0,40.6708056,-73.7642302,19b,,New York
QN,10161,27,412.0,27.0,11433.0,103.0,104-46 164 STREET,NY,V0,11,C,NYC HOUSING PRESERVATION AND DEVELOPMENT,2000,0,20.0,100.0,5,13680,0,,,4,1041838.0,194034.0,40.6990679,-73.7923144,14d,,New York
QN,6644,137,408.0,24.0,11367.0,107.0,69 ROAD,NY,V0,11,C,NYC DEPARTMENT OF CITYWIDE ADMINISTRATIVE SERVICES,77,0,9.67,8.0,8,0,0,,,4,1033800.0,205953.0,40.7318313,-73.8212148,14c,,New York
QN,13812,50,413.0,31.0,11422.0,116.0,242 STREET,NY,V0,11,C,NYC DEPARTMENT OF PARKS AND RECREATION,2454,0,30.5,71.83,5,7320,0,,,4,1055038.0,175318.0,40.6476011,-73.7449066,25a,,New York
QN,10168,27,412.0,27.0,11433.0,103.0,164 PLACE,NY,V0,11,C,NYC DEPARTMENT OF CITYWIDE ADMINISTRATIVE SERVICES,1750,0,1.0,600.0,8,2712,0,,,4,1042443.0,193668.0,40.6980593,-73.7901356,14d,,New York
QN,3804,163,405.0,30.0,11385.0,104.0,79 PLACE,NY,V9,11,X,MTA - LIRR,4832,0,16.0,272.0,5,114750,0,,,4,1019945.0,197144.0,40.7077195,-73.8712527,13d,,New York
QN,5019,195,407.0,20.0,11354.0,109.0,41 AVENUE,NY,V1,11,,MTA - LIRR,11051,0,72.25,100.0,6,1300950,0,,,4,1031999.0,216017.0,40.7594643,-73.8276417,10b,,New York
QN,14255,1791,410.0,32.0,11414.0,106.0,99-76 LOCKWOOD COURT,NY,V0,11,C,NYC DEPARTMENT OF CITYWIDE ADMINISTRATIVE SERVICES,1600,0,20.0,80.0,3,5400,0,,,4,1031724.0,176292.0,40.6504302,-73.8289144,18b,,New York
QN,8114,109,411.0,19.0,11363.0,111.0,40-57 ORIENT AVENUE,NY,V0,11,P,NYS DEPARTMENT OF ENVIRONMENTAL CONSERVATION,4208,0,25.0,168.33,5,19440,0,,,4,1055238.0,220023.0,40.7703036,-73.7437146,11a,,New York
QN,8162,515,411.0,19.0,11363.0,111.0,40 AVENUE,NY,V0,11,C,NYC DEPARTMENT OF ENVIRONMENTAL PROTECTION,3780,0,59.0,131.0,5,18000,0,,,4,1055280.0,220816.0,40.7724798,-73.7435545,11a,,New York
QN,14234,534,410.0,32.0,11414.0,106.0,39 109 AVENUE,NY,V0,11,C,NYC DEPARTMENT OF ENVIRONMENTAL PROTECTION,2700,0,36.0,75.0,5,7080,0,,,4,1031474.0,178975.0,40.6577958,-73.8297966,18b,,New York
QN,10040,53,412.0,28.0,11435.0,103.0,142 STREET,NY,V0,11,C,NYC DEPARTMENT OF CITYWIDE ADMINISTRATIVE SERVICES,14338,0,75.0,191.17,3,43440,0,,,4,1037720.0,190705.0,40.6899564,-73.8071919,18c,,New York
QN,9258,80,409.0,29.0,11418.0,102.0,116 STREET,NY,V0,11,X,NYC TRANSIT AUTHORITY,25,0,7.0,9.0,8,0,0,,,4,1030663.0,194600.0,40.7006871,-73.8326119,14b,,New York
QN,14225,209,410.0,32.0,11414.0,106.0,25 BAYVIEW AVENUE,NY,V0,11,C,CITY OF NEW YORK,1600,0,20.0,80.0,6,6480,0,,,4,1030650.0,178594.0,40.6567544,-73.832769,18b,,New York
QN,10245,34,412.0,27.0,11433.0,103.0,170-22 107 AVENUE,NY,V0,11,C,NYC DEPARTMENT OF TRANSPORTATION,2250,0,22.42,100.0,5,9720,0,,,4,1043640.0,194367.0,40.69997,-73.7858127,14d,,New York
QN,13071,66,413.0,31.0,11413.0,116.0,224 STREET,NY,V0,11,C,NYC DEPARTMENT OF CITYWIDE ADMINISTRATIVE SERVICES,600,0,6.0,100.0,3,1740,0,,,4,1053064.0,182715.0,40.6679197,-73.7519446,19b,,New York
QN,14234,537,410.0,32.0,11414.0,106.0,4 BRIDGE STREET,NY,V0,11,C,CITY OF NEW YORK,390,0,15.0,26.0,5,306,0,,,4,1031421.0,178950.0,40.6577274,-73.8299877,18b,,New York
QN,429,29,402.0,26.0,11101.0,108.0,42-50 CRESCENT STREET,NY,V1,11,C,NYC DEPARTMENT OF TRANSPORTATION,8050,0,55.0,200.0,5,846450,0,,,4,1000303.0,212357.0,40.7495329,-73.9420626,9b,,New York
QN,3150,98,406.0,29.0,11375.0,112.0,97 FLEET STREET,NY,V0,11,C,NYC DEPARTMENT OF CITYWIDE ADMINISTRATIVE SERVICES,956,0,22.0,44.0,5,9180,0,,,4,1023644.0,201145.0,40.7186855,-73.8578875,14a,,New York
QN,11373,88,410.0,32.0,11417.0,106.0,90-43 DESARC ROAD,NY,V0,11,C,NYC HOUSING PRESERVATION AND DEVELOPMENT,2400,0,24.0,100.0,5,11460,0,,,4,1027423.0,184701.0,40.673533,-73.8443604,18a,,New York
QN,13143,214,413.0,31.0,11413.0,116.0,140 AVENUE,NY,V0,11,C,NYC DEPARTMENT OF CITYWIDE ADMINISTRATIVE SERVICES,336,0,7.0,48.0,8,756,0,,,4,1052586.0,184256.0,40.6721531,-73.7536521,19a,,New York
QN,287,1,402.0,26.0,11101.0,108.0,30 PLACE,NY,V9,11,X,MTA - LIRR,2600,0,13.0,200.11,3,129600,0,,,4,1001514.0,209102.0,40.7405964,-73.9377003,9b,,New York
QN,16160,10,414.0,32.0,11694.0,100.0,3-11 BEACH 104 STREET,NY,V1,11,C,NYC DEPARTMENT OF ENVIRONMENTAL PROTECTION,68667,0,392.81,190.1,5,673650,0,,,4,1032527.0,152184.0,40.5842545,-73.826193,30a,,New York
QN,16186,65,414.0,32.0,11694.0,100.0,170 BEACH 114 STREET,NY,V0,11,C,CITY OF NEW YORK,2800,0,28.0,100.0,5,8580,0,,,4,1030179.0,150446.0,40.5794965,-73.834658,30b,,New York
QN,65,36,402.0,26.0,11101.0,108.0,21 STREET,NY,V8,11,O,MTA - LIRR,10240,0,40.0,138.0,5,403200,0,,,4,998001.0,208771.0,40.7396941,-73.9503781,9b,,New York
QN,14254,1638,410.0,32.0,11414.0,106.0,164-24 104 STREET,NY,V0,11,C,NYC DEPARTMENT OF CITYWIDE ADMINISTRATIVE SERVICES,1600,0,20.0,80.0,5,4620,0,,,4,1032077.0,176719.0,40.6516003,-73.8276392,18b,,New York
QN,14243,1222,410.0,32.0,11414.0,106.0,99-69 163 ROAD,NY,V0,11,C,CITY OF NEW YORK,2720,0,34.0,80.0,5,11640,0,,,4,1031447.0,177257.0,40.6530804,-73.8299059,18b,,New York
QN,14238,1044,410.0,32.0,11414.0,106.0,102-14 RUSSELL STREET,NY,V0,11,C,CITY OF NEW YORK,1736,0,28.0,62.0,2,4920,0,,,4,1031508.0,178212.0,40.6557013,-73.8296794,18b,,New York
QN,14234,587,410.0,32.0,11414.0,106.0,73 BROADWAY,NY,V0,11,C,CITY OF NEW YORK,1170,0,18.0,65.0,2,6000,0,,,4,1031493.0,178608.0,40.6567883,-73.8297306,18b,,New York
QN,14234,505,410.0,32.0,11414.0,106.0,66 BROADWAY,NY,V0,11,C,CITY OF NEW YORK,1894,0,42.0,66.0,2,6480,0,,,4,1031481.0,178679.0,40.6569833,-73.8297734,18b,,New York
QN,14228,771,410.0,32.0,11414.0,106.0,145 BROADWAY,NY,V0,11,C,CITY OF NEW YORK,2945,0,19.0,155.0,5,7860,0,,,4,1030923.0,178035.0,40.6552186,-73.831789,18b,,New York
QN,9438,2,409.0,29.0,11419.0,102.0,94-03 95 AVENUE,NY,V0,11,C,NYC DEPARTMENT OF CITYWIDE ADMINISTRATIVE SERVICES,10,0,1.0,84.0,8,183,0,,,4,1032340.0,192230.0,40.694173,-73.8265808,14b,,New York
QN,589,161,401.0,22.0,11106.0,114.0,31 STREET,NY,V1,11,C,NYC DEPARTMENT OF CITYWIDE ADMINISTRATIVE SERVICES,64,0,0.8,80.11,8,1485,0,,,4,1005082.0,217341.0,40.7632027,-73.9247991,9a,,New York
QN,15829,13,414.0,31.0,11691.0,101.0,310 BEACH 40 STREET,NY,V0,11,C,NYC DEPARTMENT OF EDUCATION,3005,0,32.0,93.75,5,8580,0,,,4,1047612.0,156025.0,40.5947023,-73.7718481,31a,,New York
QN,10235,458,412.0,27.0,11433.0,103.0,106 AVENUE,NY,V0,11,C,NYC DEPARTMENT OF CITYWIDE ADMINISTRATIVE SERVICES,30,0,6.0,5.0,8,126,0,,,4,1044619.0,195274.0,40.7024528,-73.7822739,14d,,New York
QN,7028,29,408.0,24.0,11432.0,107.0,168 STREET,NY,V0,11,C,NYC DEPARTMENT OF CITYWIDE ADMINISTRATIVE SERVICES,4100,0,24.0,200.0,5,18780,0,,,4,1039829.0,201724.0,40.7201879,-73.7994961,14c,,New York
QN,10161,15,412.0,27.0,11433.0,103.0,104-22 164 STREET,NY,V0,11,C,NYC HOUSING PRESERVATION AND DEVELOPMENT,2254,0,22.42,100.0,5,16440,0,,,4,1041721.0,194244.0,40.699645,-73.7927345,14d,,New York
QN,10246,35,412.0,27.0,11433.0,103.0,170-24 107 AVENUE,NY,V0,11,C,NYC DEPARTMENT OF TRANSPORTATION,2500,0,25.0,100.0,5,9960,0,,,4,1043663.0,194373.0,40.6999863,-73.7857297,14d,,New York
QN,10523,69,408.0,23.0,11423.0,107.0,85 ROAD,NY,V0,11,C,NYC DEPARTMENT OF CITYWIDE ADMINISTRATIVE SERVICES,1656,0,9.0,184.0,8,2520,0,,,4,1047271.0,203087.0,40.7238791,-73.7726361,15a,,New York
QN,11009,4,412.0,27.0,11412.0,113.0,114-65 FARMERS BOULEVARD,NY,V1,11,C,NYC HOUSING PRESERVATION AND DEVELOPMENT,1600,0,20.25,81.58,5,82800,0,,,4,1050420.0,193044.0,40.6962905,-73.7613741,15b,,New York
QN,1584,30,404.0,25.0,11373.0,110.0,45 AVENUE,NY,V0,11,C,NYC DEPARTMENT OF TRANSPORTATION,3900,0,30.0,130.0,5,0,0,,,4,1018530.0,209696.0,40.7421772,-73.8762925,9d,,New York
QN,13433,48,413.0,31.0,11413.0,116.0,151 DRIVE,NY,V9,11,C,NYC DEPARTMENT OF ENVIRONMENTAL PROTECTION,817,0,50.0,33.0,3,16695,0,,,4,1049751.0,177841.0,40.6545669,-73.7639344,19b,,New York
QN,9018,62,409.0,32.0,11416.0,102.0,97 AVENUE,NY,V0,11,C,NYC DEPARTMENT OF CITYWIDE ADMINISTRATIVE SERVICES,68,0,4.58,30.0,8,315,0,,,4,1023735.0,188128.0,40.6829566,-73.8576356,18a,,New York
QN,10015,11,412.0,27.0,11435.0,103.0,101 AVENUE,NY,V0,11,C,NYC DEPARTMENT OF CITYWIDE ADMINISTRATIVE SERVICES,242,0,2.42,100.0,8,315,0,,,4,1036607.0,192140.0,40.6939018,-73.8111941,14d,,New York
QN,10195,156,412.0,27.0,11433.0,113.0,110 ROAD,NY,V0,11,C,NYC DEPARTMENT OF CITYWIDE ADMINISTRATIVE SERVICES,492,0,8.0,160.0,8,315,0,,,4,1044047.0,192434.0,40.6946616,-73.784362,14d,,New York
QN,601,127,401.0,26.0,11106.0,114.0,32 STREET,NY,V1,11,C,NYC DEPARTMENT OF CITYWIDE ADMINISTRATIVE SERVICES,200,0,2.0,100.0,8,2970,0,,,4,1003867.0,214563.0,40.7555806,-73.9291932,9b,,New York
QN,4434,135,407.0,19.0,11357.0,109.0,143 PLACE,NY,V0,11,C,NYC DEPARTMENT OF TRANSPORTATION,6960,0,60.0,116.0,5,0,0,,,4,1032401.0,226679.0,40.7887264,-73.8261142,7b,,New York
QN,13846,110,413.0,31.0,11422.0,116.0,153 DRIVE,NY,V0,11,C,NYC DEPARTMENT OF PARKS AND RECREATION,64800,0,183.0,400.0,5,174780,0,,,4,1055594.0,174308.0,40.6448244,-73.7429137,25a,,New York
QN,8241,6,411.0,19.0,11362.0,111.0,250 STREET,NY,V0,11,,LAUPROPOULOS ANDREAS S,2492,0,24.0,191.0,5,12480,0,,,4,1058740.0,216836.0,40.7615273,-73.7311068,11c,,New York
QN,8114,105,411.0,19.0,11363.0,111.0,40-49 ORIENT AVENUE,NY,V0,11,P,NYS DEPARTMENT OF ENVIRONMENTAL CONSERVATION,3558,0,25.0,146.0,5,16440,0,,,4,1055219.0,220096.0,40.7705041,-73.7437824,11a,,New York
QN,1701,48,403.0,21.0,11369.0,115.0,32-16 107 STREET,NY,V0,11,,"USA CW, LLC",1900,0,20.0,95.0,5,14940,0,,,4,1022353.0,215961.0,40.7593574,-73.8624608,10b,,New York
QN,11274,23,413.0,27.0,11411.0,105.0,114 TERRACE,NY,V0,11,,ANDERSON BEVERLEY,2100,0,34.33,106.92,3,6180,0,,,4,1059247.0,194279.0,40.6996099,-73.7295281,15d,,New York
QN,3513,18,405.0,30.0,11385.0,104.0,68 AVENUE,NY,V0,11,,HLIKERIA SLABICKY,2254,0,25.0,90.0,5,15780,0,,,4,1012134.0,195801.0,40.7040613,-73.8994315,13d,,New York
QN,15819,126,414.0,31.0,11691.0,101.0,46 MARVIN STREET,NY,V0,11,,"KAUR, BALJINDER",1375,0,25.0,55.0,5,2508,0,,,4,1050826.0,155554.0,40.5933859,-73.7602799,31a,,New York
QN,15685,6,414.0,31.0,11691.0,101.0,31-36 MOTT AVENUE,NY,V0,11,,MENDEZ OVRIL,4429,0,58.92,65.79,5,7560,0,,,4,1048569.0,161961.0,40.6109884,-73.7683456,25b,,New York
QN,15629,50,414.0,31.0,11691.0,101.0,5 OSTEND PLACE,NY,V0,11,,SKI DEVELOPMENT 3 LLC,3716,0,42.42,93.25,5,11880,0,,,4,1053729.0,157404.0,40.5984415,-73.7498081,31a,,New York
QN,15622,99,414.0,31.0,11691.0,101.0,13-18 NEW HAVEN AVENUE,NY,V0,11,,SPURGEON GOODRICH,1718,0,13.0,65.0,5,4200,0,,,4,1054341.0,157241.0,40.5979893,-73.747606,31a,,New York
QN,15316,58,414.0,32.0,11693.0,100.0,33 WEST 12 ROAD,NY,V0,11,,"KEEGAN, MEGHAN",4800,0,48.0,100.0,2,9540,0,,,4,1033826.0,159652.0,40.6047455,-73.8214615,24d,,New York
QN,16157,60,414.0,32.0,11694.0,100.0,3-37 BEACH 101 STREET,NY,V0,11,,SFC PROPERTIES LLC,1308,0,8.75,100.0,8,1578,0,,,4,1033332.0,152646.0,40.5855182,-73.8232914,30c,,New York
QN,15960,20,414.0,31.0,11691.0,101.0,430 BEACH 43 STREET,NY,V0,11,,ABRAHAMS RHONDA W,1900,0,20.0,95.0,5,3780,0,,,4,1046839.0,156781.0,40.5967828,-73.7746245,31a,,New York
QN,350,16,401.0,26.0,11106.0,114.0,36-09 13 STREET,NY,V1,11,,ERICA 13TH ST. REALTY LLC,2521,0,25.0,100.83,5,75150,0,,,4,1001348.0,216224.0,40.7601448,-73.9382812,9a,,New York
QN,10267,27,412.0,27.0,11433.0,103.0,109-17 175 STREET,NY,V0,11,,MARIAN B WILLIAMS,2000,0,20.0,100.0,5,8100,0,,,4,1045354.0,193936.0,40.6987753,-73.7796352,14d,,New York
QN,14197,29,410.0,32.0,11414.0,106.0,162-44 96 STREET,NY,V0,11,,PROPQUEENSHOME LLC,6000,0,60.0,100.0,5,17160,0,,,4,1029829.0,177269.0,40.6531218,-73.8357369,18b,,New York
QN,2414,34,405.0,30.0,11377.0,104.0,51 ROAD,NY,V0,11,,RYAN  MARTINA,4410,0,12.0,70.0,8,6720,0,,,4,1012401.0,206867.0,40.7344339,-73.8984223,13c,,New York
QN,614,153,401.0,22.0,11106.0,114.0,33 STREET,NY,V0,11,,KARTSONIS BILL,33,0,3.5,10.92,8,252,0,,,4,1005616.0,217287.0,40.7630532,-73.9228716,9a,,New York
QN,1702,62,403.0,21.0,11368.0,115.0,107-09 NORTHERN BOULEVARD,NY,V1,11,,10709 ORIGIN LLC,4626,0,40.18,113.86,5,187200,0,,,4,1022619.0,215503.0,40.7580991,-73.8615033,10b,,New York
QN,1084,202,403.0,22.0,11369.0,115.0,89 STREET,NY,V0,11,,CITY OF NEW YORK,250,0,2.42,100.0,8,756,0,,,4,1017539.0,218390.0,40.7660438,-73.8798257,9c,,New York
QN,275,8,402.0,26.0,11101.0,108.0,31-25 THOMSON AVENUE,NY,V1,11,,KRM EQUITIES LLC,5000,0,50.0,100.0,5,220050,0,,,4,1002441.0,210748.0,40.7451124,-73.9343506,9b,,New York
QN,1323,61,402.0,26.0,11377.0,108.0,43-19 54 STREET,NY,V0,11,,4319 PROPERTY LLC,2000,0,20.0,100.0,5,28800,0,,,4,1009020.0,210015.0,40.7430845,-73.9106104,9d,,New York
QN,10120,9,412.0,28.0,11435.0,103.0,106-37 150 STREET,NY,V1,11,C,NYC HOUSING PRESERVATION AND DEVELOPMENT,4800,0,45.0,95.0,5,385650,0,,,4,1039473.0,192607.0,40.6951662,-73.8008552,14d,,New York
QN,12225,22,412.0,28.0,11434.0,113.0,116 ROAD,NY,V0,11,,HYPE ASSETS INC,2000,0,20.0,100.0,5,5400,0,,,4,1043017.0,188346.0,40.6834479,-73.788112,18c,,New York
QN,13286,40,413.0,31.0,11434.0,116.0,167-05 145TH DRIVE,NY,V0,11,,145-39 167TH LLC,3551,0,47.33,75.03,5,7140,0,,,4,1046988.0,180882.0,40.6629337,-73.7738639,19b,,New York
QN,13267,36,413.0,31.0,11434.0,116.0,165-22 SOUTH CONDUIT AVENUE,NY,V0,11,,"ALVAREZ, LUIS",3542,0,22.0,161.0,5,10140,0,,,4,1045596.0,182191.0,40.6665364,-73.7788694,19b,,New York
QN,2410,82,405.0,30.0,11378.0,104.0,52 DRIVE,NY,V0,11,,"HRYCKOWIAN, STAN J",2550,0,25.0,102.0,5,12060,0,,,4,1012488.0,206087.0,40.7322928,-73.8981116,13c,,New York
QN,10828,1,412.0,27.0,11423.0,103.0,196-04 WOODHULL AVENUE,NY,V0,11,X,ST GABRIELS PROT EPIS,9560,0,80.0,137.0,5,64440,0,,,4,1049838.0,198982.0,40.7125932,-73.763415,15b,,New York
QN,8639,62,413.0,23.0,11426.0,105.0,88 ROAD,NY,V0,11,,"CHEN, XIU MEI",300,0,10.0,30.0,8,567,0,,,4,1062846.0,204829.0,40.7285358,-73.7164254,15c,,New York
QN,330,38,401.0,22.0,11106.0,114.0,35-32 11 STREET,NY,V0,11,,JENNY JAMES,2129,0,25.02,85.11,5,21240,0,,,4,1000958.0,216933.0,40.7620916,-73.9396872,9a,,New York
QN,793,41,401.0,22.0,11105.0,114.0,40-04 23 ROAD,NY,V1,11,,23 STEINWAY LLC,2874,0,108.27,66.01,6,139500,0,,,4,1009419.0,219718.0,40.7697157,-73.9091342,9c,,New York
QN,1722,27,403.0,21.0,11368.0,115.0,107-17 34 AVENUE,NY,V0,11,,"ROCK34, INC.",2500,0,25.0,100.0,3,37680,0,,,4,1022775.0,214929.0,40.756523,-73.8609435,10b,,New York
QN,14254,1653,410.0,32.0,11414.0,106.0,102-08 164 ROAD,NY,V0,11,C,CITY OF NEW YORK,3200,0,40.0,80.0,5,9300,0,,,4,1031780.0,176669.0,40.6514647,-73.8287099,18b,,New York
QN,14253,1535,410.0,32.0,11414.0,106.0,99-81 164 ROAD,NY,V0,11,,"MARWAN, EMON NAZMUL",1600,0,20.0,80.0,5,4020,0,,,4,1031673.0,176751.0,40.6516903,-73.829095,18b,,New York
QN,15830,4,414.0,31.0,11691.0,101.0,40-08 ROCKAWAY BEACH BLVD,NY,V0,11,,"LAL, MOHAN",1517,0,25.19,62.25,5,2736,0,,,4,1047482.0,155896.0,40.5943491,-73.7723174,31a,,New York
QN,3921,49,407.0,19.0,11356.0,109.0,3-20 125TH STREET,NY,V0,11,,CP PEARL LLC,2984,0,28.0,107.0,5,16433,0,,,4,1027754.0,228328.0,40.7932766,-73.842885,7b,,New York
QN,329,52,401.0,22.0,11106.0,114.0,9-13 36 AVENUE,NY,V0,11,,THE SOLEDAD MORA FAMILY TRUST,977,0,21.67,45.08,5,10680,0,,,4,1000590.0,216769.0,40.7616421,-73.941016,9a,,New York
QN,16005,31,414.0,31.0,11692.0,100.0,62-03 DE COSTA AVENUE,NY,V0,11,,DSC PROPERTIESINC,9438,0,116.0,100.0,5,18180,0,,,4,1042392.0,157401.0,40.5985149,-73.7906322,30c,,New York
QN,9447,27,409.0,29.0,11419.0,102.0,94-04 132 STREET,NY,V0,11,,HIRALALL HARGOBIN,1200,0,16.0,75.0,3,10020,0,,,4,1034945.0,192968.0,40.6961841,-73.8171812,14d,,New York
QN,15323,72,414.0,32.0,11693.0,100.0,33 19 ROAD,NY,V0,11,,"HENGLEIN, JOHN F",7500,0,75.0,100.0,5,2796,0,,,4,1033612.0,157877.0,40.5998747,-73.8222452,30c,,New York
QN,15806,23,414.0,31.0,11691.0,101.0,3006 SEAGIRT AVENUE,NY,V0,11,,MAGIC OF GREAT NECK REALTY INC,4180,0,44.0,95.0,3,17460,0,,,4,1050053.0,156089.0,40.5948602,-73.763058,31a,,New York
QN,15954,53,414.0,31.0,11691.0,101.0,457 BEACH 37 STREET,NY,V0,11,C,NYC HOUSING PRESERVATION AND DEVELOPMENT,2667,0,26.67,100.0,5,7620,0,,,4,1048025.0,157123.0,40.5977131,-73.7703506,31a,,New York
QN,6006,4,411.0,19.0,11360.0,111.0,28 AVENUE,NY,V0,11,,215 STREET LLC,7200,0,60.0,120.0,5,32520,0,,,4,1047232.0,222872.0,40.778184,-73.7725915,11a,,New York
QN,8963,36,409.0,32.0,11421.0,102.0,80-15 91 AVENUE,NY,V0,11,,"WELLS FARGO BANK, N.A.",2475,0,25.0,99.0,5,11700,0,,,4,1023007.0,189585.0,40.6869589,-73.860252,18a,,New York
QN,4464,169,407.0,19.0,11357.0,109.0,146 PLACE,NY,V0,11,,"LAN, XIAOBO",1325,0,13.25,100.0,5,6180,0,,,4,1034072.0,226331.0,40.787762,-73.8200824,7d,,New York
QN,14231,769,410.0,32.0,11414.0,106.0,153 HAWTREE BASIN,NY,V0,11,,"DANY FAYZAK, LLC",2200,0,22.0,100.0,5,6420,0,,,4,1030912.0,177973.0,40.6550485,-73.831829,18b,,New York
QN,14228,772,410.0,32.0,11414.0,106.0,143 BROADWAY,NY,V0,11,,"LIANG, WENDY",3234,0,20.42,155.0,2,8640,0,,,4,1030928.0,178055.0,40.6552735,-73.8317708,18b,,New York
QN,14182,71,410.0,32.0,11414.0,106.0,102-11A 159 DRIVE,NY,V0,11,,UNAVAILABLE OWNER,1000,0,50.0,100.0,3,858,0,,,4,1031381.0,179470.0,40.6591549,-73.8301283,18b,,New York
QN,14234,552,410.0,32.0,11414.0,106.0,4 BROADWAY,NY,V0,11,,"VIEITEZ, STEPHEN",2397,0,17.0,141.0,2,7620,0,,,4,1031275.0,179149.0,40.6582744,-73.8305126,18b,,New York
QN,1085,71,403.0,22.0,11369.0,115.0,23-21 91 STREET,NY,V0,11,,"AURNHAMMER, OTTILIAA.",2000,0,20.0,100.0,5,10500,0,,,4,1017860.0,218815.0,40.7672091,-73.8786648,9c,,New York
QN,14228,240,410.0,32.0,11414.0,106.0,161-03 99 STREET,NY,V0,11,,KZ REALTY MGT INC.,4800,0,60.0,80.0,2,17640,0,,,4,1030541.0,178503.0,40.6565052,-73.8331625,18b,,New York
QN,14250,1472,410.0,32.0,11414.0,106.0,99-44 164 AVENUE,NY,V0,11,,DITTENHEIMER  WALTER,1600,0,20.0,80.0,5,4620,0,,,4,1031284.0,176755.0,40.6517034,-73.8304968,18b,,New York
QN,14250,1468,410.0,32.0,11414.0,106.0,99-49 164 ROAD,NY,V0,11,,99-41 164 ROAD LLC,2200,0,20.0,110.0,2,6000,0,,,4,1031274.0,176643.0,40.651396,-73.8305336,18b,,New York
QN,16157,77,414.0,32.0,11694.0,100.0,3-05 BEACH 101 STREET,NY,V0,11,,"BEACH 101 STREET, LLC",4975,0,56.75,100.0,5,12000,0,,,4,1033479.0,152362.0,40.5847379,-73.8227643,30c,,New York
QN,16117,74,414.0,32.0,11693.0,100.0,307 BEACH 85 STREET,NY,V0,11,,"307 ASSOCIATES,",1674,0,28.0,59.0,5,3252,0,,,4,1036706.0,154162.0,40.58966,-73.8111324,30c,,New York
QN,10744,25,413.0,23.0,11428.0,105.0,93-06 224TH STREET,NY,V0,11,,LOVE PROPERTIES LLC,4200,0,40.0,105.0,3,13740,0,,,4,1058549.0,202903.0,40.7232865,-73.7319502,15c,,New York
QN,10239,54,412.0,27.0,11433.0,103.0,170-19 107 AVENUE,NY,V0,11,,REAL EXCEL MANAGEMENT CORP,2000,0,20.0,100.0,3,9840,0,,,4,1043579.0,194519.0,40.7003876,-73.7860314,14d,,New York
QN,10222,3,412.0,27.0,11433.0,103.0,103-17 168 PLACE,NY,V0,11,,KAREEM J RODGERS,2000,0,20.0,100.0,5,8100,0,,,4,1042631.0,195242.0,40.7023783,-73.789444,14d,,New York
QN,15662,12,414.0,31.0,11691.0,101.0,13-66 MCBRIDE STREET,NY,V0,11,,HELP REALTY CORP.,2160,0,40.0,55.0,5,2850,0,,,4,1051810.0,160704.0,40.6075141,-73.7566853,25b,,New York
QN,8821,1,413.0,23.0,11001.0,105.0,262 STREET,NY,V0,11,,"AHSON, MOHAMMAD",20,0,6.0,6.0,8,183,0,,,4,1066125.0,206410.0,40.7328454,-73.7045756,15c,,New York
QN,5198,1,407.0,20.0,11355.0,109.0,43-45 BURLING STREET,NY,V0,11,,BURLING PLAZA LLC,5115,0,50.0,101.58,5,55080,0,,,4,1034800.0,214573.0,40.7554853,-73.8175419,10d,,New York
QN,5019,107,407.0,20.0,11355.0,109.0,136-25 41 AVENUE,NY,V1,11,,136-25 41 REALTY LLC,4450,0,50.0,89.0,5,522450,2021,,,4,1031724.0,215837.0,40.7589717,-73.8286356,10b,,New York
QN,11534,50,410.0,32.0,11417.0,106.0,137-05 97 STREET,NY,V0,11,,JUNARD CORP.,2,0,2.42,1.0,8,63,0,,,4,1029110.0,184399.0,40.6726957,-73.8382807,18a,,New York
QN,9462,23,409.0,29.0,11419.0,102.0,95-30 124 STREET,NY,V0,11,,RAMBHAROSE  RAMKISSOO,2282,0,20.0,114.08,5,10560,0,,,4,1033349.0,191671.0,40.6926332,-73.8229463,18c,,New York
QN,9467,21,409.0,29.0,11419.0,102.0,95-30 127 STREET,NY,V0,11,,ALEX GONZALEZ,3028,0,30.0,100.92,5,14340,0,,,4,1034109.0,191948.0,40.6933892,-73.8202036,14d,,New York
QN,13291,11,413.0,31.0,11434.0,116.0,177 PLACE,NY,V0,11,,WP PLAZA INC.,1110,0,34.58,63.25,3,3300,0,,,4,1047548.0,182208.0,40.6665693,-73.771833,19b,,New York
QN,1336,26,402.0,26.0,11377.0,108.0,40-31 61 STREET,NY,V0,11,X,CORPORATION OF THE PRESIDING BISHOP,2500,0,25.0,100.0,5,16920,0,,,4,1011065.0,210282.0,40.7438114,-73.9032294,9d,,New York
QN,12878,78,413.0,31.0,11422.0,116.0,128-58 238 STREET,NY,V0,11,,BENTLEY HAIG,2400,0,24.0,100.0,5,8400,0,,,4,1059255.0,187307.0,40.6804734,-73.7295768,19c,,New York
QN,701,8,401.0,22.0,11103.0,114.0,25-89 42 STREET,NY,V1,11,,PV OWNER LLC,1500,0,20.0,75.0,5,107550,0,,,4,1008713.0,217960.0,40.7648924,-73.9116894,9c,,New York
QN,8064,73,411.0,19.0,11363.0,111.0,236 STREET,NY,V0,11,,"APOLLON, PARIS",4000,0,40.0,100.0,5,18000,0,,,4,1053394.0,220854.0,40.7725991,-73.7503633,11a,,New York
QN,12889,128,413.0,31.0,11422.0,116.0,129 ROAD,NY,V0,11,,"NARANJIT, NARMESH",4180,0,38.0,110.0,5,10620,0,,,4,1059583.0,186652.0,40.6786728,-73.7284016,19c,,New York
QN,5050,54,407.0,20.0,11355.0,109.0,144-75 BARCLAY AVENUE,NY,V0,11,,CC BARCLAY HOLDING LLC,3200,0,25.0,128.0,5,51120,0,,,4,1034501.0,216452.0,40.7606444,-73.818607,10c,,New York
QN,11357,30,410.0,32.0,11414.0,106.0,133-46 135 AVENUE,NY,V0,11,,SOUTH AMBER REALTY LLC,3800,0,40.0,95.0,3,19620,0,,,4,1023681.0,184090.0,40.6718734,-73.8578539,18a,,New York
QN,12568,8,412.0,28.0,11434.0,113.0,173-05 137 AVENUE,NY,V0,11,,TOTTEN MICHAEL W,3207,0,32.83,97.67,5,9300,0,,,4,1048667.0,184653.0,40.6732722,-73.767776,19a,,New York
QN,14154,33,410.0,32.0,11414.0,106.0,95-11 158 AVENUE,NY,V0,11,,JSS FOUNDATIONS,4000,0,40.0,100.0,2,12540,0,,,4,1029204.0,180284.0,40.6614005,-73.8379693,18b,,New York
QN,9096,115,409.0,32.0,11416.0,102.0,101-26 91 STREET,NY,V0,11,,"MARTE, LUCAS E",1400,0,14.0,100.0,5,6660,0,,,4,1026047.0,187938.0,40.6824244,-73.8493008,18a,,New York
QN,12866,127,413.0,31.0,11422.0,116.0,121-22 HOOK CREEK BOULEVARD,NY,V0,11,,R AND K-3 REALTY 2016 LLC,3834,0,84.27,40.0,5,10080,0,,,4,1060225.0,188067.0,40.6825511,-73.7260711,19c,,New York
QN,9340,122,409.0,29.0,11418.0,102.0,87-32 133 STREET,NY,V0,11,,"RAMPERSHAD, OUDESHRAM",4400,0,40.0,110.0,5,21060,0,,,4,1034319.0,194822.0,40.7012765,-73.819425,14d,,New York
QN,2912,22,405.0,30.0,11379.0,104.0,82-25 60 AVENUE,NY,V0,11,,CHRISTOPHER GERAS,1900,0,20.0,95.0,3,16440,0,,,4,1018047.0,204388.0,40.7276099,-73.8780622,13c,,New York
QN,15651,34,414.0,31.0,11691.0,101.0,14-50 PINSON STREET,NY,V0,11,,FIRST CHURCH OF GOD,12600,0,117.0,129.0,3,20880,0,,,4,1052430.0,161453.0,40.6095652,-73.7544449,25b,,New York
QN,15547,68,414.0,31.0,11691.0,101.0,678 CEDAR LAWN AVENUE,NY,V0,11,,"WOLFSON, DAVID MORDECHAI",11397,0,82.75,127.84,3,43380,0,,,4,1056001.0,160043.0,40.6056669,-73.7415987,25b,,New York
QN,16103,80,414.0,31.0,11693.0,100.0,3-12 BEACH 84 STREET,NY,V0,11,,MASTERFUL CONSTRUCTION LLC,2322,0,25.0,95.12,5,6360,0,,,4,1037036.0,154581.0,40.5908081,-73.809941,30c,,New York
QN,15529,134,414.0,31.0,11691.0,101.0,12-60 BRUNSWICK AVENUE,NY,V1,11,X,"FAR ROCKAWAY CATHEDRAL CHURCH OF GOD IN  CHRIST,INC",11550,0,45.0,110.0,5,117000,0,,,4,1053757.0,161372.0,40.6093326,-73.7496664,25b,,New York
QN,8845,39,409.0,32.0,11421.0,102.0,85 DRIVE,NY,V0,11,,MONTOYA JESUS,1900,0,19.0,100.0,5,5400,0,,,4,1021738.0,192237.0,40.6942435,-73.8648129,14b,,New York
QN,16103,77,414.0,31.0,11693.0,100.0,3-06 BEACH 84 STREET,NY,V0,11,,MASTERFUL CONSTRUCTION LLC,5209,0,73.92,90.65,5,10680,0,,,4,1037022.0,154543.0,40.5907039,-73.8099917,30c,,New York
QN,16110,51,414.0,32.0,11693.0,100.0,341 BEACH 84 STREET,NY,V0,11,,FARWAY MARINA INC,4500,0,45.0,100.0,5,12060,0,,,4,1036977.0,154916.0,40.591728,-73.8101508,30c,,New York
QN,16124,76,414.0,32.0,11693.0,100.0,3-47 BEACH 90 STREET,NY,V0,11,,2 MOHAWK REALTY LLC,8534,0,30.02,100.43,5,20400,0,,,4,1035511.0,153857.0,40.5888298,-73.8154373,30c,,New York
QN,16122,107,414.0,32.0,11693.0,100.0,318 BEACH 89 STREET,NY,V0,11,,"CRISTIANO, CHRISTOPHER",2690,0,39.0,97.0,5,6660,0,,,4,1035988.0,153817.0,40.5887173,-73.8137202,30c,,New York
QN,16120,10,414.0,32.0,11693.0,100.0,2-28 BEACH 87 STREET,NY,V0,11,,BEACH 87TH STREET AS,5000,0,50.0,100.0,5,12600,0,,,4,1036465.0,153657.0,40.5882753,-73.812004,30c,,New York
QN,16133,17,414.0,32.0,11693.0,100.0,90-13 ROCKAWAY BEACH BLVD,NY,V1,11,,"9313 ROCKAWAY BEACH, LLC.",5300,0,50.0,106.0,5,178650,0,,,4,1035855.0,153085.0,40.5867088,-73.8142046,30c,,New York
QN,15819,125,414.0,31.0,11691.0,101.0,48 MARVIN STREET,NY,V0,11,,BEACH27 PROPERTIES LLC,1375,0,25.0,55.0,5,2508,0,,,4,1050829.0,155529.0,40.5933173,-73.7602693,31a,,New York
QN,15819,123,414.0,31.0,11691.0,101.0,50 MARVIN STREET,NY,V0,11,,"FREEDOM FLORIDA, LLC",1650,0,30.0,55.0,5,2964,0,,,4,1050833.0,155503.0,40.5932459,-73.7602552,31a,,New York
QN,15819,128,414.0,31.0,11691.0,101.0,42 MARVIN STREET,NY,V0,11,,"KAUR, BALJINDER",2750,0,50.0,55.0,5,6300,0,,,4,1050820.0,155591.0,40.5934875,-73.7603011,31a,,New York
QN,15808,11,414.0,31.0,11691.0,101.0,30-01 SEAGIRT AVENUE,NY,V0,11,,"BEGUN, RENU",10000,0,100.0,100.0,5,33000,0,,,4,1049958.0,155960.0,40.5945068,-73.7634013,31a,,New York
QN,2369,118,405.0,30.0,11378.0,104.0,63 PLACE,NY,V0,11,,NEGRON  ARCANGEL JR,236,0,4.0,59.0,8,441,0,,,4,1011419.0,204661.0,40.7283821,-73.9019746,13c,,New York
QN,15822,29,414.0,31.0,11691.0,101.0,142 BEACH 31ST STREET,NY,V0,11,,BEACH 31 BUYER LLC,2800,0,28.0,100.0,5,11580,0,,,4,1049995.0,155698.0,40.5937874,-73.7632707,31a,,New York
QN,15822,36,414.0,31.0,11691.0,101.0,171 BEACH 30TH STREET,NY,V0,11,,BEACH 31 BUYER LLC,2083,0,20.83,100.0,0,10140,0,,,4,1050092.0,155723.0,40.5938553,-73.7629212,31a,,New York
QN,15822,39,414.0,31.0,11691.0,101.0,165 BEACH 30TH STREET,NY,V0,11,,BEACH 31 BUYER LLC,2083,0,20.83,100.0,0,9420,0,,,4,1050101.0,155661.0,40.593685,-73.7628894,31a,,New York
QN,15822,42,414.0,31.0,11691.0,101.0,159 BEACH 30TH STREET,NY,V0,11,,BEACH 31 BUYER LLC,2083,0,20.83,100.0,5,8640,0,,,4,1050110.0,155599.0,40.5935148,-73.7628576,31a,,New York
QN,15822,40,414.0,31.0,11691.0,101.0,163 BEACH 30TH STREET,NY,V0,11,,BEACH 31 BUYER LLC,2083,0,20.83,100.0,5,7320,0,,,4,1050104.0,155641.0,40.5936301,-73.7628787,31a,,New York
QN,15822,37,414.0,31.0,11691.0,101.0,169 BEACH 30TH STREET,NY,V0,11,,BEACH 31 BUYER LLC,2083,0,20.83,100.0,5,10140,0,,,4,1050095.0,155703.0,40.5938004,-73.7629106,31a,,New York
QN,15822,44,414.0,31.0,11691.0,101.0,155 BEACH 30TH STREET,NY,V0,11,,BEACH 31 BUYER LLC,2083,0,20.83,100.0,5,8640,0,,,4,1050116.0,155558.0,40.5934022,-73.7628363,31a,,New York
QN,15822,28,414.0,31.0,11691.0,101.0,140 BEACH 31ST STREET,NY,V0,11,,BEACH 31 BUYER LLC,2100,0,21.0,100.0,5,8700,0,,,4,1049998.0,155674.0,40.5937215,-73.7632601,31a,,New York
QN,15822,45,414.0,31.0,11691.0,101.0,153 BEACH 30TH STREET,NY,V0,11,,BEACH 31 BUYER LLC,2083,0,20.83,100.0,5,8640,0,,,4,1050119.0,155538.0,40.5933473,-73.7628257,31a,,New York
QN,15822,48,414.0,31.0,11691.0,101.0,109 BEACH 30 STREET,NY,V0,11,,BEACH 30 MULTIFAMILY LLC,23000,0,230.0,100.0,5,95340,0,,,4,1050136.0,155414.0,40.5930068,-73.7627657,31a,,New York
QN,15808,24,414.0,31.0,11691.0,101.0,29-14 LEWMAY ROAD,NY,V0,11,,2914 LEWMAY ROAD LLC,21200,0,106.0,200.0,5,68040,0,,,4,1050228.0,155949.0,40.5944746,-73.7624293,31a,,New York
QN,15821,38,414.0,31.0,11691.0,101.0,163 BEACH 29TH STREET,NY,V0,11,,BEACH 29 GROUP LLC,2082,0,20.0,104.08,5,8640,0,,,4,1050348.0,155669.0,40.5937052,-73.7619999,31a,,New York
QN,15821,16,414.0,31.0,11691.0,101.0,154 BEACH 30TH STREET,NY,V0,11,,BEACH 30 GROUP LLC,2575,0,25.0,103.0,5,10680,0,,,4,1050260.0,155549.0,40.5933764,-73.7623179,31a,,New York
QN,15821,42,414.0,31.0,11691.0,101.0,155 BEACH 29TH STREET,NY,V0,11,,BEACH 29 GROUP LLC,2082,0,20.0,104.08,5,8640,0,,,4,1050359.0,155590.0,40.5934882,-73.7619611,31a,,New York
QN,15821,40,414.0,31.0,11691.0,101.0,159 BEACH 29TH STREET,NY,V0,11,,BEACH 30 GROUP LLC,2082,0,20.0,104.12,5,8640,0,,,4,1050353.0,155630.0,40.5935981,-73.7619823,31a,,New York
QN,15821,43,414.0,31.0,11691.0,101.0,153 BEACH 29TH STREET,NY,V0,11,,BEACH 30 GROUP LLC,2082,0,20.0,104.0,5,8640,0,,,4,1050362.0,155570.0,40.5934333,-73.7619505,31a,,New York
QN,15821,45,414.0,31.0,11691.0,101.0,149 BEACH 29TH STREET,NY,V0,11,,BEACH 30 GROUP LLC,2082,0,20.0,104.0,5,8640,0,,,4,1050367.0,155531.0,40.5933262,-73.7619328,31a,,New York
QN,15821,41,414.0,31.0,11691.0,101.0,157 BEACH 29TH STREET,NY,V0,11,,BEACH 30 GROUP LLC,2082,0,20.0,104.0,5,8640,0,,,4,1050356.0,155610.0,40.5935431,-73.7619717,31a,,New York
QN,15817,50,414.0,31.0,11691.0,101.0,188 BEACH 26 STREET,NY,V0,11,,SEAGIRT HOLDING CORP.,2450,0,25.0,98.0,5,3780,0,,,4,1051166.0,156065.0,40.5947859,-73.7590506,31a,,New York
QN,15823,40,414.0,31.0,11691.0,101.0,101-03 BEACH 31 STREET,NY,V0,11,,FORE LLC,3050,0,40.0,76.25,5,10680,0,,,4,1049878.0,155615.0,40.5935604,-73.7636928,31a,,New York
QN,15815,28,414.0,31.0,11691.0,101.0,163 BEACH 24 STREET,NY,V0,11,,"BORYSEVICZ, KRISTIAN",1225,0,25.0,49.0,5,2280,0,,,4,1051487.0,155708.0,40.5938036,-73.7578983,31a,,New York
QN,15822,24,414.0,31.0,11691.0,101.0,134 BEACH 31ST STREET,NY,V0,11,,BEACH 31 BUYER LLC,2100,0,21.0,100.0,5,8700,0,,,4,1050007.0,155611.0,40.5935485,-73.7632283,31a,,New York
QN,15822,43,414.0,31.0,11691.0,101.0,157 BEACH 30TH STREET,NY,V0,11,,BEACH 31 BUYER LLC,2083,0,20.83,100.0,5,8640,0,,,4,1050113.0,155579.0,40.5934599,-73.7628469,31a,,New York
QN,15822,23,414.0,31.0,11691.0,101.0,132 BEACH 31ST STREET,NY,V0,11,,BEACH 31 BUYER LLC,2800,0,28.0,100.0,5,11580,0,,,4,1050011.0,155587.0,40.5934826,-73.7632141,31a,,New York
QN,15822,25,414.0,31.0,11691.0,101.0,136 BEACH 31ST STREET,NY,V0,11,,BEACH 31 BUYER LLC,2100,0,21.0,100.0,5,8700,0,,,4,1050004.0,155632.0,40.5936062,-73.7632389,31a,,New York
QN,16069,22,414.0,31.0,11692.0,100.0,72-01 HESSLER AVENUE,NY,V0,11,,"B. 72ND ST. - 16069.22, LLC",4000,0,40.0,100.0,3,8340,0,,,4,1039498.0,155699.0,40.5938618,-73.8010673,30c,,New York
QN,10858,31,412.0,27.0,11423.0,103.0,191-20 102 AVENUE,NY,V0,11,,"POULARD, TALIDA",4206,0,57.0,65.26,3,12600,0,,,4,1049152.0,197404.0,40.7082671,-73.7659047,15b,,New York
QN,10769,6,413.0,27.0,11429.0,105.0,98-01 218 STREET,NY,V1,11,,98-01 218TH STREET PROPERTIES LLC,10000,0,100.0,100.0,3,243900,0,,,4,1057056.0,200325.0,40.716223,-73.7373644,15a,,New York
QN,10796,4,413.0,27.0,11429.0,105.0,223-07 HEMPSTEAD AVENUE,NY,V0,11,,CHURCH OF GOD ST. ALBANS,8320,0,80.0,104.0,5,23760,0,,,4,1058935.0,198884.0,40.7122521,-73.7306022,15d,,New York
QN,9998,109,412.0,27.0,11435.0,103.0,148-12 ARCHER AVENUE,NY,V1,11,,1010 SUFFOLK AVENUE CORP,2000,0,20.0,100.0,5,148500,0,,,4,1038193.0,194675.0,40.7008502,-73.8054545,14d,,New York
QN,13184,18,413.0,31.0,11413.0,116.0,139-31 229 STREET,NY,V0,11,,"BHOOMDAT, GANESHRAM J",2000,0,20.0,100.0,5,5220,0,,,4,1054770.0,182980.0,40.6686337,-73.7457922,19b,,New York
QN,3257,41,406.0,29.0,11375.0,112.0,71 ROAD,NY,V1,11,,CAMASTRA REALTY,1300,0,10.0,130.0,8,16830,0,,,4,1027755.0,201664.0,40.7200908,-73.8430539,14a,,New York
QN,4960,27,407.0,20.0,11354.0,109.0,35-18 LEAVITT STREET,NY,V0,11,,3518 X LLC,2402,0,26.25,91.5,3,26820,0,,,4,1031577.0,217822.0,40.7644208,-73.8291522,10a,,New York
QN,768,15,401.0,22.0,11105.0,114.0,22-35 46 STREET,NY,V0,11,,"HAQUE, AINUL",2272,0,25.0,94.0,5,19080,0,,,4,1010947.0,219482.0,40.7690634,-73.9036187,9c,,New York
QN,16322,33,414.0,32.0,11694.0,100.0,143 BEACH 148 STREET,NY,V0,11,,"MOORE, MEIR LEE",15610,0,150.0,100.68,3,21540,0,,,4,1022412.0,146247.0,40.568008,-73.8626425,30b,,New York
QN,10155,68,412.0,27.0,11433.0,103.0,94-50 MERRICK BOULEVARD,NY,V1,11,,"JAMAICA PROPERTIES, LLC",2500,0,25.0,100.0,5,45900,0,,,4,1041994.0,195311.0,40.7025719,-73.7917408,14d,,New York
QN,10219,81,412.0,27.0,11433.0,103.0,170-55 DOUGLAS AVENUE,NY,V1,11,,"M & P REALI ENTRP, INC",3125,0,25.0,125.0,5,43650,0,,,4,1043446.0,196179.0,40.7049448,-73.7864964,14d,,New York
QN,10000,42,412.0,27.0,11435.0,103.0,148-07 95 AVENUE,NY,V1,11,,TDM REALTY PARTNERS LLC,5000,0,50.0,100.0,5,158850,0,,,4,1038408.0,194115.0,40.6993118,-73.8046836,14d,,New York
QN,9379,11,409.0,29.0,11416.0,102.0,95-16 102 STREET,NY,V0,11,,JOHNSON ART,2521,0,25.0,100.83,5,18300,0,,,4,1028010.0,190012.0,40.6881076,-73.8422097,18a,,New York
QN,13139,24,413.0,31.0,11413.0,116.0,225 STREET,NY,V0,11,,"LEWIS, AYANNA E",2000,0,20.0,100.0,5,5220,0,,,4,1054150.0,184160.0,40.6718774,-73.748015,19a,,New York
QN,11716,109,410.0,28.0,11420.0,106.0,122 PLACE,NY,V0,11,C,NYC DEPARTMENT OF CITYWIDE ADMINISTRATIVE SERVICES,425,0,20.58,20.67,5,120,0,,,4,1035344.0,184840.0,40.6738724,-73.815804,18c,,New York
QN,9164,170,410.0,32.0,11417.0,106.0,106-63 95 STREET,NY,V0,11,,"CHISHTI, MOHAMMED  KUDDUS",363,0,10.17,65.33,8,315,0,,,4,1027765.0,186580.0,40.6786888,-73.8431153,18a,,New York
QN,5212,51,407.0,20.0,11355.0,109.0,46-11 SMART STREET,NY,V0,11,,SMART 4611 LLC,2500,0,25.0,100.0,5,12180,0,,,4,1035396.0,213497.0,40.7525285,-73.8153988,10d,,New York
QN,5212,151,407.0,20.0,11355.0,109.0,46-13 SMART STREET,NY,V0,11,,SMART 4611 LLC,2500,0,25.0,100.0,5,12180,0,,,4,1035412.0,213478.0,40.7524763,-73.8153412,10d,,New York
QN,575,23,401.0,22.0,11102.0,114.0,27-11 30 AVENUE,NY,V1,11,,"NN30 REALTY, LLC",5200,0,50.0,104.0,5,375750,0,,,4,1005399.0,219175.0,40.7682358,-73.923649,9a,,New York
QN,4996,21,407.0,20.0,11354.0,109.0,146-27 35 AVENUE,NY,V0,11,,WOODMAN REALTY LLC,5445,0,33.0,165.0,5,59220,0,,,4,1034136.0,218618.0,40.7665915,-73.8199085,10c,,New York
QN,6831,118,408.0,24.0,11366.0,107.0,161-09 UNION TURNPIKE,NY,V1,11,,"UNION TURNPIKE,LLC",9063,0,145.0,85.0,5,255150,0,,,4,1037969.0,202061.0,40.7211243,-73.8062034,14c,,New York
QN,9482,106,409.0,29.0,11419.0,102.0,95 AVENUE,NY,V0,11,,EWALD DEMENYS,625,0,25.0,25.0,5,3024,0,,,4,1035798.0,192780.0,40.6956632,-73.8141066,14d,,New York
QN,2377,31,405.0,30.0,11378.0,104.0,55-44 66 STREET,NY,V0,11,,HHL PROPERTIES INC.,3950,0,50.0,79.0,5,16680,0,,,4,1012280.0,203909.0,40.7263153,-73.8988712,13c,,New York
QN,2397,67,405.0,30.0,11378.0,104.0,66-48 JAY AVENUE,NY,V0,11,,"PACE, MARYLOU",2500,0,25.0,100.0,5,14760,0,,,4,1012775.0,204556.0,40.7280896,-73.8970826,13c,,New York
QN,10777,56,413.0,27.0,11429.0,105.0,221-09 HEMPSTEAD AVENUE,NY,V0,11,,"MCCURDY, DELWIN",3996,0,40.0,98.0,3,11520,0,,,4,1058527.0,199016.0,40.7126179,-73.7320724,15d,,New York
QN,489,46,402.0,26.0,,,44 DRIVE,NY,V8,11,X,OGS BUREAU OF LAND MANAGEMENT,29512,0,124.0,238.0,5,1185300,0,,,4,996589.0,212577.0,40.7501427,-73.9554665,9b,,New York
QN,3895,6,406.0,29.0,11375.0,112.0,70 ROAD,NY,V0,11,,UNAVAILABLE OWNER,100,0,1.0,100.0,8,252,0,,,4,1025025.0,197707.0,40.7092428,-73.8529265,14b,,New York
QN,13653,135,413.0,31.0,11422.0,116.0,148 ROAD,NY,V0,11,,"DUNCAN, THERESA",112,0,8.0,28.0,8,315,0,,,4,1057942.0,177590.0,40.6538135,-73.7344169,19d,,New York
QN,1692,11,403.0,21.0,11369.0,115.0,106 STREET,NY,V1,11,,NCBP EAST ELMHURST LLC,800,0,5.0,100.0,8,10395,0,,,4,1022034.0,216404.0,40.7605747,-73.8636098,10a,,New York
QN,12618,32,412.0,27.0,11412.0,113.0,197 STREET,NY,V0,11,,URBAN ADVANCEMENT LLC,1400,0,14.0,100.0,5,5700,0,,,4,1052317.0,191898.0,40.6931307,-73.7545446,15b,,New York
QN,12214,125,412.0,28.0,11434.0,113.0,119 ROAD,NY,V0,11,,EDGAR SIMON,423,0,10.58,40.0,8,315,0,,,4,1043134.0,186730.0,40.6790116,-73.7877043,18c,,New York
QN,15913,40,414.0,31.0,11692.0,100.0,300 BEACH 67 STREET,NY,V0,11,,JJARS INC,13500,0,140.0,100.0,5,47220,0,,,4,1040997.0,154800.0,40.5913847,-73.7956774,30c,,New York
QN,13895,27,,,,,249-15 ROCKAWAY BOULEVARD,NY,V1,11,,WOODMERE REALTY CORP,12650,0,206.75,100.0,5,154350,0,,,4,1056111.0,172036.0,40.6385841,-73.7410749,25a,,New York
QN,887,149,401.0,22.0,11102.0,114.0,25 ROAD,NY,V0,11,,"GONZALEZ, MARIO S",250,0,10.0,25.0,8,756,0,,,4,1004896.0,221265.0,40.7739735,-73.9254585,9a,,New York
QN,9037,3,409.0,32.0,11416.0,102.0,94-06 94 STREET,NY,V0,11,,"DOTZLER, JOHN  F",1145,0,16.0,42.5,5,5760,0,,,4,1026458.0,189511.0,40.68674,-73.8478091,18a,,New York
QN,13334,70,413.0,31.0,11434.0,116.0,145 ROAD,NY,V0,11,,"CLYNE, GORDON",1900,0,20.0,95.0,5,4920,0,,,4,1049288.0,181617.0,40.6649345,-73.7655666,19b,,New York
QN,13250,19,413.0,31.0,11422.0,116.0,136 AVENUE,NY,V0,11,,"BRISCOE, DELROSE",100,0,4.0,25.0,8,246,0,,,4,1059640.0,182911.0,40.6684042,-73.7282379,19d,,New York
QN,8639,137,413.0,23.0,11426.0,105.0,247-44 87 DRIVE,NY,V0,11,,"SILIBOVSKY, KEITH",825,0,25.0,33.0,5,2184,0,,,4,1062365.0,204977.0,40.7289462,-73.7181591,15c,,New York
QN,8668,269,413.0,23.0,11426.0,105.0,24-54 87 DRIVE,NY,V0,11,,R & K SCARNICI,625,0,18.0,34.83,5,1620,0,,,4,1064220.0,204545.0,40.7277439,-73.7114714,15c,,New York
QN,12922,115,413.0,31.0,11413.0,116.0,132 AVENUE,NY,V0,11,,SPOONER IRETA,4000,0,40.0,100.0,5,10560,0,,,4,1053481.0,188178.0,40.6829111,-73.7503854,19a,,New York
QN,10314,94,412.0,27.0,11434.0,113.0,179 STREET,NY,V0,11,,"TURNER, TRUSTEE, ROBERT R",3000,0,30.0,100.0,5,8640,0,,,4,1048267.0,192193.0,40.6939706,-73.7691464,15b,,New York
QN,589,137,401.0,22.0,11106.0,114.0,541-00 30 STREET,NY,V0,11,,KEANE HLDG CP,148,0,1.48,100.1,8,315,0,,,4,1005210.0,217732.0,40.7642756,-73.9243358,9a,,New York
QN,6306,30,411.0,19.0,11361.0,111.0,215 PLACE,NY,V0,11,,"ANDREOU, JOANNA",850,0,17.0,50.0,5,4020,0,,,4,1048824.0,217116.0,40.7623738,-73.7668986,11a,,New York
QN,16083,8,414.0,31.0,11692.0,100.0,349 BEACH 70 STREET,NY,V0,11,X,MT CARMEL BAPTIST CHURCH OF ARVERNE NY,2850,0,30.0,95.0,5,10320,0,,,4,1039995.0,155088.0,40.5921816,-73.7992828,30c,,New York
QN,412,1,401.0,26.0,11101.0,114.0,22-09 QUEENS PLAZA NORTH,NY,V1,11,,"QUEENSBORO TOWER, LLC",81500,0,201.0,416.17,3,6198300,0,,,4,1000369.0,213398.0,40.75239,-73.9418219,9b,,New York
QN,8003,6,413.0,23.0,11426.0,105.0,240 STREET,NY,V0,11,,"J BROTHERS REALTY, INC.",1200,0,20.0,60.0,5,3120,0,,,4,1059837.0,203134.0,40.7239096,-73.7273009,15c,,New York
QN,1885,28,404.0,25.0,11373.0,110.0,52 AVENUE,NY,V0,11,,"LI, YI BING HUANG",200,0,2.0,100.08,8,756,0,,,4,1020815.0,209023.0,40.7403208,-73.8680502,9d,,New York
QN,8097,63,411.0,19.0,11363.0,111.0,63-34 38 DRIVE,NY,V0,11,,"LIN, QIAO LING",2500,0,25.0,100.0,5,12600,0,,,4,1054722.0,220588.0,40.7718585,-73.7455715,11a,,New York
QN,9301,73,409.0,29.0,11418.0,102.0,87-74 112 STREET,NY,V0,11,,"SHARMA, SWAPNA",2500,0,25.0,100.0,5,7380,0,,,4,1029816.0,192657.0,40.6953584,-73.8356798,14b,,New York
QN,3571,28,405.0,30.0,11385.0,104.0,58-38 79 AVENUE,NY,V0,11,,"FIALLOS, MARCO A",2500,0,25.0,100.0,5,11940,0,,,4,1012912.0,192486.0,40.6949599,-73.8966397,13d,,New York
QN,12666,109,412.0,27.0,11413.0,113.0,121-59 FARMERS BOULEVARD,NY,V1,11,,SOJITRA REALTY,2420,0,20.0,121.0,5,52200,0,,,4,1050777.0,188430.0,40.6836235,-73.7601322,19a,,New York
QN,9817,14,412.0,24.0,11432.0,103.0,166-16 88 AVENUE,NY,V0,11,,88TH AVE LLC,4639,0,47.58,97.5,5,25740,0,,,4,1041023.0,197569.0,40.7087758,-73.7952238,14d,,New York
QN,9771,13,408.0,24.0,11432.0,107.0,87-31 87 ROAD,NY,V0,11,,JOEY 162 INC,600,0,10.0,60.0,8,378,0,,,4,1039656.0,197720.0,40.709199,-73.8001532,14d,,New York
QN,16168,74,414.0,32.0,11693.0,100.0,151 CROSS BAY PARKWAY,NY,V0,11,,FF REAL PROPERTY LLC,4200,0,42.0,100.0,5,20760,0,,,4,1035159.0,152195.0,40.58427,-73.8167172,30c,,New York
QN,15838,12,414.0,31.0,11691.0,101.0,336 BEACH 47 STREET,NY,V0,11,,"GIRAULT, WESNER",1902,0,20.0,95.1,5,4980,0,,,4,1045946.0,155947.0,40.5944999,-73.7778476,31a,,New York
QN,15819,145,414.0,31.0,11691.0,101.0,18 MARVIN STREET,NY,V0,11,,"BILICI, AHMET K",2750,0,50.0,55.0,5,6300,0,,,4,1050778.0,155889.0,40.5943058,-73.7604494,31a,,New York
QN,7115,258,408.0,23.0,11365.0,107.0,185 STREET,NY,V0,11,,NANSARAM PERSRAM,1050,0,135.0,14.0,5,7080,0,,,4,1043006.0,208007.0,40.7374126,-73.7879801,14c,,New York
QN,8639,136,413.0,23.0,11426.0,105.0,247-42 87 DRIVE,NY,V0,11,,SHU  NANCY C F,825,0,25.0,33.0,5,2184,0,,,4,1062341.0,204982.0,40.7289602,-73.7182457,15c,,New York
QN,12275,34,412.0,28.0,11434.0,113.0,161 STREET,NY,V0,11,C,NYC DEPARTMENT OF TRANSPORTATION,2017,0,20.0,100.83,5,300,0,,,4,1045619.0,185267.0,40.6749791,-73.7787584,19a,,New York
QN,12175,61,412.0,28.0,11433.0,113.0,158 STREET,NY,V0,11,,"DOORGA, RAWDHA",870,0,71.0,20.0,5,2262,0,,,4,1042262.0,190486.0,40.6893267,-73.7908158,18c,,New York
QN,2733,16,405.0,30.0,11378.0,104.0,60 ROAD,NY,V0,11,,"CWALINSKI, PAUL V",2502,0,25.0,100.92,5,13800,0,,,4,1010504.0,200014.0,40.71563,-73.905294,13c,,New York
QN,12248,39,412.0,28.0,11434.0,113.0,119 DRIVE,NY,V0,11,,ZEINALI ABE,2000,0,20.0,100.0,5,5400,0,,,4,1044742.0,187505.0,40.6811279,-73.7819,18c,,New York
QN,1725,38,403.0,21.0,11368.0,115.0,110-05 34 AVENUE,NY,V0,11,,34AVE GAO INC,1982,0,20.08,100.17,5,25140,0,,,4,1023405.0,215030.0,40.7567974,-73.8586689,10b,,New York
QN,12655,37,412.0,27.0,11412.0,113.0,199 STREET,NY,V0,11,,CLNY PROPERTIES LLC,1675,0,21.86,96.7,5,4380,0,,,4,1053188.0,190958.0,40.6905438,-73.7514133,19a,,New York
QN,10320,12,412.0,27.0,11433.0,103.0,93 AVENUE,NY,V0,11,,99 JMC LLC,675,0,5.0,56.5,8,1074,0,,,4,1044558.0,196830.0,40.7067241,-73.7824799,14d,,New York
QN,6258,6,411.0,19.0,11361.0,111.0,42 AVENUE,NY,V0,11,,SALVATORE CINTORINO,1500,0,15.0,100.0,5,7080,0,,,4,1044213.0,216002.0,40.7593487,-73.7835534,10d,,New York
QN,8152,26,411.0,19.0,11363.0,111.0,255 STREET,NY,V0,11,,BOARD OF COMMISSIONERS OF THE BELGRAVE W ATER,1000,0,10.0,100.0,8,1638,0,,,4,1055532.0,222684.0,40.777605,-73.7426249,11a,,New York
QN,9533,9,410.0,28.0,11419.0,106.0,110-18 LIBERTY AVENUE,NY,V1,11,,JAIMANGAL HOLDINGS INC,1710,0,19.42,90.25,5,78300,0,,,4,1031019.0,188661.0,40.684384,-73.8313692,18a,,New York
QN,2681,62,405.0,30.0,11378.0,104.0,58-50 59 STREET,NY,V1,11,,UNAVAILABLE OWNER,12850,0,50.0,257.0,5,358650,0,,,4,1009525.0,201491.0,40.7196868,-73.90882,13c,,New York
QN,2738,1,405.0,30.0,11378.0,104.0,60 LANE,NY,V0,11,,DANIEL ZWICK,2794,0,22.0,127.0,5,18480,0,,,4,1010813.0,201455.0,40.7195842,-73.9041736,13c,,New York
QN,9533,5,410.0,28.0,11419.0,106.0,110-10 LIBERTY AVENUE,NY,V1,11,,TRAVIS & MEGAN ENTERPRISE LLC,2067,0,19.42,106.0,5,94500,0,,,4,1030952.0,188617.0,40.6842636,-73.8316111,18a,,New York
QN,6175,7,411.0,19.0,11361.0,111.0,214-60 35 AVENUE,NY,V0,11,,"CANTERO, OLGA M",5400,0,54.0,100.0,3,28200,0,,,4,1047847.0,219723.0,40.7695364,-73.7704007,11a,,New York
QN,11795,172,410.0,28.0,11420.0,106.0,135 PLACE,NY,V0,11,,"COULVERSON, RUTH ROCH",400,0,4.0,100.0,8,315,0,,,4,1038921.0,182705.0,40.6679909,-73.8029261,18d,,New York
QN,13342,26,413.0,31.0,11434.0,116.0,146 ROAD,NY,V0,11,,"HORNE, WILEY",2000,0,20.0,100.0,3,5820,0,,,4,1048777.0,180919.0,40.6630224,-73.7674152,19b,,New York
QN,516,109,401.0,22.0,11102.0,114.0,30-56 14 STREET,NY,V0,11,,14 STREET PROPERTY LLC,8330,0,8.17,200.0,5,90240,0,,,4,1003213.0,219736.0,40.7697806,-73.9315392,9a,,New York
QN,509,59,401.0,22.0,11102.0,114.0,12 STREET,NY,V0,11,,"CHOWDHURY, MAMUN",120,0,4.0,30.0,8,756,0,,,4,1003502.0,220762.0,40.772596,-73.9304929,9a,,New York
QN,885,135,401.0,22.0,11102.0,114.0,18-42R 26 ROAD,NY,V0,11,,"RAHMAN, MAHMUDA",117,0,25.02,4.67,6,1326,0,,,4,1004797.0,220863.0,40.7728703,-73.9258171,9a,,New York
QN,9421,9,409.0,29.0,11416.0,102.0,101-10 104 STREET,NY,V0,11,X,ST MARY GATE OF HEAVEN,4200,0,40.0,105.0,5,18000,0,,,4,1028851.0,189189.0,40.6858445,-73.8391827,18a,,New York
QN,9504,46,410.0,29.0,11417.0,106.0,103-61 100 STREET,NY,V0,11,,"BAKHSH, MONICA OWATTIE",1362,0,22.33,60.67,5,6660,0,,,4,1028561.0,187713.0,40.6817946,-73.840238,18a,,New York
QN,9504,2,410.0,29.0,11417.0,106.0,100-08 103 AVENUE,NY,V1,11,,100TH STREET 103RD AVENUE INC,1549,0,19.65,78.84,0,40950,0,,,4,1028408.0,188240.0,40.6832419,-73.8407862,18a,,New York
QN,9328,85,409.0,29.0,11418.0,102.0,87-27 118 STREET,NY,V0,11,X,IGLESIA CRISTIANA FAMILIA DE JUDA,1840,0,20.0,92.0,5,8640,0,,,4,1031068.0,194011.0,40.6990683,-73.8311554,14b,,New York
QN,9459,40,409.0,29.0,11419.0,102.0,95-21 121 STREET,NY,V0,11,,"HENRY RAMIREZ, ESQ., TRUSTEE",2270,0,20.0,113.5,5,10500,0,,,4,1032926.0,191599.0,40.6924379,-73.8244721,18a,,New York
QN,9445,29,409.0,29.0,11419.0,102.0,94-04 130 STREET,NY,V1,11,C,NYC DEPARTMENT OF CITYWIDE ADMINISTRATIVE SERVICES,608,0,6.08,100.0,8,7920,0,,,4,1034406.0,192771.0,40.6956465,-73.8191265,14d,,New York
QN,9483,37,409.0,29.0,11419.0,102.0,134-23 101 AVENUE,NY,V0,11,,"JAGERNAUTH, RANDOLPH",1300,0,10.0,130.0,8,1890,0,,,4,1036126.0,192164.0,40.6939705,-73.8129285,14d,,New York
QN,12032,47,412.0,28.0,11436.0,113.0,123 AVENUE,NY,V0,11,,"TURNER, ALBERTHA R",210,0,10.75,42.67,8,567,0,,,4,1039542.0,185193.0,40.674816,-73.8006672,18c,,New York
QN,232,58,402.0,26.0,11101.0,108.0,38 STREET,NY,V0,11,,"BINNS, FRANKLIN R",2000,0,20.0,100.0,5,20280,0,,,4,1004109.0,208554.0,40.7390868,-73.9283374,9b,,New York
QN,3771,52,405.0,30.0,11379.0,104.0,67 DRIVE,NY,V0,11,,7311 67 DRIVE CORP,2951,0,25.0,119.0,5,12720,0,,,4,1017926.0,198508.0,40.7114712,-73.8785282,13d,,New York
QN,3785,16,405.0,30.0,11379.0,104.0,68 ROAD,NY,V0,11,,MARIA DEPERGOLA,693,0,7.0,99.0,5,5160,0,,,4,1018221.0,197913.0,40.709837,-73.8774671,13d,,New York
QN,13053,46,412.0,31.0,11413.0,116.0,141 AVENUE,NY,V0,11,,UNAVAILABLE OWNER,100,0,1.0,100.0,8,246,0,,,4,1050747.0,183725.0,40.6707097,-73.7602868,19b,,New York
QN,9075,160,409.0,32.0,11416.0,102.0,99-11A 98 STREET,NY,V0,11,,"GARCIA, ANTONIO",442,0,4.42,100.0,8,315,0,,,4,1027706.0,189070.0,40.6855235,-73.843312,18a,,New York
QN,9406,17,409.0,29.0,11416.0,102.0,97-24 105 STREET,NY,V0,11,,DAYAWATI MOHABIR,2500,0,25.0,100.0,5,11940,0,,,4,1028922.0,189766.0,40.6874278,-73.8389229,18a,,New York
QN,9413,63,409.0,29.0,11419.0,102.0,95-49 111 STREET,NY,V0,11,,"MONCAYO, LUIS",2523,0,25.0,100.92,5,11940,0,,,4,1030556.0,190444.0,40.6892804,-73.8330264,18a,,New York
QN,9046,146,409.0,32.0,11416.0,102.0,451A DREW STREET,NY,V0,11,,UNAVAILABLE OWNER,479,0,19.5,24.58,5,60,0,,,4,1022240.0,187107.0,40.6801607,-73.8630316,18a,,New York
QN,844,10,401.0,22.0,11105.0,114.0,29 STREET,NY,V0,11,,LG ASTORIA LLC,1008,0,8.11,126.42,8,1638,0,,,4,1008320.0,221757.0,40.7753152,-73.9130945,9a,,New York
QN,13077,45,412.0,31.0,11413.0,116.0,182 PLACE,NY,V0,11,,JEREMIAH EVERETT,2000,0,20.0,100.0,5,5220,0,,,4,1050250.0,182780.0,40.6681196,-73.7620876,19b,,New York
QN,2575,244,402.0,26.0,11378.0,108.0,49 LANE,NY,V1,11,C,NYC DEPARTMENT OF CITYWIDE ADMINISTRATIVE SERVICES,275,0,23.0,22.0,6,5940,0,,,4,1006979.0,202899.0,40.7235584,-73.918,13a,,New York
QN,9109,14,410.0,32.0,11417.0,106.0,90 STREET,NY,V0,11,,MARCILLO WILFRIDO,2000,0,20.0,100.0,5,9480,0,,,4,1026041.0,187242.0,40.6805141,-73.8493267,18a,,New York
QN,831,25,401.0,22.0,11105.0,114.0,21-13 31 STREET,NY,V1,11,,FBL ROWAN LLC,18757,0,189.5,100.02,3,498600,0,,,4,1009580.0,222561.0,40.7775185,-73.9085422,9c,,New York
QN,12602,19,412.0,27.0,11412.0,113.0,117 ROAD,NY,V0,11,,ANNDREA CARMEN BARLOW SUPPLEMENTAL NEEDS  TRUST,2000,0,20.0,100.0,5,5400,0,,,4,1051001.0,191318.0,40.6915487,-73.7592959,19a,,New York
QN,9544,45,410.0,28.0,11417.0,106.0,106-09 109 AVENUE,NY,V0,11,,"CHRIST, JOHN",1900,0,20.0,95.0,5,8280,0,,,4,1030512.0,186836.0,40.6793775,-73.8332098,18a,,New York
QN,12005,19,412.0,28.0,11436.0,113.0,116-28 146 STREET,NY,V0,11,,"DURGANA, ANDY",2000,0,20.0,100.0,5,5220,0,,,4,1041000.0,187444.0,40.6809853,-73.795392,18c,,New York
QN,9414,48,409.0,29.0,11419.0,102.0,112-15 101 AVENUE,NY,V1,11,,J & J CUSUMANO CONSTRUCTION INC,4005,0,40.05,100.0,5,114300,0,,,4,1030968.0,190212.0,40.6886414,-73.8315424,18a,,New York
QN,805,36,401.0,22.0,11105.0,114.0,22-08 STEINWAY STREET,NY,V1,11,,ANTONOPOULOS HOLDINGS LLC,5000,0,50.0,100.01,5,764550,0,,,4,1010125.0,220838.0,40.7727877,-73.906581,9c,,New York
QN,876,12,401.0,22.0,11105.0,114.0,21-01 24 AVENUE,NY,V1,11,,ASTORIA PARK WAREHOUSE LLC,12971,0,125.0,103.77,3,225000,0,,,4,1006126.0,222220.0,40.7765918,-73.9210145,9a,,New York
QN,876,14,401.0,22.0,11105.0,114.0,23-91 21 STREET,NY,V1,11,,ASTORIA PARK WAREHOUSE LLC,2594,0,25.94,100.0,5,64800,0,,,4,1006162.0,222276.0,40.7767454,-73.9208843,9a,,New York
QN,9436,31,409.0,29.0,11419.0,102.0,94-54 LEFFERTS BOULEVARD,NY,V0,11,,PSM MANAGEMENT CORP.,5161,0,55.0,93.83,3,20880,0,,,4,1032074.0,191601.0,40.692448,-73.8275445,18a,,New York
QN,9231,31,409.0,29.0,11415.0,102.0,83-18 122 STREET,NY,V0,11,,"MYI, INC.",3700,0,37.0,100.0,5,17460,0,,,4,1031331.0,196195.0,40.7050614,-73.8301916,14b,,New York
QN,701,6,401.0,22.0,11103.0,114.0,42-01 28 AVENUE,NY,V1,11,,PV OWNER LLC,4500,0,75.0,60.0,3,289800,0,,,4,1008691.0,217925.0,40.7647964,-73.9117689,9c,,New York
QN,701,9,401.0,22.0,11103.0,114.0,25-85 42 STREET,NY,V1,11,,PV OWNER LLC,4900,0,50.0,98.0,5,287550,0,,,4,1008751.0,217999.0,40.7649993,-73.9115521,9c,,New York
QN,12362,10,412.0,28.0,11434.0,113.0,166 STREET,NY,V0,11,,PARKER SERENA A,2000,0,20.0,100.0,5,5400,0,,,4,1045635.0,188071.0,40.6826753,-73.7786752,19a,,New York
QN,678,58,401.0,22.0,11103.0,114.0,31-42 41 STREET,NY,V0,11,,31-42 41ST STREET LLC,1667,0,16.67,100.0,5,20400,0,,,4,1007135.0,216178.0,40.7600055,-73.917392,9b,,New York
QN,701,108,401.0,22.0,11103.0,114.0,25-87 42 STREET,NY,V1,11,,PV OWNER LLC,1500,0,20.0,75.0,5,98550,0,,,4,1008723.0,217976.0,40.7649363,-73.9116532,9c,,New York
QN,9450,47,409.0,29.0,11419.0,102.0,94-20 VAN WYCK EXPRESSWAY,NY,V1,11,,AMG ATLANTIC REALTY II LLC,4162,0,42.0,99.75,5,174150,0,,,4,1035837.0,193143.0,40.6966593,-73.8139631,14d,,New York
QN,709,1,401.0,22.0,11103.0,114.0,44-19 BROADWAY,NY,V1,11,,44-19 BROADWAY DEVELOPMENT CORP,2500,0,25.0,100.0,3,172350,0,,,4,1007806.0,215214.0,40.7573578,-73.9149732,9b,,New York
QN,9465,34,409.0,29.0,11419.0,102.0,97-27 124 STREET,NY,V0,11,,KULWANT & KULWANT,2018,0,20.0,100.92,5,9480,0,,,4,1033677.0,191329.0,40.6916926,-73.821766,18c,,New York
QN,9776,100,408.0,24.0,11432.0,107.0,162-22 GLENN AVENUE,NY,V0,11,X,SRI CHINMOY CENTRE CHRCH,22410,0,56.0,421.67,5,155040,0,,,4,1038936.0,198412.0,40.7111028,-73.8027445,14d,,New York
QN,4509,46,407.0,19.0,11357.0,109.0,6TH AVENUE,NY,V0,11,,"LI, JIAN",2271,0,117.67,18.19,3,12660,0,,,4,1035621.0,229726.0,40.7970715,-73.8144627,7d,,New York
QN,11609,9,410.0,28.0,11420.0,106.0,109-02 130 STREET,NY,V0,11,X,ST THERESA S R C CHUR,24700,0,234.0,109.0,3,71520,0,,,4,1035998.0,188732.0,40.6845512,-73.8134164,18c,,New York
QN,9231,12,409.0,29.0,11415.0,102.0,119-32 METROPOLITAN AVENUE,NY,V1,11,,"119 METRO,",2600,0,26.0,100.0,5,80100,0,,,4,1031138.0,196409.0,40.7056498,-73.8308862,14b,,New York
QN,12165,4,412.0,28.0,11433.0,113.0,110-53 UNION HALL STREET,NY,V0,11,,TRUST FBO MALCOLM SIMMS U/ART FIFTH,1638,0,20.0,81.92,5,4320,0,,,4,1042861.0,191368.0,40.6917436,-73.7886482,18c,,New York
QN,13083,62,413.0,31.0,11413.0,116.0,219-44 143 AVENUE,NY,V0,11,,WATER CLUB GROUP LLC,4250,0,50.0,85.0,5,11520,0,,,4,1052160.0,182669.0,40.6678005,-73.7552038,19b,,New York
QN,12697,40,412.0,27.0,11434.0,116.0,130-20 180TH STREET,NY,V1,11,,BEMA REALTY LLC,997,0,26.0,41.88,5,12420,0,,,4,1050920.0,187136.0,40.6800707,-73.7596294,19a,,New York
QN,13204,114,413.0,31.0,11422.0,116.0,134-22 241 STREET,NY,V0,11,,134-22 241 LLC,2289,0,32.33,77.25,5,6540,0,,,4,1058216.0,184625.0,40.6731207,-73.7333523,19c,,New York
QN,1785,37,403.0,21.0,11368.0,115.0,112-31 39 AVENUE,NY,V0,11,,"PITT, DIANNE LYNN",3125,0,25.0,125.0,5,36000,0,,,4,1024711.0,213777.0,40.7533524,-73.8539624,10b,,New York
QN,15466,15,414.0,32.0,11693.0,100.0,8 ROAD,NY,V1,11,,"WILMARTH, EDWIN",3458,0,57.64,60.0,0,1350,0,,,4,1035420.0,160545.0,40.6071875,-73.8157143,24d,,New York
QN,11683,25,410.0,28.0,11420.0,106.0,116-40 127 STREET,NY,V0,11,,"SUGRIM, HARDAT",2000,0,20.0,100.0,5,6000,0,,,4,1036548.0,185645.0,40.6760749,-73.8114573,18c,,New York
QN,12217,25,412.0,28.0,11434.0,113.0,122 AVENUE,NY,V0,11,,CHAITLAL RAMSANAHIE,1000,0,10.0,100.0,8,1638,0,,,4,1042772.0,185896.0,40.6767249,-73.7890167,18c,,New York
QN,551,19,401.0,22.0,11102.0,114.0,30-75 21 STREET,NY,V1,11,,3075 21ST STREET LLC,10000,0,100.0,100.0,5,301050,0,,,4,1003922.0,219054.0,40.7679071,-73.9289815,9a,,New York
QN,10219,312,412.0,27.0,11433.0,103.0,175-01 LIBERTY AVENUE,NY,V1,11,,"ASN LIBERTY REALTY, LLC",2557,0,25.0,104.0,3,63000,0,,,4,1044042.0,196223.0,40.7050615,-73.7843464,14d,,New York
QN,219,25,402.0,26.0,11101.0,108.0,38-08 43 AVENUE,NY,V1,11,,"DCO QOZB 38-15 QB, LLC",21600,0,180.0,126.0,3,777600,0,,,4,1004665.0,210907.0,40.745544,-73.9263239,9b,,New York
QN,11699,52,410.0,28.0,11420.0,106.0,117-29 135 STREET,NY,V0,11,,GARDEN 29 LLC,2088,0,20.0,104.42,5,11640,0,,,4,1038653.0,185815.0,40.6765288,-73.8038671,18c,,New York
QN,2546,54,402.0,26.0,11378.0,108.0,54-40 48 STREET,NY,V1,11,,54-40 48TH STREET HOLDINGS LLC,3600,0,40.0,90.1,5,110250,0,,,4,1006578.0,205198.0,40.7298696,-73.919439,13a,,New York
QN,12032,10,412.0,28.0,11436.0,113.0,140-03 ROCKAWAY BOULEVARD,NY,V1,11,,"140 ROCKAWAY BLVD., LLC",1990,0,30.0,53.75,3,161100,0,,,4,1039573.0,185076.0,40.6744947,-73.8005564,18c,,New York
QN,12014,54,412.0,28.0,11436.0,113.0,117-77 142 STREET,NY,V0,11,,"HUSSAIN, AMEER",2000,0,20.0,100.0,5,5220,0,,,4,1039999.0,185813.0,40.6765149,-73.7990145,18c,,New York
QN,12035,53,412.0,28.0,11436.0,113.0,142-07 123 AVENUE,NY,V0,11,X,ST CLEMENT POPE R C C,10458,0,103.45,117.84,5,27120,0,,,4,1040084.0,185245.0,40.6749554,-73.7987128,18c,,New York
QN,12038,2,412.0,28.0,11436.0,113.0,122-21 142 PLACE,NY,V0,11,,"METROPOLIS BUILDERS, LLC",1298,0,102.36,26.21,5,3480,0,,,4,1040363.0,185178.0,40.6747697,-73.7977075,18c,,New York
QN,12040,123,412.0,28.0,11436.0,113.0,120-42 LINDEN AVENUE,NY,V0,11,,B M USA LLC,5039,0,50.39,100.0,5,25500,0,,,4,1040853.0,185380.0,40.675321,-73.7959394,18c,,New York
QN,12011,38,412.0,28.0,11436.0,113.0,117-60 140 STREET,NY,V0,11,,"ALVAREZ, LUZ DEL ALBA",2500,0,25.0,100.0,5,6960,0,,,4,1039348.0,185776.0,40.6764175,-73.8013618,18c,,New York
QN,3829,165,405.0,32.0,11385.0,104.0,79-42 78 AVENUE,NY,V0,11,,"KLUZ, NORBERT M",917,0,16.0,44.0,6,4224,0,,,4,1020313.0,196032.0,40.7046658,-73.8699314,13d,,New York
QN,12032,57,412.0,28.0,11436.0,113.0,140-22 123 AVENUE,NY,V0,11,,14022 123 AVE LLC,1508,0,20.0,75.42,3,9300,0,,,4,1039731.0,185132.0,40.6746474,-73.7999863,18c,,New York
QN,13092,13,412.0,31.0,11413.0,116.0,181-30 144 AVENUE,NY,V0,11,X,US GOVERNMENT GEN SERV,3300,0,33.0,100.0,5,9180,0,,,4,1050178.0,182603.0,40.6676343,-73.7623489,19b,,New York
QN,9068,38,409.0,32.0,11416.0,102.0,94-07 101 AVENUE,NY,V1,11,,RSK FLIPS 2 LLC,2800,0,28.0,100.0,5,80100,0,,,4,1026800.0,188646.0,40.6843641,-73.8465814,18a,,New York
QN,1105,20,403.0,21.0,11369.0,115.0,24-30 95 STREET,NY,V0,11,X,CARLOS SEGARRA,4000,0,23.0,83.0,5,0,0,,,4,1018911.0,218062.0,40.7651382,-73.8748745,9c,,New York
QN,8965,50,409.0,32.0,11421.0,102.0,80-13 90 AVENUE,NY,V0,11,,"LEMA, JOSE N",2000,0,20.0,100.0,5,5220,0,,,4,1022901.0,190073.0,40.6882988,-73.8606314,18a,,New York
QN,9626,23,408.0,24.0,11435.0,107.0,87-36 139 STREET,NY,V1,11,,"BENSON, CHRISTOPHER",2900,0,29.0,100.0,5,124200,0,,,4,1035424.0,196321.0,40.7053845,-73.8154284,14d,,New York
QN,9805,36,412.0,27.0,11432.0,103.0,170-15 90 AVENUE,NY,V0,11,,MOSS PROPERTIES NY INC,1384,0,25.0,55.0,5,8400,0,,,4,1042420.0,197672.0,40.7090495,-73.790184,14d,,New York
QN,10044,6,412.0,28.0,11435.0,103.0,144-16 105TH AVENUE,NY,V0,11,,105 AVE DEVELOPERS LLC,3001,0,24.0,125.06,5,13528,0,,,4,1037676.0,191525.0,40.6922074,-73.8073441,18c,,New York
QN,3070,3,405.0,30.0,11379.0,104.0,66-73 79 PLACE,NY,V0,11,,79 PLACE LLC,8700,0,58.0,150.0,5,52740,0,,,4,1019553.0,199370.0,40.7138309,-73.872655,13d,,New York
QN,9713,155,408.0,24.0,11435.0,107.0,141-21 84 DRIVE,NY,V0,11,,"84TH DRIVE BRIARWOOD, LLC",4960,0,40.0,124.0,5,90180,0,,,4,1035203.0,198204.0,40.7105542,-73.8162112,14d,,New York
QN,15629,55,414.0,31.0,11691.0,101.0,311 OSTEND PLACE,NY,V0,11,,OSTEND PLACE LLC,2304,0,17.07,135.02,5,7740,0,,,4,1053697.0,157310.0,40.5981837,-73.7499243,31a,,New York
QN,15482,29,414.0,32.0,11693.0,100.0,16-22 CHURCH ROAD,NY,V1,11,,NORTH CHANNEL YACHTCLUB,7575,0,50.5,150.0,5,2700,0,,,4,1034468.0,158088.0,40.600449,-73.8191611,30c,,New York
QN,14234,288,410.0,32.0,11414.0,106.0,160-07 102 STREET,NY,V0,11,,GARY KONG,2350,0,50.0,47.0,5,7500,0,,,4,1031218.0,179185.0,40.6583735,-73.8307178,18b,,New York
QN,15527,24,414.0,31.0,11691.0,101.0,21-07 BIRDSALL AVENUE,NY,V0,11,,BIRDSALL CORNER LLC,9872,0,109.05,155.0,3,21300,0,,,4,1052746.0,160435.0,40.6067686,-73.7533171,25b,,New York
QN,16156,102,414.0,32.0,11694.0,100.0,100-08 ROCKAWAY BEACH BLVD,NY,V0,11,,BEACHSIDE ASSOCIATES LLC,960,0,20.0,48.0,5,5100,0,,,4,1033836.0,152035.0,40.5838383,-73.8214814,30c,,New York
QN,13951,116,410.0,32.0,11414.0,106.0,157 AVENUE,NY,V0,11,,"DELIO, RENEE",385,0,11.0,35.0,8,756,0,,,4,1026686.0,180815.0,40.6628704,-73.8470417,18b,,New York
QN,2481,19,405.0,30.0,11378.0,104.0,52-43 70 STREET,NY,V0,11,,GEGUNDO GONZALEZ,2000,0,20.0,100.0,5,15840,0,,,4,1013711.0,206113.0,40.7323601,-73.8936987,13c,,New York
QN,2798,137,405.0,30.0,11378.0,104.0,57-38 MAZEAU STREET,NY,V0,11,,5738 MAZEAU LLC,2380,0,20.0,119.0,5,11820,0,,,4,1014517.0,204285.0,40.72734,-73.8907987,13c,,New York
QN,2798,138,405.0,30.0,11378.0,104.0,57-40 MAZEAU STREET,NY,V0,11,,5738 MAZEAU LLC,2280,0,20.0,114.0,5,19140,0,,,4,1014523.0,204265.0,40.7272851,-73.8907771,13c,,New York
QN,969,13,401.0,22.0,11370.0,114.0,21-16 74 STREET,NY,V0,11,,"TENTOLOURIS, ATHANASIOS",4000,0,40.0,100.0,5,18600,0,,,4,1013112.0,219698.0,40.7696495,-73.8958017,9c,,New York
QN,12251,47,412.0,28.0,11434.0,113.0,160-63 122 AVENUE,NY,V0,11,,ATIF A. ABASSI,4000,0,40.0,100.0,5,10560,0,,,4,1044620.0,186629.0,40.6787244,-73.7823477,18c,,New York
QN,9120,9,410.0,32.0,11417.0,106.0,103-12 98 STREET,NY,V0,11,,10312 98TH ST LLC,5000,0,50.0,100.0,5,29700,0,,,4,1027955.0,187979.0,40.6825278,-73.8424212,18a,,New York
QN,3492,61,405.0,30.0,11385.0,104.0,62-50 60 STREET,NY,V0,11,,6250 60 ST LLC,2517,0,25.0,100.67,5,10080,0,,,4,1010619.0,198766.0,40.7122042,-73.904884,13d,,New York
QN,10220,36,412.0,27.0,11433.0,103.0,172-20 DOUGLAS AVENUE,NY,V1,11,,ARM PROPERTY HOLDINGS LLC,15110,0,128.0,110.0,5,193500,0,,,4,1043819.0,196122.0,40.7047858,-73.7851516,14d,,New York
QN,10219,58,412.0,27.0,11433.0,103.0,93-40 175 STREET,NY,V1,11,,ARM PROPERTY HOLDINGS LLC,5300,0,50.0,106.0,5,77400,0,,,4,1043884.0,196309.0,40.7052986,-73.7849155,14d,,New York
QN,4956,4,407.0,20.0,11354.0,109.0,138-07 35 AVENUE,NY,V0,11,,13807 D & S REALTY LLC,3045,0,29.0,105.0,5,39960,0,,,4,1031696.0,218188.0,40.7654247,-73.8287201,10a,,New York
QN,15598,589,414.0,31.0,11691.0,101.0,8-22 LANETT AVENUE,NY,V0,11,,"OLSHAN , JASON  A",1900,0,20.0,95.0,5,3780,0,,,4,1055255.0,157583.0,40.5989207,-73.7443112,31a,,New York
QN,15840,64,414.0,31.0,11691.0,101.0,3-19 BEACH 49 STREET,NY,V0,11,,298 ATLANTIC LLC,1902,0,20.0,95.1,5,3840,0,,,4,1045592.0,155732.0,40.5939123,-73.7791243,31a,,New York
QN,12047,58,412.0,28.0,11436.0,113.0,144-18 123 AVENUE,NY,V0,11,,STOKES THOMAS W,2000,0,20.0,100.0,5,5220,0,,,4,1041300.0,185184.0,40.6747802,-73.7943295,18c,,New York
QN,15460,28,414.0,32.0,11693.0,100.0,11 EAST 9 ROAD,NY,V1,11,,"CHANUNA, MORITZ",2500,0,25.0,100.0,5,2250,0,,,4,1034513.0,160341.0,40.6066328,-73.8189823,24d,,New York
QN,15705,6,414.0,31.0,11691.0,101.0,21-12 CORNAGA AVENUE,NY,V1,11,,SUPERIOR CORNAGA LLC,8868,0,50.0,183.66,5,189000,0,,,4,1052395.0,158887.0,40.6025224,-73.7545968,31a,,New York
QN,12244,17,412.0,28.0,11434.0,113.0,118 ROAD,NY,V0,11,,"YU, DAVID",500,0,5.0,100.0,8,315,0,,,4,1044402.0,188011.0,40.6825191,-73.7831213,18c,,New York
QN,15629,48,414.0,31.0,11691.0,101.0,9 OSTEND PLACE,NY,V0,11,,SKI DEVELOPMENT 3 LLC,5166,0,42.42,126.26,5,16560,0,,,4,1053713.0,157448.0,40.5985624,-73.7498653,31a,,New York
QN,15622,98,414.0,31.0,11691.0,101.0,13-16 NEW HAVEN AVENUE,NY,V0,11,,1316 NEWHAVEN LLC,1359,0,23.14,60.0,5,2940,0,,,4,1054353.0,157220.0,40.5979315,-73.747563,31a,,New York
QN,15542,1,414.0,31.0,11691.0,101.0,11-06 NEILSON STREET,NY,V0,11,,JOSE ELIAS RODRIGUEZ,7835,0,69.5,105.0,3,13080,0,,,4,1054225.0,159821.0,40.6050717,-73.747997,25b,,New York
QN,8265,38,411.0,19.0,11362.0,111.0,254-16 WALDEN AVENUE,NY,V0,11,,"BRODSKY, AS TRUSTEE, JEANE",2160,0,40.0,94.5,5,10140,0,,,4,1058741.0,220146.0,40.7706124,-73.7310665,11c,,New York
QN,15464,13,414.0,32.0,11693.0,100.0,201 EAST 9 ROAD,NY,V2,11,,BRIAN KITTLE,2585,0,47.0,55.0,5,7560,0,,,4,1035107.0,160350.0,40.6066541,-73.816843,24d,,New York
QN,3086,34,406.0,29.0,11374.0,112.0,98-60 QUEENS BOULEVARD,NY,V1,11,,GVA CAPITAL LLC,10000,0,100.0,100.0,3,933300,0,,,4,1024039.0,204359.0,40.7275054,-73.8564436,14a,,New York
QN,11225,37,413.0,27.0,11429.0,105.0,112 ROAD,NY,V0,11,,"MOXAM, ANDRE",2000,0,20.0,100.0,5,5220,0,,,4,1058728.0,196010.0,40.7043655,-73.7313807,15d,,New York
QN,15822,26,414.0,31.0,11691.0,101.0,138 BEACH 31ST STREET,NY,V0,11,,BEACH 31 BUYER LLC,2100,0,21.0,100.0,5,8700,0,,,4,1050001.0,155653.0,40.5936638,-73.7632495,31a,,New York
QN,15822,34,414.0,31.0,11691.0,101.0,175 BEACH 30TH STREET,NY,V0,11,,BEACH 31 BUYER LLC,3087,0,30.87,100.0,5,15000,0,,,4,1050086.0,155769.0,40.5939816,-73.7629423,31a,,New York
QN,15819,122,414.0,31.0,11691.0,101.0,52 MARVIN STREET,NY,V0,11,,"MARVIN FLORIDA, LLC",1650,0,30.0,55.0,5,2964,0,,,4,1050837.0,155473.0,40.5931635,-73.7602411,31a,,New York
QN,4797,42,407.0,19.0,11354.0,109.0,146-43 BAYSIDE AVENUE,NY,V0,11,,"ZORBAS, WILLIAM JR.",5600,0,50.0,112.5,5,40320,0,,,4,1033972.0,220340.0,40.7713189,-73.8204878,10c,,New York
QN,412,25,401.0,26.0,11101.0,114.0,22-09 41 AVENUE,NY,V1,11,,"QUEENSBORO TOWER, LLC",30000,0,200.0,150.0,5,2281500,0,,,4,1000530.0,213625.0,40.7530128,-73.9412402,9b,,New York
QN,143,28,401.0,26.0,11101.0,114.0,46-01 37 AVENUE,NY,V1,11,C,NYC DEPARTMENT OF TRANSPORTATION,125125,0,801.0,306.0,3,3445200,0,,,4,1007215.0,212956.0,40.7511617,-73.9171142,9b,,New York
QN,15971,5,414.0,31.0,11691.0,101.0,48-06 NORTON AVENUE,NY,V1,11,,CONFIANCE LLC,8919,0,71.34,125.02,2,78300,0,,,4,1045451.0,156863.0,40.5970176,-73.7796217,30c,,New York
QN,14249,502,410.0,32.0,11414.0,106.0,164-37 99 STREET,NY,V0,11,,MOSHE D. BANNETTO,3400,0,40.0,85.0,2,9780,0,,,4,1030971.0,176234.0,40.650275,-73.8316284,18b,,New York
QN,11961,6,412.0,28.0,11435.0,113.0,111-75 145 STREET,NY,V0,11,,WILLIAM HOMA,1800,0,18.0,100.0,3,5520,0,,,4,1040058.0,188927.0,40.6850618,-73.798776,18c,,New York
QN,299,27,402.0,26.0,11101.0,108.0,31-31 GREENPOINT AVENUE,NY,V1,11,,CRESCENT STARR PROPERTIES LLC,5042,0,50.0,100.83,3,120600,0,,,4,1001824.0,207111.0,40.735131,-73.9365868,13a,,New York
QN,10368,235,412.0,27.0,11423.0,103.0,102-47 189 STREET,NY,V0,11,,KKS GROUP LLC,3742,0,37.42,100.0,5,9900,0,,,4,1048542.0,196924.0,40.706954,-73.7681095,15b,,New York
QN,4789,12,407.0,20.0,11354.0,109.0,32-11 PARSONS BOULEVARD,NY,V0,11,X,ST. PAUL CHONG HA-SANG ROMAN CATHOLIC CH URCH,4347,0,40.0,108.67,5,30180,0,,,4,1032991.0,219474.0,40.7689474,-73.8240358,10a,,New York
QN,6011,24,411.0,19.0,11360.0,111.0,28-02 212 STREET,NY,V0,11,,"FENDT, CYNTHIA",5862,0,51.08,121.17,3,29940,0,,,4,1045885.0,222140.0,40.7761844,-73.7774618,11a,,New York
QN,10070,132,412.0,28.0,11435.0,103.0,107-42 REMINGTON STREET,NY,V0,11,,J BRANKER,3000,0,30.0,100.0,5,8340,0,,,4,1038127.0,190413.0,40.6891524,-73.8057266,18c,,New York
QN,10044,4,412.0,28.0,11435.0,103.0,144-12 105TH AVENUE,NY,V0,11,,105 AVE DEVELOPERS LLC,2706,0,27.05,100.05,5,6195,0,,,4,1037634.0,191497.0,40.6921308,-73.8074957,18c,,New York
QN,10062,15,412.0,28.0,11435.0,103.0,105-03 148 STREET,NY,V1,11,,"105 148TH ST., LLC",5000,0,50.0,100.0,5,158400,0,,,4,1039033.0,193061.0,40.696415,-73.8024382,14d,,New York
QN,8265,42,411.0,19.0,11362.0,111.0,255-21 IOWA ROAD,NY,V0,11,,"CHAU, DENEY",1485,0,27.0,55.0,5,7020,0,,,4,1058846.0,220069.0,40.7704002,-73.7306883,11c,,New York
QN,10057,8,412.0,28.0,11435.0,103.0,146-56 106 AVENUE,NY,V2,11,,"CROPPER, LOLLIE M.",2500,0,25.0,100.0,5,14340,0,,,4,1038867.0,192428.0,40.6946786,-73.803042,14d,,New York
QN,3132,14,406.0,30.0,11374.0,112.0,64-53 ELLWELL CRESCENT,NY,V0,11,,NLA REALTY LLC,5750,0,60.0,100.0,5,28560,0,,,4,1022200.0,201996.0,40.7210276,-73.8630919,14a,,New York
QN,10044,5,412.0,28.0,11435.0,103.0,144-14 105TH AVENUE,NY,V0,11,,105 AVE DEVELOPERS LLC,3052,0,24.0,125.06,5,13757,0,,,4,1037661.0,191507.0,40.692158,-73.8073983,18c,,New York
QN,10009,31,412.0,27.0,11435.0,103.0,97-33 VAN WYCK EXPRESSWAY,NY,V0,11,,"NATH, SURESH C",1450,0,29.0,50.0,5,9600,0,,,4,1036554.0,192325.0,40.6944099,-73.8113838,14d,,New York
QN,10018,49,412.0,27.0,11435.0,103.0,138-39 102 AVENUE,NY,V0,11,,JAMES P ANDERSON,2500,0,25.0,100.0,5,11220,0,,,4,1037129.0,192226.0,40.6941347,-73.809311,14d,,New York
QN,11747,39,410.0,28.0,11420.0,106.0,117-17 125 STREET,NY,V1,11,,"HS 11, LLC",1680,0,20.0,84.0,5,59400,0,,,4,1036260.0,185184.0,40.6748112,-73.8124991,18c,,New York
QN,10200,96,412.0,27.0,11433.0,113.0,169 STREET,NY,V0,11,,"GARDNER, TANISHA M",2000,0,20.0,100.0,5,5400,0,,,4,1044421.0,192405.0,40.6945795,-73.7830136,14d,,New York
QN,9319,67,409.0,29.0,11418.0,102.0,91-17 112 STREET,NY,V0,11,,"TORRES, JAIME",500,0,5.0,100.0,8,315,0,,,4,1030145.0,192247.0,40.6942313,-73.8344961,14b,,New York
QN,10577,135,413.0,23.0,11427.0,105.0,94 ROAD,NY,V0,11,,RAMESH OMANAND,3710,0,35.0,106.0,6,11640,0,,,4,1052950.0,202081.0,40.7210756,-73.7521581,15a,,New York
QN,13676,1,413.0,31.0,11422.0,116.0,256 STREET,NY,V0,11,,SAUL KAMINSKY,3040,0,100.0,20.0,5,9060,0,,,4,1058243.0,176395.0,40.650531,-73.7333452,19d,,New York
QN,10030,28,412.0,27.0,11435.0,103.0,97-35 WALTHAM STREET,NY,V1,11,,"VISION ASSET GROUP, LLC",9949,0,100.57,100.14,3,588150,0,,,4,1038136.0,192901.0,40.6959814,-73.8056743,14d,,New York
QN,10008,27,412.0,27.0,11435.0,103.0,143-31 97 AVENUE,NY,V0,11,,"BALLI, RAMPERSAUD",2548,0,26.0,98.0,5,18960,0,,,4,1037468.0,193154.0,40.6966798,-73.8080812,14d,,New York
QN,11409,51,410.0,32.0,11417.0,106.0,90-19 ALBERT ROAD,NY,V0,11,,"SINGH, INDERPAL",2375,0,23.75,100.0,5,11340,0,,,4,1027664.0,183783.0,40.6710121,-73.8434975,18b,,New York
QN,7257,56,408.0,24.0,11432.0,107.0,80 DRIVE,NY,V0,11,,"MASHAIV, ROMAN",3600,0,40.0,90.0,5,16080,0,,,4,1044696.0,204403.0,40.7275091,-73.7819142,14c,,New York
QN,5039,38,407.0,20.0,11355.0,109.0,41 ROAD,NY,V0,11,,LUCKY DEVELOPMENT INC.,4191,0,33.0,127.0,5,55320,0,,,4,1030826.0,214946.0,40.7565309,-73.8318832,10b,,New York
QN,5039,2,407.0,20.0,11355.0,109.0,132-03 41 AVENUE,NY,V0,11,,"HON, JOHN",515,0,17.75,58.0,3,5400,0,,,4,1030443.0,214655.0,40.7557342,-73.8332677,10b,,New York
QN,9998,42,412.0,27.0,11435.0,103.0,147-05 94 AVENUE,NY,V1,11,,"STATION PLAZA HOTEL, LLC",2841,0,21.5,70.31,5,257850,0,,,4,1037828.0,194110.0,40.6993016,-73.8067754,14d,,New York
QN,9998,47,412.0,27.0,11435.0,103.0,93-45 SUTPHIN BOULEVARD,NY,V1,11,,"STATION PLAZA HOTEL, LLC",976,0,16.0,61.0,5,89100,0,,,4,1037811.0,194144.0,40.6993951,-73.8068364,14d,,New York
QN,10030,17,412.0,27.0,11435.0,103.0,97-26 SUTPHIN BOULEVARD,NY,V1,11,,"VISION ASSET GROUP, LLC",7500,0,75.04,100.14,5,423000,0,,,4,1038169.0,193060.0,40.6964176,-73.805554,14d,,New York
QN,10030,22,412.0,27.0,11435.0,103.0,97-34 SUTPHIN BOULEVARD,NY,V1,11,,"VISION ASSET GROUP, LLC",5000,0,50.06,100.19,5,283950,0,,,4,1038197.0,193004.0,40.6962637,-73.8054535,14d,,New York
QN,10033,8,412.0,27.0,11435.0,103.0,148-16 97 AVENUE,NY,V1,11,,MASTRONARDI MASONS MATER,5000,0,50.0,100.0,5,153450,0,,,4,1038789.0,193616.0,40.6979399,-73.8033136,14d,,New York
QN,10033,14,412.0,27.0,11435.0,103.0,149-06 97 AVENUE,NY,V1,11,,G. MASTRONARDI & SONS CONTRUCTION CORP,2500,0,25.0,100.0,5,68400,0,,,4,1038888.0,193664.0,40.698071,-73.8029562,14d,,New York
QN,10107,157,412.0,27.0,11433.0,103.0,150-17 LIBERTY AVENUE,NY,V1,11,,LEGACY PROPERTY HOLDINGS IV LLC,5700,0,36.0,153.0,5,76950,0,,,4,1039167.0,193802.0,40.6984481,-73.8019489,14d,,New York
QN,10913,26,413.0,27.0,11429.0,105.0,206-11 HOLLIS AVENUE,NY,V1,11,,FAITH E HOPE,9600,0,100.0,96.0,3,220050,0,,,4,1053373.0,197193.0,40.707656,-73.7506822,15b,,New York
QN,8094,6,411.0,19.0,11363.0,111.0,8 HILLCREST AVENUE,NY,V0,11,,THOMAS QUENTIN D,6000,0,60.0,100.0,5,26940,0,,,4,1053902.0,220441.0,40.7714615,-73.7485335,11a,,New York
QN,11954,53,412.0,28.0,11435.0,113.0,111-29 VAN WYCK EXPRESSWAY,NY,V0,11,,111-29 VANWYCK LLC,2450,0,24.5,100.0,5,6780,0,,,4,1038229.0,188564.0,40.6840768,-73.8053737,18c,,New York
QN,10000,40,412.0,27.0,11435.0,103.0,148-13 95 AVENUE,NY,V1,11,,TDM REALTY PARTNERS LLC,2400,0,24.0,100.0,5,66150,0,,,4,1038464.0,194143.0,40.6993884,-73.8044814,14d,,New York
QN,15306,9,414.0,32.0,11693.0,100.0,419 CROSS BAY BOULEVARD,NY,V0,11,,FROST JOHN J,3015,0,22.04,136.82,5,4920,0,,,4,1034283.0,162201.0,40.6117394,-73.8197968,24d,,New York
QN,8832,3,413.0,23.0,11001.0,105.0,257 STREET,NY,V0,11,,103 JERICHO TURNPIKE HOLDINGS LLC,2940,0,40.0,73.0,5,8340,0,,,4,1065273.0,204750.0,40.728297,-73.7076698,15c,,New York
QN,9995,7,412.0,27.0,11435.0,103.0,92-11 147 PLACE,NY,V1,11,,ARCHER 147 DEVELOPMENT LLC,10640,0,80.0,138.0,5,205650,0,,,4,1037894.0,194837.0,40.7012967,-73.8065316,14d,,New York
QN,13495,1,413.0,31.0,11413.0,116.0,225-19 145 AVENUE,NY,V0,11,C,NYC DEPARTMENT OF TRANSPORTATION,2660,0,35.0,76.0,3,8100,0,,,4,1052750.0,180871.0,40.6628608,-73.7530953,19b,,New York
QN,1351,29,402.0,26.0,11377.0,108.0,69-60 44 AVENUE,NY,V0,11,,JOHN S TSANTES,2810,0,25.0,112.42,5,36600,0,,,4,1013764.0,209240.0,40.7409428,-73.8934937,9d,,New York
QN,11955,88,412.0,28.0,11436.0,113.0,139-11 LINDEN BOULEVARD,NY,V0,11,,139-11 LINDEN LLC,2300,0,25.0,92.0,5,6360,0,,,4,1038624.0,188428.0,40.6837011,-73.8039505,18c,,New York
QN,11956,59,412.0,28.0,11435.0,113.0,140-16 111 AVENUE,NY,V0,11,X,COMMUNITY BAPTIST CHURCH,1924,0,59.0,36.0,3,5700,0,,,4,1038737.0,189040.0,40.6853802,-73.8035382,18c,,New York
QN,10075,8,412.0,28.0,11435.0,103.0,144-04 TUSKEGEE AIRMEN WAY,NY,V0,11,,"CHOWDHURY, AKHLAQ",1200,0,16.0,75.0,5,4800,0,,,4,1038017.0,191038.0,40.6908686,-73.8061183,18c,,New York
QN,10067,79,412.0,28.0,11435.0,103.0,109-02 139 STREET,NY,V0,11,,"WILLIAMS , GORDON",1720,0,20.0,86.0,3,4920,0,,,4,1037866.0,189721.0,40.6872547,-73.8066733,18c,,New York
QN,9997,15,412.0,27.0,11435.0,103.0,99-18 150 STREET,NY,V1,11,,1010 ARCHER AVE LLC,6419,0,49.0,81.0,3,522900,0,,,4,1038460.0,194932.0,40.701554,-73.8044895,14d,,New York
QN,9705,41,408.0,24.0,11435.0,107.0,148-47 87 ROAD,NY,V0,11,,148-47 BRIARWOOD LLC,3000,0,30.0,100.0,5,15000,0,,,4,1037547.0,197053.0,40.7073812,-73.8077655,14d,,New York
QN,4779,101,407.0,19.0,11354.0,109.0,144 PLACE,NY,V1,11,,UNKNOWN,926,0,186.0,10.0,5,79200,0,,,4,1033222.0,222153.0,40.7762993,-73.8231823,10a,,New York
QN,4796,46,407.0,19.0,11354.0,109.0,29 ROAD,NY,V0,11,,SHI YOUNG BAE,1396,0,27.22,40.02,5,10680,0,,,4,1034059.0,220506.0,40.771774,-73.8201725,10c,,New York
QN,4659,146,407.0,19.0,11357.0,109.0,148-11 WILLETS POINT BLVD,NY,V0,11,,UNAVAILABLE OWNER,237,0,5.22,23.57,8,756,0,,,4,1034640.0,222365.0,40.7768732,-73.818061,10c,,New York
QN,11947,295,412.0,28.0,11435.0,103.0,147-23 FERNDALE AVENUE,NY,V0,11,,"WRIGHT, SAMUEL",4000,0,40.0,100.0,5,15360,0,,,4,1039948.0,190934.0,40.6905712,-73.7991561,18c,,New York
QN,9763,1,412.0,27.0,11432.0,103.0,87-85 153 STREET,NY,V0,11,,GUOCO DEVELOPMENT LLC,4000,0,40.0,100.0,3,33540,0,,,4,1038636.0,196717.0,40.7064523,-73.8038404,14d,,New York
QN,1323,21,402.0,26.0,11377.0,108.0,56TH STREET,NY,V0,11,,4156 PROPERTY CORP,1900,0,19.0,100.0,0,23220,0,,,4,1009160.0,210257.0,40.7437484,-73.9101043,9d,,New York
QN,10142,50,412.0,28.0,11433.0,103.0,108-28 154 STREET,NY,V0,11,,"TAJESHWAR, RAVINDRA",5461,0,63.5,86.0,5,35580,0,,,4,1040454.0,191881.0,40.6931673,-73.7973236,18c,,New York
QN,9617,15,409.0,29.0,11418.0,102.0,136-18 HILLSIDE AVENUE,NY,V1,11,,136-18 HILLSIDE AVE. CORP.,1583,0,23.0,124.0,5,46350,0,,,4,1034831.0,195720.0,40.7037383,-73.8175717,14d,,New York
QN,1323,20,402.0,26.0,11377.0,108.0,55TH STREET,NY,V0,11,,4156 PROPERTY CORP,1850,0,18.5,100.0,0,22380,0,,,4,1009163.0,210275.0,40.7437978,-73.9100934,9d,,New York
QN,10090,26,412.0,28.0,11435.0,103.0,107-20 SUTPHIN BOULEVARD,NY,V1,11,X,BAYSIDE COMM/CHURCHINC,3275,0,80.24,57.83,5,255150,0,,,4,1039463.0,192081.0,40.6937225,-73.8008955,14d,,New York
QN,1323,52,402.0,26.0,11377.0,108.0,54-03 QUEENS BOULEVARD,NY,V1,11,,"54-03 QUEENS BLVD. ACQUISITION, LLC",4000,0,100.0,40.0,3,144000,0,,,4,1008991.0,209825.0,40.7425631,-73.9107158,9d,,New York
QN,1323,54,402.0,26.0,11377.0,108.0,43-31 54 STREET,NY,V1,11,,"43-31 54TH ST. ACQUISITION, LLC",4000,0,40.0,100.0,5,496800,0,,,4,1009000.0,209887.0,40.7427333,-73.910683,9d,,New York
QN,1323,44,402.0,26.0,11377.0,108.0,54-11 QUEENS BOULEVARD,NY,V1,11,,"54-11 QUEENS BLVD. ACQUISITION, LLC",6000,0,100.0,60.0,3,216000,0,,,4,1009092.0,209820.0,40.7425491,-73.9103513,9d,,New York
QN,1323,53,402.0,26.0,11377.0,108.0,43-35 54 STREET,NY,V1,11,,"43-35 54TH ST. ACQUISTION, LLC",2000,0,20.0,100.0,5,237600,0,,,4,1008996.0,209857.0,40.7426509,-73.9106976,9d,,New York
QN,1317,66,402.0,26.0,11377.0,108.0,54-21 ROOSEVELT AVENUE,NY,V1,11,,"5421 ROOSEVELT, LLC",5000,0,50.0,100.0,5,337050,0,,,4,1009244.0,210758.0,40.7451233,-73.9097993,9d,,New York
QN,1323,18,402.0,26.0,11377.0,108.0,41-56 55TH STREET,NY,V0,11,,4156 PROPERTY CORP,2750,0,27.5,100.0,5,33780,0,,,4,1009167.0,210297.0,40.7438581,-73.9100789,9d,,New York
QN,11944,3,412.0,28.0,11435.0,103.0,146-06 LAKEWOOD AVENUE,NY,V0,11,,TAYLOR PRIESTLY L,2640,0,30.0,88.0,5,10560,0,,,4,1039318.0,191346.0,40.691706,-73.8014244,18c,,New York
QN,10125,135,412.0,28.0,11433.0,103.0,107-01 157 STREET,NY,V0,11,,107-01 157 LLC,1900,0,19.0,100.0,5,8340,0,,,4,1040724.0,193045.0,40.6963605,-73.7963402,14d,,New York
QN,10123,5,412.0,28.0,11433.0,103.0,155-12 TUSKEGEE AIRMEN WAY,NY,V1,11,,TURTLE TRIUMPH LLC,2955,0,52.83,71.0,5,235800,0,,,4,1040075.0,193297.0,40.6970563,-73.7986785,14d,,New York
QN,10124,19,412.0,28.0,11433.0,103.0,106-32 157 STREET,NY,V1,11,,AMAN REALTY LLC,2500,0,25.0,100.0,5,67950,0,,,4,1040399.0,193301.0,40.6970652,-73.7975101,14d,,New York
QN,11561,122,410.0,32.0,11417.0,106.0,99 PLACE,NY,V0,11,,"WU, MARILYN CHANG",1000,0,10.0,100.0,8,1638,0,,,4,1030031.0,182790.0,40.6682747,-73.8349715,18b,,New York
QN,10134,26,412.0,28.0,11433.0,103.0,155-14 107 AVENUE,NY,V0,11,,"CHOWDHURY, SHANAZ",2500,0,25.0,100.0,5,11100,0,,,4,1040365.0,192800.0,40.6956903,-73.7976368,14d,,New York
QN,10125,134,412.0,28.0,11433.0,103.0,107-03 157 STREET,NY,V0,11,,107-01 157 LLC,1500,0,15.0,100.0,5,6240,0,,,4,1040733.0,193030.0,40.6963192,-73.7963078,14d,,New York
QN,10120,10,412.0,28.0,11435.0,103.0,106-35 150 STREET,NY,V0,11,,"NYC HOUSING PARTNERSHIP DEVELOPMENT FUND  COMPANY,",1750,0,22.8,87.5,5,17760,0,,,4,1039457.0,192634.0,40.6952404,-73.8009126,14d,,New York
QN,10141,1,412.0,28.0,11435.0,103.0,108-61 SUTPHIN BOULEVARD,NY,V1,11,,108-59 SUTPHIN BLVD LLC,3332,0,34.0,98.0,3,282600,0,,,4,1040307.0,191404.0,40.691859,-73.7978576,18c,,New York
QN,4701,28,407.0,19.0,11357.0,109.0,15-68 CLINTONVILLE STREET,NY,V0,11,,FERAZZOLI MARIO,8972,0,47.7,185.83,3,44640,0,,,4,1036940.0,225341.0,40.7850281,-73.8097332,7d,,New York
QN,10171,27,412.0,27.0,11433.0,103.0,108-09 GUY R BREWER BLVD,NY,V1,11,,BP CONTRACTORS LLC,2000,0,20.0,100.0,5,148050,0,,,4,1042257.0,193074.0,40.6964302,-73.7908115,14d,,New York
QN,3833,111,405.0,32.0,11385.0,104.0,8203A MYRTLE AVENUE,NY,V0,11,,"VINCI, ANTHONY",100,0,0.5,100.92,8,378,0,,,4,1021315.0,195608.0,40.7034979,-73.8663198,14b,,New York
QN,10173,100,412.0,27.0,11433.0,103.0,108 DRIVE,NY,V0,11,,"WALLERSON, WENDELL B",4572,0,35.17,197.0,5,18720,0,,,4,1042926.0,193193.0,40.6967524,-73.7883979,14d,,New York
QN,10122,39,412.0,28.0,11433.0,103.0,106-27 154 STREET,NY,V0,11,X,BETHEL MISSION STATION CHURCH INC,2000,0,20.0,100.07,5,12900,0,,,4,1039965.0,192803.0,40.695701,-73.7990793,14d,,New York
QN,10120,23,412.0,28.0,11433.0,103.0,106-12 153 STREET,NY,V1,11,,CLINTON GRAHAM,1696,0,20.0,67.25,5,129150,0,,,4,1039582.0,192705.0,40.6954345,-73.8004613,14d,,New York
QN,10181,61,412.0,27.0,11433.0,103.0,109-05 GUY R BREWER BLVD,NY,V0,11,,VM DEVELOPMENT INC,2000,0,20.0,100.0,5,8100,0,,,4,1042569.0,192517.0,40.6948993,-73.7896912,14d,,New York
QN,10186,44,412.0,27.0,11433.0,103.0,109-27 167 STREET,NY,V0,11,,WILLIAMS R.E.I LLC,1700,0,20.0,85.0,3,5040,0,,,4,1043587.0,192761.0,40.6955622,-73.786018,14d,,New York
QN,10186,40,412.0,27.0,11433.0,103.0,167-15 109 ROAD,NY,V0,11,,THEODORA TARVER,2450,0,25.0,98.0,5,7080,0,,,4,1043656.0,192828.0,40.6957457,-73.7857686,14d,,New York
QN,10135,6,412.0,28.0,11433.0,103.0,107-47 156 STREET,NY,V0,11,,"OMOAGBI, PAUL",2500,0,25.0,100.0,5,9960,0,,,4,1040729.0,192499.0,40.6948618,-73.7963267,14d,,New York
QN,10164,95,412.0,27.0,11433.0,103.0,166-15 107 AVENUE,NY,V1,11,X,METROPOLITAN TRANSPORTATION AUTHORITY,2600,0,40.0,65.0,5,31050,0,,,4,1042658.0,194332.0,40.6998804,-73.7893545,14d,,New York
QN,10163,90,412.0,27.0,11433.0,103.0,104-90 165 STREET,NY,V0,11,,JOSEPH WINDFIELD,5500,0,55.0,100.0,5,21960,0,,,4,1042326.0,193984.0,40.6989274,-73.7905549,14d,,New York
QN,10164,89,412.0,27.0,11433.0,103.0,105-22 MERRICK BOULEVARD,NY,V1,11,X,METROPOLITAN TRANSIT AUTHORITY,2000,0,20.0,100.0,5,51300,0,,,4,1042676.0,194422.0,40.7001273,-73.7892888,14d,,New York
QN,10164,90,412.0,27.0,11433.0,103.0,106-04 MERRICK BOULEVARD,NY,V1,11,X,METROPOLITAN TRANSPORTATION AUTHORITY,9406,0,80.0,100.0,3,84600,0,,,4,1042695.0,194381.0,40.7000147,-73.7892207,14d,,New York
QN,10161,38,412.0,27.0,11433.0,103.0,163-15 107 AVENUE,NY,V0,11,X,BETHLEHEM CHR/GOD/CHRIST,2688,0,26.67,100.0,5,10920,0,,,4,1041933.0,193857.0,40.6985814,-73.7919733,14d,,New York
QN,10161,60,412.0,27.0,11433.0,103.0,106-23 GUY R BREWER BLVD,NY,V1,11,,106-23 GUY R. BREWER BOULEVARD REALTY LL C,2100,0,21.0,100.0,5,159300,0,,,4,1041691.0,194089.0,40.6992198,-73.792844,14d,,New York
QN,12140,1,412.0,28.0,11433.0,103.0,109-15 SUTPHIN BOULEVARD,NY,V1,11,,109 SUTPHIN LLC,6282,0,60.0,105.0,3,271800,0,,,4,1040427.0,191182.0,40.6912489,-73.7974268,18c,,New York
QN,10140,45,412.0,28.0,11433.0,103.0,107-35 UNION HALL STREET,NY,V0,11,,WILLIAMS JAMES,2221,0,20.1,111.0,5,9600,0,,,4,1041820.0,193269.0,40.6969682,-73.7923858,14d,,New York
QN,10169,19,412.0,27.0,11433.0,103.0,107-19 165 STREET,NY,V0,11,,"SINGH, KEMRAJ",4960,0,31.0,163.0,5,20460,0,,,4,1042594.0,193880.0,40.6986402,-73.7895893,14d,,New York
QN,12148,46,412.0,28.0,11433.0,103.0,157-01 110 AVENUE,NY,V0,11,,CHRIST PENTECOSTAL TEMPLE,2500,0,25.0,100.0,3,11820,0,,,4,1041600.0,191403.0,40.6918479,-73.7931951,18c,,New York
QN,10150,59,412.0,28.0,11433.0,103.0,108-50 GUY R BREWER BLVD,NY,V0,11,,"THE SOUTH JAMAICA NEW TESTAMENT CHURCH O F GOD, INC",2875,0,25.0,115.0,5,29820,0,,,4,1042308.0,192625.0,40.6951974,-73.7906315,14d,,New York
QN,10167,32,412.0,27.0,11433.0,103.0,164-12 107 AVENUE,NY,V0,11,,"PATWARY, ABDUS S",2000,0,20.0,100.0,5,8100,0,,,4,1042198.0,193821.0,40.6984809,-73.7910179,14d,,New York
QN,10167,33,412.0,27.0,11433.0,103.0,164-14 107 AVENUE,NY,V0,11,,"AKHTER, RASHIDA",2000,0,20.0,100.0,5,8100,0,,,4,1042216.0,193831.0,40.6985082,-73.7909529,14d,,New York
QN,10163,118,412.0,27.0,11433.0,103.0,104-13 164 STREET,NY,V0,11,,"DUNCAN, VIVIANA HAY",1976,0,19.0,104.0,3,22080,0,,,4,1041823.0,194369.0,40.6999874,-73.7923656,14d,,New York
QN,10161,1,412.0,27.0,11433.0,103.0,106-01 GUY R BREWER BLVD,NY,V1,11,,"GODIAN FELLOWSHIP, INC",8255,0,68.84,108.13,3,65700,0,,,4,1041565.0,194259.0,40.6996872,-73.793297,14d,,New York
QN,1226,66,402.0,26.0,11377.0,108.0,39-36 56 STREET,NY,V0,11,,"PATWARI, JAKEY UA",2500,0,25.0,100.0,5,19560,0,,,4,1009786.0,211610.0,40.7474602,-73.90784,9d,,New York
QN,12196,22,412.0,28.0,11434.0,113.0,114-06 BEDELL STREET,NY,V0,11,,114-06 BEDELL STREET LLC,2500,0,50.0,100.0,5,7200,0,,,4,1043158.0,190056.0,40.6881405,-73.7875887,18c,,New York
QN,10181,67,412.0,27.0,11433.0,103.0,109-43 GUY R BREWER BLVD,NY,V0,11,,"VILLAGE PLAZA HOMES, INC.",2800,0,28.0,100.0,5,11160,0,,,4,1042757.0,192181.0,40.6939758,-73.7890162,14d,,New York
QN,10306,16,412.0,27.0,11434.0,113.0,176 STREET,NY,V0,11,,ISRAEL R SIEGEL,1200,0,12.0,100.0,8,1704,0,,,4,1046920.0,192001.0,40.6934532,-73.7740056,15b,,New York
QN,12198,51,412.0,28.0,11434.0,113.0,115-39 158 STREET,NY,V0,11,,115-39 158 LLC,3528,0,34.67,100.0,5,10080,0,,,4,1043522.0,189320.0,40.6861179,-73.7862827,18c,,New York
QN,10201,11,412.0,28.0,11433.0,113.0,163-30 CLAUDE AVENUE,NY,V0,11,,"GREEN, ANDRE",2000,0,20.0,100.0,5,5400,0,,,4,1043462.0,191460.0,40.6919921,-73.7864802,18c,,New York
QN,10192,14,412.0,27.0,11433.0,113.0,164-10 110 ROAD,NY,V0,11,,RESCUE CHURCH OF CHRIST,3583,0,30.0,121.0,5,10200,0,,,4,1043349.0,191694.0,40.6926352,-73.7868856,18c,,New York
QN,10192,15,412.0,27.0,11433.0,113.0,164-12 110 ROAD,NY,V0,11,,RESCUE CHURCH OF CHRIST,2290,0,20.0,113.0,5,6000,0,,,4,1043368.0,191707.0,40.6926707,-73.786817,18c,,New York
QN,10054,5,412.0,28.0,11435.0,103.0,146-12 106 AVENUE,NY,V0,11,,CATHERINE STREATER,1000,0,20.0,50.0,5,4020,0,,,4,1038543.0,192105.0,40.693794,-73.804213,14d,,New York
QN,10192,46,412.0,27.0,11433.0,113.0,163-21 CLAUDE AVENUE,NY,V0,11,X,RESCUE CHURCH/CHRISTINC,3222,0,20.0,166.0,5,9180,0,,,4,1043255.0,191506.0,40.6921198,-73.7872262,18c,,New York
QN,12254,27,412.0,28.0,11434.0,113.0,160-68 122 STREET,NY,V0,11,,"5 CATHERINE CT, LLC.",6000,0,60.0,100.0,3,32400,0,,,4,1044691.0,186498.0,40.6783643,-73.7820929,18c,,New York
QN,12252,6,412.0,28.0,11434.0,113.0,120-11 LONG STREET,NY,V0,11,,KENRICK JOBE,4000,0,40.0,100.0,5,10560,0,,,4,1044706.0,186996.0,40.6797311,-73.7820344,18c,,New York
QN,874,227,401.0,22.0,11102.0,114.0,24 DRIVE,NY,V0,11,,"S & D PROPERTY SERVICES, LLC",300,0,10.0,30.0,8,315,0,,,4,1005845.0,221833.0,40.7755302,-73.9220303,9a,,New York
QN,866,147,401.0,22.0,11105.0,114.0,26 STREET,NY,V0,11,X,EAST COAST DEVELOPMEN,1000,0,10.0,100.03,8,0,0,,,4,1007801.0,222597.0,40.7776222,-73.9149654,9a,,New York
QN,11104,192,413.0,27.0,11429.0,105.0,217 PLACE,NY,V0,11,,"HORTON, ALLISON",3000,0,20.0,140.0,5,8400,0,,,4,1056419.0,199353.0,40.7135603,-73.7396726,15b,,New York
QN,3361,32,405.0,34.0,11385.0,104.0,21-21 RENE COURT,NY,V1,11,,TOMASZ SYTA,400,0,20.0,20.0,5,20250,0,,,4,1008994.0,198981.0,40.712799,-73.9107448,13d,,New York
QN,10192,45,412.0,27.0,11433.0,113.0,163-23 CLAUDE AVENUE,NY,V0,11,X,RESCUE CHURCH/CHRISTINC,3024,0,20.0,166.0,5,8580,0,,,4,1043272.0,191518.0,40.6921526,-73.7871648,18c,,New York
QN,10190,9,412.0,27.0,11433.0,113.0,110-14 164 STREET,NY,V0,11,,"AKRUM, AJMAL",2300,0,23.0,100.0,5,6660,0,,,4,1043029.0,191902.0,40.6932082,-73.7880377,14d,,New York
QN,12330,43,412.0,28.0,11434.0,113.0,114-20 167 STREET,NY,V0,11,,"HARRISON/GREEN, GWENDOLYN J",840,0,30.0,22.0,5,2262,0,,,4,1044639.0,190625.0,40.6896923,-73.7822434,18c,,New York
QN,12202,32,412.0,28.0,11434.0,113.0,150-62 116 ROAD,NY,V0,11,,L.O.G. PROPERTIES LLC,2000,0,20.0,100.0,5,5220,0,,,4,1042398.0,188001.0,40.682505,-73.7903468,18c,,New York
QN,12201,51,412.0,28.0,11434.0,113.0,116-10 155 STREET,NY,V0,11,,"NEW REZ, LLC",3300,0,33.0,100.0,5,13140,0,,,4,1042557.0,188323.0,40.6833878,-73.7897708,18c,,New York
QN,12190,21,412.0,28.0,11434.0,113.0,155-30 115 AVENUE,NY,V0,11,,"SINGH, GURVINDER",4000,0,40.0,100.0,5,15360,0,,,4,1042523.0,189215.0,40.6858364,-73.7898857,18c,,New York
QN,9435,59,409.0,29.0,11419.0,102.0,94-11 117 STREET,NY,V1,11,,GUEVARA GALO B,1840,0,20.0,92.0,5,69750,0,,,4,1031599.0,191898.0,40.6932658,-73.8292552,14b,,New York
QN,12378,115,412.0,28.0,11434.0,113.0,120-33 GUY R BREWER BLVD,NY,V0,11,,"SPOONER, CARMEN EBANKS",800,0,8.0,100.0,8,1074,0,,,4,1045191.0,187157.0,40.6801697,-73.7802843,18c,,New York
QN,12218,101,412.0,28.0,11434.0,113.0,150-7 125TH AVENUE,NY,V0,11,,SUTPHIN DEVELOPERS LLC,4269,0,60.0,119.71,5,8894,0,,,4,1042624.0,185414.0,40.6754029,-73.7895544,18c,,New York
QN,12206,26,412.0,28.0,11434.0,113.0,118-12 153 STREET,NY,V0,11,X,COMMUNITY HOMES HOUSING DEVELOPMENT FUND,1350,0,13.5,100.0,5,3540,0,,,4,1042588.0,187246.0,40.6804315,-73.7896683,18c,,New York
QN,12209,113,412.0,28.0,11434.0,113.0,118-39 154 STREET,NY,V0,11,,"WALCOTT, ROSALINE I.",1200,0,13.33,90.0,5,3240,0,,,4,1042997.0,187248.0,40.6804343,-73.7881937,18c,,New York
QN,12206,25,412.0,28.0,11434.0,113.0,118-10 153 STREET,NY,V0,11,,COMMUNITY HOMES HOUSING DEVELOPMENT FUND,1350,0,13.5,100.0,5,3540,0,,,4,1042585.0,187259.0,40.6804672,-73.789679,18c,,New York
QN,2775,16,405.0,30.0,11378.0,104.0,65-40 66 STREET,NY,V0,11,X,FRANK AURIEMMA,4017,0,39.0,109.0,5,0,0,,,4,1012422.0,202842.0,40.7233862,-73.8983634,13c,,New York
QN,10701,24,413.0,23.0,11428.0,105.0,218 PLACE,NY,V0,11,,"MUHAMMAD, MOHSIN S",2000,0,20.0,100.0,5,5220,0,,,4,1056342.0,202685.0,40.7227064,-73.7399147,15a,,New York
QN,569,53,401.0,22.0,11106.0,114.0,23-60 31 AVENUE,NY,V1,11,,ASTORIA HOLDINGS 1 LLC,2735,0,28.42,95.0,5,110700,0,,,4,1004522.0,218223.0,40.7656249,-73.926818,9a,,New York
QN,8839,92,409.0,32.0,11421.0,102.0,74-02 PARK LANE SOUTH,NY,V0,11,,AKLU  NARAINDAT,5550,0,98.17,74.67,5,15720,0,,,4,1020759.0,192348.0,40.6945523,-73.8683428,13d,,New York
QN,8838,50,409.0,32.0,11421.0,102.0,85-34 75 STREET,NY,V0,11,,MIJAG HOLDINGS LLC,1876,0,19.75,95.0,5,7860,0,,,4,1020971.0,192081.0,40.6938185,-73.8675797,14b,,New York
QN,8840,121,409.0,32.0,11421.0,102.0,76-10 86 AVENUE,NY,V0,11,,"ENG, KAM KHOW",2034,0,26.42,77.0,5,5760,0,,,4,1021506.0,191776.0,40.6929791,-73.8656521,18a,,New York
QN,362,15,401.0,26.0,11101.0,114.0,37-13 12 STREET,NY,V1,11,,"3713  12TH STREET REALTY, LLC",5000,0,50.0,100.0,5,486000,0,,,4,1000872.0,215798.0,40.7589765,-73.9400005,9b,,New York
QN,362,7,401.0,26.0,11101.0,114.0,37-33 12 STREET,NY,V1,11,,"37-33 12TH STREET, LLC",2523,0,25.0,100.92,5,265050,0,,,4,1000781.0,215606.0,40.7584497,-73.9403294,9b,,New York
QN,349,6,401.0,26.0,11106.0,114.0,36-22 21 STREET,NY,V1,11,,VIVIENNE REALTY LLC,6500,0,75.0,92.39,4,134550,0,,,4,1001513.0,215941.0,40.7593677,-73.9376863,9b,,New York
QN,339,252,401.0,22.0,11106.0,114.0,3516A 28 STREET,NY,V0,11,,"CHOWDHURY, KHALIL AHMAD",1524,0,24.0,62.0,6,13440,0,,,4,1003155.0,215821.0,40.759035,-73.9317596,9b,,New York
QN,9089,17,409.0,32.0,11416.0,102.0,86-38 102 ROAD,NY,V0,11,,MARINO KATHLEEN,1945,0,19.42,100.0,5,9240,0,,,4,1025428.0,187405.0,40.6809644,-73.8515358,18a,,New York
QN,49,35,402.0,26.0,11101.0,108.0,10-38 45 ROAD,NY,V1,11,,FE 45TH ROAD LLC,16000,0,160.0,100.0,5,765450,0,,,4,997839.0,211449.0,40.7470448,-73.9509573,9b,,New York
QN,586,65,401.0,22.0,11106.0,114.0,32-60 30 STREET,NY,V0,11,,TATIANA MOLOVIK-PROC,1400,0,4.42,100.83,8,2142,0,,,4,1004294.0,216549.0,40.7610307,-73.927646,9a,,New York
QN,28,17,402.0,26.0,11101.0,108.0,5-19 47 AVENUE,NY,V1,11,,GRADUATE CENTER FOUNDATION HOUSING CORPO RATION LIC,5000,0,50.07,100.0,5,228150,0,,,4,996819.0,211068.0,40.7460005,-73.9546392,9b,,New York
QN,28,18,402.0,26.0,11101.0,108.0,5-13 47 AVENUE,NY,V1,11,,GRADUATE CENTER FOUNDATION HOUSING CORPO RATION LIC,7493,0,74.93,100.0,5,342450,0,,,4,996759.0,211083.0,40.7460418,-73.9548557,9b,,New York
QN,28,15,402.0,26.0,11101.0,108.0,5-23 47 AVENUE,NY,V1,11,,GRADUATE CENTER FOUNDATION HOUSING CORPO RATION LIC,3769,0,37.69,100.0,5,183600,0,,,4,996860.0,211057.0,40.7459703,-73.9544913,9b,,New York
QN,9187,41,409.0,29.0,11418.0,102.0,102-37 JAMAICA AVENUE,NY,V1,11,,MASPETH HOUSE LLC,3107,0,26.17,118.75,5,100800,0,,,4,1027514.0,192676.0,40.6954221,-73.8439811,14b,,New York
QN,9306,212,409.0,29.0,11421.0,102.0,91-55 98 STREET,NY,V0,11,,BIBI N MOHAMED,880,0,40.0,22.0,5,2622,0,,,4,1027293.0,190659.0,40.689887,-73.8447909,18a,,New York
QN,9041,45,409.0,32.0,11416.0,102.0,95-19A 97 AVENUE,NY,V0,11,,DAVID DELVALLE,1800,0,18.0,100.0,5,8580,0,,,4,1027076.0,189437.0,40.6865339,-73.8455812,18a,,New York
QN,643,100,401.0,26.0,11106.0,114.0,35-23 35 AVENUE,NY,V1,11,C,STUDIO STREET,34800,0,60.0,580.0,4,494550,0,,,4,1005338.0,215091.0,40.7570264,-73.923882,9b,,New York
QN,397,5,401.0,26.0,11101.0,114.0,39-25 27 STREET,NY,V1,11,,39-25 27TH STREET LLC,5046,0,50.0,100.92,5,389700,0,,,4,1001868.0,213813.0,40.7535262,-73.9364105,9b,,New York
QN,515,19,401.0,22.0,11102.0,114.0,30-11 12 STREET,NY,V1,11,,30-11 REALTY LLC,17350,0,199.0,100.0,5,873900,0,,,4,1003275.0,220182.0,40.7710046,-73.9313141,9a,,New York
QN,383,9,401.0,26.0,11101.0,114.0,38-05 30 STREET,NY,V1,11,,30-04 38 AVENUE LLC,4773,0,49.66,97.59,3,85950,0,,,4,1002864.0,213956.0,40.7539167,-73.9328152,9b,,New York
QN,402,19,401.0,26.0,11101.0,114.0,29-11 40 ROAD,NY,V1,11,,HATAM CHESHMEHSHAHI,2800,0,25.0,112.0,5,147600,0,,,4,1002112.0,213143.0,40.7516868,-73.9355316,9b,,New York
QN,366,32,401.0,26.0,11101.0,114.0,37-10 24 STREET,NY,V1,11,,"NEW GENERATION ASTORIA, LLC",9210,0,99.46,92.6,5,922950,0,,,4,1001980.0,215156.0,40.7572122,-73.9360027,9b,,New York
QN,597,109,401.0,22.0,11102.0,114.0,26-24 30TH STREET,NY,V0,11,,26-24 30TH STREET LLC,2054,0,24.17,85.0,6,16980,0,,,4,1006467.0,219783.0,40.769902,-73.9197913,9a,,New York
QN,388,25,401.0,26.0,11101.0,114.0,38-32 CRESCENT STREET,NY,V1,11,,GEORGE & JULIE REALTY CORP.,2504,0,25.0,100.17,5,282150,0,,,4,1001767.0,214400.0,40.7551376,-73.9367735,9b,,New York
QN,573,11,401.0,22.0,11102.0,114.0,25-23 NEWTOWN AVENUE,NY,V1,11,,"NEWTOWN AVENUE ASSOCIATES, LLC",9083,0,45.42,200.0,5,291600,0,,,4,1005640.0,219914.0,40.7702636,-73.9227766,9a,,New York
QN,549,16,401.0,22.0,11102.0,114.0,30-09 21 STREET,NY,V0,11,,K&V LIC HOLDINGS LLC,2000,0,20.0,100.0,5,27780,0,,,4,1004263.0,219614.0,40.7694434,-73.9277488,9a,,New York
QN,509,34,401.0,22.0,11102.0,114.0,28-03 8 STREET,NY,V1,11,,ABCEXTENSION LLC,12775,0,30.02,225.0,3,575100,0,,,4,1003133.0,220900.0,40.7729756,-73.9318247,9a,,New York
QN,886,8,401.0,22.0,11102.0,114.0,26 ROAD,NY,V0,11,,"MOURKAKOS , ATHANASIOS",1140,0,19.0,60.0,5,9120,0,,,4,1004797.0,221060.0,40.773411,-73.9258165,9a,,New York
QN,902,37,401.0,22.0,11102.0,114.0,14 STREET,NY,V0,11,,"OSMANAJ, SAJMIR",2817,0,28.17,100.0,5,21120,0,,,4,1003901.0,221224.0,40.7738632,-73.929051,9a,,New York
QN,330,17,401.0,22.0,11106.0,114.0,35-21 10 STREET,NY,V0,11,,3521 TENTH ST LLC,2835,0,36.67,100.83,5,30420,0,,,4,1000900.0,217047.0,40.7624046,-73.9398963,9a,,New York
QN,360,22,401.0,26.0,11101.0,114.0,10-16 37 AVENUE,NY,V1,11,,REALTY ON FOXCROFT ROAD CORP.,2521,0,25.0,100.83,5,241650,0,,,4,1000530.0,216042.0,40.7596468,-73.9412344,9b,,New York
QN,474,17,401.0,26.0,11101.0,114.0,38-39 10 STREET,NY,V1,11,,ZOITAS  THOMAS,2250,0,25.0,90.0,5,107100,0,,,4,1000004.0,215319.0,40.7576633,-73.9431348,9b,,New York
QN,10021,17,412.0,27.0,11435.0,103.0,102 AVENUE,NY,V0,11,,SUKHANDAN DABY,2500,0,25.0,100.0,3,13140,0,,,4,1037516.0,192372.0,40.6945331,-73.8079143,14d,,New York
QN,475,44,401.0,26.0,11101.0,114.0,38-24 10 STREET,NY,V2,11,,HELIOS ENTERPRISES LLC,1500,0,15.0,100.0,5,18540,0,,,4,999989.0,215540.0,40.7582699,-73.9431884,9b,,New York
QN,15323,67,414.0,32.0,11693.0,,23 19 ROAD,NY,V0,11,,J & J YOUNG,5000,0,50.0,100.0,5,7740,0,,,4,1033723.0,157865.0,40.5998411,-73.8218455,30c,,New York
QN,472,646,401.0,26.0,11101.0,114.0,38-21 12 STREET,NY,V1,11,,38-21 12TH STREET LAST TOUCH LLC,70200,0,322.73,203.6,5,4595400,0,,,4,1000632.0,215250.0,40.7574728,-73.9408681,9b,,New York
QN,8999,38,409.0,32.0,11416.0,102.0,74-13A 97 AVENUE,NY,V0,11,,"CHARLES, DENZIL",72,0,5.08,29.67,8,378,0,,,4,1022171.0,187547.0,40.6813687,-73.8632779,18a,,New York
QN,15319,100,414.0,32.0,,,201 AVENUE,NY,V0,11,,DANIEL F MUNDY,3000,0,30.0,100.0,2,3762,0,,,4,1033411.0,159057.0,40.6031146,-73.8229604,30c,,New York
QN,10352,146,412.0,27.0,11423.0,103.0,187-46 HOLLIS AVENUE,NY,V1,11,,SERVICO REALTY INC,3591,0,130.0,105.0,5,45000,0,,,4,1047843.0,198023.0,40.7099756,-73.7706203,15b,,New York
QN,15963,32,414.0,31.0,11691.0,101.0,553 BEACH 44 STREET,NY,V0,11,C,NYC HOUSING PRESERVATION AND DEVELOPMENT,1790,0,21.46,85.28,5,3840,0,,,4,1046320.0,157941.0,40.5999704,-73.7764826,31a,,New York
QN,2218,16,406.0,29.0,11375.0,112.0,68 DRIVE,NY,V0,11,,"KOPTYEV, GABRIEL",2500,0,25.0,100.0,5,13800,0,,,4,1027218.0,203688.0,40.7256488,-73.8449782,14a,,New York
QN,9162,146,410.0,32.0,11417.0,106.0,93 STREET,NY,V0,11,,"KAO, HSIAN MIE",80,0,4.0,20.0,8,246,0,,,4,1027127.0,186994.0,40.6798282,-73.8454129,18a,,New York
QN,1336,28,402.0,26.0,11377.0,108.0,40-25 61 STREET,NY,V0,11,X,CORPORATION OF THE PRESIDING BISHOP,5061,0,50.04,104.6,5,34380,0,,,4,1011078.0,210344.0,40.7439816,-73.9031822,9d,,New York
QN,11142,4,413.0,27.0,11429.0,105.0,112 AVENUE,NY,V1,11,,KENMORE HALL,200,0,2.0,100.0,8,2475,0,,,4,1056267.0,196463.0,40.7056292,-73.7402518,15b,,New York
QN,11065,33,412.0,27.0,11412.0,113.0,116-02 196 STREET,NY,V0,11,,"GOBURN, CAROLYN E",2000,0,20.0,100.0,5,5400,0,,,4,1051745.0,192486.0,40.694749,-73.7566014,15b,,New York
QN,9225,51,409.0,29.0,11418.0,102.0,8623A 111 STREET,NY,V0,11,,86-23 111TH STREET LLC,2500,0,25.0,100.0,5,7980,0,,,4,1029312.0,193685.0,40.6981826,-73.8374904,14b,,New York
QN,14228,839,410.0,32.0,11414.0,106.0,99-75 RUSSELL STREET,NY,V0,11,,LCD HOLDING CORP.,2955,0,15.0,122.0,2,5880,0,,,4,1031115.0,178193.0,40.6556513,-73.8310959,18b,,New York
QN,14234,861,410.0,32.0,11414.0,106.0,15 RUSSELL STREET,NY,V0,11,,GAVERS BARBARA,2698,0,19.0,142.0,5,7200,0,,,4,1031400.0,178406.0,40.6562344,-73.8300672,18b,,New York
QN,14234,858,410.0,32.0,11414.0,106.0,102-11 RUSSELL STREET,NY,V0,11,,ROBERT J SCHROEDER AND DENISE T.  SCHROE DER IRREVO,4608,0,49.0,142.0,5,12000,0,,,4,1031393.0,178378.0,40.6561576,-73.8300927,18b,,New York
QN,3663,52,405.0,32.0,11385.0,104.0,71 PLACE,NY,V0,11,,"SCHNEIDER, MICHAEL",2500,0,25.0,100.0,5,11940,0,,,4,1017423.0,196389.0,40.705657,-73.880353,13d,,New York
QN,9055,118,409.0,32.0,11416.0,102.0,97-12A 85 STREET,NY,V0,11,,CHARLES T. MENNES LIVING TRUST,490,0,4.0,110.0,8,315,0,,,4,1024354.0,188107.0,40.6828961,-73.8554039,18a,,New York
QN,2520,22,402.0,26.0,11378.0,108.0,34-40 LAUREL HILL BLVD,NY,V1,11,,3440 LAUREL LLC,30712,0,153.0,222.0,5,606600,0,,,4,1003813.0,204863.0,40.7289566,-73.9294163,13a,,New York
QN,879,151,401.0,22.0,11105.0,114.0,24 STREET,NY,V0,11,,"GAVALAS, ELEFTHERIA",2000,0,20.0,100.0,5,26760,0,,,4,1007966.0,223540.0,40.7802101,-73.9143663,9a,,New York
QN,650,173,401.0,22.0,11103.0,114.0,36 STREET,NY,V0,11,,LAZAREVICH NATALIJA,1000,0,10.33,100.83,8,1638,0,,,4,1006686.0,217431.0,40.7634458,-73.9190086,9a,,New York
QN,9432,111,409.0,29.0,11419.0,102.0,101-014A 115 STREET,NY,V0,11,,"SHARMA, KESHNI  D",46,0,0.4,92.08,8,164,0,,,4,1031566.0,190161.0,40.6884983,-73.8293864,18a,,New York
QN,7666,14,411.0,23.0,11364.0,111.0,232 STREET,NY,V0,11,,"GUEDOYAN, SARKIS",1000,0,10.0,100.0,8,1638,0,,,4,1054620.0,212423.0,40.7494486,-73.7460252,11b,,New York
QN,840,166,401.0,22.0,11102.0,114.0,24-28I 31 STREET,NY,V1,11,,BETES 2915 DOROTHY PLACE LLC,625,0,50.71,20.48,6,67050,0,,,4,1007351.0,220557.0,40.7720241,-73.9165972,9a,,New York
QN,7251,64,408.0,24.0,11432.0,107.0,184-45 ABERDEEN ROAD,NY,V0,11,,184-45 ABERDEEN ROAD LLC,7065,0,45.0,157.42,5,32820,0,,,4,1044419.0,203455.0,40.724909,-73.7829221,14c,,New York
QN,9791,305,408.0,24.0,11432.0,107.0,84 ROAD,NY,V0,11,,"PRADO, HECTOR",1212,0,12.0,101.0,8,1830,0,,,4,1038881.0,199577.0,40.7143008,-73.8029335,14d,,New York
QN,9801,54,412.0,27.0,11432.0,103.0,89 AVENUE,NY,V0,11,,FIGUEROA YVONNE,2500,0,25.0,100.0,5,14460,0,,,4,1041739.0,197588.0,40.7088234,-73.792641,14d,,New York
QN,9912,12,412.0,23.0,11423.0,103.0,187 PLACE,NY,V0,11,,"GOPAL, KOMAL PRASHAD",2500,0,25.0,100.0,5,7020,0,,,4,1047421.0,198730.0,40.7119191,-73.7721358,15b,,New York
QN,16083,3,414.0,31.0,11692.0,100.0,355 BEACH 70 STREET,NY,V1,11,X,MT CARMEL BAPTIST CHURCH OF ARVERNE NY I NC,2783,0,30.0,95.0,5,67500,0,,,4,1039988.0,155179.0,40.5924314,-73.7993072,30c,,New York
QN,10815,18,412.0,27.0,11423.0,103.0,188-20 GAR WOODHULL AVENUE,NY,V0,11,,TOTARAM ENTERPRISES L.P.,4150,0,35.0,118.0,5,26880,0,,,4,1047969.0,198138.0,40.7102903,-73.7701647,15b,,New York
QN,8071,102,411.0,19.0,11363.0,111.0,233RD PLACE,NY,V0,11,,"PARSONS BEACH, LLC",8705,0,60.0,123.09,2,24143,0,,,4,1052361.0,220567.0,40.7718194,-73.7540957,11a,,New York
QN,14193,37,410.0,32.0,11414.0,106.0,162 AVENUE,NY,V0,11,,"VENTRE, JOSEPH",4000,0,40.0,100.0,5,13260,0,,,4,1030098.0,177930.0,40.6549347,-73.834763,18b,,New York
QN,10240,42,412.0,27.0,11433.0,103.0,105-32 171 PLACE,NY,V0,11,,"SAMPEDRO, JOSE L",2000,0,20.0,100.0,5,8100,0,,,4,1043730.0,194785.0,40.7011167,-73.7854844,14d,,New York
QN,10149,77,412.0,28.0,11433.0,103.0,160-11 109 AVENUE,NY,V0,11,,LIYA HOMES INC,2321,0,25.0,92.82,5,11100,0,,,4,1041980.0,192374.0,40.6945106,-73.7918165,14d,,New York
QN,10228,18,412.0,27.0,11433.0,103.0,171-38 LIBERTY AVENUE,NY,V1,11,,ALMEIDA REALTY LLC,2468,0,29.0,93.13,5,132750,0,,,4,1043551.0,195795.0,40.7038901,-73.7861211,14d,,New York
QN,12192,13,412.0,28.0,11434.0,113.0,115 DRIVE,NY,V0,11,,KAREN D JOHNSON,2000,0,20.0,100.0,5,5220,0,,,4,1041944.0,188321.0,40.6833863,-73.791981,18c,,New York
QN,12214,123,412.0,28.0,11434.0,113.0,119-52 155 STREET,NY,V0,11,,URBAN ADVANCEMENT VI LLC,511,0,13.58,40.0,6,1638,0,,,4,1043127.0,186769.0,40.6791187,-73.7877292,18c,,New York
QN,8639,189,413.0,23.0,11426.0,105.0,248-29 88 ROAD,NY,V0,11,,I CANALES,990,0,30.0,33.0,5,2580,0,,,4,1062388.0,204938.0,40.728839,-73.7180766,15c,,New York
QN,10374,6,412.0,27.0,11412.0,103.0,187 STREET,NY,V0,11,,PURISIMA M. MAGADIA TRUST,1000,0,10.0,100.0,8,1638,0,,,4,1048211.0,196000.0,40.7044203,-73.7693122,15b,,New York
QN,12986,107,412.0,27.0,11434.0,116.0,134 AVENUE,NY,V0,11,C,NYC DEPARTMENT OF CITYWIDE ADMINISTRATIVE SERVICES,93,0,1.0,92.58,8,252,0,,,4,1050202.0,186029.0,40.6770377,-73.7622289,19a,,New York
QN,13013,69,413.0,31.0,11413.0,116.0,134 ROAD,NY,V0,11,,"HILL, DENISE",2500,0,25.0,100.0,5,7200,0,,,4,1052901.0,186677.0,40.6787958,-73.7524919,19a,,New York
QN,13010,45,413.0,31.0,11413.0,116.0,134-32 217 STREET,NY,V1,11,,UNAVAILABLE OWNER,3299,0,36.41,91.0,5,265050,0,,,4,1052789.0,186871.0,40.6793291,-73.7528937,19a,,New York
QN,12707,47,412.0,27.0,11413.0,116.0,191-09 NASHVILLE BOULEVARD,NY,V0,11,,RYAN PARKINSON,1500,0,15.0,100.0,5,4080,0,,,4,1052314.0,188710.0,40.6843804,-73.7545876,19a,,New York
QN,9445,53,409.0,29.0,11419.0,102.0,94-17 129 STREET,NY,V0,11,,"SINGH LONGIA, MARBNAJAN",2500,0,25.0,100.0,5,11940,0,,,4,1034322.0,192595.0,40.6951639,-73.8194307,14d,,New York
QN,1616,65,404.0,21.0,11368.0,110.0,41-14 102 STREET,NY,V1,11,,"GIOVANNI PITA, AS TRUSTEE",434,0,5.67,76.58,5,900,0,,,4,1022027.0,211836.0,40.7480367,-73.8636608,10b,,New York
QN,12664,52,412.0,27.0,11412.0,113.0,120 ROAD,NY,V0,11,,"GUISHARD, HILARY E.",2500,0,25.0,100.0,5,7200,0,,,4,1051108.0,189563.0,40.6867309,-73.7589275,19a,,New York
QN,10460,78,412.0,23.0,11423.0,103.0,195 PLACE,NY,V0,11,,"RAFIK, MOHAMED",592,0,4.0,148.0,8,378,0,,,4,1049345.0,199684.0,40.7145237,-73.7651866,15b,,New York
QN,2529,1,402.0,26.0,11378.0,108.0,44-02 57 AVENUE,NY,V1,11,,"JMDH REAL ESTATE OF MASPETH PARKING, LLC",65227,0,231.69,138.5,5,1410300,0,,,4,1004248.0,204433.0,40.7277754,-73.9278481,13a,,New York
QN,10163,106,412.0,27.0,11433.0,103.0,104 ROAD,NY,V0,11,,OLIVIA J STUKES,481,0,13.0,37.0,5,120,0,,,4,1041831.0,194451.0,40.7002125,-73.792336,14d,,New York
QN,13271,3,413.0,31.0,11434.0,116.0,144 DRIVE,NY,V0,11,,FOUR STAR DEVELOPMENT INC.,2000,0,20.0,100.0,5,5220,0,,,4,1046113.0,181510.0,40.6646636,-73.777012,19b,,New York
QN,13495,12,413.0,31.0,11413.0,116.0,145 AVENUE,NY,V0,11,,"RAMCOOMAR, ROHAN",1580,0,20.0,79.0,3,4620,0,,,4,1052584.0,180954.0,40.6630899,-73.7536927,19b,,New York
QN,4707,129,407.0,19.0,11357.0,109.0,20 ROAD,NY,V0,11,,ROSETTA JELCIO,645,0,15.0,43.0,6,2712,0,,,4,1036930.0,223729.0,40.7806036,-73.809782,10c,,New York
QN,3332,6,409.0,29.0,11415.0,102.0,83 AVENUE,NY,V0,11,,NISON DAVYDOV,800,0,8.0,100.0,8,1326,0,,,4,1030893.0,197345.0,40.7082202,-73.8317634,14b,,New York
QN,4487,200,407.0,19.0,11357.0,109.0,151-45 6TH ROAD,NY,V0,11,,EDGESTONE GROUP LLC,946275,0,50.0,345.0,5,3055620,0,,,4,1036854.0,229636.0,40.7968172,-73.8100101,7d,,New York
QN,13208,87,413.0,31.0,11422.0,116.0,245 STREET,NY,V0,11,,CONNELL RICHARD B,2107,0,36.5,114.0,5,5640,0,,,4,1059369.0,184737.0,40.6734184,-73.7291945,19c,,New York
QN,13250,21,413.0,31.0,11422.0,116.0,136 ROAD,NY,V0,11,,MICHAEL SIMONETTA,455,0,12.5,72.79,5,120,0,,,4,1059630.0,182826.0,40.6681709,-73.7282749,19d,,New York
QN,3348,70,409.0,29.0,11415.0,102.0,80 ROAD,NY,V0,11,,VIPIN AGARWAL,1625,0,25.0,65.0,5,11520,0,,,4,1030860.0,199146.0,40.7131637,-73.83187,14b,,New York
QN,431,28,402.0,26.0,11101.0,108.0,42-76 HUNTER STREET,NY,V1,11,,27 HUNTER LLC,1120,0,25.0,44.58,5,113400,0,,,4,1000649.0,212049.0,40.7486868,-73.9408146,9b,,New York
QN,861,122,401.0,22.0,11102.0,114.0,25-45E CRESCENT STREET,NY,V0,11,,"XENOPHONTOS, XENOPHON",377,0,2.5,145.01,8,315,0,,,4,1005823.0,220454.0,40.7717453,-73.9221142,9a,,New York
QN,10560,77,413.0,23.0,11428.0,105.0,91 AVENUE,NY,V0,11,,FULMORE JERRY,2865,0,34.36,105.78,3,9120,0,,,4,1052791.0,200861.0,40.7177282,-73.7527441,15a,,New York
QN,4659,145,407.0,19.0,11357.0,109.0,148-13 WILLETS POINT BLVD,NY,V0,11,,"SNEE, THOMAS",1621,0,25.47,44.23,5,7920,0,,,4,1034654.0,222370.0,40.7768868,-73.8180104,10c,,New York
QN,9509,166,410.0,29.0,11417.0,106.0,103 DRIVE,NY,V2,11,,RAJESH DIANAND,240,0,10.0,24.0,6,948,0,,,4,1029755.0,188152.0,40.6829935,-73.8359302,18a,,New York
QN,1749,77,403.0,21.0,11368.0,115.0,107 STREET,NY,V0,11,,"WERNER ERIC HABERMANN, JR.",1900,0,20.0,95.0,5,23520,0,,,4,1022718.0,214446.0,40.7551975,-73.861152,10b,,New York
QN,13342,58,413.0,31.0,11434.0,116.0,145 DRIVE,NY,V0,11,C,"ELLIOT-SERRETTE, NICOLE K",890,0,10.0,89.0,8,1452,0,,,4,1049038.0,181208.0,40.6638137,-73.7664717,19b,,New York
QN,556,103,401.0,22.0,11106.0,114.0,23 STREET,NY,V0,11,C,NYC DEPARTMENT OF CITYWIDE ADMINISTRATIVE SERVICES,175,0,16.0,11.0,6,1326,0,,,4,1003199.0,217568.0,40.76383,-73.9315958,9a,,New York
QN,9506,2,410.0,29.0,11417.0,106.0,103 AVENUE,NY,V0,11,,"SIBRI, JOSE",2000,0,20.0,100.0,5,9480,0,,,4,1028771.0,188367.0,40.6835887,-73.8394766,18a,,New York
QN,2004,73,404.0,21.0,11368.0,110.0,49 AVENUE,NY,V0,11,,"LAST WILL & TESTAMENT DATED NOVEMBER 11,  2009",2500,0,25.0,100.0,5,32220,0,,,4,1024464.0,211033.0,40.7458219,-73.8548703,10b,,New York
QN,9955,54,408.0,24.0,11432.0,107.0,85-48 ETON STREET,NY,V0,11,,"RAMSARAN, DILIP",8640,0,80.0,108.0,5,45660,0,,,4,1045640.0,200293.0,40.7162217,-73.7785458,15a,,New York
QN,8639,131,413.0,23.0,11426.0,105.0,247-34 87 DRIVE,NY,V0,11,,"WITTIG, CHRISTINE",825,0,25.0,33.0,5,2184,0,,,4,1062243.0,205005.0,40.7290242,-73.718599,15c,,New York
QN,5404,24,407.0,20.0,11355.0,109.0,147-43 DELAWARE AVENUE,NY,V0,11,,14743 DELAWARE AVE LLC,3750,0,37.5,100.0,5,12300,0,,,4,1035649.0,215278.0,40.7574154,-73.8144721,10d,,New York
QN,12585,55,412.0,28.0,11434.0,116.0,167-05 144 AVENUE,NY,V0,11,,"MT. MORIAH BAPTIST CHURCH, INC",3760,0,41.5,98.0,5,10080,0,,,4,1047447.0,183230.0,40.6693752,-73.7721874,19b,,New York
QN,10923,29,412.0,27.0,11412.0,113.0,109 ROAD,NY,V0,11,,THE ROCK 7 LLC,2000,0,20.08,100.33,5,13320,0,,,4,1049062.0,195734.0,40.703684,-73.7662454,15b,,New York
QN,2748,54,405.0,30.0,11378.0,104.0,63 STREET,NY,V0,11,,"KAMPAS, GEORGE",2000,0,20.0,100.0,5,9480,0,,,4,1011337.0,202034.0,40.7211719,-73.902281,13c,,New York
QN,10953,32,412.0,27.0,11412.0,113.0,111 ROAD,NY,V0,11,,UNAVAILABLE OWNER,4000,0,40.0,100.0,5,10560,0,,,4,1050356.0,195031.0,40.7017448,-73.7615853,15b,,New York
QN,16061,33,414.0,31.0,11692.0,100.0,74-16 HILLMEYER AVENUE,NY,V0,11,C,CITY OF NEW YORK,6000,0,60.0,100.0,5,13680,0,,,4,1038660.0,157001.0,40.5974407,-73.8040742,30c,,New York
QN,1778,83,403.0,21.0,11368.0,115.0,37-39 108 STREET,NY,V1,11,,266 60TH STREET LLC,2500,0,30.0,100.0,5,128700,0,,,4,1023145.0,213658.0,40.7530328,-73.8596153,10b,,New York
QN,1755,26,403.0,21.0,11368.0,115.0,34-34 112 STREET,NY,V0,11,,112 CORONA LLC,4000,0,40.0,100.0,5,51720,0,,,4,1023921.0,214679.0,40.7558317,-73.8568085,10b,,New York
QN,3590,201,405.0,34.0,11385.0,104.0,59-20 DECATUR STREET,NY,V1,11,,EC 5910 LLC,420,0,20.0,21.0,5,450,0,,,4,1013124.0,194165.0,40.6995677,-73.895868,13d,,New York
QN,11234,168,413.0,27.0,11411.0,105.0,114 ROAD,NY,V0,11,,"WRIGHT, DOROTHY",2000,0,20.0,100.0,5,5220,0,,,4,1056283.0,194940.0,40.7014488,-73.7402104,15b,,New York
QN,12743,31,413.0,27.0,11411.0,105.0,118 AVENUE,NY,V0,11,,UNAVAILABLE OWNER,360,0,3.0,120.0,8,756,0,,,4,1057703.0,191543.0,40.6921132,-73.7351262,19a,,New York
QN,13184,37,413.0,31.0,11413.0,116.0,139 AVENUE,NY,V0,11,,"MAGNY, SLOANE",2000,0,20.0,100.0,5,5220,0,,,4,1054943.0,183254.0,40.6693844,-73.7451658,19b,,New York
QN,13690,91,413.0,31.0,11422.0,116.0,149 ROAD,NY,V0,11,,FIDELITY NATIONAL TITLE INSURANCE CO. OF  NY,106,0,4.0,26.42,8,239,0,,,4,1059539.0,177012.0,40.6522136,-73.7286679,19d,,New York
QN,13681,154,413.0,31.0,11422.0,116.0,147 ROAD,NY,V0,11,C,NYC DEPARTMENT OF TRANSPORTATION,3160,0,28.5,108.67,5,9420,0,,,4,1059772.0,178576.0,40.6565045,-73.7278107,19d,,New York
QN,5060,62,407.0,20.0,11354.0,109.0,40 ROAD,NY,V1,11,,B.F. CHU ASSOCIATES LLC,1955,0,23.0,74.0,5,225000,0,,,4,1029711.0,214685.0,40.7558203,-73.8359096,10b,,New York
QN,11863,27,410.0,28.0,11420.0,106.0,135-19 129 STREET,NY,V0,11,,GILBERTO RIOS,2000,0,20.0,100.0,5,6000,0,,,4,1036758.0,182724.0,40.6680562,-73.810723,18d,,New York
QN,6407,11,407.0,20.0,11355.0,109.0,142-35 58 ROAD,NY,V0,11,X,ST ANN'S ROMAN CATHOLIC CHURCH,2000,0,20.0,100.0,5,22080,0,,,4,1033327.0,210503.0,40.7443225,-73.8228883,10d,,New York
QN,2896,11,404.0,30.0,11373.0,110.0,84-22 57 ROAD,NY,V0,11,,HERBERT VERZYL,3640,0,40.0,91.0,5,24840,0,,,4,1018191.0,205369.0,40.730302,-73.8775377,13c,,New York
QN,11713,52,410.0,28.0,11420.0,106.0,116-26 121 STREET,NY,V0,11,,ROSALIND MENDOZA,2000,0,20.0,100.0,5,6000,0,,,4,1034805.0,185340.0,40.6752478,-73.8177434,18c,,New York
QN,16166,68,414.0,32.0,11694.0,100.0,110-06 ROCKAWAY BEACH BLVD,NY,V2,11,,REGINA MCMANUS,2440,0,20.04,121.75,5,9240,0,,,4,1030793.0,151142.0,40.5814037,-73.8324429,30b,,New York
QN,6917,1,408.0,24.0,11365.0,107.0,67 AVENUE,NY,V0,11,,"65-44 UTOPIA, LLC",640,0,8.0,40.0,3,3420,0,,,4,1041488.0,207072.0,40.7348562,-73.7934657,14c,,New York
QN,7117,5,408.0,23.0,11365.0,107.0,64 CIRCLE,NY,V0,11,,QUEENS FRESH MEADOWS,203800,0,365.0,393.0,1,1383060,0,,,4,1044896.0,208923.0,40.739914,-73.7811519,10d,,New York
QN,9152,62,410.0,32.0,11417.0,106.0,107-25 89 STREET,NY,V0,11,,"ENCARNACION, AUDREYD",500,0,5.0,100.0,8,315,0,,,4,1026360.0,186106.0,40.6773945,-73.8481837,18a,,New York
QN,9110,9,410.0,32.0,11417.0,106.0,103-06 91 STREET,NY,V0,11,,"MOHAMMED, GOLAM",1820,0,46.67,44.42,3,8940,0,,,4,1026262.0,187452.0,40.6810895,-73.8485286,18a,,New York
QN,9095,11,409.0,32.0,11416.0,102.0,89-09 103 AVENUE,NY,V0,11,,CARMINE VERDINO,2500,0,25.08,100.0,5,11940,0,,,4,1025958.0,187495.0,40.6812089,-73.8496244,18a,,New York
QN,9110,11,410.0,32.0,11417.0,106.0,103-08 91 STREET,NY,V0,11,,NARAIN KHEMRAJ,1820,0,45.0,40.0,5,8880,0,,,4,1026279.0,187410.0,40.6809741,-73.8484676,18a,,New York
QN,8639,141,413.0,23.0,11426.0,105.0,247-50 87 DRIVE,NY,V0,11,,THOMAS MORRISSEY,1056,0,32.0,33.0,5,2808,0,,,4,1062438.0,204960.0,40.7288989,-73.717896,15c,,New York
QN,3780,62,405.0,30.0,11379.0,104.0,67 ROAD,NY,V0,11,,"SARA SANTELLA, TRUSTEE",2465,0,23.0,109.92,5,19020,0,,,4,1019440.0,198973.0,40.7127416,-73.8730646,13d,,New York
QN,2985,152,405.0,30.0,11379.0,104.0,75 PLACE,NY,V0,11,C,NYC DEPARTMENT OF CITYWIDE ADMINISTRATIVE SERVICES,14,0,2.0,7.0,8,183,0,,,4,1017642.0,200827.0,40.7178374,-73.8795411,13c,,New York
QN,2444,8,402.0,26.0,11377.0,108.0,46-07 70 STREET,NY,V1,11,,70 STREET REALTY INC,4350,0,30.0,145.0,5,176400,0,,,4,1013674.0,208701.0,40.7394637,-73.8938209,9d,,New York
QN,8639,184,413.0,23.0,11426.0,105.0,248-37 88 ROAD,NY,V0,11,,"OCHOA GARCIA, SAMUEL A",990,0,30.0,33.0,5,2580,0,,,4,1062476.0,204917.0,40.7287806,-73.7177594,15c,,New York
QN,8639,144,413.0,23.0,11426.0,105.0,247-58 87 DRIVE,NY,V0,11,,"BEATTIE, TRUSTEE, BRADLEY",1056,0,32.0,33.0,5,2808,0,,,4,1062495.0,204947.0,40.7288627,-73.7176905,15c,,New York
QN,8639,174,413.0,23.0,11426.0,105.0,248-57 88 ROAD,NY,V0,11,,ROBERT PISCIONERI,1012,0,30.67,33.0,5,2652,0,,,4,1062681.0,204870.0,40.7286498,-73.7170203,15c,,New York
QN,8639,130,413.0,23.0,11426.0,105.0,247-32 87 DRIVE,NY,V0,11,,"BAUSONE, ANTONIO SALVATORE",1780,0,27.0,66.0,5,4680,0,,,4,1062216.0,204994.0,40.7289942,-73.7186965,15c,,New York
QN,12128,105,412.0,28.0,11434.0,113.0,152-27 134 AVENUE,NY,V1,11,,SPG JFK II LLC,187,0,1.87,100.0,8,2475,0,,,4,1044255.0,183404.0,40.669875,-73.7836924,18d,,New York
QN,8639,194,413.0,23.0,11426.0,105.0,248-17 88 ROAD,NY,V0,11,,"NIEVES , CLIFF",990,0,30.0,33.0,5,2580,0,,,4,1062271.0,204965.0,40.7289141,-73.7184984,15c,,New York
QN,8639,186,413.0,23.0,11426.0,105.0,248-31 88 ROAD,NY,V0,11,,"ESPINOSA, SILVIO",990,0,30.0,33.0,5,2580,0,,,4,1062418.0,204931.0,40.7288195,-73.7179685,15c,,New York
QN,14247,1313,410.0,32.0,11414.0,106.0,102-07 JAMES COURT,NY,V0,11,,"QUELIZ, JULIO",2000,0,0.0,80.0,5,5760,0,,,4,1031678.0,177120.0,40.6527031,-73.8290743,18b,,New York
QN,181,16,402.0,26.0,11104.0,108.0,50-69 41 STREET,NY,V0,11,,MARY LEMES,705,0,28.1,77.95,5,5640,0,,,4,1005176.0,207436.0,40.7360158,-73.9244906,13a,,New York
QN,12203,1,412.0,28.0,11434.0,113.0,116 DRIVE,NY,V0,11,,CONSOL LAND INV,66,0,22.0,6.0,5,156,0,,,4,1042359.0,187745.0,40.6818026,-73.7904897,18c,,New York
QN,11759,147,410.0,28.0,11420.0,106.0,135-16 ROCKAWAY BOULEVARD,NY,V1,11,,VALERIE SHAKESPEARE,33,0,0.33,99.58,8,495,0,,,4,1038869.0,184980.0,40.6742356,-73.8030951,18c,,New York
QN,1296,174,402.0,26.0,11377.0,108.0,39-73 WOODSIDE AVENUE,NY,V0,11,,TAYLOR GLAZE REV. LIVING TRUST AGREE. DT D 10/9/07,347,0,27.42,12.66,5,60,0,,,4,1011852.0,210469.0,40.7443223,-73.9003885,9d,,New York
QN,10741,216,413.0,23.0,11428.0,105.0,93 ROAD,NY,V0,11,,BIRBAL HARDIAL,12200,0,75.0,162.0,5,34200,0,,,4,1058574.0,202519.0,40.7222323,-73.7318642,15c,,New York
QN,9249,109,409.0,29.0,11415.0,102.0,84-31 127 STREET,NY,V0,11,,"CARIELLO, CAROLYN JEANNE",4000,0,40.0,100.0,5,19140,0,,,4,1032858.0,196811.0,40.7067439,-73.8246797,14b,,New York
QN,9423,161,409.0,29.0,11416.0,102.0,101-45A 105 STREET,NY,V0,11,,"SANCHEZ, ANGEL",1100,0,20.0,55.0,5,5580,0,,,4,1029454.0,189024.0,40.6853885,-73.8370096,18a,,New York
QN,9423,128,409.0,29.0,11416.0,102.0,101-40A 106 STREET,NY,V0,11,,"RAMNANAN, PRISCHE",4015,0,73.0,55.0,5,18960,0,,,4,1029502.0,189055.0,40.6854734,-73.8368363,18a,,New York
QN,9415,22,409.0,29.0,11419.0,102.0,95-34 114 STREET,NY,V0,11,C,NYC DEPARTMENT OF CITYWIDE ADMINISTRATIVE SERVICES,80,0,3.42,40.0,8,315,0,,,4,1031023.0,190816.0,40.690299,-73.8313399,18a,,New York
QN,712,110,401.0,22.0,11103.0,114.0,31-25A 45 STREET,NY,V0,11,,L L OVERHEAD GARAGE DOORS INC,615,0,25.0,29.0,5,8220,0,,,4,1008248.0,215696.0,40.7586796,-73.9133761,9b,,New York
QN,9468,18,409.0,29.0,11419.0,102.0,97-26 126 STREET,NY,V0,11,,FAZAL MOHAMED,2018,0,20.0,100.92,5,9480,0,,,4,1034016.0,191456.0,40.6920393,-73.8205426,18c,,New York
QN,10257,87,412.0,27.0,11433.0,103.0,173 STREET,NY,V0,11,,AB 173RD REALTY CORP.,2000,0,20.0,100.0,5,8760,0,,,4,1044628.0,194171.0,40.6994253,-73.7822513,14d,,New York
QN,10257,59,412.0,27.0,11433.0,103.0,174 STREET,NY,V0,11,,DANTRIS REALTY MGT CO. LLC,2000,0,20.0,100.0,5,8100,0,,,4,1044773.0,194116.0,40.6992733,-73.7817289,14d,,New York
QN,1993,22,404.0,21.0,11368.0,110.0,49-16 106 STREET,NY,V0,11,,"JIMENEZ, JOHNNY",1800,0,25.0,72.0,5,22260,0,,,4,1023720.0,210549.0,40.7444968,-73.8575582,10b,,New York
QN,13463,38,413.0,31.0,11413.0,116.0,229 STREET,NY,V0,11,,108TH STREET REALTY LLC,2500,0,25.0,100.0,5,7020,0,,,4,1053133.0,179666.0,40.6595504,-73.7517271,19b,,New York
QN,1073,25,403.0,21.0,11369.0,115.0,22-42 97 STREET,NY,V0,11,,"HUDA, MD JAGLUL",9500,0,100.0,95.0,5,46440,0,,,4,1019194.0,219586.0,40.7693201,-73.8738449,9c,,New York
QN,13267,45,413.0,31.0,11434.0,116.0,143-14 166 STREET,NY,V0,11,,JAMAICA CHAMBER OF COMMERCE,5600,0,40.0,140.0,5,16020,0,,,4,1045726.0,182129.0,40.6663653,-73.7784013,19b,,New York
QN,13309,133,413.0,31.0,11434.0,116.0,145-72 GUY R BREWER BLVD,NY,V1,11,,KS JORDYN 18 LLC,2300,0,53.0,28.0,0,72450,0,,,4,1048388.0,181301.0,40.6640737,-73.7688137,19b,,New York
QN,13286,9,413.0,31.0,11434.0,116.0,145-33 167TH STREET,NY,V0,11,,145-39 167TH LLC,3804,0,40.5,93.92,5,7649,0,,,4,1046938.0,180918.0,40.6630329,-73.7740438,19b,,New York
QN,13271,13,413.0,31.0,11434.0,116.0,159-25 ROCKAWAY BOULEVARD,NY,V1,11,,D AZOUR SERVICES ORG INC.,2120,0,20.0,106.0,5,41400,0,,,4,1045979.0,181453.0,40.6645081,-73.7774955,19b,,New York
QN,13271,34,413.0,31.0,11434.0,116.0,144-46 166 STREET,NY,V0,11,,SEDGWICK LLC,2400,0,20.0,120.0,5,8040,0,,,4,1046054.0,181591.0,40.6648863,-73.7772239,19b,,New York
QN,1675,18,403.0,21.0,11369.0,115.0,105-19 ASTORIA BOULEVARD,NY,V0,11,,"MURPHY, ANTHONY",1158,0,49.14,43.21,3,5418,0,,,4,1022289.0,216571.0,40.761032,-73.8626884,10a,,New York
QN,15845,10,414.0,31.0,11691.0,101.0,37-01 ROCKAWAY BEACH BLVD,NY,V1,11,X,MARGERT COMMUNITY CORP.,1347,0,44.96,32.67,3,19350,0,,,4,1048221.0,156055.0,40.5947802,-73.7696549,31a,,New York
QN,16038,68,414.0,31.0,11692.0,100.0,64-04 BEACH CHANNEL DRIVE,NY,V1,11,,NURUN REALTY LLC,4382,0,43.67,100.0,3,190350,0,,,4,1041609.0,155481.0,40.59325,-73.793468,30c,,New York
QN,15907,60,414.0,31.0,11692.0,100.0,62-11 BEACH CHANNEL DRIVE,NY,V0,11,,WIN'S REALTY OF ARVERNE LLC.,15657,0,83.0,42.0,3,84540,0,,,4,1042053.0,155341.0,40.5928628,-73.7918705,30c,,New York
QN,15910,53,414.0,31.0,11692.0,100.0,3-39 BEACH 65 STREET,NY,V0,11,,339 BEACH 65 LLC,1850,0,18.5,100.0,5,5520,0,,,4,1041340.0,155221.0,40.5925381,-73.7944388,30c,,New York
QN,4160,1,407.0,19.0,11356.0,109.0,20-04 119 STREET,NY,V1,11,,GLOBAL TEAM LLC,4088,0,56.0,73.0,3,96300,0,,,4,1026097.0,224046.0,40.7815316,-73.8488959,10a,,New York
QN,4019,120,407.0,19.0,11356.0,109.0,114-08 TAIPEI COURT,NY,V2,11,,GOLDEN REALTY DEVELOPMENT INC.,146766,0,70.0,754.0,5,414000,0,,,4,1024834.0,226729.0,40.7889016,-73.8534402,7b,,New York
QN,3921,47,407.0,19.0,11356.0,109.0,3-16 125TH STREET,NY,V0,11,,CP PEARL LLC,3400,0,28.0,140.0,4,18724,0,,,4,1027744.0,228386.0,40.7934358,-73.8429207,7b,,New York
QN,3921,46,407.0,19.0,11356.0,109.0,3-14 125TH STREET,NY,V0,11,,CP PEARL LLC,4087,0,33.0,124.0,4,22255,0,,,4,1027748.0,228414.0,40.7935126,-73.8429061,7b,,New York
QN,3921,48,407.0,19.0,11356.0,109.0,3-18 125TH STREET,NY,V0,11,,CP PEARL LLC,2544,0,28.0,91.0,5,14011,0,,,4,1027762.0,228355.0,40.7933506,-73.8428559,7b,,New York
QN,16070,22,414.0,31.0,11692.0,100.0,419 BEACH 72 STREET,NY,V1,11,,"NORTON, JOHN",4000,0,40.0,100.0,3,41400,0,,,4,1039518.0,155446.0,40.5931672,-73.8009973,30c,,New York
QN,9329,37,409.0,29.0,11418.0,102.0,87-80 120 STREET,NY,V1,11,,87-80 120TH STREET LLC,8512,0,76.0,112.0,5,136350,0,,,4,1031614.0,193660.0,40.6981019,-73.8291888,14b,,New York
QN,3921,50,407.0,19.0,11356.0,109.0,3-22 125TH STREET,NY,V0,11,,CP PEARL LLC,4081,0,33.0,123.67,5,22477,0,,,4,1027744.0,228297.0,40.7931915,-73.8429213,7b,,New York
QN,12992,128,412.0,27.0,11434.0,116.0,137-00 CHENEY STREET,NY,V0,11,,"NOSRATABDI, RASHIN",3507,0,78.97,116.82,6,11520,0,,,4,1050554.0,185433.0,40.6753992,-73.7609657,19a,,New York
QN,13320,8,413.0,31.0,11434.0,116.0,180-17 145 AVENUE,NY,V0,11,,PURPLE HEART REALTY CORP.,6000,0,60.0,100.0,3,20040,0,,,4,1049726.0,181899.0,40.6657053,-73.7639851,19b,,New York
QN,16043,19,414.0,31.0,11692.0,100.0,69-26 BAYFIELD AVENUE,NY,V0,11,,69286BAYFIELD LLC,4247,0,40.0,106.0,2,11700,0,,,4,1039838.0,157589.0,40.5990473,-73.7998275,30c,,New York
QN,3970,13,407.0,19.0,11356.0,109.0,7-14 126 STREET,NY,V0,11,,"TRIANTAFYLLOU, ANARG",1695,0,30.0,59.17,5,8520,0,,,4,1027995.0,227218.0,40.7902287,-73.8420219,7b,,New York
QN,16053,59,414.0,31.0,11692.0,100.0,71-04 AMSTEL BLVD,NY,V0,11,,"ALCOCK, RAYMOND G",4400,0,20.0,100.0,5,12060,0,,,4,1039777.0,155335.0,40.5928609,-73.8000657,30c,,New York
QN,15806,31,414.0,31.0,11691.0,101.0,214 BEACH 31 STREET,NY,V0,11,,"ZUBLI, YVETTE",3800,0,40.0,95.0,5,13260,0,,,4,1049944.0,156172.0,40.5950888,-73.7634497,31a,,New York
QN,15806,19,414.0,31.0,11691.0,101.0,203 BEACH 30 STREET,NY,V0,11,,MAGIC OF GREAT NECK REALTY INC,2660,0,28.0,95.0,5,9300,0,,,4,1050044.0,156152.0,40.5950331,-73.7630898,31a,,New York
QN,15806,29,414.0,31.0,11691.0,101.0,208 BEACH 31 STREET,NY,V0,11,,ZUBLI YVETTE,2660,0,28.0,95.0,5,9300,0,,,4,1049949.0,156138.0,40.5949954,-73.763432,31a,,New York
QN,15915,52,414.0,31.0,11692.0,100.0,67-07 BEACH CHANNEL DRIVE,NY,V0,11,,"6707 BEACH CHANNEL, LLC",3333,0,33.33,100.0,5,7200,0,,,4,1040771.0,155234.0,40.5925774,-73.7964875,30c,,New York
QN,16081,4,414.0,31.0,11692.0,100.0,69-11 BEACH CHANNEL DRIVE,NY,V1,11,,"CABRAL, PEDRO",3615,0,40.0,100.0,5,78750,0,,,4,1040155.0,155190.0,40.5924605,-73.7987058,30c,,New York
QN,15939,105,414.0,31.0,11692.0,100.0,141 BEACH 67 STREET,NY,V1,11,,"BENJAMIN BEECHWOOD OCEAN WAY, LLC",109424,0,228.94,458.17,3,3306600,0,,,4,1040840.0,153718.0,40.5884159,-73.7962517,30c,,New York
QN,16078,18,414.0,31.0,11692.0,100.0,329 BEACH 73 STREET,NY,V1,11,,BRIAN PINNOLA,4250,0,40.0,100.0,5,36450,0,,,4,1039313.0,154929.0,40.5917494,-73.8017397,30c,,New York
QN,14234,873,410.0,32.0,11414.0,106.0,102-39 RUSSELL STREET,NY,V0,11,,"MTGLQ INVESTORS, LP",3180,0,30.0,106.0,5,11160,0,,,4,1031645.0,178499.0,40.6564883,-73.8291836,18b,,New York
QN,13413,50,413.0,31.0,11434.0,116.0,150-19 GUY R BREWER BLVD,NY,V1,11,,PP TANGO NY 2 LLC,2978,0,32.0,93.0,5,60750,0,,,4,1048882.0,178535.0,40.6564781,-73.7670596,19b,,New York
QN,12137,13,412.0,28.0,11434.0,113.0,152-26 136 AVENUE,NY,V1,11,,AIR HOST REALTY LLC,2000,0,20.0,100.0,5,52200,0,,,4,1044622.0,182867.0,40.6683985,-73.7823742,18d,,New York
QN,2709,39,405.0,30.0,11378.0,104.0,56-09 61 STREET,NY,V1,11,X,HOLY CROSS R C CHURCH,2500,0,25.0,100.0,5,89550,0,,,4,1010843.0,203336.0,40.724747,-73.904058,13c,,New York
QN,143,21,401.0,26.0,11101.0,114.0,36-00 48 STREET,NY,V9,11,,3500 PROPERTY LLC,15197,0,44.31,681.55,5,380250,0,,,4,1007444.0,213141.0,40.7516689,-73.9162871,9b,,New York
QN,2689,57,405.0,30.0,11378.0,104.0,59-43 56 ROAD,NY,V1,11,,3110 WILLOW LANE LLC,7600,0,76.0,100.0,5,143550,0,,,4,1009981.0,203349.0,40.7247853,-73.9071679,13c,,New York
QN,2689,61,405.0,30.0,11378.0,104.0,59-37 56 ROAD,NY,V1,11,,3110 WILLOW LANE LLC,5000,0,50.0,100.0,5,120600,0,,,4,1009918.0,203355.0,40.7248019,-73.9073951,13c,,New York
QN,2675,102,405.0,30.0,11378.0,104.0,58TH PLACE,NY,V1,11,,"WOJTOWICZ, KRZYSZTOF",2892,0,23.38,100.0,0,81450,0,,,4,1009119.0,202081.0,40.7213074,-73.9102825,13c,,New York
QN,2693,5,405.0,30.0,11378.0,104.0,57-37 59 STREET,NY,V1,11,,TATRA RENOVATION INC.,5350,0,50.0,107.0,5,206100,0,,,4,1009722.0,202378.0,40.7221209,-73.9081059,13c,,New York
QN,16062,1,414.0,31.0,11692.0,100.0,74-37 HILLMEYER AVENUE,NY,V0,11,,IV TERRAE LLC,5678,0,75.0,100.0,5,11520,0,,,4,1038430.0,156836.0,40.5969892,-73.8049037,30c,,New York
QN,9391,2,409.0,29.0,11416.0,102.0,107-06 95TH AVENUE,NY,V0,11,,MANUEL N INTATANO,1000,0,10.0,100.0,0,4980,0,,,4,1029329.0,190601.0,40.6897176,-73.8374497,18a,,New York
QN,16019,18,414.0,31.0,11692.0,100.0,65-10 BAYFIELD AVENUE,NY,V0,11,,"COCKFIELD, AUDREY",4200,0,40.0,105.0,5,11580,0,,,4,1041073.0,157692.0,40.5993222,-73.7953794,30c,,New York
QN,16033,26,414.0,31.0,11692.0,100.0,552 BEACH 67 STREET,NY,V0,11,,IVENNY FIGUEROA,2000,0,20.0,100.0,5,3840,0,,,4,1040851.0,156634.0,40.5964196,-73.7961877,30c,,New York
QN,16033,58,414.0,31.0,11692.0,100.0,529 BEACH 66 STREET,NY,V0,11,,"LOGAN, THEODORA",4000,0,40.0,100.0,5,10980,0,,,4,1040970.0,156415.0,40.5958177,-73.795761,30c,,New York
QN,4171,27,407.0,19.0,11356.0,109.0,20-16 127 STREET,NY,V0,11,,WAI MING YOUNG,5000,0,50.0,100.0,5,34740,0,,,4,1028088.0,223902.0,40.7811268,-73.8417076,10a,,New York
QN,8639,132,413.0,23.0,11426.0,105.0,247-36 87 DRIVE,NY,V0,11,,LIGUORI FAMILY TRUST,825,0,25.0,33.0,5,2184,0,,,4,1062268.0,204999.0,40.7290075,-73.7185089,15c,,New York
QN,16040,52,414.0,31.0,11692.0,100.0,439 BEACH 66 STREET,NY,V0,11,,"GOODEN-WITTER, SANDRA",4000,0,40.0,100.0,5,8340,0,,,4,1041020.0,155786.0,40.5940909,-73.7955863,30c,,New York
QN,2523,27,402.0,26.0,11378.0,108.0,54-36 44 STREET,NY,V1,11,,"D&P PROPERTIES,",3600,0,40.0,100.0,5,83250,0,,,4,1005355.0,205605.0,40.7309897,-73.9238504,13a,,New York
QN,1542,27,404.0,25.0,11373.0,110.0,51-16 VAN LOON STREET,NY,V0,11,,112-12 NORTHERN LLC,2250,0,25.0,90.0,5,24300,0,,,4,1017615.0,208091.0,40.7377754,-73.8796025,9d,,New York
QN,16037,57,414.0,31.0,11692.0,100.0,4-27 BEACH 63 STREET,NY,V0,11,,NICHOLAS APOSTOLOU,2550,0,25.5,100.0,5,7080,0,,,4,1041825.0,155693.0,40.5938305,-73.7926885,30c,,New York
QN,2599,86,405.0,30.0,11378.0,104.0,58-41 57TH STREET,NY,V1,11,,MJ PARTNERS GROUP LLC,7629,0,60.0,139.66,0,264600,0,,,4,1008625.0,201507.0,40.7197333,-73.9120667,13c,,New York
QN,7029,3,408.0,24.0,11432.0,107.0,81 AVENUE,NY,V0,11,,SUMMERLIN CARL,2000,0,20.0,100.0,5,9360,0,,,4,1039895.0,202181.0,40.7214418,-73.7992542,14c,,New York
QN,16040,12,414.0,31.0,11692.0,100.0,426 BEACH 67 STREET,NY,V0,11,X,GOD'S BATTALION OF PRAYER PROPERTIES.,3000,0,30.0,100.0,5,8280,0,,,4,1040932.0,155623.0,40.5936441,-73.7959045,30c,,New York
QN,4517,14,407.0,19.0,11357.0,109.0,150-12 12 AVENUE,NY,V0,11,,150-12 12 AVE LLC,7500,0,50.0,150.0,5,33840,0,,,4,1035800.0,227371.0,40.7906066,-73.8138342,7d,,New York
QN,4978,76,407.0,20.0,11354.0,109.0,136-11 38 AVENUE,NY,V1,11,,"W H PLAZA, LLC",5078,0,58.58,86.91,5,598050,0,,,4,1031269.0,216634.0,40.7611617,-73.8302724,10a,,New York
QN,4996,20,407.0,20.0,11354.0,109.0,146-29 35 AVENUE,NY,V0,11,,WOODMAN REALTY LLC,4125,0,25.0,165.0,5,42960,0,,,4,1034165.0,218623.0,40.7666051,-73.8198038,10c,,New York
QN,4994,89,407.0,20.0,11354.0,109.0,139-45 35 AVENUE,NY,V0,11,,HESHENG REAL ESTATE LLC,8100,0,50.0,162.0,5,58920,0,,,4,1032402.0,218354.0,40.7658765,-73.8261702,10a,,New York
QN,12204,168,412.0,28.0,11434.0,113.0,153-56 FOCH BOULEVARD,NY,V0,11,,"MELGAR, PERCY WILLIAN GONZALES",1155,0,13.58,85.0,5,3120,0,,,4,1042918.0,187711.0,40.6817056,-73.7884745,18c,,New York
QN,586,66,401.0,22.0,11106.0,114.0,32-62 30 STREET,NY,V0,11,,TATIANA MOLOVIK-PROC,2521,0,25.0,100.83,5,32820,0,,,4,1004293.0,216524.0,40.7609621,-73.9276497,9a,,New York
QN,600,14,401.0,26.0,11106.0,114.0,36-31 31 STREET,NY,V1,11,,31ST STREET LIC PROPERTY LLC,5738,0,50.0,114.75,5,364500,0,,,4,1003603.0,214549.0,40.7555427,-73.9301461,9b,,New York
QN,10088,7,412.0,28.0,11435.0,103.0,146-40 TUSKEGEE AIRMEN WAY,NY,V0,11,,DAVE HOWELL,1500,0,20.0,75.0,5,5880,0,,,4,1038983.0,192114.0,40.693816,-73.8026262,14d,,New York
QN,10107,73,412.0,27.0,11435.0,103.0,95-33 150 STREET,NY,V1,11,,95-35 150TH ST. LLC,2500,0,25.0,100.0,5,63450,0,,,4,1039053.0,193915.0,40.6987589,-73.8023591,14d,,New York
QN,3869,81,405.0,32.0,11385.0,104.0,88 LANE,NY,V0,11,,CZESLAW KOSIOROWSKI,2505,0,25.0,100.83,5,11940,0,,,4,1023734.0,194822.0,40.70133,-73.8575999,14b,,New York
QN,2602,68,405.0,30.0,11378.0,104.0,57-57 47 STREET,NY,V1,11,,57-57 & 57-05 47TH ST LLC,4500,0,108.0,79.0,5,60300,0,,,4,1005706.0,201421.0,40.7195048,-73.9225973,13a,,New York
QN,2575,225,402.0,26.0,11378.0,108.0,3 49 LANE,NY,V1,11,,"PATRIOT(2010)MASPETH GP,LLC",32208,0,225.0,129.0,5,696600,0,,,4,1007096.0,203096.0,40.7240988,-73.9175772,13a,,New York
QN,2611,310,405.0,30.0,11378.0,104.0,59-02 54 STREET,NY,V1,11,,JJF PROPERTIES INC.,2475,0,25.0,98.0,5,55350,0,,,4,1007921.0,200488.0,40.7169383,-73.91461,13a,,New York
QN,430,7,402.0,26.0,11101.0,108.0,42-42 27TH STREET,NY,V1,11,,"ROYAL CP HOTEL HOLDINGS, L.P.",11866,0,139.6,85.0,3,1217700,0,,,4,1000528.0,212340.0,40.7494858,-73.9412506,9b,,New York
QN,3321,185,409.0,29.0,11418.0,102.0,83-68 117 STREET,NY,V0,11,,FOREST HILLS 3 LLC,3839,0,46.58,82.42,3,36960,0,,,4,1029911.0,196105.0,40.7048218,-73.8353138,14b,,New York
QN,2765,52,405.0,30.0,11379.0,104.0,63-07 62 AVENUE,NY,V0,11,,"HON, SHERRIE",2007,0,25.08,80.0,5,16680,0,,,4,1012373.0,199587.0,40.7144522,-73.8985537,13d,,New York
QN,6839,19,408.0,24.0,11366.0,107.0,77 ROAD,NY,V0,11,,ROSE 77 REALTY LLC,4000,0,40.0,100.0,5,17880,0,,,4,1037779.0,202806.0,40.7231703,-73.806883,14c,,New York
QN,7254,9,408.0,24.0,11432.0,107.0,84-19 KENT STREET,NY,V0,11,,"84-19 KENT ST REALTY, LLC",5198,0,54.83,100.0,3,26340,0,,,4,1044775.0,202366.0,40.7219175,-73.7816475,14c,,New York
QN,7259,26,408.0,24.0,11423.0,107.0,80-74 188 STREET,NY,V0,11,,ETZHAIM INC,9233,0,92.33,100.0,3,66840,0,,,4,1045073.0,204287.0,40.7271882,-73.780555,14c,,New York
QN,4618,45,407.0,19.0,11357.0,109.0,166-15 CROSS ISLE PKWY S SR,NY,V0,11,,"TOSHI, YIANNI",600,0,20.0,60.0,5,2880,0,,,4,1040670.0,225875.0,40.7864707,-73.7962595,7d,,New York
QN,9249,51,409.0,29.0,11415.0,102.0,84-82 129 STREET,NY,V1,11,,RASOK INC,2500,0,25.0,100.0,5,90000,0,,,4,1033080.0,196029.0,40.7045963,-73.8238847,14b,,New York
QN,10223,6,412.0,27.0,11433.0,103.0,103-15 169 STREET,NY,V0,11,,1KEY SOLUTIONS LLC,2000,0,20.0,100.0,5,8100,0,,,4,1042839.0,195397.0,40.7028024,-73.7886925,14d,,New York
QN,10235,341,412.0,27.0,11433.0,103.0,105-10 177 STREET,NY,V1,11,,"BERMEO, BLANCA E",2000,0,20.0,100.0,5,60750,0,,,4,1044872.0,195528.0,40.7031483,-73.7813591,14d,,New York
QN,10240,52,412.0,27.0,11433.0,103.0,171-19 107 AVENUE,NY,V0,11,,FMS ENVIRONMENTAL SERVICES INC,2000,0,20.83,100.83,3,9240,0,,,4,1043823.0,194581.0,40.7005561,-73.7851508,14d,,New York
QN,10228,17,412.0,27.0,11433.0,103.0,171-34 LIBERTY AVENUE,NY,V1,11,,ALMEIDA REALTY LLC,2808,0,30.0,93.0,5,149850,0,,,4,1043525.0,195783.0,40.7038573,-73.786215,14d,,New York
QN,10232,29,412.0,27.0,11433.0,103.0,175-42 LIBERTY AVENUE,NY,V1,11,,"SOOKRAJ, JASHWANT",3900,0,40.0,99.0,5,49050,0,,,4,1044464.0,196241.0,40.7051081,-73.7828242,14d,,New York
QN,10226,72,412.0,27.0,11433.0,103.0,104-21 170 STREET,NY,V0,11,,MECCA INVESTORS INC.,7700,0,77.0,100.0,5,30180,0,,,4,1043214.0,195090.0,40.7019573,-73.7873427,14d,,New York
QN,10226,38,412.0,27.0,11433.0,103.0,169-12 104 AVENUE,NY,V0,11,,BLACK STAR REALTY SERVICES INC.,2266,0,22.0,103.0,5,10500,0,,,4,1043029.0,195128.0,40.7020628,-73.7880096,14d,,New York
QN,16023,20,414.0,31.0,11692.0,100.0,632 BEACH 64 STREET,NY,V0,11,,632 BEACH 64 STREET LLC,3400,0,34.0,100.0,5,6780,0,,,4,1041598.0,157259.0,40.5981303,-73.7934925,30c,,New York
QN,8111,13,411.0,19.0,11363.0,111.0,241-06 CHURCH STREET,NY,V0,11,X,ZION EPISCOPAL CHURCH,35626,0,179.75,265.67,5,162420,0,,,4,1055098.0,218682.0,40.766624,-73.7442341,11a,,New York
QN,8114,122,411.0,19.0,11363.0,111.0,41-09 ORIENT AVENUE,NY,V0,11,,DISTEFANO LLC,21736,0,65.0,212.0,5,54712,0,,,4,1055305.0,219817.0,40.7697377,-73.7434748,11a,,New York
QN,8140,126,411.0,19.0,11363.0,111.0,41-91 GLENWOOD STREET,NY,V0,11,,MARKEY CAROLYN L,360,0,41.0,5.0,5,1482,0,,,4,1057569.0,221107.0,40.7732599,-73.7352873,11a,,New York
QN,8140,124,411.0,19.0,11363.0,111.0,41-87 GLENWOOD STREET,NY,V0,11,,"LEE, GARY",700,0,50.0,5.0,5,3276,0,,,4,1057536.0,221130.0,40.7733233,-73.7354061,11a,,New York
QN,5591,29,411.0,20.0,11365.0,111.0,49-60 175 PLACE,NY,V0,11,,RD QUEENS HOLDING LLC,6275,0,62.75,100.0,5,27780,0,,,4,1041380.0,210844.0,40.7452101,-73.7938234,10d,,New York
QN,2900,20,405.0,30.0,11379.0,104.0,84-42 60 ROAD,NY,V0,11,,"PHAM, DON Q",2000,0,20.0,100.0,5,16140,0,,,4,1019018.0,204761.0,40.72863,-73.874557,13c,,New York
QN,2888,15,405.0,30.0,11379.0,104.0,85-30 60 DRIVE,NY,V0,11,,"CARBALLO, ELCY",3303,0,40.0,80.4,5,25980,0,,,4,1019477.0,204868.0,40.7289218,-73.8729003,13c,,New York
QN,9959,124,408.0,24.0,11432.0,107.0,184-15 HENLEY ROAD,NY,V0,11,,"CHOUDRI, QAISER",6001,0,60.01,100.0,5,31560,0,,,4,1045309.0,201102.0,40.7184445,-73.7797325,14c,,New York
QN,3316,4,409.0,29.0,11415.0,102.0,80-29 PARK LANE,NY,V0,11,,"SCHUBERT, BENNO,JR. T",2182,0,15.0,145.33,5,7020,0,,,4,1030043.0,198417.0,40.711167,-73.834822,14b,,New York
QN,9950,6,408.0,24.0,11432.0,107.0,87-23 AVON STREET,NY,V3,11,,HUDSON VALLEY REAL ESTATE HOLDORP,5940,0,55.0,108.0,5,52500,0,,,4,1045101.0,199467.0,40.7139583,-73.7804976,14d,,New York
QN,11793,30,410.0,28.0,11420.0,106.0,133-04 133 AVENUE,NY,V0,11,,"BHAWANIDIN, MONIERAM",2000,0,20.0,100.0,5,6000,0,,,4,1038137.0,183032.0,40.6688933,-73.8057496,18d,,New York
QN,5404,124,407.0,20.0,11355.0,109.0,147-47 DELAWARE AVENUE,NY,V0,11,,14743 DELAWARE AVE LLC,3750,0,37.5,100.0,0,12300,0,,,4,1035684.0,215291.0,40.7574509,-73.8143456,10d,,New York
QN,11756,112,410.0,28.0,11420.0,106.0,132-12 ROCKAWAY BOULEVARD,NY,V1,11,,FIRST FRDM BPTST CHURCH,1900,0,20.08,96.37,5,38250,0,,,4,1038092.0,185071.0,40.6744901,-73.8058955,18c,,New York
QN,3179,70,406.0,30.0,11375.0,112.0,91-15 METROPOLITAN AVENUE,NY,V1,11,,WILSONIAN ENTERPRISES LLC,10125,0,60.21,136.02,5,571500,0,,,4,1023739.0,198637.0,40.7118013,-73.8575595,14b,,New York
QN,10673,3,413.0,23.0,11427.0,105.0,214-32 VANDERVEER STREET,NY,V1,11,,"QV REALTY, LLC",11198,0,100.0,117.0,3,159300,0,,,4,1053446.0,203992.0,40.7263169,-73.7503491,15a,,New York
QN,4678,47,407.0,19.0,11357.0,109.0,150-45 14 ROAD,NY,V1,11,,"FERAZZOLI, MARIO",5475,0,54.75,100.0,5,187200,0,,,4,1036302.0,226535.0,40.7883091,-73.8120278,7d,,New York
QN,4678,50,407.0,19.0,11357.0,109.0,150-51 14 ROAD,NY,V1,11,,"FERAZZOLI, MARIO",6152,0,37.42,164.42,5,208800,0,,,4,1036320.0,226588.0,40.7884544,-73.8119624,7d,,New York
QN,11245,65,413.0,27.0,11429.0,105.0,225-10 113 DRIVE,NY,V0,11,,25-10113 GROUP LLC,4000,0,40.0,100.0,5,10140,0,,,4,1058586.0,195214.0,40.7021818,-73.7319016,15d,,New York
QN,4541,11,407.0,19.0,11357.0,109.0,152-34 13 AVENUE,NY,V0,11,,GARGIULO FAMILY TRUST,817,0,38.0,43.0,5,3960,0,,,4,1037225.0,227100.0,40.7898543,-73.8086902,7d,,New York
QN,914,35,401.0,22.0,11102.0,114.0,2-21 27 AVENUE,NY,V0,11,,ELMM REALTY LLC,4822,0,49.62,100.25,3,43260,0,,,4,1002441.0,221736.0,40.7752717,-73.9343209,9a,,New York
QN,13737,64,413.0,31.0,11422.0,116.0,148-82 BROOKVILLE BOULEVARD,NY,V0,11,,ACME NEW YORK PROPERTIES INC.,3600,0,45.0,80.0,5,9840,0,,,4,1054488.0,177266.0,40.6529523,-73.7468683,19b,,New York
QN,503,25,401.0,22.0,11106.0,114.0,11-40 31 AVENUE,NY,V0,11,,ASTORIA 31 HOLDING LLC,2500,0,25.0,100.0,5,32400,0,,,4,1002518.0,219373.0,40.7687857,-73.9340493,9a,,New York
QN,2535,40,402.0,26.0,11378.0,108.0,44-11 54 AVENUE,NY,V1,11,,TMH PROPERTIES,3000,0,50.0,60.0,5,85950,0,,,4,1005672.0,205983.0,40.7320264,-73.9227054,13a,,New York
QN,502,47,401.0,22.0,11106.0,114.0,11-09 BROADWAY,NY,V1,11,,JAD PARTNERS LLC,1620,0,27.0,60.0,5,157500,0,,,4,1002122.0,218920.0,40.7675431,-73.9354801,9a,,New York
QN,2535,4,402.0,26.0,11378.0,108.0,53-11 44 STREET,NY,V1,11,,"FDLP ENTERPRISES, LLC",5000,0,40.0,125.0,5,141300,0,,,4,1005648.0,206043.0,40.7321912,-73.9227918,13a,,New York
QN,2544,13,402.0,26.0,11378.0,108.0,46-10 53 AVENUE,NY,V1,11,,"AMH PROPERTIES, LLC",4000,0,66.08,100.0,5,191408,0,,,4,1006095.0,205993.0,40.7320529,-73.9211791,13a,,New York
QN,2537,42,402.0,26.0,11378.0,108.0,44-09 54 DRIVE,NY,V1,11,,LAUREL HILL PROPERTIES LLC,2000,0,20.0,100.0,5,44100,0,,,4,1005533.0,205503.0,40.7307093,-73.9232085,13a,,New York
QN,12584,16,412.0,28.0,11434.0,116.0,140-17 GUY R BREWER BLVD,NY,V0,11,,MT MORIAH BAPTIST,4915,0,46.33,106.08,5,5160,0,,,4,1047240.0,183559.0,40.6702797,-73.7729306,19b,,New York
QN,13024,5,412.0,27.0,11413.0,116.0,137-81 THURSTON STREET,NY,V0,11,,ASACQ LLC,8000,0,80.0,100.0,5,22860,0,,,4,1050971.0,184513.0,40.6728708,-73.7594715,19a,,New York
QN,13205,58,413.0,31.0,11422.0,116.0,134-02 242 STREET,NY,V0,11,,"PERSAUD, CAMINI",3120,0,40.0,78.0,5,8640,0,,,4,1058445.0,184554.0,40.6729239,-73.7325275,19c,,New York
QN,3522,19,405.0,30.0,11385.0,104.0,6120 BLEECKER STREET,NY,V0,11,,"63-02 FRESH POND REALTY,",2500,0,25.0,100.0,5,19620,0,,,4,1011784.0,198524.0,40.7115364,-73.9006827,13d,,New York
QN,3522,26,405.0,30.0,11385.0,104.0,63-08 FRESH POND ROAD,NY,V1,11,,63-02 FRESH POND REALTY,3106,0,25.0,124.08,5,182700,0,,,4,1011860.0,198541.0,40.7115828,-73.9004085,13d,,New York
QN,9392,3,409.0,29.0,11419.0,102.0,108-08 ATLANTIC AVENUE,NY,V1,11,,"GURJAIPAUL REALTY,    .",5011,0,50.06,100.09,5,246150,0,,,4,1029439.0,191136.0,40.6911855,-73.8370495,18a,,New York
QN,9392,8,409.0,29.0,11419.0,102.0,108-20 ATLANTIC AVENUE,NY,V1,11,,"GURJAIPAUL REALTY, LLC",2700,0,27.0,100.0,3,135000,1930,,,4,1029544.0,191174.0,40.6912893,-73.8366706,18a,,New York
QN,8996,95,409.0,32.0,11416.0,102.0,94-13A FORBELL STREET,NY,V0,11,,GRANDMA'S PLACE IRREVOCABLE TRUST,1554,0,37.0,42.0,5,7140,0,,,4,1021778.0,188180.0,40.6831078,-73.8646913,18a,,New York
QN,9075,53,409.0,32.0,11416.0,102.0,98-13 101 AVENUE,NY,V1,11,,BAAJ BUILDINGS LLC,1000,0,12.5,80.0,5,45000,0,,,4,1027801.0,189012.0,40.6853639,-73.8429698,18a,,New York
QN,9392,5,409.0,29.0,11419.0,102.0,108-12 ATLANTIC AVENUE,NY,V1,11,,GURJAIPAUL REALTY LLC,2500,0,25.0,100.0,5,107100,0,,,4,1029474.0,191149.0,40.691221,-73.8369232,18a,,New York
QN,9392,6,409.0,29.0,11419.0,102.0,108-14 ATLANTIC AVENUE,NY,V1,11,,GURJAIPAUL REALTY LLC,2500,0,25.0,100.0,5,107100,0,,,4,1029497.0,191157.0,40.6912429,-73.8368402,18a,,New York
QN,9392,7,409.0,29.0,11419.0,102.0,108-18 ATLANTIC AVENUE,NY,V1,11,,GURJAIPAUL REALTY LLC,2200,0,22.0,100.0,5,83250,0,,,4,1029520.0,191166.0,40.6912675,-73.8367572,18a,,New York
QN,5962,22,407.0,19.0,11358.0,109.0,27-20 172 STREET,NY,V0,11,,RES FLUSHING DEVELOPMENT LLC,3500,0,35.0,100.0,5,26820,0,,,4,1041401.0,220583.0,40.7719409,-73.7936648,10c,,New York
QN,9394,34,409.0,29.0,11419.0,102.0,95-015A 108 STREET,NY,V0,11,,AMALIA ROBERTI TRUST,2521,0,25.0,100.83,5,12000,0,,,4,1029608.0,190613.0,40.6897492,-73.8364436,18a,,New York
QN,1005,4,401.0,22.0,11370.0,114.0,73-08 DITMARS BOULEVARD,NY,V0,11,,"VITALE, JACK A",3000,0,30.0,100.0,5,22320,0,,,4,1013109.0,219104.0,40.7680191,-73.8958151,9c,,New York
QN,1007,6,401.0,22.0,11370.0,114.0,75-10 DITMARS BOULEVARD,NY,V0,11,,IQBAL ENTERPRISE LLC,603,0,20.0,50.25,5,4860,0,,,4,1013662.0,219215.0,40.768322,-73.8938182,9c,,New York
QN,10219,315,412.0,27.0,11433.0,103.0,93-41 175 STREET,NY,V1,11,,ARM PROPERTY HOLDINGS LLC,3645,0,27.0,135.0,5,50400,0,,,4,1044068.0,196327.0,40.7053468,-73.7842517,14d,,New York
QN,10219,11,412.0,27.0,11433.0,103.0,170-32 93 AVENUE,NY,V0,11,,CHAN DEBI HARRIPRASAD,8350,0,50.0,167.0,5,65100,0,,,4,1043136.0,196376.0,40.7054875,-73.7876128,14d,,New York
QN,10156,61,412.0,27.0,11433.0,103.0,166-17 DOUGLAS AVENUE,NY,V1,11,,"PROLINE PAINTING, INC BY IAN A. LINDO",1600,0,20.0,80.0,5,23940,0,,,4,1042082.0,195712.0,40.703672,-73.79142,14d,,New York
QN,10213,5,412.0,27.0,11432.0,103.0,172-10 JAMAICA AVENUE,NY,V1,11,,DREAM ELITE GROUP INC.,6525,0,50.0,132.0,5,297900,0,,,4,1043170.0,197071.0,40.7073949,-73.7874841,14d,,New York
QN,10219,311,412.0,27.0,11433.0,103.0,175-05 LIBERTY AVENUE,NY,V1,11,,PRINCE HOME LLC,2357,0,24.0,100.0,5,66150,0,,,4,1044065.0,196233.0,40.7050888,-73.7842634,14d,,New York
QN,10219,314,412.0,27.0,11433.0,103.0,93-43 175 STREET,NY,V1,11,,ARM PROPERTY HOLDINGS LLC,3105,0,23.0,135.0,5,43200,0,,,4,1044076.0,196302.0,40.7052781,-73.7842231,14d,,New York
QN,10219,96,412.0,27.0,11433.0,103.0,170-19 DOUGLAS AVENUE,NY,V1,11,,ROYAL BROTHERS HOLDING LLC,3700,0,25.0,148.0,3,61200,0,,,4,1043111.0,196084.0,40.7046862,-73.7877055,14d,,New York
QN,9895,40,412.0,23.0,11432.0,103.0,90-19 179 STREET,NY,V0,11,,"HASSAN, MEHEDI",3000,0,30.0,100.0,5,13260,0,,,4,1044406.0,198054.0,40.7100847,-73.7830172,14d,,New York
QN,9230,48,409.0,29.0,11415.0,102.0,84-50 ABINGDON ROAD,NY,V0,11,,OHR OSHER AND YAFFA LLC,8125,0,65.0,125.0,5,43260,0,,,4,1031365.0,196649.0,40.7063074,-73.8300658,14b,,New York
QN,7040,1,408.0,24.0,11432.0,107.0,165-19 82 ROAD,NY,V0,11,,IOY CORP,4186,0,40.0,100.0,3,22200,0,,,4,1039479.0,201090.0,40.7184499,-73.800764,14c,,New York
QN,6240,36,411.0,19.0,11361.0,111.0,38-28 215TH STREET,NY,V0,11,,39TH BAYSIDE LLC,3500,0,35.0,100.0,0,25320,0,,,4,1048114.0,218505.0,40.7661914,-73.7694484,11a,,New York
QN,6240,39,411.0,19.0,11361.0,111.0,38-40 215TH STREET,NY,V0,11,,39TH BAYSIDE LLC,3325,0,35.0,95.0,3,24054,0,,,4,1048138.0,218401.0,40.7659058,-73.7693627,11a,,New York
QN,6240,37,411.0,19.0,11361.0,111.0,38-32 215TH STREET,NY,V0,11,,39TH BAYSIDE LLC,3375,0,25.0,95.0,0,24416,0,,,4,1048123.0,218470.0,40.7660953,-73.7694162,11a,,New York
QN,6240,5,411.0,19.0,11361.0,111.0,214-39 39TH AVENUE,NY,V0,11,,39TH BAYSIDE LLC,3472,0,30.0,95.0,0,25118,0,,,4,1048068.0,218420.0,40.7659585,-73.7696152,11a,,New York
QN,6240,38,411.0,19.0,11361.0,111.0,38-36 215TH STREET,NY,V0,11,,39TH BAYSIDE LLC,3325,0,35.0,95.0,0,24054,0,,,4,1048131.0,218436.0,40.7660019,-73.7693877,11a,,New York
QN,6240,3,411.0,19.0,11361.0,111.0,214-31 39TH AVENUE,NY,V0,11,,39TH BAYSIDE LLC,3500,0,35.0,100.0,0,25320,0,,,4,1048000.0,218405.0,40.7659178,-73.7698609,11a,,New York
QN,4487,55,407.0,19.0,11357.0,109.0,150-21 POWELLS COVE BLVD,NY,V0,11,,WATERSIDE ESTATES ATCRESTHAVEN,78360,0,256.0,60.0,5,81900,0,,,4,1034847.0,230588.0,40.7994419,-73.8172516,7d,,New York
QN,4660,16,407.0,19.0,11357.0,109.0,149-16 14 AVENUE,NY,V1,11,,NJH PROPERTIES II LLC,4000,0,50.0,80.0,5,72000,0,,,4,1035406.0,226528.0,40.7882951,-73.8152635,7d,,New York
QN,4515,6,407.0,19.0,11357.0,109.0,10-15 150 STREET,NY,V0,11,,MARTIN A. GLEASON FUNERAL HOME LLC,5000,0,50.0,100.0,5,22560,0,,,4,1035537.0,227884.0,40.7920162,-73.8147801,7d,,New York
QN,4492,47,407.0,19.0,11357.0,109.0,149TH PLACE,NY,V0,11,,2-26 LLC,5123,0,40.12,124.0,5,19920,0,,,4,1034015.0,230372.0,40.7988537,-73.8202583,7d,,New York
QN,10501,51,408.0,23.0,11423.0,107.0,188-17 PALO ALTO AVENUE,NY,V0,11,,PALO ALTO REALTY LLC,11349,0,66.75,182.5,5,58800,0,,,4,1046983.0,200574.0,40.7169836,-73.7736985,15a,,New York
QN,10525,20,408.0,23.0,11423.0,107.0,199-46 KENO AVENUE,NY,V0,11,,199-46 KENO AVE LLC,8250,0,66.0,125.0,5,37260,0,,,4,1049034.0,202463.0,40.7221536,-73.7662817,15a,,New York
QN,10514,13,408.0,23.0,11423.0,107.0,86-63 CLIO STREET,NY,V0,11,,"SAEIDI, GAMAL",8783,0,50.33,174.5,5,21840,0,,,4,1048436.0,201828.0,40.7204151,-73.7684451,15a,,New York
QN,10509,160,408.0,23.0,11423.0,107.0,194-28 DUNTON AVENUE,NY,V0,11,,3861 REALTY LLC,6072,0,60.91,101.27,0,20040,0,,,4,1048240.0,201344.0,40.719088,-73.7691568,15a,,New York
QN,10509,158,408.0,23.0,11423.0,107.0,193-19 CLOVER HILL ROAD,NY,V0,11,,"CHEUNG, XIU Q.",9304,0,145.14,79.86,0,30660,0,,,4,1048185.0,201250.0,40.7188304,-73.7693561,15a,,New York
QN,10509,53,408.0,23.0,11423.0,107.0,87-07 PALERMO STREET,NY,V0,11,,3861 REALTY LLC,6920,0,102.62,113.34,3,31500,0,,,4,1047760.0,201267.0,40.7188801,-73.7708891,15a,,New York
QN,10509,57,408.0,23.0,11423.0,107.0,87-27 PALERNO STREET,NY,V0,11,,3861 REALTY LLC,6186,0,65.0,95.17,0,20520,0,,,4,1047998.0,201260.0,40.7188592,-73.7700306,15a,,New York
QN,10509,154,408.0,23.0,11423.0,107.0,97-19 PALERMO STREET,NY,V0,11,,3861 REALTY LLC,6186,0,65.0,95.17,0,20520,0,,,4,1047880.0,201206.0,40.7187118,-73.7704568,15a,,New York
QN,10509,77,408.0,23.0,11423.0,107.0,191-49 FOOTHILL AVENUE,NY,V0,11,,"AHMAR, FARZANA",7246,0,61.5,117.82,0,32700,0,,,4,1048001.0,200804.0,40.7176076,-73.7700241,15a,,New York
QN,10509,76,408.0,23.0,11423.0,107.0,191-43 FOOTHILL AVENUE,NY,V0,11,,"JIU DING GROUP, LLC",7258,0,61.6,117.82,0,32760,0,,,4,1047944.0,200778.0,40.7175366,-73.7702299,15a,,New York
QN,10509,156,408.0,23.0,11423.0,107.0,87-23 PALERMO STREET,NY,V0,11,,3861 REALTY LLC,6186,0,65.0,95.17,0,20520,0,,,4,1047939.0,201233.0,40.7187855,-73.7702437,15a,,New York
QN,10509,54,408.0,23.0,11423.0,107.0,87-15 PALERMO STREET,NY,V0,11,,3861 REALTY LLC,10133,0,95.17,122.26,0,28140,0,,,4,1047796.0,201166.0,40.7186027,-73.7707602,15a,,New York
QN,10457,7,412.0,23.0,11423.0,103.0,88-08 193 STREET,NY,V0,11,,"SINGH, GOKARAN",4300,0,50.0,93.0,5,11911,0,,,4,1048225.0,200287.0,40.7161869,-73.7692209,15a,,New York
QN,414,13,401.0,26.0,11101.0,114.0,41-37 24 STREET,NY,V1,11,,"CIAMPA 24, LLC",5159,0,51.46,100.26,5,780300,0,,,4,1000743.0,213112.0,40.7516043,-73.9404727,9b,,New York
QN,411,12,401.0,26.0,11101.0,114.0,41-50 21 STREET,NY,V1,11,,"LIC VENTURE CAPITAL, LLC",43700,0,196.03,211.68,4,4468950,0,,,4,1000152.0,213613.0,40.7529805,-73.9426046,9b,,New York
QN,2882,1,404.0,30.0,11373.0,110.0,85-08 57 AVENUE,NY,V1,11,,CHENG GONG REALTY 66 LLC,2356,0,40.0,100.0,5,132300,0,,,4,1018318.0,205864.0,40.7316601,-73.877077,13c,,New York
QN,312,1367,402.0,26.0,11101.0,108.0,38-40 RAILROAD AVENUE,NY,V1,11,,FORTE BROTHERS REALTY LLC,12200,0,121.0,100.0,5,263700,0,,,4,1002178.0,205343.0,40.7302776,-73.9353141,13a,,New York
QN,2477,5,404.0,30.0,11373.0,110.0,84-14 QUEENS BOULEVARD,NY,V1,11,,84-14 QUEENS BLVD LLC,4499,0,42.17,99.5,5,173700,0,,,4,1017790.0,207689.0,40.7366713,-73.878973,13c,,New York
QN,2477,23,404.0,30.0,11373.0,110.0,84-18 QUEENS BOULEVARD,NY,V1,11,,LA MAISON DE JY L.P.,7571,0,50.0,135.08,5,341550,0,,,4,1017862.0,207650.0,40.736564,-73.8787134,13c,,New York
QN,2477,26,404.0,30.0,11373.0,110.0,86-53 GRAND AVENUE,NY,V1,11,C,FIRE DEPARTMENT OF NEW YORK,5000,0,50.0,100.0,5,225450,0,,,4,1017824.0,207609.0,40.7364516,-73.8788507,13c,,New York
QN,49,15,402.0,26.0,11101.0,108.0,10-37 46 AVENUE,NY,V1,11,,"10-37 46TH AVENUE,LLC",16000,0,160.0,100.0,5,909000,0,,,4,997814.0,211352.0,40.7467786,-73.9510477,9b,,New York
QN,10394,29,412.0,27.0,11412.0,113.0,114 DRIVE,NY,V0,11,,LINCOLN JEFFERS,4000,0,40.0,100.0,5,11400,0,,,4,1049830.0,193312.0,40.6970305,-73.7634991,15b,,New York
QN,1737,56,403.0,21.0,11368.0,115.0,35-11 JUNCTION BOULEVARD,NY,V1,11,,3511 PROPERTY INC.,3970,0,36.28,122.97,5,308250,0,,,4,1019918.0,213653.0,40.7530327,-73.8712626,9d,,New York
QN,1730,238,403.0,21.0,11368.0,115.0,34-37 96 STREET,NY,V3,11,,USALEES INTNTL CP,5401,0,39.86,115.04,5,63840,0,,,4,1019875.0,213951.0,40.7538508,-73.8714162,9d,,New York
QN,447,5,402.0,26.0,11101.0,108.0,11-49 44TH DRIVE,NY,V1,11,,44LIC DEVELOPMENT SP LLC,19984,0,200.0,99.2,0,404550,0,,,4,998638.0,211986.0,40.7485174,-73.9480726,9b,,New York
QN,13514,27,413.0,31.0,11413.0,116.0,230 PLACE,NY,V0,11,,"SHIELDS, JOHN",1294,0,39.0,66.08,5,6540,0,,,4,1054517.0,181509.0,40.6645981,-73.7467196,19b,,New York
QN,7042,1,408.0,24.0,11432.0,107.0,82-46 168 STREET,NY,V0,11,,MOBY WOLF CORPORATION,7560,0,60.0,126.0,3,30180,0,,,4,1040001.0,201220.0,40.7188034,-73.7988798,14c,,New York
QN,5494,7,407.0,20.0,11358.0,109.0,163 PLACE,NY,V0,11,,REALTY 16310 LLC,1600,0,20.0,77.0,5,12660,0,,,4,1038769.0,212680.0,40.7502659,-73.8032313,10d,,New York
QN,9763,13,412.0,27.0,11432.0,103.0,153-02 HILLSIDE AVENUE,NY,V1,11,X,"153 HILLSIDE AVE., LLC",48804,0,225.0,256.0,3,2058300,0,,,4,1038630.0,196894.0,40.7069382,-73.8038606,14d,,New York
QN,12718,17,412.0,27.0,11413.0,116.0,186-25 MERRICK BOULEVARD,NY,V1,11,,I.D.G.A.S. ASSOCIATES,15886,0,169.0,94.0,5,334800,0,,,4,1052198.0,187294.0,40.6804947,-73.7550202,19a,,New York
QN,13419,2,413.0,31.0,11413.0,116.0,181-14 150 DRIVE,NY,V1,11,,PEAK USA LLC,8000,0,80.0,100.0,5,105300,0,,,4,1049448.0,178173.0,40.6554804,-73.7650232,19b,,New York
QN,1763,123,403.0,21.0,11368.0,115.0,97-05 ROOSEVELT AVENUE,NY,V1,11,,9703 ASSOCIATES INC.,4446,0,72.96,73.53,5,213300,0,,,4,1020763.0,212359.0,40.7494775,-73.8682198,9d,,New York
QN,434,1,402.0,26.0,11101.0,108.0,43-29 CRESCENT STREET,NY,V1,11,,43-29 CRESCENT LLC,600,0,20.0,60.0,5,59850,0,,,4,1000200.0,211915.0,40.7483199,-73.9424354,9b,,New York
QN,4538,74,407.0,19.0,11357.0,109.0,11-10 154 STREET,NY,V1,11,X,THE LITTLE FLOCK CHURCH,6550,0,49.0,130.0,5,239850,0,,,4,1037511.0,227890.0,40.792021,-73.8076511,7d,,New York
QN,488,3,402.0,26.0,11101.0,108.0,44-02 VERNON BOULEVARD,NY,V0,11,,"44-02 VENTURES, LLC",128332,0,200.0,781.0,2,1184886,0,,,4,997121.0,212731.0,40.7505646,-73.9535461,9b,,New York
QN,2144,39,406.0,24.0,11375.0,112.0,62 DRIVE,NY,V0,11,C,NYC DEPARTMENT OF CITYWIDE ADMINISTRATIVE SERVICES,2280,0,12.01,95.0,5,19140,0,,,4,1025310.0,207342.0,40.7356872,-73.8518397,14a,,New York
QN,10371,26,412.0,27.0,11412.0,103.0,186 STREET,NY,V0,11,,TORONTO MOTORS INC,400,0,10.0,40.0,8,315,0,,,4,1047719.0,196160.0,40.704863,-73.7710851,15b,,New York
QN,1771,33,403.0,21.0,11368.0,115.0,37 ROAD,NY,V0,11,,OLGA R. VELEZ,2500,0,25.0,100.0,5,32400,0,,,4,1022399.0,213736.0,40.7532501,-73.8623074,10b,,New York
QN,9500,50,409.0,29.0,11419.0,102.0,101-61 132 STREET,NY,V0,11,,KAMLOWTIE RAMPRASHAD,2523,0,25.0,100.92,5,11940,0,,,4,1035751.0,191214.0,40.6913651,-73.814288,18c,,New York
QN,12665,81,412.0,27.0,11412.0,113.0,121 AVENUE,NY,V0,11,,"HARPER, LELA",2500,0,25.0,100.0,5,7200,0,,,4,1050789.0,189131.0,40.6855475,-73.760082,19a,,New York
QN,6240,4,411.0,19.0,11361.0,111.0,214-35 39TH AVENUE,NY,V0,11,,39TH BAYSIDE LLC,3500,0,35.0,100.0,0,25320,0,,,4,1048034.0,218412.0,40.7659368,-73.7697381,11a,,New York
QN,9990,40,412.0,27.0,11435.0,103.0,138 PLACE,NY,V1,11,,JOSE ORTIZ,1672,0,19.67,85.0,5,24795,0,,,4,1036471.0,193357.0,40.697243,-73.8116751,14d,,New York
QN,9037,4,409.0,32.0,11416.0,102.0,94-08 94 STREET,NY,V0,11,,"DOTZLER, JOHN  F",210,0,10.0,42.0,8,696,0,,,4,1026479.0,189493.0,40.6866905,-73.8477335,18a,,New York
QN,9036,129,409.0,32.0,11416.0,102.0,95-31 93 STREET,NY,V0,11,,UNAVAILABLE OWNER,300,0,3.0,100.0,8,315,0,,,4,1026309.0,189173.0,40.685813,-73.8483484,18a,,New York
QN,364,135,401.0,26.0,11101.0,114.0,37-12 REAR 22 STREET,NY,V1,11,,"YARDLEY ASSOCIATES, LLC",300,0,20.0,30.0,6,18810,0,,,4,1001489.0,215472.0,40.7580805,-73.9377742,9b,,New York
QN,9048,119,409.0,32.0,11416.0,102.0,97-30A 77 STREET,NY,V0,11,,"KHUDA, MD. KUDRAT E",600,0,6.0,100.0,8,378,0,,,4,1022742.0,187371.0,40.6808831,-73.8612202,18a,,New York
QN,9058,1,409.0,32.0,11416.0,102.0,86-04 97 AVENUE,NY,V0,11,X,ST MARY'S UKRAINIAN CATHOLIC CHUR,5000,0,50.0,100.0,3,29220,0,,,4,1024678.0,188375.0,40.6836303,-73.8542341,18a,,New York
QN,9048,101,409.0,32.0,11416.0,102.0,97-07 76 STREET,NY,V0,11,C,NYC DEPARTMENT OF CITYWIDE ADMINISTRATIVE SERVICES,89,0,89.67,100.0,5,306,0,,,4,1022574.0,187528.0,40.6813148,-73.861825,18a,,New York
QN,371,50,401.0,26.0,11101.0,114.0,30 STREET,NY,V1,11,X,UNAVAILABLE OWNER,13200,0,30.0,440.0,5,0,0,,,4,1002882.0,214370.0,40.755053,-73.932749,9b,,New York
QN,9082,37,409.0,32.0,11416.0,102.0,81-58 102 AVENUE,NY,V0,11,,"NANDALALL, NAGESHWAR",2500,0,25.0,100.0,5,18240,0,,,4,1024360.0,187270.0,40.6805987,-73.8553872,18a,,New York
QN,9085,37,409.0,32.0,11416.0,102.0,84-03 102 ROAD,NY,V0,11,,"ALI, FEROZA",2500,0,25.0,100.83,5,18240,0,,,4,1024583.0,187246.0,40.6805319,-73.8545834,18a,,New York
QN,9417,101,409.0,29.0,11419.0,102.0,95-11A 116 STREET,NY,V0,11,,MAKH INDERJIT S,250,0,10.0,25.0,8,756,0,,,4,1031404.0,191143.0,40.6911945,-73.8299637,18a,,New York
QN,9905,101,412.0,23.0,11423.0,103.0,184 PLACE,NY,V3,11,,"MELAMED, OFER",10000,0,66.0,300.0,5,40200,0,,,4,1046405.0,197988.0,40.7098897,-73.7758075,15b,,New York
QN,11104,56,413.0,27.0,11429.0,105.0,217 LANE,NY,V0,11,X,ST JOACHIM&ST ANNE R,19500,0,100.0,142.0,5,51000,0,,,4,1056403.0,198818.0,40.712092,-73.7397361,15b,,New York
QN,2943,61,405.0,30.0,11379.0,104.0,61 DRIVE,NY,V0,11,X,BETTINA CONTR CP,3250,0,26.0,125.0,5,0,0,,,4,1018987.0,203440.0,40.7250043,-73.8746756,13c,,New York
QN,3732,223,405.0,30.0,11385.0,104.0,80 AVENUE,NY,V0,11,,"NUNEZ, FREDDY",360,0,27.0,26.0,5,120,0,,,4,1013289.0,192339.0,40.6945552,-73.8952808,13d,,New York
QN,3103,50,406.0,30.0,11374.0,112.0,63 DRIVE,NY,V1,11,,NORTH FORK HOLDING LLC,1683,0,19.2,90.11,5,101250,0,,,4,1021759.0,204185.0,40.7270378,-73.8646707,14a,,New York
QN,13149,18,413.0,31.0,11413.0,116.0,141 ROAD,NY,V0,11,,PATRICIA O'CONNOR,2500,0,20.0,125.0,5,6960,0,,,4,1052857.0,183357.0,40.6696835,-73.7526843,19b,,New York
QN,11790,43,410.0,28.0,11420.0,106.0,133-32 131 STREET,NY,V0,11,,1894 A & A W B CORP,5240,0,40.25,128.0,5,15900,0,,,4,1037463.0,182858.0,40.6684197,-73.8081806,18d,,New York
QN,11789,41,410.0,28.0,11420.0,106.0,130 PLACE,NY,V0,11,,"ASLAM, NAHEED",2000,0,20.0,100.0,5,6000,0,,,4,1037247.0,183143.0,40.6692033,-73.808957,18d,,New York
QN,14182,182,410.0,32.0,11414.0,106.0,102-14 159 DRIVE,NY,V2,11,,"DORAN, EDDIE, AS TRUSTEE J",1500,0,30.0,50.0,5,4320,0,,,4,1031261.0,179440.0,40.6590732,-73.830561,18b,,New York
QN,7621,90,411.0,23.0,11364.0,111.0,219-41 REAR 67 AVENUE,NY,V0,11,X,UNAVAILABLE OWNER,12171,0,46.5,229.17,5,0,0,,,4,1051740.0,211143.0,40.7459578,-73.7564323,11b,,New York
QN,9085,31,409.0,32.0,11416.0,102.0,84-19 102 ROAD,NY,V0,11,,"HANOMAN, MOONESHWARIE",2500,0,25.0,100.83,5,18240,0,,,4,1024723.0,187299.0,40.6806767,-73.8540783,18a,,New York
QN,10292,69,412.0,27.0,11433.0,113.0,175 PLACE,NY,V0,11,,EARL A HART,150,0,25.0,12.0,5,306,0,,,4,1046370.0,192505.0,40.6948405,-73.7759843,15b,,New York
QN,9208,201,409.0,29.0,11418.0,102.0,84 AVENUE,NY,V0,11,X,MTA - LIRR,3027,0,18.75,169.0,5,8040,0,,,4,1029164.0,195514.0,40.7032035,-73.8380119,14b,,New York
QN,8105,75,411.0,19.0,11363.0,111.0,240-17 POPLAR STREET,NY,V0,11,,SHUAI YIN AS TRUSTEE,20000,0,100.0,200.0,5,88560,0,,,4,1054547.0,219567.0,40.7690575,-73.746214,11a,,New York
QN,6501,71,408.0,24.0,11367.0,107.0,64 ROAD,NY,V0,11,,CEDAR GROVE CEMETRY A,450,0,54.0,36.0,5,60,0,,,4,1031885.0,207857.0,40.7370678,-73.828111,14a,,New York
QN,11518,43,410.0,32.0,11417.0,106.0,135 ROAD,NY,V0,11,,"REVOCABLE TRUST OF TARUNA MANNI, DATED A UGUST 13,",1950,0,48.0,75.0,5,5160,0,,,4,1029100.0,184655.0,40.6733984,-73.8383151,18a,,New York
QN,2324,85,402.0,26.0,11377.0,108.0,61-37 LAUREL HILL BLVD,NY,V0,11,,"KAM, GODWIN CHIFEI",2890,0,34.0,85.0,5,22740,0,,,4,1011372.0,208595.0,40.7391801,-73.9021283,9d,,New York
QN,11761,7,410.0,28.0,11420.0,106.0,123RD STREET,NY,V0,11,,DAM PROPERTIES HOLDING CORP.,217,0,48.5,60.0,3,15714,0,,,4,1035444.0,184035.0,40.6716628,-73.8154498,18c,,New York
QN,2329,38,402.0,26.0,11377.0,108.0,59 PLACE,NY,V0,11,,MACSTAR LLC,2900,0,11.0,100.0,5,37140,0,,,4,1010332.0,208045.0,40.7376736,-73.9058833,13c,,New York
QN,15002,38,413.0,31.0,11434.0,116.0,153 WAY,NY,V8,11,X,EAST CANYON LLC,500,0,5.0,100.0,5,29700,0,,,4,1044320.0,182133.0,40.6663859,-73.7834694,18d,,New York
QN,13292,100,413.0,31.0,11434.0,116.0,177-01 144 DRIVE,NY,V0,11,,"SOUTH CONDUIT AVENUE, LLC",1728,0,18.72,156.58,3,4620,0,,,4,1047647.0,182218.0,40.666596,-73.771476,19b,,New York
QN,1751,115,403.0,21.0,11368.0,115.0,109 STREET,NY,V0,11,,REN QIANG CAI,223,0,4.08,54.58,8,315,0,,,4,1023228.0,214458.0,40.7552282,-73.8593111,10b,,New York
QN,9329,167,409.0,29.0,11418.0,102.0,87-71 LEFFERTS BOULEVARD,NY,V1,11,,"87-71 LEFFERTS BOULEVARD, LLC",6835,0,50.0,171.0,5,89550,0,,,4,1031448.0,193794.0,40.6984706,-73.8297865,14b,,New York
QN,16065,132,414.0,31.0,11692.0,100.0,72-21C BURCHELL AVENUE,NY,V0,11,,MAXCINE L JENKINS,525,0,15.0,35.0,5,1884,0,,,4,1039267.0,156369.0,40.5957022,-73.8018936,30c,,New York
QN,2410,95,405.0,30.0,11378.0,104.0,52 ROAD,NY,V0,11,,PRACKI LECH,5565,0,53.0,105.0,6,21420,0,,,4,1012380.0,206165.0,40.7325072,-73.898501,13c,,New York
QN,2774,52,405.0,30.0,11378.0,104.0,57-02 BROWN PLACE,NY,V1,11,,57-02 BROWN PLACE INC.,1313,0,72.0,29.0,3,70200,0,,,4,1013004.0,203440.0,40.7250257,-73.8962611,13c,,New York
QN,2688,29,405.0,30.0,11378.0,104.0,55 DRIVE,NY,V1,11,,"59-40 55 DRIVE, LLC",5000,0,50.0,100.0,5,70650,0,,,4,1009924.0,203707.0,40.7257681,-73.9073721,13c,,New York
QN,16040,16,414.0,31.0,11692.0,100.0,432 BEACH 67 STREET,NY,V0,11,X,GOD'S BATTALION OF PRAYER PROPERTIES.,4000,0,40.0,100.0,5,10980,0,,,4,1040926.0,155698.0,40.59385,-73.7959255,30c,,New York
QN,15796,43,414.0,31.0,11691.0,101.0,322 BEACH 32 STREET,NY,V0,11,,235 BEACH 86 ST LLC,3350,0,40.0,83.75,5,9600,0,,,4,1049652.0,156641.0,40.5963782,-73.7644966,31a,,New York
QN,12594,111,412.0,28.0,11434.0,116.0,143 ROAD,NY,V0,11,,CITY OF NEW YORK,1395,0,93.0,15.0,5,3720,0,,,4,1048326.0,183162.0,40.6691822,-73.7690195,19b,,New York
QN,13076,1,412.0,31.0,11413.0,116.0,144 AVENUE,NY,V0,11,,"HIRAKIS, PETER",2400,0,27.0,178.0,3,7560,0,,,4,1050026.0,182786.0,40.6681377,-73.762895,19b,,New York
QN,870,138,401.0,22.0,11105.0,114.0,20-02 26 STREET,NY,V0,11,C,NYC DEPARTMENT OF CITYWIDE ADMINISTRATIVE SERVICES,78,0,0.78,100.0,8,630,0,,,4,1009249.0,224159.0,40.7819055,-73.9097314,9c,,New York
QN,11697,38,410.0,28.0,11420.0,106.0,133-05 120 AVENUE,NY,V1,11,,"KHAN, SHAMEER",2000,0,20.0,100.0,5,45000,0,,,4,1038250.0,185385.0,40.675351,-73.8053234,18c,,New York
QN,6045,6,411.0,19.0,11361.0,111.0,32 DRIVE,NY,V0,11,,"JEW, CHRISTOPHER",540,0,30.0,18.0,5,2520,0,,,4,1044876.0,220102.0,40.7705976,-73.7811232,10c,,New York
QN,14234,551,410.0,32.0,11414.0,106.0,6 BROADWAY,NY,V0,11,,"RAHMAN, BABLUR",1105,0,17.0,65.0,5,2850,0,,,4,1031331.0,179160.0,40.6583043,-73.8303107,18b,,New York
QN,4507,23,407.0,19.0,11357.0,109.0,150-50 3 AVENUE,NY,V0,11,X,UNAVAILABLE OWNER,20436,0,50.0,0.0,5,0,0,,,4,1034956.0,229893.0,40.7975337,-73.8168632,7d,,New York
QN,2516,27,402.0,26.0,11378.0,108.0,42-21 54 DRIVE,NY,V1,11,X,NYS DEPARTMENT OF TRANSPORTATION,2100,0,23.33,90.0,5,62100,0,,,4,1004899.0,205699.0,40.7312488,-73.9254954,13a,,New York
QN,8149,250,411.0,19.0,11363.0,111.0,39 ROAD,NY,V0,11,,"CARL SCHWEITZER, TRUSTEE",100,0,24.0,5.0,5,306,0,,,4,1056404.0,222036.0,40.7758193,-73.7394834,11a,,New York
QN,9041,50,409.0,32.0,11416.0,102.0,95-13 97 AVENUE,NY,V0,11,,ANAND JUDISTIR,625,0,6.25,100.0,8,378,0,,,4,1026995.0,189406.0,40.6864492,-73.8458735,18a,,New York
QN,2159,101,406.0,24.0,11375.0,112.0,62-27 108 STREET,NY,V1,11,X,NYC HOUSING AUTHORITY,4507,0,86.69,104.0,0,127350,0,,,4,1025439.0,207785.0,40.7369025,-73.8513715,14a,,New York
QN,14245,1374,410.0,32.0,11414.0,106.0,99-56 JAMES COURT,NY,V0,11,,HILGENDORF  EDWARD,2400,0,30.0,80.0,5,7080,0,,,4,1031362.0,176954.0,40.6522492,-73.8302143,18b,,New York
QN,14247,1312,410.0,32.0,11414.0,106.0,102-11 JAMES COURT,NY,V0,11,,"MCINTOSH, BOBB",1600,0,20.0,80.0,5,4620,0,,,4,1031701.0,177124.0,40.652714,-73.8289914,18b,,New York
QN,3667,385,405.0,30.0,11379.0,104.0,67-46 73 PLACE,NY,V0,11,,STANISLAW BALDYGA,1850,0,25.0,74.42,5,10200,0,,,4,1017697.0,198463.0,40.7113486,-73.8793544,13d,,New York
QN,9744,6,408.0,24.0,11432.0,107.0,84 DRIVE,NY,V0,11,C,NYC DEPARTMENT OF CITYWIDE ADMINISTRATIVE SERVICES,560,0,8.75,64.0,8,378,0,,,4,1037222.0,198776.0,40.7121123,-73.8089242,14d,,New York
QN,10467,6,412.0,23.0,11423.0,103.0,89 ROAD,NY,V0,11,,"PREVILLON, JEAN",2500,0,25.0,100.0,5,7020,0,,,4,1049633.0,200182.0,40.7158884,-73.7641429,15a,,New York
QN,12720,99,412.0,27.0,11413.0,116.0,189-18 WILLIAMSON AVENUE,NY,V0,11,,ARTHUR L JONES,1900,0,19.0,100.0,5,5160,0,,,4,1052362.0,188128.0,40.6827826,-73.7544204,19a,,New York
QN,1961,1,404.0,21.0,11368.0,110.0,55-06 VAN CLEEF STREET,NY,V0,11,,5506 VAN CLEEF LLC,926,0,55.89,42.68,3,13500,0,,,4,1024847.0,209227.0,40.7408632,-73.853499,10b,,New York
QN,12488,15,412.0,27.0,11434.0,113.0,178-18 SELOVER ROAD,NY,V0,11,,PHYLLIS D. WADDELL,2500,0,25.0,100.0,5,7200,0,,,4,1049430.0,187818.0,40.6819538,-73.7649948,19a,,New York
QN,1776,56,403.0,21.0,11368.0,115.0,104-33 ROOSEVELT AVENUE,NY,V1,11,,"MARRERO, IVELISSE",3125,0,25.0,125.0,5,158850,0,,,4,1022879.0,212722.0,40.7504649,-73.8605808,10b,,New York
QN,2631,137,405.0,30.0,11378.0,104.0,58-64 57 STREET,NY,V1,11,,58-56 57TH STREENT LLC,2260,0,20.0,113.0,5,49950,0,,,4,1008501.0,201167.0,40.7188004,-73.9125152,13a,,New York
QN,10142,69,412.0,28.0,11433.0,103.0,153-07 109 AVENUE,NY,V0,11,,KHAN MOHAMED,1860,0,20.0,93.0,5,7560,0,,,4,1040545.0,191572.0,40.6923186,-73.796998,18c,,New York
QN,70,41,402.0,26.0,11101.0,108.0,21-21 51 AVENUE,NY,V1,11,,MEDIA ENTERTAINMENT GALLERY OF NEW YORK,10200,0,102.0,100.0,5,389250,0,,,4,998510.0,209297.0,40.741137,-73.9485402,9b,,New York
QN,12380,11,412.0,28.0,11434.0,113.0,163-13 BAISLEY BOULEVARD,NY,V0,11,,THE DOOR RESTAURANT CORP,6642,0,41.67,159.42,5,24360,1920,,,4,1045472.0,186699.0,40.6789106,-73.7792754,18c,,New York
QN,11772,107,410.0,28.0,11420.0,106.0,129-21 133 STREET,NY,V0,11,,"HUSAIN, FAZAL",2000,0,20.0,100.0,5,6000,0,,,4,1038309.0,184023.0,40.6716123,-73.8051216,18c,,New York
QN,861,123,401.0,22.0,11102.0,114.0,25-43E CRESCENT STREET,NY,V0,11,,"XENOPHONTOS, XENOPHON",392,0,2.5,151.28,8,315,0,,,4,1005850.0,220494.0,40.771855,-73.9220166,9a,,New York
QN,15954,54,414.0,31.0,11691.0,101.0,455 BEACH 37 STREET,NY,V0,11,C,CITY OF NEW YORK,4000,0,40.0,100.0,5,11400,0,,,4,1048030.0,157091.0,40.5976252,-73.7703329,31a,,New York
QN,5430,29,407.0,20.0,11355.0,109.0,45-10 149 STREET,NY,V0,11,,"CHANG, HSIAO TAN",1000,0,10.0,100.0,8,1452,0,,,4,1035997.0,214633.0,40.755643,-73.8132209,10d,,New York
QN,3101,46,406.0,30.0,11374.0,112.0,61-58 AUSTIN STREET,NY,V0,11,,ABAAD GARDEN CORP C/O,8976,0,24.0,100.0,4,50820,0,,,4,1020545.0,204895.0,40.7289916,-73.8690468,13c,,New York
QN,2680,16,405.0,30.0,11378.0,104.0,58-07 58 PLACE,NY,V1,11,,"W. W. GRAINGER, INC",5000,0,50.0,100.0,5,69750,0,,,4,1009122.0,201873.0,40.7207365,-73.9102724,13c,,New York
QN,8668,259,413.0,23.0,11426.0,105.0,253-29 87 DRIVE,NY,V0,11,,"SINGH, YOGEETA",2610,0,79.0,33.0,5,7560,0,,,4,1064030.0,204590.0,40.7278692,-73.7121564,15c,,New York
QN,12137,14,412.0,28.0,11434.0,113.0,152-28 136 AVENUE,NY,V1,11,,AIR HOST REALTY LLC,4033,0,40.0,100.83,5,88200,0,,,4,1044647.0,182884.0,40.668445,-73.7822839,18d,,New York
QN,601,37,401.0,26.0,11106.0,114.0,36-06 33 STREET,NY,V1,11,,LAND SHARK NYC LLC,2375,0,25.0,95.0,5,184050,0,,,4,1004037.0,214620.0,40.7557366,-73.9285794,9b,,New York
QN,9388,31,409.0,29.0,11416.0,102.0,93-47 106 STREET,NY,V0,11,,DOUBLE LOT BLOCK 2021 LLC,2523,0,25.0,100.92,5,11940,0,,,4,1028976.0,190813.0,40.6903013,-73.8387212,18a,,New York
QN,531,5,401.0,22.0,11106.0,114.0,14-47 BROADWAY,NY,V1,11,,1447 BROADWAY LLC,3400,0,25.0,136.0,5,108450,0,,,4,1003107.0,218252.0,40.7657076,-73.931926,9a,,New York
QN,9533,4,410.0,28.0,11419.0,106.0,110-08 LIBERTY AVENUE,NY,V1,11,,"LIZ AND JOSE, LLC",1977,0,19.42,101.33,5,90000,0,,,4,1030934.0,188609.0,40.6842418,-73.8316761,18a,,New York
QN,1223,17,402.0,26.0,11377.0,108.0,67-11 ROOSEVELT AVENUE,NY,V1,11,,UNITED REALTY FIVE LLC,2360,0,20.0,118.0,5,181800,0,,,4,1012612.0,211249.0,40.7464608,-73.8976425,9d,,New York
QN,908,12,401.0,22.0,11102.0,114.0,4-57 26 AVENUE,NY,V1,11,,KS ASTORIA HOLDINGS LLC,36580,0,258.31,500.03,3,368100,0,,,4,1003327.0,221700.0,40.775171,-73.931122,9a,,New York
QN,576,34,401.0,22.0,11102.0,114.0,25-28 30 AVENUE,NY,V1,11,X,MOUNT SINAI HOSPITAL,1800,0,18.0,100.0,5,104400,0,,,4,1005208.0,219089.0,40.7680002,-73.9243388,9a,,New York
QN,549,35,401.0,22.0,11102.0,114.0,30-16 23 STREET,NY,V1,11,,30-16 ASTORIA LLC,3125,0,25.0,125.0,5,153900,0,,,4,1004437.0,219440.0,40.7689654,-73.9271212,9a,,New York
QN,5039,1,407.0,20.0,11355.0,109.0,132-05 41 ROAD,NY,V0,11,,"HON, JOHN",1740,0,20.0,115.0,5,19860,0,,,4,1030442.0,214689.0,40.7558275,-73.833271,10b,,New York
QN,598,2,401.0,22.0,11102.0,114.0,26-79 30 STREET,NY,V1,11,,DOUR LLC,2542,0,25.42,100.0,5,298800,0,,,4,1006191.0,219256.0,40.7684562,-73.9207895,9a,,New York
QN,598,61,401.0,22.0,11102.0,114.0,25-86 31 STREET,NY,V1,11,,ASTORIA II PLAZA LLC,5625,0,25.0,75.0,5,227700,0,,,4,1006358.0,219309.0,40.7686012,-73.9201864,9a,,New York
QN,647,70,401.0,22.0,11103.0,114.0,32-82 37 STREET,NY,V0,11,,VLASHAVA ELECTRICAL CONTRACTING CORP,2500,0,25.0,100.0,5,41340,0,,,4,1005732.0,215393.0,40.7578544,-73.9224589,9b,,New York
QN,1307,3,402.0,26.0,11377.0,108.0,41-33 67 STREET,NY,V0,11,,NIRMAL S RAI,3800,0,40.0,95.0,5,74880,0,,,4,1012698.0,210192.0,40.7435593,-73.8973366,9d,,New York
QN,5374,57,407.0,20.0,11355.0,109.0,42-24 147 STREET,NY,V1,11,,4224 REALTY LLC,4892,0,21.5,113.75,5,345150,0,,,4,1034877.0,215845.0,40.7589762,-73.8172544,10d,,New York
QN,10090,19,412.0,28.0,11435.0,103.0,107-14 SUTPHIN BOULEVARD,NY,V1,11,X,BURNS MEMORIAL CHURCH OF GOD IN CHRIST I NC,618,0,26.75,29.46,5,44100,0,,,4,1039417.0,192109.0,40.6937996,-73.8010612,14d,,New York
QN,598,48,401.0,22.0,11102.0,114.0,25-56 31 STREET,NY,V1,11,,"ANISKA31 REALTY, LLC",7500,0,100.0,75.0,5,303750,0,,,4,1006564.0,219544.0,40.7692457,-73.9194419,9a,,New York
QN,589,28,401.0,22.0,11106.0,114.0,31-31 30 STREET,NY,V1,11,,31-31 ASTORIA REALTY LLC,4500,0,50.0,90.0,5,221400,0,,,4,1005098.0,217536.0,40.7637379,-73.9247407,9a,,New York
QN,3469,12,405.0,34.0,11385.0,104.0,1864 PALMETTO STREET,NY,V0,11,,"SANTIAGO, VIRGENMINA",1358,0,13.58,100.0,5,9660,0,,,4,1010255.0,195743.0,40.7039078,-73.9062087,13d,,New York
QN,9895,42,412.0,23.0,11432.0,103.0,90-17 179 STREET,NY,V0,11,,TAMZID MAFIQ INC.,1642,0,16.42,100.0,5,7260,0,,,4,1044398.0,198076.0,40.7101451,-73.7830459,14d,,New York
QN,5759,1,407.0,19.0,11357.0,109.0,24-31 FRANCIS LEWIS BLVD,NY,V0,11,,"HAN, KI SUNG",3699,0,94.58,79.83,3,29220,0,,,4,1040090.0,221837.0,40.7753912,-73.7983875,10c,,New York
QN,713,79,401.0,22.0,11103.0,114.0,30 ROAD,NY,V1,11,,4408 30TH AVE. LLC,255,0,29.6,14.68,5,450,0,,,4,1008687.0,216873.0,40.7619089,-73.9117872,9c,,New York
QN,1601,55,404.0,25.0,11373.0,110.0,94-51 44 AVENUE,NY,V0,11,,NAZ CONSTRUCTION INC,2500,0,25.0,100.0,5,32220,0,,,4,1020546.0,210651.0,40.7447904,-73.8690122,9d,,New York
QN,5039,40,407.0,20.0,11355.0,109.0,132-51 41 ROAD,NY,V0,11,,WTS41 LLC,4224,0,33.0,128.0,5,55740,0,,,4,1030798.0,214929.0,40.7564844,-73.8319844,10b,,New York
QN,601,36,401.0,26.0,11106.0,114.0,36-04 33 STREET,NY,V1,11,,LAND SHARK NYC LLC,2375,0,25.0,95.0,5,116550,0,,,4,1004050.0,214641.0,40.7557943,-73.9285324,9b,,New York
QN,723,38,401.0,22.0,11103.0,114.0,47-12 BROADWAY,NY,V1,11,,47 BROADWAY REALTY LLC,2500,0,25.0,100.0,5,140400,0,,,4,1008293.0,214710.0,40.7559731,-73.9132172,9b,,New York
QN,4977,48,407.0,20.0,11354.0,109.0,137-70 NORTHERN BOULEVARD,NY,V1,11,,NORTHERN 13770 PROPERTIES LLC,8000,0,50.0,160.0,5,1160550,0,,,4,1031747.0,217451.0,40.7634016,-73.8285412,10a,,New York
QN,6205,27,411.0,19.0,11361.0,111.0,40-11 202 STREET,NY,V0,11,,4011 GARDEN LLC,6000,0,60.0,100.0,5,27120,0,,,4,1044506.0,216713.0,40.7612982,-73.7824894,10c,,New York
QN,11783,31,410.0,28.0,11420.0,106.0,133-11 124 STREET,NY,V0,11,,REMRAJ SINGH,2000,0,20.0,100.0,5,9240,0,,,4,1035666.0,183762.0,40.6709116,-73.8146514,18d,,New York
QN,9681,60,412.0,27.0,11435.0,103.0,148-22 89 AVENUE,NY,V0,11,,"OUTRIGHT REALTY, INC",4495,0,31.0,145.0,5,34680,0,,,4,1037887.0,195869.0,40.7041293,-73.8065486,14d,,New York
QN,571,47,401.0,22.0,11102.0,114.0,30-48 CRESCENT STREET,NY,V0,11,,30-48 CRESCENT ST. REALTY LLC,4901,0,25.42,192.83,5,55140,0,,,4,1004711.0,218888.0,40.7674497,-73.9261336,9a,,New York
QN,1544,35,404.0,25.0,11373.0,110.0,83-12 BROADWAY,NY,V1,11,,NY B&B PROPERTY LLC,6500,0,65.0,100.0,5,263250,0,,,4,1017542.0,209141.0,40.7406577,-73.8798607,9d,,New York
QN,3361,15,405.0,34.0,11385.0,104.0,53-40 METROPOLITAN AVENUE,NY,V1,11,,BAPASHI LLC,2693,0,25.0,104.83,5,82800,0,,,4,1008733.0,199057.0,40.7130083,-73.911686,13d,,New York
QN,3395,43,405.0,34.0,11385.0,104.0,1863 STARR STREET,NY,V1,11,,MASTRONARDI REALTY LLC,2523,0,25.0,100.92,5,92250,0,,,4,1007056.0,198248.0,40.7107923,-73.9177379,13b,,New York
QN,3522,20,405.0,30.0,11385.0,104.0,6122 BLEECKER STREET,NY,V0,11,,"63-02 FRESH POND REALTY, LLC",1250,0,25.0,50.0,5,8760,0,,,4,1011800.0,198558.0,40.7116297,-73.9006249,13d,,New York
QN,10228,29,412.0,27.0,11433.0,103.0,171-29 103 ROAD,NY,V3,11,,WEENIE DEVELOPMENT CO,2500,0,25.0,100.0,5,9960,0,,,4,1043526.0,195677.0,40.7035663,-73.7862123,14d,,New York
QN,8639,139,413.0,23.0,11426.0,105.0,247-46 87 DRIVE,NY,V0,11,,"ROOSBURG, GEORGE",825,0,25.0,33.0,5,2184,0,,,4,1062389.0,204971.0,40.7289296,-73.7180726,15c,,New York
QN,4699,21,407.0,19.0,11357.0,109.0,15-64 CLINTONVILLE STREET,NY,V0,11,,FERAZZOLI MARIO,12500,0,50.29,250.0,5,56040,0,,,4,1036887.0,225376.0,40.7851245,-73.8099243,7d,,New York
QN,4978,46,407.0,20.0,11354.0,109.0,37-16 UNION STREET,NY,V1,11,,ZL MACEDONIA OWNER LLC,10608,0,109.0,109.0,5,1385550,0,,,4,1032020.0,216860.0,40.761778,-73.8275599,10a,,New York
QN,600,6,401.0,26.0,11101.0,114.0,31-03 37 AVENUE,NY,V1,11,,"3103 MILO ENTERPRISES, LLC",2884,0,25.75,105.0,5,195750,0,,,4,1003473.0,214362.0,40.7550297,-73.9306159,9b,,New York
QN,701,5,401.0,22.0,11103.0,114.0,42-09 28 AVENUE,NY,V1,11,,PV OWNER LLC,2333,0,23.33,100.0,5,137250,0,,,4,1008744.0,217916.0,40.7647715,-73.9115776,9c,,New York
QN,698,44,401.0,22.0,11103.0,114.0,42-11 30 AVENUE,NY,V1,11,,C G STONE REALTY LLC,2400,0,24.0,100.0,5,230400,0,,,4,1008410.0,217322.0,40.7631421,-73.9127855,9a,,New York
QN,12314,153,412.0,28.0,11434.0,113.0,140-52 159 STREET,NY,V0,11,,"ELLIOTT, RALPH",2500,0,25.0,100.0,5,6960,0,,,4,1046269.0,182826.0,40.6682746,-73.7764376,19b,,New York
QN,1409,48,403.0,21.0,11369.0,115.0,31-41 97 STREET,NY,V0,11,,3141 NY LLC,1900,0,20.0,95.0,5,12720,0,,,4,1019849.0,216014.0,40.7595133,-73.8714992,9d,,New York
QN,10509,75,408.0,23.0,11423.0,107.0,191-75 FOOTHILL AVENUE,NY,V0,11,,"JIU DING GROUP, LLC",7281,0,61.9,117.82,0,32820,0,,,4,1047889.0,200752.0,40.7174657,-73.7704286,15a,,New York
QN,27,2,402.0,26.0,11101.0,108.0,46-16 VERNON BOULEVARD,NY,V1,11,,"PLAX BL27, LLC",2500,0,25.0,100.0,5,153450,0,,,4,997221.0,211221.0,40.7464199,-73.9531881,9b,,New York
QN,12999,193,412.0,31.0,11413.0,116.0,185-10 MERRICK BOULEVARD,NY,V1,11,,211 JAMAICA AVENUE CORP,4651,0,56.67,82.08,5,64800,0,,,4,1051704.0,186914.0,40.6794555,-73.756805,19a,,New York
QN,1542,127,404.0,25.0,11373.0,110.0,51-18 VAN LOON STREET,NY,V1,11,,112-12 NORTHERN LLC,2025,0,22.5,90.0,5,135000,0,,,4,1017613.0,208067.0,40.7377095,-73.8796098,13c,,New York
QN,8639,142,413.0,23.0,11426.0,105.0,247-54 87 DRIVE,NY,V0,11,,A ANDREN,1056,0,32.0,33.0,5,2808,0,,,4,1062464.0,204954.0,40.7288822,-73.7178022,15c,,New York
QN,8668,219,413.0,23.0,11426.0,105.0,250-24 87 DRIVE,NY,V0,11,,"VELAZQUEZ, LAURENCEP",1320,0,40.0,33.0,5,3480,0,,,4,1063289.0,204760.0,40.7283424,-73.7148279,15c,,New York
QN,8668,221,413.0,23.0,11426.0,105.0,251-04 87 DRIVE,NY,V0,11,,"ZARUMA, SEGUNDO A",1320,0,40.0,33.0,5,3480,0,,,4,1063328.0,204751.0,40.7283174,-73.7146873,15c,,New York
QN,4879,30,407.0,19.0,11357.0,109.0,21 ROAD,NY,V0,11,,"LEI, JONATHAN",925,0,25.07,37.12,3,7800,0,,,4,1038882.0,222850.0,40.7781792,-73.8027408,10c,,New York
QN,13114,45,413.0,31.0,11413.0,116.0,136-24 221 STREET,NY,V0,11,,"ROSE, SHIRLEY A",2500,0,25.0,100.0,5,7020,0,,,4,1053616.0,185496.0,40.6755486,-73.7499262,19a,,New York
QN,13116,45,413.0,31.0,11413.0,116.0,136-26 222 STREET,NY,V0,11,,LAURELTON HOLDINGS LLC,5000,0,50.0,100.0,5,14160,0,,,4,1053841.0,185388.0,40.6752504,-73.7491162,19a,,New York
QN,13914,11,413.0,31.0,11422.0,116.0,248-24 ROCKAWAY BOULEVARD,NY,V1,11,,WHIP REALTY INC,13330,0,48.96,124.0,5,162450,0,,,4,1055555.0,171943.0,40.6383334,-73.7430792,25a,,New York
QN,10254,30,412.0,27.0,11433.0,103.0,171-05 109 AVENUE,NY,V0,11,,109 BUILDER LLC,3279,0,66.17,95.76,5,13380,0,,,4,1044168.0,193563.0,40.6977596,-73.7839157,14d,,New York
QN,9818,56,412.0,24.0,11432.0,103.0,166-10 HILLSIDE AVENUE,NY,V1,11,,COLUMNAE DEVELOPMENT LLC,13200,0,104.0,102.0,3,168750,0,,,4,1040828.0,197781.0,40.709359,-73.7959253,14d,,New York
QN,1336,27,402.0,26.0,11377.0,108.0,40-29 61 STREET,NY,V0,11,X,CORPORATION OF THE PRESIDING BISHOP,2500,0,25.0,100.0,5,16920,0,,,4,1011070.0,210307.0,40.74388,-73.9032112,9d,,New York
QN,9827,39,412.0,27.0,11432.0,103.0,87-74 172 STREET,NY,V0,11,,8745 LLC,2940,0,30.0,98.0,5,12420,0,,,4,1042425.0,198432.0,40.7111355,-73.7901594,14d,,New York
QN,906,1,401.0,22.0,11102.0,114.0,8-51 26 AVENUE,NY,V1,11,,KS ASTORIA HOLDINGS LLC,27565,0,102.0,260.0,3,248310,0,,,4,1003560.0,222014.0,40.7760323,-73.9302799,9a,,New York
QN,28,9,402.0,26.0,11101.0,108.0,5-35 47 AVENUE,NY,V1,11,,"SU, YANGHUA",4080,0,40.8,100.0,5,166500,0,,,4,997017.0,211018.0,40.745863,-73.9539247,9b,,New York
QN,3257,27,406.0,29.0,11375.0,112.0,71-57 AUSTIN STREET,NY,V1,11,,AUSTIN PROP LLC,4966,0,48.03,104.19,5,491400,0,,,4,1027810.0,201517.0,40.7196871,-73.8428565,14a,,New York
QN,12107,2,412.0,28.0,11436.0,113.0,128-37 148 STREET,NY,V0,11,,ROBERT AUDIRSCH,2000,0,20.0,100.0,5,5220,0,,,4,1042421.0,183616.0,40.6704691,-73.7903018,18d,,New York
QN,12108,13,412.0,28.0,11436.0,113.0,128-21 149 STREET,NY,V0,11,,"RAMSINGH, NATHANIEL",2000,0,20.0,100.0,5,5220,0,,,4,1042697.0,183728.0,40.6707747,-73.7893059,18d,,New York
QN,11791,7,410.0,28.0,11420.0,106.0,131-05 135 AVENUE,NY,V0,11,,"DEOPAUL, SHARMILA FELECIA",2000,0,20.0,100.0,5,6000,0,,,4,1037614.0,182674.0,40.6679138,-73.8076377,18d,,New York
QN,10060,6,412.0,28.0,11435.0,103.0,147-12 106 AVENUE,NY,V1,11,,12001 REALTY LLC,2800,0,28.0,100.0,5,121050,0,,,4,1039056.0,192643.0,40.6952676,-73.8023587,14d,,New York
QN,10117,25,412.0,28.0,11433.0,103.0,105-02 160 STREET,NY,V0,11,X,YORK COLLEGE-CUNY,2246,0,25.0,89.0,3,10860,0,,,4,1040552.0,194461.0,40.7002481,-73.7969486,14d,,New York
QN,1212,80,402.0,26.0,11377.0,108.0,57-01 39 AVENUE,NY,V1,11,,NEW YORK CAFE INC.,450,0,45.0,20.0,3,450,0,,,4,1010279.0,211881.0,40.7482026,-73.9060597,9d,,New York
QN,5194,55,407.0,20.0,11355.0,109.0,43-30 BOWNE STREET,NY,V0,11,X,"BAPS NEW YORK, LLC",2375,0,25.0,95.0,5,12660,0,,,4,1034200.0,214274.0,40.754668,-73.8197098,10d,,New York
QN,4970,11,407.0,20.0,11354.0,109.0,133-24 36 ROAD,NY,V1,11,,37 AVE RICHOUSE LLC,43000,0,95.83,230.83,5,1635300,0,,,4,1030194.0,216541.0,40.7609121,-73.8341535,10a,,New York
QN,4963,7,407.0,20.0,11354.0,109.0,131-01 ROOSEVELT AVENUE,NY,V1,11,,"NEW SANFORD ESTATE DE, LLC",88448,0,313.57,261.94,2,11505150,0,,,4,1029353.0,215528.0,40.758136,-73.8371961,10b,,New York
QN,4963,65,407.0,20.0,11354.0,109.0,131-01 39 AVENUE,NY,V1,11,,FLUSHING WATERFRONT LLC,139378,0,181.72,582.71,5,11884500,0,,,4,1029565.0,215838.0,40.7589858,-73.8364288,10b,,New York
QN,4095,36,407.0,19.0,11356.0,109.0,128-20 129 STREET,NY,V1,11,,128-20 14TH AVENUE LLC,5500,0,54.0,118.0,5,165600,0,,,4,1028674.0,225421.0,40.7852931,-73.8395816,7b,,New York
QN,13036,58,413.0,31.0,11413.0,116.0,218-39 139 AVENUE,NY,V0,11,,G. DERMADY,6250,0,50.0,125.0,5,17700,0,,,4,1052301.0,184634.0,40.6731928,-73.7546757,19a,,New York
QN,5391,12,407.0,20.0,11358.0,109.0,42-34 160 STREET,NY,V0,11,,HARRY GONG,2000,0,20.0,100.0,5,22920,0,,,4,1038080.0,216072.0,40.7595803,-73.8056909,10d,,New York
QN,7187,47,408.0,24.0,11366.0,107.0,75-82 177 STREET,NY,V1,11,,DNJ DEVELOPMENT LLC,4000,0,40.0,100.0,5,178650,0,,,4,1042100.0,203975.0,40.7263517,-73.7912841,14c,,New York
QN,8162,431,411.0,19.0,11363.0,111.0,247-25 39TH AVENUE,NY,V0,11,,AXND REALTY LLC,5326,0,53.0,129.0,5,17220,0,,,4,1055238.0,221175.0,40.7734655,-73.7437024,11a,,New York
QN,8162,428,411.0,19.0,11363.0,111.0,247-29 39TH AVENUE,NY,V0,11,,HOME DECOR 247 REALTY LLC,5683,0,0.0,0.0,0,18420,0,,,4,1055282.0,221192.0,40.7735118,-73.7435433,11a,,New York
QN,6194,4,411.0,19.0,11361.0,111.0,37-08 222 STREET,NY,V0,11,,"YOO, JIN YOUNG",4000,0,40.0,100.0,5,33600,0,,,4,1049934.0,219413.0,40.7686703,-73.7628693,11a,,New York
QN,1309,45,402.0,26.0,11377.0,108.0,41-10 70 STREET,NY,V0,11,,70TH STREET REALTY,7767,0,19.25,162.96,6,158700,0,,,4,1013259.0,210405.0,40.7441421,-73.8953111,9d,,New York
QN,1350,85,402.0,26.0,11377.0,108.0,69-15 44 AVENUE,NY,V0,11,,MELODIA HOLDING INC,2810,0,25.0,112.42,5,36600,0,,,4,1013308.0,209331.0,40.7411941,-73.8951389,9d,,New York
QN,2599,87,405.0,30.0,11378.0,104.0,58-47 57TH STREET,NY,V1,11,,CRC ASSOCIATES INC,3403,0,31.5,114.0,0,127800,0,,,4,1008606.0,201552.0,40.7198568,-73.9121351,13c,,New York
QN,14082,26,410.0,32.0,11414.0,106.0,164-44 89 STREET,NY,V0,11,,"LAMENDOLA, GIUSEPPE F",5100,0,51.0,100.0,5,14580,0,,,4,1028227.0,175754.0,40.6489716,-73.8415203,18b,,New York
QN,14234,862,410.0,32.0,11414.0,106.0,102-15 RUSSELL STREET,NY,V0,11,,BARBARA GAVERS,3542,0,22.0,160.0,5,9420,0,,,4,1031417.0,178417.0,40.6562645,-73.8300059,18b,,New York
QN,14244,1258,410.0,32.0,11414.0,106.0,99-50 163 ROAD,NY,V0,11,,LOUIS BELOVIN,1600,0,20.0,80.0,5,4620,0,,,4,1031273.0,177120.0,40.6527053,-73.8305339,18b,,New York
QN,14234,553,410.0,32.0,11414.0,106.0,2 BROADWAY,NY,V0,11,,"KHAN, MD NAYEEM",2679,0,19.0,141.0,2,8580,0,,,4,1031280.0,179178.0,40.658354,-73.8304943,18b,,New York
QN,14246,1209,410.0,32.0,11414.0,106.0,102-15 163 ROAD,NY,V0,11,,"MCCOURT, CHRISTINA",3200,0,40.0,80.0,5,9420,0,,,4,1031695.0,177307.0,40.6532163,-73.8290118,18b,,New York
QN,7228,51,408.0,24.0,11432.0,107.0,80-56 SURREY PLACE,NY,V0,11,X,"HOUSE OF TORAH JE, INC",6386,0,76.58,107.42,3,30660,0,,,4,1043011.0,203620.0,40.7253714,-73.7880004,14c,,New York
QN,9951,23,408.0,24.0,11432.0,107.0,86-03 AVON STREET,NY,V0,11,,"POPPER, LORRAINE MCNEILL",2000,0,40.0,50.0,5,9540,0,,,4,1044834.0,200141.0,40.7158101,-73.7814547,14c,,New York
QN,4061,18,407.0,19.0,11356.0,109.0,110-44 15 AVENUE,NY,V1,11,,PEPSI COLA BOTTLING COMPANY OF NEW YORK,2500,0,25.0,100.0,5,105300,0,,,4,1024382.0,224816.0,40.783653,-73.855084,7b,,New York
QN,4678,45,407.0,19.0,11357.0,109.0,150-39 14 ROAD,NY,V1,11,,FERAZZOLI FRANK,5500,0,55.0,100.0,5,186300,0,,,4,1036260.0,226504.0,40.7882242,-73.8121797,7d,,New York
QN,16078,56,414.0,31.0,11692.0,100.0,336 BEACH 74 STREET,NY,V1,11,,336 BEACH LLC,5000,0,25.0,100.0,5,25650,0,,,4,1039208.0,154990.0,40.5919175,-73.8021172,30c,,New York
QN,13204,112,413.0,31.0,11422.0,116.0,134-20 241 STREET,NY,V0,11,,134-20 241 LLC,2431,0,31.33,77.25,5,6720,0,,,4,1058228.0,184653.0,40.6731974,-73.7333087,19c,,New York
QN,16007,23,414.0,31.0,11692.0,100.0,62-03 ALMEDA AVENUE,NY,V0,11,,DAVID CHAIT LLC,2867,0,28.8,100.0,5,4380,0,,,4,1042188.0,156887.0,40.5971054,-73.7913712,30c,,New York
QN,503,41,401.0,22.0,11106.0,114.0,11-35 31 DRIVE,NY,V1,11,,ASTORIA RIVERSIDE PARK LLC,9850,0,98.0,100.0,5,680850,0,,,4,1002358.0,219194.0,40.7682947,-73.9346274,9a,,New York
QN,4102,56,407.0,19.0,11356.0,109.0,14-13 133 PLACE,NY,V0,11,,"MCCLOSKEY, KEVIN",3983,0,25.0,119.33,5,18420,0,,,4,1030142.0,225598.0,40.7857714,-73.8342794,7b,,New York
QN,2872,12,404.0,30.0,11373.0,110.0,86-10 58 AVENUE,NY,V0,11,,THONGCHAI SAIBUDDHABUN,2000,0,20.0,100.0,5,24420,0,,,4,1019003.0,205803.0,40.7314901,-73.8746057,13c,,New York
QN,696,193,401.0,22.0,11103.0,114.0,3084A 43 STREET,NY,V0,11,,NESTOR BOLINA,620,0,20.0,31.0,6,7620,0,,,4,1007931.0,216500.0,40.7608872,-73.9145175,9a,,New York
QN,2857,74,404.0,30.0,11373.0,110.0,90-32 QUEENS BOULEVARD,NY,V1,11,,9032 QUEENS LLC,26100,0,360.0,122.67,5,1603350,0,,,4,1019811.0,206508.0,40.7334219,-73.8716866,13c,,New York
QN,15806,27,414.0,31.0,11691.0,101.0,204 BEACH 31 STREET,NY,V0,11,,ZUBLI YVETTE,2660,0,28.0,95.0,5,9300,0,,,4,1049952.0,156111.0,40.5949213,-73.7634215,31a,,New York
QN,10829,89,412.0,27.0,11423.0,103.0,94-74 199 STREET,NY,V0,11,,25412 GROUP CORP,8155,0,17.0,105.58,5,54960,0,,,4,1050443.0,198664.0,40.7117159,-73.7612359,15b,,New York
QN,2520,60,402.0,26.0,11378.0,108.0,42-02 56 ROAD,NY,V1,11,,"ANISKA REALTY I, LLC",98305,0,363.0,284.0,5,2248200,0,,,4,1004461.0,204713.0,40.7285435,-73.9270788,13a,,New York
QN,13301,230,413.0,31.0,11434.0,116.0,167-35 147 AVENUE,NY,V0,11,,SPG JFK II LOTS LLC,4683,0,23.67,100.0,5,12300,0,,,4,1047595.0,180386.0,40.661568,-73.7716807,19b,,New York
QN,1007,51,401.0,22.0,11370.0,114.0,22-23 75 STREET,NY,V0,11,,UNAVAILABLE OWNER,91,0,19.5,9.33,5,306,0,,,4,1013590.0,218970.0,40.7676497,-73.8940792,9c,,New York
QN,2736,30,405.0,30.0,11378.0,104.0,62-08 60 PLACE,NY,V1,11,,REID CLAIRE,2621,0,25.08,104.5,3,120600,0,,,4,1010840.0,199215.0,40.7134359,-73.9040851,13d,,New York
QN,2736,31,405.0,30.0,11378.0,104.0,60 PLACE,NY,V1,11,,REID CLAIRE,1730,0,43.25,52.0,5,63450,0,,,4,1010822.0,199191.0,40.7133701,-73.9041501,13d,,New York
QN,10328,25,412.0,27.0,11423.0,103.0,182-12 93 AVENUE,NY,V1,11,,S&S DEVELOPERS LLC,24380,0,175.0,140.0,3,834300,0,,,4,1045830.0,197246.0,40.7078571,-73.7778883,15b,,New York
QN,10155,52,412.0,27.0,11433.0,103.0,94-14 MERRICK BOULEVARD,NY,V1,11,,THOMAS NOVELLI CNTCTCP,5847,0,50.0,116.0,5,85500,0,,,4,1041798.0,195621.0,40.703424,-73.792445,14d,,New York
QN,10155,93,412.0,27.0,11433.0,103.0,92-91 165 STREET,NY,V1,11,,THOMAS NOVELLI CONTRACTING CORP.,2900,0,25.0,116.0,5,45000,0,,,4,1041676.0,195591.0,40.7033425,-73.7928853,14d,,New York
QN,10218,50,412.0,27.0,11433.0,103.0,168-33 LIBERTY AVENUE,NY,V1,11,,168-3133 LIBERTY INC.,2374,0,24.0,98.75,5,36900,0,,,4,1042634.0,195614.0,40.7033994,-73.78943,14d,,New York
QN,10218,51,412.0,27.0,11433.0,103.0,168-31 LIBERTY AVENUE,NY,V1,11,,168-3133 LIBERTY INC.,2394,0,23.0,103.0,5,33300,0,,,4,1042611.0,195607.0,40.7033803,-73.789513,14d,,New York
QN,10220,10,412.0,27.0,11433.0,103.0,170-22 DOUGLAS AVENUE,NY,V1,11,,M & P REALI ENTERPRISES INC,10400,0,50.0,100.0,5,154800,0,,,4,1043208.0,195901.0,40.7041833,-73.7873573,14d,,New York
QN,10220,6,412.0,27.0,11433.0,103.0,170-16 DOUGLAS AVENUE,NY,V1,11,,TACAS REALTY CORP,5000,0,50.0,100.0,5,76500,0,,,4,1043126.0,195909.0,40.7042058,-73.7876529,14d,,New York
QN,912,27,401.0,22.0,11102.0,114.0,2-15 26 AVENUE,NY,V1,11,,JAMES VISSAS,22338,0,79.58,334.5,9,26505,0,,,4,1002720.0,222745.0,40.7780405,-73.9333108,9a,,New York
QN,2765,50,405.0,30.0,11379.0,104.0,63-09 62 AVENUE,NY,V0,11,,"HON, SHERRIE",2007,0,25.08,80.0,5,15180,0,,,4,1012397.0,199595.0,40.7144741,-73.8984671,13d,,New York
QN,2901,21,405.0,30.0,11379.0,104.0,60 DRIVE,NY,V0,11,,"CHEN, JIN SHUAI",2000,0,20.0,100.0,5,16140,0,,,4,1019208.0,204594.0,40.7281708,-73.8738723,13c,,New York
QN,9839,162,408.0,24.0,11432.0,107.0,87-50 168 STREET,NY,V0,11,,"MABUD, LLC",1800,0,22.42,80.0,5,11700,0,,,4,1041035.0,198142.0,40.7103485,-73.7951756,14d,,New York
QN,1862,15,404.0,25.0,11373.0,110.0,92-11 48 AVENUE,NY,V1,11,,"SYED, IMAMUDDIN S",3200,0,50.04,63.94,5,184050,0,,,4,1019782.0,209686.0,40.7421448,-73.8717744,9d,,New York
QN,9059,39,409.0,32.0,11416.0,102.0,86-06 ROCKAWAY BOULEVARD,NY,V1,11,,OZ 8713 REALTY LLC,3126,0,64.34,42.25,5,99900,0,,,4,1024915.0,188027.0,40.682674,-73.8533817,18a,,New York
QN,9262,88,409.0,29.0,11418.0,102.0,117-08 HILLSIDE AVENUE,NY,V1,11,,OUTREACH DEVELOPMENT CORPORATION,1161,0,18.0,64.5,5,38700,0,,,4,1030747.0,194469.0,40.7003271,-73.8323099,14b,,New York
QN,2820,75,405.0,30.0,11378.0,104.0,71-36 58 ROAD,NY,V0,11,,"MCFADDEN, MARY A",2500,0,25.0,100.0,5,18600,0,,,4,1015055.0,203540.0,40.7252933,-73.8888611,13c,,New York
QN,10696,83,413.0,23.0,11428.0,105.0,94 DRIVE,NY,V0,11,,FERNANDEZ TOMAS,3688,0,35.0,102.0,5,9420,0,,,4,1057076.0,201588.0,40.7196894,-73.7372785,15a,,New York
QN,6240,35,411.0,19.0,11361.0,111.0,38-24 215TH STREET,NY,V0,11,,39TH BAYSIDE LLC,3500,0,35.0,100.0,0,25320,0,,,4,1048106.0,218539.0,40.7662848,-73.7694769,11a,,New York
QN,572,31,401.0,22.0,11102.0,114.0,23-12 30 AVENUE,NY,V1,11,,23-12 30TH AVE LLC,2888,0,21.0,137.5,5,117000,0,,,4,1004684.0,219387.0,40.7688194,-73.9262296,9a,,New York
QN,15830,1,414.0,31.0,11691.0,101.0,40-04 ROCKAWAY BEACH BLVD,NY,V0,11,,MASTER SHEET CO,967,0,17.58,53.8,3,2112,0,,,4,1047529.0,155906.0,40.5943762,-73.7721481,31a,,New York
QN,12297,19,412.0,28.0,11434.0,113.0,134-28 159 STREET,NY,V0,11,,"HINDS, MELISSA",2000,0,20.0,100.0,5,5220,0,,,4,1045849.0,184021.0,40.6715575,-73.7779407,19a,,New York
QN,12393,11,412.0,27.0,11434.0,113.0,114-20 172 STREET,NY,V0,11,P,ALLEN CHRISTIAN SCHOOL,3200,0,40.0,80.0,5,9240,0,,,4,1045754.0,191254.0,40.6914111,-73.7782171,19a,,New York
QN,3544,61,405.0,34.0,11385.0,104.0,7-45 WYCKOFF AVENUE,NY,V1,11,,745 WYCKOFF AVENUE,5200,0,65.0,80.0,5,220500,0,,,4,1009163.0,194034.0,40.6992202,-73.9101535,13d,,New York
QN,6019,11,411.0,19.0,11360.0,111.0,28-43 216 STREET,NY,V0,11,,2843 216ST LLC,11942,0,100.0,119.42,3,59580,0,,,4,1047864.0,222535.0,40.7772545,-73.7703127,11a,,New York
QN,5102,56,407.0,20.0,11355.0,109.0,132-19 POPLE AVENUE,NY,V0,11,,EAST WEST MANSION LLC,2402,0,24.0,100.08,5,21000,0,,,4,1030774.0,213811.0,40.7534159,-73.8320788,10b,,New York
QN,13083,65,413.0,31.0,11413.0,116.0,219-48 143 AVENUE,NY,V0,11,,143RD GROUP LLC,17250,0,50.0,150.0,5,21066,0,,,4,1052127.0,182621.0,40.667669,-73.7553232,19b,,New York
QN,12711,18,412.0,27.0,11413.0,116.0,185-21 MERRICK BOULEVARD,NY,V9,11,,18521 MERRICK CORP.,6800,0,100.0,68.0,5,129150,0,,,4,1051708.0,187108.0,40.6799879,-73.7567887,19a,,New York
QN,12483,51,412.0,27.0,11434.0,113.0,123-09 MERRICK BOULEVARD,NY,V1,11,,123-01 MERRICK CORP.,2538,0,66.67,75.75,5,197100,0,,,4,1048562.0,188248.0,40.6831404,-73.7681202,19a,,New York
QN,12469,47,412.0,27.0,11434.0,113.0,177-16 BAISLEY BOULEVARD,NY,V0,11,,"BROOKS, RAHEEM J",1520,0,16.0,95.0,5,4260,0,,,4,1048563.0,189388.0,40.6862694,-73.7681057,19a,,New York
QN,12480,1,412.0,27.0,11434.0,113.0,122-01 MERRICK BOULEVARD,NY,V1,11,,"MESA REALTY, LLC",16000,0,96.0,88.0,5,158400,0,,,4,1048240.0,188495.0,40.6838207,-73.7692789,19a,,New York
QN,13117,61,413.0,31.0,11413.0,116.0,135-26 223 STREET,NY,V0,11,,"KHONDAKER, SHIBLEE",3899,0,44.5,88.0,5,13860,0,,,4,1054168.0,185621.0,40.6758874,-73.7479349,19a,,New York
QN,13010,15,413.0,31.0,11413.0,116.0,216-08 MERRICK BOULEVARD,NY,V1,11,,"PROCTOR HOBSON POST, D/B/A ,PROCTOR HOBS ON MEMORIA",4300,0,51.0,127.0,5,344700,0,,,4,1052911.0,187017.0,40.6797289,-73.7524523,19a,,New York
QN,13032,11,413.0,31.0,11413.0,116.0,137 ROAD,NY,V0,11,,UNAVAILABLE OWNER,3500,0,35.0,100.0,5,9780,0,,,4,1052657.0,185452.0,40.6754353,-73.753384,19a,,New York
QN,1776,55,403.0,21.0,11368.0,115.0,104-35 ROOSEVELT AVENUE,NY,V1,11,,"MARRERO, IVELISSE",3125,0,25.0,125.0,5,158850,0,,,4,1022903.0,212731.0,40.7504895,-73.8604941,10b,,New York
QN,1427,44,403.0,21.0,11369.0,115.0,32-49 97 STREET,NY,V0,11,,"LHAMO, DAWA",2000,0,20.0,100.0,5,15840,0,,,4,1019950.0,215280.0,40.7574982,-73.8711385,9d,,New York
QN,12630,3,412.0,27.0,11412.0,113.0,201-08 118 AVENUE,NY,V0,11,,118 AVENUE CORP,4000,0,40.0,100.0,5,15840,0,,,4,1053346.0,192029.0,40.6934822,-73.7508326,15b,,New York
QN,12650,26,412.0,27.0,11412.0,113.0,119-40 195 STREET,NY,V0,11,,"NIVENS, DOROTHY J",4000,0,40.0,100.0,5,10560,0,,,4,1052142.0,190483.0,40.6892482,-73.7551899,19a,,New York
QN,12666,104,412.0,27.0,11413.0,113.0,186-05 122 AVENUE,NY,V1,11,,SOJITRA REALTY INC,2100,0,20.0,105.0,5,42750,0,,,4,1050810.0,188338.0,40.6833708,-73.7600141,19a,,New York
QN,12619,26,412.0,27.0,11412.0,113.0,198-01 118 AVENUE,NY,V0,11,,TONY HOLDING LLC,8000,0,80.0,100.0,3,36360,0,,,4,1052572.0,191903.0,40.6931424,-73.753625,15b,,New York
QN,1695,4,403.0,21.0,11369.0,115.0,100-08 32 AVENUE,NY,V0,11,,"RAMOS, YAZIL",2000,0,20.0,100.0,5,15840,0,,,4,1020711.0,215833.0,40.759013,-73.8683886,9d,,New York
QN,1429,30,403.0,21.0,11369.0,115.0,32-46 100 STREET,NY,V0,11,,"JUELA, CESAR A",2500,0,20.0,125.0,5,18720,0,,,4,1020561.0,215406.0,40.7578416,-73.8689324,9d,,New York
QN,12666,108,412.0,27.0,11413.0,113.0,121-61 FARMERS BOULEVARD,NY,V1,11,,SOJITRA REALTY,2592,0,20.0,129.58,5,56250,0,,,4,1050781.0,188412.0,40.6835741,-73.7601179,19a,,New York
QN,12666,105,412.0,27.0,11413.0,113.0,121-67 FARMERS BOULEVARD,NY,V1,11,,SOJITRA REALTY INC,2133,0,20.0,106.67,5,43200,0,,,4,1050799.0,188355.0,40.6834175,-73.7600536,19a,,New York
QN,12666,110,412.0,27.0,11413.0,113.0,121-57 FARMERS BOULEVARD,NY,V1,11,,SOJITRA REALTY,2260,0,20.0,113.0,5,49050,0,,,4,1050774.0,188450.0,40.6836785,-73.7601428,19a,,New York
QN,12666,107,412.0,27.0,11413.0,113.0,121-63 FARMERS BOULEVARD,NY,V1,11,,SOJITKA KESLTY INC,2660,0,20.0,133.0,5,57600,0,,,4,1050786.0,188394.0,40.6835247,-73.7601001,19a,,New York
QN,1687,43,403.0,21.0,11369.0,115.0,101-01 32 AVENUE,NY,V0,11,X,THE TRUSTEES OF THE ESTATE BELONGING TO THE DIOCESE OF LONG ISLAND,3500,0,35.0,100.0,3,28380,0,,,4,1020909.0,216019.0,40.7595227,-73.8676729,9d,,New York
QN,1697,53,403.0,21.0,11369.0,115.0,32-35 102 STREET,NY,V0,11,,THE RISING MULTANI GROUP LLC,2000,0,20.0,100.0,5,15840,0,,,4,1021247.0,215602.0,40.7583767,-73.8664551,10b,,New York
QN,1691,24,403.0,21.0,11369.0,115.0,31-32 105 STREET,NY,V0,11,,"DIAZ, RAMON",2000,0,20.0,100.0,5,16080,0,,,4,1021811.0,216228.0,40.7600926,-73.8644158,10a,,New York
QN,1690,53,403.0,21.0,11369.0,115.0,31-43 103 STREET,NY,V0,11,,"PATEL, INDIRA",2460,0,20.0,123.0,5,18420,0,,,4,1021417.0,216276.0,40.760226,-73.8658377,10a,,New York
QN,1690,32,403.0,21.0,11369.0,115.0,31-46 104 STREET,NY,V0,11,,NEVER ON TIME INC.,2400,0,20.0,120.0,5,18000,0,,,4,1021556.0,216171.0,40.7599372,-73.8653366,10b,,New York
QN,12690,31,412.0,27.0,11413.0,113.0,121-36 NASHVILLE BOULEVARD,NY,V0,11,,"BARNES, LILIA",2812,0,76.0,37.0,5,8100,0,,,4,1053861.0,190428.0,40.6890839,-73.748992,19a,,New York
QN,1731,16,403.0,21.0,11368.0,115.0,34-38 98 STREET,NY,V0,11,,QUEENS NEW YORK HOLDING LLC,15197,0,145.34,100.0,5,72960,0,,,4,1020215.0,214098.0,40.7542529,-73.8701883,9d,,New York
QN,1746,25,403.0,21.0,11368.0,115.0,35-24 105 STREET,NY,V0,11,X,OUR LADY-SORROWS R C,2970,0,30.0,99.0,5,38220,0,,,4,1022100.0,214142.0,40.7543658,-73.8633843,10b,,New York
QN,1748,78,403.0,21.0,11368.0,115.0,34-25 106 STREET,NY,V0,11,,"FEBRUWATY, FNU",2000,0,20.0,100.0,5,24780,0,,,4,1022458.0,214488.0,40.7553139,-73.8620902,10b,,New York
QN,1718,17,403.0,21.0,11368.0,115.0,33-12 104 STREET,NY,V0,11,,"VC 33-12, LLC",2755,0,20.0,135.15,5,35400,0,,,4,1021685.0,215184.0,40.7572276,-73.8648764,10b,,New York
QN,10381,50,412.0,27.0,11412.0,113.0,116-52 FARMERS BOULEVARD,NY,V1,11,,ALMONTE REALTY LLC,2098,0,20.33,103.17,3,171000,0,,,4,1050042.0,191585.0,40.6922888,-73.7627515,19a,,New York
QN,1782,30,403.0,21.0,11368.0,115.0,114TH STREET,NY,V1,11,,3720 PARTNERS LLC,15625,0,125.0,125.0,3,959850,0,,,4,1024737.0,214121.0,40.7542965,-73.8538665,10b,,New York
QN,9819,25,412.0,27.0,11432.0,103.0,88-16 168 PLACE,NY,V0,11,,8816 168 PLACE LLC,3000,0,30.0,100.0,5,17880,0,,,4,1041499.0,197703.0,40.7091406,-73.7935057,14d,,New York
QN,4114,1,407.0,19.0,11357.0,109.0,144-28 14 AVENUE,NY,V0,11,,SALMA CONSTRUCTION CORP,4733,0,40.0,118.33,3,24300,0,,,4,1033237.0,225885.0,40.7865425,-73.823101,7b,,New York
QN,9796,47,412.0,27.0,11432.0,103.0,166-11 91 AVENUE,NY,V1,11,,"AMAR 16611 91ST, LLC",3476,0,44.0,79.0,5,159300,0,,,4,1041343.0,196874.0,40.7068662,-73.7940754,14d,,New York
QN,10336,80,412.0,27.0,11433.0,103.0,109-48 180 STREET,NY,V1,11,,"CONSOLIDATED EDISON CO OF NY,INC",227000,0,798.75,282.75,5,4735350,0,,,4,1046499.0,194291.0,40.6997417,-73.7755026,15b,,New York
QN,10244,20,412.0,27.0,11433.0,103.0,169-18 107 AVENUE,NY,V0,11,,KOWLESSAR  EDWARD A,2000,0,20.0,100.0,5,8100,0,,,4,1043356.0,194297.0,40.6997797,-73.7868375,14d,,New York
QN,10252,49,412.0,27.0,11433.0,103.0,106-66 RUSCOE STREET,NY,V0,11,,"RIVERA, MIGUEL A",2000,0,20.0,100.0,5,8100,0,,,4,1045387.0,195007.0,40.7017147,-73.7795064,14d,,New York
QN,10258,116,412.0,27.0,11433.0,103.0,174-13 109 AVENUE,NY,V0,11,,"WALKER, BERNICE",2000,0,20.0,100.0,5,8100,0,,,4,1045061.0,194092.0,40.6992055,-73.7806904,14d,,New York
QN,9882,37,408.0,24.0,11432.0,107.0,172-28 HENLEY ROAD,NY,V0,11,,ONE SEVENTY TWO LLC,6550,0,50.0,131.0,5,37740,0,,,4,1042273.0,199420.0,40.7138483,-73.7906992,14d,,New York
QN,10251,87,412.0,27.0,11433.0,103.0,107-11 FERN PLACE,NY,V0,11,,FRANK GONSALVES       #A,3000,0,30.0,100.0,5,14280,0,,,4,1044749.0,194898.0,40.7014199,-73.7818084,14d,,New York
QN,2009,70,404.0,21.0,11368.0,110.0,108-47 CORONA AVENUE,NY,V1,11,,MARIAH REALTY CORP,4895,0,52.93,106.57,3,139230,0,,,4,1024842.0,209760.0,40.7423262,-73.8535138,10b,,New York
QN,1542,28,404.0,25.0,11373.0,110.0,51-20 VAN LOON STREET,NY,V1,11,,112-12 NORTHERN LLC,2025,0,70.0,90.0,5,90000,0,,,4,1017611.0,208043.0,40.7376437,-73.8796171,13c,,New York
QN,1548,26,404.0,25.0,11373.0,110.0,84-17 QUEENS BOULEVARD,NY,V1,11,,8421 HOLDING LLC,8539,0,99.83,101.38,5,421650,0,,,4,1017890.0,207957.0,40.7374066,-73.8786108,13c,,New York
QN,1838,20,404.0,25.0,11373.0,110.0,87-46 52 AVENUE,NY,V0,11,,SI NAN YUAN LLC,2300,0,23.0,100.0,5,16080,0,,,4,1018871.0,208281.0,40.7382921,-73.8750692,9d,,New York
QN,1842,89,404.0,25.0,11373.0,110.0,86-15 QUEENS BOULEVARD,NY,V1,11,,"8615 QUEENS BLVD, LLC",25352,0,165.0,169.97,5,772200,0,,,4,1018408.0,207740.0,40.736809,-73.8767427,13c,,New York
QN,1768,40,403.0,21.0,11368.0,115.0,37-60 103 STREET,NY,V1,11,,"ZHENG, YUN YAN",2593,0,25.0,102.92,5,131850,0,,,4,1021959.0,213150.0,40.7516436,-73.8638988,10b,,New York
QN,1930,50,404.0,21.0,11368.0,110.0,50-15 103 STREET,NY,V0,11,,FERNANDEZ FERNANDO,6598,0,112.82,116.96,3,28800,0,,,4,1023224.0,210082.0,40.7432172,-73.8593509,10b,,New York
QN,1934,61,404.0,21.0,11368.0,110.0,103-17 51 AVENUE,NY,V0,11,,KOMSIOS NIKOLAOS,3745,0,25.0,149.6,5,45960,0,,,4,1023523.0,209931.0,40.7428015,-73.8582728,10b,,New York
QN,9779,96,408.0,24.0,11432.0,107.0,159-17 NORMAL ROAD,NY,V0,11,,"QUAIZAR, KANEEZ FATIMAH",2304,0,32.0,72.0,5,17280,0,,,4,1038389.0,197955.0,40.7098518,-73.8047213,14d,,New York
QN,1770,58,403.0,21.0,11368.0,115.0,101-03 ROOSEVELT AVENUE,NY,V1,11,,101-03 ROOSEVELT LLC,1175,0,38.42,30.58,5,61200,0,,,4,1021798.0,212490.0,40.7498328,-73.8644836,10b,,New York
QN,10466,36,412.0,23.0,11423.0,103.0,90-03 197 STREET,NY,V0,11,,THREE BIGELOW LLC,7500,0,75.0,100.0,3,25860,0,,,4,1049963.0,200037.0,40.715488,-73.7629539,15a,,New York
QN,2812,125,405.0,30.0,11379.0,104.0,57-66 73 PLACE,NY,V0,11,,5765 73RD PL LLC,2000,0,20.0,100.0,5,15720,0,,,4,1015415.0,204042.0,40.7266699,-73.8875599,13c,,New York
QN,10879,31,413.0,27.0,11429.0,105.0,99-52 211 PLACE,NY,V0,11,,ANDERSON  THOMAS,3658,0,33.25,110.0,5,12900,0,,,4,1054268.0,199018.0,40.7126581,-73.7474351,15b,,New York
QN,11085,30,413.0,27.0,11429.0,105.0,212-20 99 AVENUE,NY,V0,11,,"BORTOLIS, EMMANUEL",5000,0,50.0,100.0,5,13320,0,,,4,1054659.0,199535.0,40.714074,-73.7460193,15b,,New York
QN,11110,59,413.0,27.0,11429.0,105.0,102-15 218 PLACE,NY,V1,11,,BERNARD ABRAHAM,3000,0,30.0,100.0,5,63000,0,,,4,1057268.0,199178.0,40.713073,-73.736612,15b,,New York
QN,2713,43,405.0,30.0,11378.0,104.0,63-09 FLUSHING AVENUE,NY,V1,11,,6180 GRAND AVENUE ASSOCIATES LLC,6100,0,156.0,67.0,3,193050,0,,,4,1011421.0,202528.0,40.7225275,-73.9019759,13c,,New York
QN,10974,239,412.0,27.0,11412.0,113.0,112-07 198 STREET,NY,V0,11,,"THOMAS, ERNESTINA M",3500,0,35.0,100.0,5,10080,0,,,4,1051551.0,195131.0,40.7020103,-73.7572745,15b,,New York
QN,3725,33,405.0,34.0,11385.0,104.0,11-33 IRVING AVENUE,NY,V1,11,,SAN JOSE MOFFAT LLC,14724,0,172.0,155.0,5,120600,0,,,4,1011414.0,191513.0,40.692294,-73.9020456,17c,,New York
QN,2506,96,405.0,30.0,11378.0,104.0,72-19 GRAND AVENUE,NY,V1,11,,17 GRAND AVENUE CORP,3154,0,28.05,87.35,3,172800,0,,,4,1014435.0,204805.0,40.7287676,-73.8910922,13c,,New York
QN,3731,32,405.0,30.0,11385.0,104.0,80-54 59 STREET,NY,V0,11,,"VALERIO, JOSE M",2500,0,25.0,100.0,5,12000,0,,,4,1013345.0,191930.0,40.6934324,-73.8950806,13d,,New York
QN,3569,65,405.0,30.0,11385.0,104.0,58-21 78 AVENUE,NY,V0,11,,"DELGADO, LAURA",2520,0,21.0,120.0,5,12000,0,,,4,1012526.0,192742.0,40.6956638,-73.8980306,13d,,New York
QN,10924,49,412.0,27.0,11412.0,113.0,109-05 191 STREET,NY,V0,11,,TURNER W D,4992,0,48.0,104.0,3,15360,0,,,4,1049292.0,195948.0,40.7042697,-73.7654138,15b,,New York
QN,10929,49,412.0,27.0,11412.0,113.0,193-18 109 AVENUE,NY,V0,11,,QUEENS LLC.,3707,0,40.0,92.67,5,9780,0,,,4,1049863.0,196370.0,40.7054237,-73.7633503,15b,,New York
QN,3675,1,405.0,30.0,11385.0,104.0,71-09 CYPRESS HILLS STREET,NY,V1,11,,GLENDALE CYPRESS REALTY,945,0,41.0,61.75,3,72900,0,,,4,1014116.0,194990.0,40.7018288,-73.8922867,13d,,New York
QN,3675,60,405.0,30.0,11385.0,104.0,71-19 CYPRESS HILLS STREET,NY,V1,11,,GLENDALE CYPRESS REALTY,2000,0,20.0,100.0,5,154800,0,,,4,1014223.0,194968.0,40.7017681,-73.8919009,13d,,New York
QN,3675,4,405.0,30.0,11385.0,104.0,71-13 CYPRESS HILLS STREET,NY,V1,11,,GLENDALE CYPRESS REALTY,1325,0,20.0,66.25,5,102600,0,,,4,1014166.0,194989.0,40.7018259,-73.8921064,13d,,New York
QN,3675,61,405.0,30.0,11385.0,104.0,71-17 CYPRESS HILLS STREET,NY,V1,11,,GLENDALE CYPRESS REALTY,2000,0,20.0,100.0,5,154800,0,,,4,1014205.0,194979.0,40.7017983,-73.8919658,13d,,New York
QN,3675,5,405.0,30.0,11385.0,104.0,71-15 CYPRESS HILLS STREET,NY,V1,11,,GELENDALE CYPRESS REALTY,1755,0,20.0,87.75,5,135450,0,,,4,1014188.0,194987.0,40.7018204,-73.8920271,13d,,New York
QN,3675,3,405.0,30.0,11385.0,104.0,71-11 CYPRESS HILLS STREET,NY,V1,11,,"GLENDALE CYPRESS REALTY,",1325,0,20.0,66.25,5,102600,0,,,4,1014143.0,194989.0,40.701826,-73.8921893,13d,,New York
QN,11145,28,413.0,27.0,11429.0,105.0,110-38 SPRINGFIELD BLVD,NY,V1,11,,HAMILTRON ENTERPRISES LLC,6870,0,67.0,101.92,3,279000,0,,,4,1056494.0,197059.0,40.7072632,-73.7394267,15b,,New York
QN,11142,51,413.0,27.0,11429.0,105.0,111-38 SPRINGFIELD BLVD,NY,V1,11,,BH PROPERTIES EXPRESS INC.,1552,0,16.0,97.0,5,30600,0,,,4,1056330.0,196505.0,40.705744,-73.7400242,15b,,New York
QN,3711,14,405.0,32.0,11385.0,104.0,72-10 MYRTLE AVENUE,NY,V0,11,,ALBANIAN-AMERICAN ISLAMIC CENTER OF QUEE NS INC.,2027,0,20.33,103.17,5,7080,0,,,4,1018150.0,195043.0,40.7019598,-73.8777376,13d,,New York
QN,13688,105,413.0,31.0,11422.0,116.0,259-80 148 ROAD,NY,V0,11,,"BOKHOUR, DORON",5000,0,98.0,100.0,3,15120,0,,,4,1060108.0,177664.0,40.6539984,-73.72661,19d,,New York
QN,3666,20,405.0,32.0,11385.0,104.0,70-28 73 PLACE,NY,V0,11,,"PIANO HOUSE REALTY, LLC",3776,0,37.42,100.92,5,16320,0,,,4,1018309.0,196439.0,40.7057908,-73.8771571,13d,,New York
QN,3657,7,405.0,32.0,11385.0,104.0,68-28 70 AVENUE,NY,V0,11,X,GEORGE J WOOD,241,0,2.42,100.0,8,0,0,,,4,1016166.0,196222.0,40.7052032,-73.8848875,13d,,New York
QN,2221,16,406.0,29.0,11375.0,112.0,108-18 JEWEL AVENUE,NY,V0,11,,"KANDOV , VIOLETA",5000,0,50.0,100.0,5,28260,0,,,4,1027492.0,202959.0,40.7236466,-73.8439944,14a,,New York
QN,2192,22,406.0,29.0,11375.0,112.0,110-34 67 DRIVE,NY,V0,11,,110-34 REALTY LLC,6000,0,60.0,100.0,5,34080,0,,,4,1027689.0,204713.0,40.7284599,-73.8432723,14a,,New York
QN,13066,27,413.0,31.0,11413.0,116.0,141-42 224 STREET,NY,V1,11,,STAIR HAROLD,935,0,8.5,110.0,8,11385,0,,,4,1053030.0,183028.0,40.6687791,-73.752064,19b,,New York
QN,13071,74,413.0,31.0,11413.0,116.0,224-22 PROSPECT COURT,NY,V0,11,,"TABAROKI, ELENOR",4799,0,26.0,184.58,5,13680,0,,,4,1053240.0,182757.0,40.6680336,-73.7513098,19b,,New York
QN,13193,61,413.0,31.0,11413.0,116.0,228-32 MENTONE AVENUE,NY,V0,11,,NEVILLE MAHCHUNG,3142,0,31.42,100.0,5,8700,0,,,4,1054496.0,182368.0,40.6669561,-73.7467863,19b,,New York
QN,12112,39,412.0,28.0,11436.0,113.0,130-02 150 STREET,NY,V0,11,,"BROWN, FRANCES EARLE",2000,0,20.0,100.0,3,5700,0,,,4,1042732.0,183367.0,40.6697836,-73.7891828,18d,,New York
QN,12116,11,412.0,28.0,11436.0,113.0,149-03 NORTH CONDUIT AVENUE,NY,V0,11,,"BLUE HILLS FUES, LLC",2654,0,25.0,106.17,5,7380,0,,,4,1042470.0,182397.0,40.6671229,-73.7901357,18d,,New York
QN,12056,20,412.0,28.0,11436.0,113.0,141-10 ROCKAWAY BOULEVARD,NY,V1,11,,DAVID SINGH,1643,0,17.25,95.39,5,117000,0,,,4,1039877.0,184866.0,40.6739164,-73.7994622,18c,,New York
QN,12073,428,412.0,28.0,11436.0,113.0,137-10 130 AVENUE,NY,V0,11,,SAMUEL T GANDY,1648,0,20.0,82.42,5,4260,0,,,4,1039677.0,183864.0,40.6711674,-73.8001914,18c,,New York
QN,3096,82,406.0,30.0,11374.0,112.0,64-26 WETHEROLE STREET,NY,V1,11,,64-26 WETHEROLE ST LLC,3334,0,40.0,77.56,3,196200,0,,,4,1022542.0,204220.0,40.7271305,-73.8618455,14a,,New York
QN,3095,78,406.0,30.0,11374.0,112.0,64-18 BOOTH STREET,NY,V0,11,,BOOTH HOLDINGS LLC,4000,0,40.0,100.0,3,46620,0,,,4,1022635.0,204487.0,40.7278629,-73.8615084,14a,,New York
QN,5120,1,407.0,20.0,11355.0,109.0,136-19 BOOTH MEMORIAL AVE,NY,V0,11,,"LIN, XING",4897,0,51.5,95.08,3,56280,0,,,4,1031848.0,211579.0,40.7472839,-73.8282182,10b,,New York
QN,5165,28,407.0,20.0,11355.0,109.0,56-01 MAIN STREET,NY,V6,11,,"NEW YORK QUEENS CHARTER VENTURES, INC.",12549,0,150.08,89.67,5,967500,0,,,4,1032544.0,211832.0,40.7479746,-73.8257045,10b,,New York
QN,5168,40,407.0,20.0,11355.0,109.0,56-16 142 STREET,NY,V0,11,,"KAI & SIN PROPERTIES, LLC",4017,0,40.17,100.0,5,20760,1930,,,4,1033130.0,211533.0,40.7471507,-73.8235917,10b,,New York
QN,11791,1,410.0,28.0,11420.0,106.0,131-17 135 AVENUE,NY,V0,11,,"HIGHER GROUND PROPERTIES, INC.",2400,0,24.0,100.0,3,8640,0,,,4,1037728.0,182664.0,40.6678857,-73.8072269,18d,,New York
QN,474,37,401.0,26.0,11101.0,114.0,38-14 11 STREET,NY,V1,11,,"38-16 11TH STREET, LLC",1800,0,25.0,72.0,5,166950,0,,,4,1000262.0,215495.0,40.7581459,-73.9422031,9b,,New York
QN,1210,29,402.0,26.0,11377.0,108.0,37-36 56 STREET,NY,V1,11,,MOHAMMAD RAFIQ,2500,0,25.0,100.0,5,115200,0,,,4,1010061.0,212411.0,40.749658,-73.9068445,9d,,New York
QN,11753,2,410.0,28.0,11420.0,106.0,129-07 SUTTER AVENUE,NY,V0,11,,"SINGH, FANESZA",4000,0,40.0,100.0,5,14640,0,,,4,1037174.0,184351.0,40.6725194,-73.8092106,18c,,New York
QN,10190,8,412.0,27.0,11433.0,113.0,110-12 164 STREET,NY,V0,11,,PHILLIPS GLORIA,1900,0,19.0,100.0,5,5160,0,,,4,1043018.0,191920.0,40.6932577,-73.7880773,14d,,New York
QN,12535,163,412.0,27.0,11434.0,113.0,176-29 129 AVENUE,NY,V0,11,X,SPRINGFIELD COMM C,2550,0,25.0,102.0,5,7380,0,,,4,1049303.0,187165.0,40.6801624,-73.765459,19a,,New York
QN,8827,1,413.0,23.0,11001.0,105.0,259 STREET,NY,V0,11,,"KAR, SHYAMOL CHANDRA",440,0,30.75,28.17,5,120,0,,,4,1065610.0,205397.0,40.7300698,-73.7064461,15c,,New York
QN,15629,82,414.0,31.0,11691.0,101.0,291 BEACH 15 STREET,NY,V0,11,,OSTEND PLACE LLC,6286,0,40.65,159.25,5,19680,0,,,4,1053839.0,157200.0,40.5978807,-73.7494141,31a,,New York
QN,630,17,401.0,22.0,11103.0,114.0,36-02 28 AVENUE,NY,V1,11,,28-03 36TH STREET LLC,2500,0,25.0,100.0,3,127350,0,,,4,1007480.0,218486.0,40.7663394,-73.9161387,9a,,New York
QN,10219,316,412.0,27.0,11433.0,103.0,93-37 175 STREET,NY,V1,11,,ARM PROPERTY HOLDINGS LLC,13600,0,100.0,135.0,5,198900,0,,,4,1044050.0,196389.0,40.7055171,-73.7843161,14d,,New York
QN,13229,13,413.0,31.0,11422.0,116.0,2-09 135 ROAD,NY,V0,11,,"NUMA, JEAN W",850,0,17.0,100.0,5,2220,0,,,4,1059673.0,183341.0,40.6695841,-73.7281142,19d,,New York
QN,11384,42,410.0,32.0,11414.0,106.0,135-27 SAPPHIRE STREET,NY,V0,11,,135 SAPPHIRE LLC,10217,0,50.0,204.33,5,50340,0,,,4,1024046.0,183161.0,40.6693219,-73.8565436,18b,,New York
QN,15822,35,414.0,31.0,11691.0,101.0,173 BEACH 30TH STREET,NY,V0,11,,BEACH 31 BUYER LLC,2083,0,20.83,100.0,5,10140,0,,,4,1050089.0,155744.0,40.5939129,-73.7629318,31a,,New York
QN,15822,38,414.0,31.0,11691.0,101.0,167 BEACH 30TH STREET,NY,V0,11,,BEACH 31 BUYER LLC,2083,0,20.83,100.0,5,10140,0,,,4,1050098.0,155682.0,40.5937427,-73.7629,31a,,New York
QN,15961,102,414.0,31.0,11691.0,101.0,592 BEACH 43 STREET,NY,V0,11,C,CITY OF NEW YORK,1900,0,20.0,95.0,5,3780,0,,,4,1046686.0,158458.0,40.6013869,-73.7751599,31a,,New York
QN,15963,45,414.0,31.0,11691.0,101.0,527 BEACH 44 STREET,NY,V0,11,C,NYC HOUSING PRESERVATION AND DEVELOPMENT,1706,0,20.0,85.28,5,3420,0,,,4,1046342.0,157679.0,40.5992511,-73.7764058,31a,,New York
QN,15963,47,414.0,31.0,11691.0,101.0,44-04 NORTON AVENUE,NY,V0,11,C,NYC HOUSING PRESERVATION AND DEVELOPMENT,1600,0,20.0,80.0,5,3252,0,,,4,1046364.0,157631.0,40.5991192,-73.7763271,31a,,New York
QN,15963,53,414.0,31.0,11691.0,101.0,44-16 NORTON AVENUE,NY,V0,11,,ANTHROPOCENE LLC,1600,0,20.0,80.0,5,3252,0,,,4,1046244.0,157620.0,40.5990899,-73.7767593,31a,,New York
QN,3321,57,409.0,29.0,11418.0,102.0,117-03 CURZON ROAD,NY,V0,11,,ASH DEVELOPMENT LLC,3613,0,39.17,92.25,5,29700,0,,,4,1029944.0,196236.0,40.7051812,-73.8351939,14b,,New York
QN,11357,39,410.0,32.0,11414.0,106.0,77-05 DUMONT AVENUE,NY,V0,11,,SOUTH AMBER REALTY LLC,3901,0,40.92,95.33,3,20100,0,,,4,1023523.0,184060.0,40.6717918,-73.8584237,18a,,New York
QN,11356,45,410.0,32.0,11414.0,106.0,133-25 76 STREET,NY,V0,11,,MANBAHAL MANAGEMENT& REALTY CORP,4037,0,40.0,100.92,5,17700,0,,,4,1023261.0,184201.0,40.6721799,-73.8593673,18a,,New York
QN,1321,42,402.0,26.0,11377.0,108.0,43-36 53 STREET,NY,V1,11,,WOODSIDE 53 LLC,2900,0,29.0,100.0,5,216450,0,,,4,1008603.0,209920.0,40.7428249,-73.9121156,9b,,New York
QN,9998,43,412.0,27.0,11435.0,103.0,93-43 SUTPHIN BOULEVARD,NY,V1,11,,"STATION PLAZA HOTEL, LLC",1780,0,44.69,39.63,3,161550,0,,,4,1037822.0,194078.0,40.6992139,-73.8067973,14d,,New York
QN,15962,15,414.0,31.0,11691.0,101.0,542 BEACH 44 STREET,NY,V0,11,C,NYC HOUSING PRESERVATION AND DEVELOPMENT,2530,0,29.11,78.5,5,7260,0,,,4,1046472.0,157868.0,40.599769,-73.775936,31a,,New York
QN,15962,81,414.0,31.0,11691.0,101.0,529 BEACH 43 STREET,NY,V0,11,C,NYC HOUSING PRESERVATION AND DEVELOPMENT,1359,0,22.0,61.72,5,2736,0,,,4,1046621.0,157746.0,40.5994331,-73.7754005,31a,,New York
QN,15962,57,414.0,31.0,11691.0,101.0,575 BEACH 43 STREET,NY,V0,11,C,NYC HOUSING PRESERVATION AND DEVELOPMENT,5163,0,40.0,129.01,5,10860,0,,,4,1046545.0,158215.0,40.6007209,-73.7756699,31a,,New York
QN,15701,110,414.0,31.0,11691.0,101.0,14-12 POINT BREEZE PLACE,NY,V0,11,,POINT BREEZE EQUITIES LLC,5000,0,95.0,273.0,5,7200,0,,,4,1047920.0,162082.0,40.6113252,-73.770682,25b,,New York
QN,15785,4,414.0,31.0,11691.0,101.0,25-47 BEACH CHANNEL DRIVE,NY,V1,11,,ROCKAWAY DEVELOPMENT LLC OF NY,4629,0,50.0,92.58,5,138600,0,,,4,1049923.0,157826.0,40.5996288,-73.7635092,31a,,New York
QN,15315,37,414.0,32.0,11693.0,100.0,10-01 CROSS BAY BOULEVARD,NY,V0,11,,"SAVITSKY, STACEY",2575,0,25.0,100.0,5,4920,0,,,4,1034226.0,160027.0,40.6057725,-73.8200182,24d,,New York
QN,15317,67,414.0,32.0,11693.0,100.0,37 WEST 13 ROAD,NY,V0,11,,"ROLDAN, MANUEL",2500,0,25.0,100.0,2,360,0,,,4,1033737.0,159407.0,40.6040735,-73.8217838,30c,,New York
QN,16126,69,414.0,32.0,11693.0,100.0,333 BEACH 92 STREET,NY,V0,11,,KEARNES STEPHEN,3650,0,36.5,100.0,5,10020,0,,,4,1035126.0,153526.0,40.5879235,-73.8168259,30c,,New York
QN,15799,34,414.0,31.0,11691.0,101.0,310 BEACH 28 STREET,NY,V0,11,,FAMILUSI ABIOLA O,3800,0,40.0,95.0,5,10860,0,,,4,1050599.0,156674.0,40.5964618,-73.7610863,31a,,New York
QN,9338,79,409.0,29.0,11418.0,102.0,87-41 130 STREET,NY,V1,11,,"GOLDEN FOUNTAIN REALTY, INC.",14727,0,136.0,148.0,5,194400,0,,,4,1033745.0,194589.0,40.7006402,-73.8214968,14d,,New York
QN,12032,58,412.0,28.0,11436.0,113.0,140-24 123 AVENUE,NY,V0,11,,THE ROCK 2002 LLC,755,0,78.08,20.0,5,2040,0,,,4,1039746.0,185108.0,40.6745815,-73.7999324,18c,,New York
QN,10120,20,412.0,28.0,11433.0,103.0,150-22 TUSKEGEE AIRMEN WAY,NY,V1,11,,VEA REAL ESTATE,1892,0,20.79,91.01,5,121500,0,,,4,1039575.0,192764.0,40.6955964,-73.800486,14d,,New York
QN,10222,31,412.0,27.0,11433.0,103.0,168-39 104 AVENUE,NY,V0,11,,RS26 PROPERTIES LLC,2000,0,20.0,100.0,5,8100,0,,,4,1042767.0,195180.0,40.7022073,-73.7889541,14d,,New York
QN,10224,17,412.0,27.0,11433.0,103.0,170-16 LIBERTY AVENUE,NY,V1,11,,170-16 LIBERTY AVENUE REALTY LLC,2000,0,20.0,100.0,5,99900,0,,,4,1043124.0,195617.0,40.7034043,-73.7876627,14d,,New York
QN,1717,30,403.0,21.0,11368.0,115.0,33-44 103 STREET,NY,V0,11,,"TAI, SUI TONG",2000,0,20.0,100.0,5,24780,0,,,4,1021456.0,214850.0,40.7563118,-73.8657049,10b,,New York
QN,1765,43,403.0,21.0,11368.0,115.0,99-16 39 AVENUE,NY,V1,11,,99-16 ROOSEVELT AVE. LLC,1083,0,25.0,43.33,5,56250,0,,,4,1021394.0,212439.0,40.7496945,-73.865942,10b,,New York
QN,10509,61,408.0,23.0,11423.0,107.0,194-32 DUNTON AVENUE,NY,V0,11,,3861 REALTY LLC,6138,0,62.07,101.14,0,20220,0,,,4,1048299.0,201361.0,40.7191343,-73.7689438,15a,,New York
QN,15962,102,414.0,31.0,11691.0,101.0,510 BEACH 44 STREET,NY,V0,11,,"VACCHIO , MARIE ANN",2169,0,25.0,86.74,5,4680,0,,,4,1046502.0,157520.0,40.5988136,-73.7758311,31a,,New York
QN,567,41,401.0,22.0,11106.0,114.0,23-42 31 DRIVE,NY,V1,11,,31 ASTORIA DRIVE LLC,7550,0,50.0,151.08,5,190350,0,,,4,1004026.0,217790.0,40.7644375,-73.9286098,9a,,New York
QN,15504,4,414.0,31.0,11691.0,101.0,818 GARAGE CENTRAL AVENUE,NY,V0,11,,"ROTHSTEIN, CHAIM",2109,0,7.0,150.0,8,2334,0,,,4,1055128.0,161781.0,40.6104443,-73.7447244,25b,,New York
QN,10298,55,412.0,27.0,11433.0,113.0,179 PLACE,NY,V0,11,,"YEBOAH, LOUISA",2500,0,238.58,300.0,3,7440,0,,,4,1047242.0,193824.0,40.6984546,-73.7728274,15b,,New York
QN,12256,36,412.0,28.0,11434.0,113.0,161-51 BAISLEY BOULEVARD,NY,V1,11,,161 BAISLEY LLC,8725,0,87.25,100.0,5,184500,0,,,4,1045297.0,186528.0,40.6784425,-73.7799079,18c,,New York
QN,10088,8,412.0,28.0,11435.0,103.0,146-42 TUSKEGEE AIRMEN WAY,NY,V0,11,,"JAMES, RAJENDRA",1500,0,20.0,75.0,5,6000,0,,,4,1038996.0,192128.0,40.6938544,-73.8025792,14d,,New York
QN,2683,1,405.0,30.0,11378.0,104.0,59-07 59 STREET,NY,V1,11,X,NYS DEPARTMENT OF TRANSPORTATION,7637,0,189.0,131.0,3,364050,0,,,4,1009761.0,201191.0,40.7188627,-73.9079697,13c,,New York
QN,431,7,402.0,26.0,11101.0,108.0,42-53 27 STREET,NY,V1,11,,27 HUNTER LLC,1281,0,25.0,51.36,5,130050,0,,,4,1000639.0,212100.0,40.7488268,-73.9408505,9b,,New York
QN,15953,23,414.0,31.0,11691.0,101.0,450 BEACH 37 STREET,NY,V0,11,C,NYC DEPARTMENT OF TRANSPORTATION,4000,0,40.0,100.0,5,11400,0,,,4,1048195.0,157030.0,40.5974566,-73.7697393,31a,,New York
QN,8140,122,411.0,19.0,11363.0,111.0,41-79 GLENWOOD STREET,NY,V0,11,,"MERRILL, CHRISTINE",1320,0,50.0,21.0,5,6060,0,,,4,1057491.0,221161.0,40.7734087,-73.7355683,11a,,New York
QN,4302,1,407.0,19.0,11354.0,109.0,26-01 ULMER STREET,NY,V1,11,C,NYC ECONOMIC DEVELOPMENT CORPORATION,36425,0,213.5,460.75,5,76500,0,,,4,1029439.0,221067.0,40.7733386,-73.8368485,10a,,New York
QN,3813,1,405.0,32.0,11385.0,104.0,77-01 75 STREET,NY,V0,11,X,NYS DEPARTMENT OF TRANSPORTATION,694,0,46.0,27.0,5,3024,0,,,4,1018901.0,196732.0,40.7065928,-73.8750204,13d,,New York
QN,9826,49,412.0,27.0,11432.0,103.0,87-67 170 STREET,NY,V1,11,,87-67 170TH STREET LLC,4300,0,52.0,100.0,5,279450,0,,,4,1042035.0,198319.0,40.7108279,-73.7915671,14d,,New York
QN,1580,133,404.0,25.0,11373.0,110.0,86-31 88 STREET,NY,V0,11,C,NYC DEPARTMENT OF TRANSPORTATION,153,0,3.0,61.0,8,315,0,,,4,1017993.0,209339.0,40.7411994,-73.8782322,9d,,New York
QN,10241,118,412.0,27.0,11433.0,103.0,171 PLACE,NY,V0,11,C,NYC DEPARTMENT OF CITYWIDE ADMINISTRATIVE SERVICES,581,0,1.58,99.34,8,378,0,,,4,1043839.0,195020.0,40.7017609,-73.7850892,14d,,New York
QN,9084,19,409.0,32.0,11416.0,102.0,84-10A 101 AVENUE,NY,V1,11,,"MOHAMMAD, INAYAT",750,0,10.0,53.0,8,10395,0,,,4,1024579.0,187646.0,40.6816298,-73.8545954,18a,,New York
QN,600,7,401.0,26.0,11101.0,114.0,31-01 37 AVENUE,NY,V1,11,,"VENTURA LAND ACQUISITIONS, LLC",2929,0,26.0,101.0,3,220050,0,,,4,1003448.0,214378.0,40.7550737,-73.9307061,9b,,New York
QN,10762,1,413.0,27.0,11429.0,105.0,217-45 100 AVENUE,NY,V0,11,,ST JOSEPHS EPIS CHURC,31275,0,363.0,330.0,5,62100,0,,,4,1056522.0,199996.0,40.7153243,-73.7392942,15a,,New York
QN,12209,120,412.0,28.0,11434.0,113.0,118-25 154 STREET,NY,V0,11,,JAD DEVELOPMENT LLC,1200,0,13.33,90.0,5,3240,0,,,4,1042977.0,187342.0,40.6806924,-73.788265,18c,,New York
QN,1770,2,403.0,21.0,11368.0,115.0,100-02 39 AVENUE,NY,V1,11,,"PEREZ, SALVADOR",1685,0,25.0,67.42,5,81450,0,,,4,1021516.0,212470.0,40.7497791,-73.8655015,10b,,New York
QN,5027,21,407.0,20.0,11355.0,109.0,147-09 41 AVENUE,NY,V0,11,,"VARTHOLOMEOU, KATHERINE",2950,0,19.75,148.0,5,64140,0,,,4,1034733.0,216905.0,40.7618864,-73.8177662,10c,,New York
QN,7956,205,413.0,23.0,11426.0,105.0,87-16 239 STREET,NY,V0,11,,"RAMSARUP, GOVINDRAM T",3558,0,35.0,103.0,5,11820,0,,,4,1059703.0,205570.0,40.730597,-73.727757,15c,,New York
QN,9557,25,410.0,29.0,11419.0,106.0,103-36 120 STREET,NY,V0,11,,ZACK REALTY GROUP LLC,6720,0,60.0,112.5,5,36240,0,,,4,1033118.0,189656.0,40.6871037,-73.8237939,18a,,New York
QN,11384,32,410.0,32.0,11414.0,106.0,78-05 149 AVENUE,NY,V0,11,,GCM LLC,4000,0,40.0,100.0,5,17520,0,,,4,1024030.0,182990.0,40.6688526,-73.8566023,18b,,New York
QN,11410,69,410.0,32.0,11414.0,106.0,149-15 SAPPHIRE STREET,NY,V0,11,,ANTONIELLO SALVATORE,5400,0,60.0,90.0,5,24300,0,,,4,1024066.0,182743.0,40.6681745,-73.856474,18b,,New York
QN,11992,93,412.0,28.0,11436.0,113.0,115-49 147 STREET,NY,V0,11,,"RAMSUNDAR, STEPHEN",2300,0,23.0,100.0,5,6420,0,,,4,1041229.0,188024.0,40.6825758,-73.7945615,18c,,New York
QN,15460,5,414.0,32.0,11693.0,100.0,810 CROSS BAY BOULEVARD,NY,V1,11,,808 CROSSBAY BLVD LLC,1751,0,20.83,85.6,5,20115,0,,,4,1034476.0,160399.0,40.6067922,-73.8191151,24d,,New York
QN,3866,35,405.0,32.0,11385.0,104.0,88 PLACE,NY,V0,11,,HENRICH RUECKHEIM,3644,0,25.0,145.75,5,15720,0,,,4,1023458.0,194912.0,40.7015783,-73.8585948,14b,,New York
QN,12529,202,412.0,27.0,11434.0,113.0,172-02 129 AVENUE,NY,V0,11,X,UNAVAILABLE OWNER,4800,0,60.0,80.0,5,0,0,,,4,1047705.0,186810.0,40.6791996,-73.7712237,19a,,New York
QN,1283,23,403.0,25.0,11372.0,115.0,37-38 73 STREET,NY,V1,11,,"FAISAL DEVELOPMENT, LLC",3442,0,40.0,90.86,5,261450,0,,,4,1013959.0,211730.0,40.7477766,-73.8927791,9d,,New York
QN,12099,36,412.0,28.0,11436.0,113.0,135TH AVENUE,NY,V1,11,,JFK HOTEL PARTNERS LLC,11967,0,30.0,168.0,5,498150,0,,,4,1041040.0,182598.0,40.6676839,-73.7952886,18d,,New York
QN,431,6,402.0,26.0,11101.0,108.0,42-55 27 STREET,NY,V1,11,,27 HUNTER LLC,1115,0,25.0,44.58,5,112950,0,,,4,1000622.0,212082.0,40.7487775,-73.9409119,9b,,New York
QN,576,35,401.0,22.0,11102.0,114.0,27-02 30 AVENUE,NY,V1,11,X,MOUNT SINAI HOSPITAL,1800,0,18.0,100.0,5,104400,0,,,4,1005223.0,219079.0,40.7679727,-73.9242847,9a,,New York
QN,679,43,401.0,22.0,11103.0,114.0,41-14 31 AVENUE,NY,V1,11,,41-14 31 AVENUE REALTY LLC,2500,0,25.0,100.0,5,236700,0,,,4,1007535.0,216358.0,40.7604985,-73.9159475,9a,,New York
QN,2631,156,405.0,30.0,11378.0,104.0,59-96 57 STREET,NY,V1,11,X,UNAVAILABLE OWNER,1695,0,339.0,5.0,5,0,0,,,4,1008627.0,200963.0,40.7182401,-73.9120614,13c,,New York
QN,3467,102,405.0,34.0,11385.0,104.0,1857 GATES AVENUE,NY,V0,11,,"PINDEL, MARIUSZ M",625,0,25.0,25.0,5,3720,0,,,4,1009915.0,195969.0,40.7045291,-73.9074341,13d,,New York
QN,9757,44,412.0,27.0,11432.0,103.0,90-36 161 STREET,NY,V1,11,,"SANDLOW REALTY, LLC",1529,0,13.08,52.8,5,108000,0,,,4,1039981.0,195948.0,40.7043332,-73.7989956,14d,,New York
QN,12958,106,413.0,31.0,11413.0,116.0,218-36 133 ROAD,NY,V3,11,,BROOKLYN 99 LLC,1892,0,20.0,95.08,5,12240,0,,,4,1053681.0,186978.0,40.6796158,-73.7496766,19a,,New York
QN,15563,101,414.0,31.0,11691.0,101.0,3 MORSE COURT,NY,V0,11,,MORSE COURT PARTNERS LLC,8653,0,83.2,134.45,5,27780,0,,,4,1053420.0,158584.0,40.6016828,-73.7509087,31a,,New York
QN,9525,46,410.0,28.0,11417.0,106.0,102-01 ROCKAWAY BOULEVARD,NY,V0,11,X,CALVARY ASSEMBLT OFGOD,2296,0,28.0,82.0,5,11040,0,,,4,1029246.0,187053.0,40.6799796,-73.8377727,18a,,New York
QN,9501,36,409.0,29.0,11419.0,102.0,133-13 LIBERTY AVENUE,NY,V1,11,,OICS 6 LLC,2500,0,50.0,50.0,5,95400,0,,,4,1036030.0,191253.0,40.6914706,-73.8132817,18c,,New York
QN,10457,5,412.0,23.0,11423.0,103.0,192-12 HILLSIDE AVENUE,NY,V0,11,,"SINGH, GOKARAN",3902,0,40.0,118.0,5,10809,0,,,4,1048162.0,200306.0,40.7162395,-73.769448,15a,,New York
QN,10840,18,412.0,27.0,11423.0,103.0,193-10 99 AVENUE,NY,V1,11,X,PILGRIM PENTCSTL COMM/CH,2000,0,20.0,100.0,5,40500,0,,,4,1049237.0,198020.0,40.7099572,-73.7655922,15b,,New York
QN,15961,83,414.0,31.0,11691.0,101.0,546 BEACH 43 STREET,NY,V0,11,C,NYC HOUSING PRESERVATION AND DEVELOPMENT,3800,0,40.0,95.0,5,10860,0,,,4,1046719.0,158090.0,40.6003766,-73.7750445,31a,,New York
QN,157,28,402.0,26.0,11104.0,108.0,41-12 45 STREET,NY,V0,11,,"BH VILLAGE, LLC",9999,0,100.0,99.67,5,131520,0,,,4,1006604.0,211146.0,40.7461953,-73.9193255,9b,,New York
QN,3711,13,405.0,32.0,11385.0,104.0,72-08 MYRTLE AVENUE,NY,V0,11,,ALBANIAN-AMERICAN ISLAMIC CENTER OF QUEE NS INC.,2107,0,20.33,107.25,5,6060,0,,,4,1018131.0,195039.0,40.7019489,-73.8778062,13d,,New York
QN,9500,59,409.0,29.0,11419.0,102.0,101-41 132 STREET,NY,V0,11,,107 SHERIDAN CORP,5046,0,50.0,100.92,5,22920,0,,,4,1035676.0,191412.0,40.691909,-73.814557,18c,,New York
QN,9706,69,408.0,24.0,11432.0,107.0,153-01 HILLSIDE AVENUE,NY,V1,11,X,"153 HILLSIDE AVE., LLC",7000,0,70.0,100.0,5,638100,0,,,4,1038429.0,197097.0,40.7074966,-73.8045839,14d,,New York
QN,4256,108,407.0,19.0,11354.0,109.0,120-05 GRAHAM COURT,NY,V0,11,,CP DEVELOPMENT PROPERTY LLC,6520,0,40.0,163.0,5,43140,0,,,4,1026379.0,221822.0,40.775426,-73.8478916,10a,,New York
QN,6112,58,411.0,19.0,11361.0,111.0,34-39 213 STREET,NY,V0,11,,"MESKOURIS, PETER C",2814,0,42.0,67.0,5,14220,0,,,4,1046686.0,219610.0,40.7692346,-73.7745932,11a,,New York
QN,10150,6,412.0,28.0,11433.0,103.0,108-51 UNION HALL STREET,NY,V1,11,C,NYC HOUSING PRESERVATION AND DEVELOPMENT,2442,0,22.01,111.0,5,189900,0,,,4,1042215.0,192558.0,40.6950141,-73.7909674,14d,,New York
QN,3974,95,407.0,19.0,11356.0,109.0,9-02 127 STREET,NY,V0,11,,"KAKAR, ABDUL QADUL",2500,0,25.0,100.0,3,19020,0,,,4,1028211.0,226838.0,40.7891847,-73.8412443,7b,,New York
QN,3899,28,406.0,29.0,11375.0,112.0,70 DRIVE,NY,V0,11,,"WYMAN, DIANA",35,0,7.0,4.0,8,183,0,,,4,1025181.0,197423.0,40.7084626,-73.8523655,14b,,New York
QN,1999,69,404.0,21.0,11368.0,110.0,43-09 108 STREET,NY,V0,11,,108 CENTRAL CORONA LLC,2500,0,25.0,100.0,5,17340,0,,,4,1023799.0,211999.0,40.7484764,-73.8572646,10b,,New York
QN,14193,5,410.0,32.0,11414.0,106.0,161 AVENUE,NY,V0,11,,"VACCARO, JAMES",2000,0,20.0,100.0,5,5760,0,,,4,1030081.0,178394.0,40.6562084,-73.8348211,18b,,New York
QN,842,76,401.0,22.0,11105.0,114.0,23-14 31 STREET,NY,V1,11,,ASTORIA 1 PLAZA LLC,4000,0,25.0,160.0,5,241650,0,,,4,1008171.0,221365.0,40.7742397,-73.9136339,9a,,New York
QN,8273,19,411.0,19.0,11362.0,111.0,53-41 CONCORD STREET,NY,V0,11,,"CHEN, CHIN-CHENG",3773,0,97.0,81.0,5,17280,0,,,4,1060094.0,219043.0,40.7675734,-73.7261943,11c,,New York
QN,8842,147,409.0,32.0,11421.0,102.0,78-19 JAMAICA AVENUE,NY,V1,11,,78-19 JAMAICA AVENUE LLC,4040,0,40.0,101.25,3,155700,0,,,4,1022089.0,191475.0,40.6921505,-73.8635515,18a,,New York
QN,1213,91,402.0,26.0,11377.0,108.0,58-15 38 AVENUE,NY,V0,11,,"SAMA, ALICIA",2050,0,25.0,82.0,3,31320,0,,,4,1010726.0,211918.0,40.7483028,-73.9044463,9d,,New York
