borough,Tax block,Tax lot,community board,council district,postcode,policeprct,address,state,bldgclass,landuse,ownertype,ownername,lotarea,unitstotal,lotfront,lotdepth,lottype,assessland,yearbuilt,histdist,landmark,borocode,x,y,latitude,longitude,zonemap,notes,city
BX,4987,83,212.0,12.0,10466.0,47.0,2127 STRANG AVENUE,NY,V0,11,,"BRIDGE, RAPHAEL",2000,0,20.0,100.0,3,5880,0,,,2,1028991.0,264070.0,40.8913716,-73.8381791,2b,,New York
BX,4107,47,211.0,13.0,10461.0,49.0,1632 TOMLINSON AVENUE,NY,V0,11,,"GASHI, KALTRINA",2125,0,25.0,85.0,5,5340,0,,,2,1025700.0,248138.0,40.8476592,-73.8501807,4b,,New York
BX,4098,56,211.0,13.0,10462.0,49.0,1648 COLDEN AVENUE,NY,V0,11,,JOHN RADOVANOVICH,2500,0,25.0,100.0,5,7200,0,,,2,1024501.0,247626.0,40.8462595,-73.8545175,4b,,New York
BX,4192,52,210.0,13.0,10461.0,45.0,2865 BUHRE AVENUE,NY,V0,11,,E PLUS A REALTY LLC,1859,0,20.33,91.42,3,7500,0,,,2,1030327.0,248092.0,40.84751,-73.8334569,4b,,New York
BX,4984,7,212.0,12.0,10466.0,47.0,4028 WILDER AVENUE,NY,V0,11,,BARLOW ELEANOR,2375,0,25.0,95.0,5,7380,0,,,2,1028246.0,264046.0,40.8913094,-73.8408738,2b,,New York
BX,3096,51,206.0,15.0,10457.0,48.0,2116 CROTONA AVENUE,NY,V0,11,,CROTONA GARDEN APARTMENTS LLC,2552,0,25.0,102.08,5,12060,0,,,2,1015207.0,248448.0,40.8485531,-73.8881057,3d,,New York
BX,4988,16,212.0,12.0,10466.0,47.0,4042 SETON AVENUE,NY,V0,11,,"GUNTER , COURTNEY",600,0,8.5,100.0,8,366,0,,,2,1029163.0,264506.0,40.8925674,-73.8375541,2b,,New York
BX,4988,15,212.0,12.0,10466.0,47.0,4040 SETON AVENUE,NY,V0,11,,"GUNTER , COURTNEY",1800,0,16.25,100.0,5,5640,0,,,2,1029176.0,264497.0,40.8925426,-73.8375071,2b,,New York
BX,5097,63,212.0,11.0,10466.0,47.0,4421 HILL AVENUE,NY,V0,11,,LANZI JOHN A,2450,0,25.0,98.0,5,6900,0,,,2,1027607.0,267432.0,40.9006061,-73.843163,2a,,New York
BX,3131,17,206.0,15.0,10460.0,48.0,956 EAST 179 STREET,NY,V0,11,,RIVERCOURT HOMES,8999,0,24.0,160.0,5,52380,0,,,2,1017133.0,246153.0,40.842247,-73.8811554,3d,,New York
BX,3132,13,206.0,15.0,10460.0,48.0,963 EAST 179 STREET,NY,V0,11,,RIVERCOURT HOMES HOMEOWN,3511,0,34.0,103.25,3,15240,0,,,2,1017157.0,246366.0,40.8428316,-73.8810676,3d,,New York
BX,4980,4,212.0,12.0,10466.0,47.0,4016 GRACE AVENUE,NY,V0,11,,"SINGH, BHARAT",2375,0,25.0,95.0,5,7380,0,,,2,1027298.0,263689.0,40.8903343,-73.8443049,2b,,New York
BX,3380,11,212.0,11.0,10470.0,47.0,4420 VAN CORTLANDT PARK E,NY,V0,11,,DONALD GIACCONE,600,0,23.2,36.0,5,1500,0,,,2,1020114.0,267354.0,40.9004256,-73.8702681,1c,,New York
BX,4955,31,212.0,12.0,10466.0,47.0,3950 BAYCHESTER AVENUE,NY,V0,11,,BAYCHESTER AVENUE TRUST,3750,0,50.0,75.0,3,11160,0,,,2,1027865.0,263600.0,40.8900872,-73.8422547,2b,,New York
BX,4979,43,212.0,12.0,10466.0,47.0,1904 EDENWALD AVENUE,NY,V0,11,,HENRY A SKINNER & EDNA R SKINNER IRREV T RUST,2500,0,25.0,100.0,5,8340,0,,,2,1026830.0,264351.0,40.8921535,-73.8459933,2b,,New York
BX,4979,70,212.0,12.0,10466.0,47.0,4053 GRACE AVENUE,NY,V0,11,,REYNOLDS  SHIRLEY L,2375,0,25.0,95.0,5,7380,0,,,2,1027059.0,263960.0,40.8910792,-73.8451675,2b,,New York
BX,4955,28,212.0,12.0,10466.0,47.0,3944 BAYCHESTER AVENUE,NY,V0,11,,"MARION SCHAINBERG, TRUSTEE THE BAYCHESTER AVE TRUST",1875,0,25.0,75.0,5,5820,0,,,2,1027890.0,263516.0,40.8898565,-73.8421649,2b,,New York
BX,4955,30,212.0,12.0,10466.0,47.0,3948 BAYCHESTER AVENUE,NY,V0,11,,BAYCHESTER AVENUE TRUST,1875,0,25.0,75.0,5,5820,0,,,2,1027877.0,263562.0,40.8899828,-73.8422116,2b,,New York
BX,4955,29,212.0,12.0,10466.0,47.0,3946 BAYCHESTER AVENUE,NY,V0,11,,BAYCHESTER AVENUE TRUST,1875,0,25.0,75.0,5,5820,0,,,2,1027883.0,263538.0,40.8899169,-73.84219,2b,,New York
BX,4986,57,212.0,12.0,10466.0,47.0,4061 MONTICELLO AVENUE,NY,V0,11,,"HEMMINGS, CAROLYN",2375,0,25.0,95.0,5,7380,0,,,2,1028715.0,264600.0,40.8928276,-73.8391738,2b,,New York
BX,4984,72,212.0,12.0,10466.0,47.0,4045 MURDOCK AVENUE,NY,V0,11,,"KENNEDY, RYAN",2500,0,25.0,100.0,5,8340,0,,,2,1028276.0,264289.0,40.8919762,-73.8407637,2b,,New York
BX,4985,36,212.0,12.0,10466.0,47.0,4074 MURDOCK AVENUE,NY,V0,11,,"CAMPBELL, JOUBERT",2500,0,25.0,100.0,5,8340,0,,,2,1028331.0,264669.0,40.8930189,-73.8405623,2b,,New York
BX,4988,1,212.0,12.0,10466.0,47.0,4010 SETON AVENUE,NY,V0,11,,CATHERINE J BRYANT,2500,0,25.0,100.0,5,8700,0,,,2,1029257.0,264211.0,40.8917572,-73.8372161,2b,,New York
BX,4987,73,212.0,12.0,10466.0,47.0,4013 SETON AVENUE,NY,V0,11,,MARTINELLI RICHARD,2500,0,25.0,100.0,5,8700,0,,,2,1029096.0,264192.0,40.8917059,-73.8377985,2b,,New York
BX,4984,26,212.0,12.0,10466.0,47.0,4056 WILDER AVENUE,NY,V0,11,,HENS & ANNE EUSTACHE,2375,0,25.0,95.0,5,7380,0,,,2,1028141.0,264405.0,40.8922953,-73.8412512,2b,,New York
BX,4985,40,212.0,12.0,10466.0,47.0,2074 EDENWALD AVENUE,NY,V0,11,,"AMEN HOMES, LLC",2500,0,25.0,100.0,3,7200,0,,,2,1028264.0,264768.0,40.893291,-73.840804,2a,,New York
BX,4975,27,212.0,11.0,10466.0,47.0,4025 GUNTHER AVENUE,NY,V1,11,,GUNTHER NORTHEAST BRONX DEVELOPMENT CORP ORATION,2500,0,25.0,100.0,5,53550,0,,,2,1025976.0,264035.0,40.8912903,-73.8490841,2b,,New York
BX,4977,29,212.0,12.0,10466.0,47.0,1804 EDENWALD AVENUE,NY,V0,11,,"PAUL, RONNIE",5000,0,50.0,100.0,5,21420,0,,,2,1026376.0,264215.0,40.8917824,-73.8476362,2b,,New York
BX,4976,5,212.0,12.0,10466.0,47.0,4010 GUNTHER AVENUE,NY,V0,11,,"MULLINGS, DONALD",2500,0,25.0,100.0,5,8700,0,,,2,1026158.0,263983.0,40.8911467,-73.8484261,2b,,New York
BX,4984,11,212.0,12.0,10466.0,47.0,4032A WILDER AVENUE,NY,V0,11,,HECTOR M GARCIA,2375,0,25.0,95.0,5,7380,0,,,2,1028225.0,264119.0,40.8915099,-73.8409493,2b,,New York
BX,4977,38,212.0,12.0,10466.0,47.0,4065 BRUNER AVENUE,NY,V0,11,,"TAMES, PETER",2500,0,25.0,100.0,5,8340,0,,,2,1026466.0,264177.0,40.8916777,-73.8473109,2b,,New York
BX,4984,88,212.0,12.0,10466.0,47.0,4015 MURDOCK AVENUE,NY,V0,11,,FAKULUJO AMOS,2500,0,25.0,100.0,5,8340,0,,,2,1028361.0,264001.0,40.8911853,-73.8404582,2b,,New York
BX,4984,65,212.0,12.0,10466.0,47.0,4055 MURDOCK AVENUE,NY,V0,11,,"ARTACHE, CARMEN",5000,0,50.0,100.0,5,21420,0,,,2,1028245.0,264397.0,40.8922728,-73.8408751,2b,,New York
BX,4988,8,212.0,12.0,10466.0,47.0,4024 SETON AVENUE,NY,V0,11,,JEAN-LOUIS NICOLE,2500,0,25.0,100.0,5,8700,0,,,2,1029221.0,264332.0,40.8920895,-73.8373455,2b,,New York
BX,5232,1,212.0,12.0,10475.0,47.0,2074 TILLOTSON AVENUE,NY,V0,11,,NEW DHAKA LLC,2108,0,31.47,136.59,3,6180,0,,,2,1030025.0,259841.0,40.879759,-73.8344682,2b,,New York
BX,3932,18,209.0,18.0,10462.0,43.0,2047 WESTCHESTER AVENUE,NY,V5,11,X,RC CH OF ST HELENA,4085,0,40.74,100.3,5,99900,0,,,2,1024087.0,243163.0,40.8340117,-73.8560403,4b,,New York
BX,3932,1,209.0,18.0,10462.0,43.0,2061 WESTCHESTER AVENUE,NY,V5,11,X,R C CHURCH ST HELENA,9150,0,198.52,50.03,3,265050,0,,,2,1024316.0,243173.0,40.8340382,-73.8552127,4b,,New York
BX,3334,38,207.0,11.0,10467.0,52.0,3065 PERRY AVENUE,NY,V0,11,,3065-3067 PERRY REALTY LLC,7500,0,75.0,100.0,0,25500,0,,,2,1017577.0,257319.0,40.8728927,-73.8794952,1d,,New York
BX,3331,30,207.0,11.0,10467.0,52.0,3080 DECATUR AVENUE,NY,V0,11,,ANTHONY OMORUAN,3000,0,25.0,120.0,5,9900,0,,,2,1017877.0,256639.0,40.8710251,-73.8784139,3c,,New York
BX,3621,1,209.0,18.0,10473.0,43.0,1400 STORY AVENUE,NY,V1,11,,49-47 31ST STREET LLC,261700,0,501.0,501.08,3,4617000,0,,,2,1017002.0,237946.0,40.8197217,-73.8816689,6c,,New York
BX,5283,43,212.0,12.0,10475.0,47.0,3536 PEARTREE AVENUE,NY,V1,11,,3536 PEARTREE INDUSTRIAL LLC,38855,0,288.42,200.0,4,665550,0,,,2,1032522.0,262171.0,40.8861408,-73.8254218,2b,,New York
BX,2902,30,203.0,16.0,10456.0,42.0,3728 PARK AVENUE,NY,V1,11,,NYC HOUSING AUTHORITY,26261,0,167.86,170.29,3,240108,0,,,2,1010593.0,244113.0,40.8366698,-73.9048001,3d,,New York
BX,3943,207,209.0,18.0,10462.0,43.0,2020 EAST TREMONT AVENUE,NY,V1,11,,PARKCHESTER MANAGEMENT CORP,6483,0,157.89,41.06,5,578700,0,,,2,1023144.0,245918.0,40.8415776,-73.8594321,4b,,New York
BX,5285,3,212.0,12.0,10475.0,47.0,2370 HOLLERS AVENUE,NY,V1,11,X,GABRIELLI HOLLERS AVE REALTY LLC,139589,0,973.63,226.66,3,2542950,0,,,2,1033576.0,262040.0,40.8857754,-73.8216109,2d,,New York
BX,2698,70,202.0,17.0,10459.0,41.0,931 ROGERS PLACE,NY,V0,11,,"PROMESA FOUNDATION, INC.",17717,0,224.0,80.0,5,103140,0,,,2,1012381.0,238829.0,40.8221612,-73.8983606,6c,,New York
BX,5944,114,208.0,11.0,10471.0,50.0,561 WEST 249 STREET,NY,V0,11,,MARK D ALTMAN,8534,0,146.5,105.0,5,39060,0,,,2,1009421.0,266167.0,40.8972047,-73.9089527,1c,,New York
BX,5913,885,208.0,11.0,10471.0,50.0,4640 INDEPENDENCE AVENUE,NY,V0,11,,GRAJOWER MARTIN,5826,0,73.0,88.25,5,26940,0,,,2,1008750.0,264713.0,40.8932158,-73.9113851,1d,,New York
BX,3064,20,206.0,15.0,10457.0,48.0,4428 3 AVENUE,NY,V1,11,X,"ST. BARNABAS NURSING HOME, INC.",30642,0,148.88,232.0,0,1260900,0,,,2,1014323.0,249898.0,40.852536,-73.8912944,3c,,New York
BX,5263,162,212.0,12.0,10475.0,47.0,32 REEDS MILL LANE,NY,V0,11,,JERUSHA H INSELL,1725,0,23.0,75.0,6,5976,0,,,2,1030766.0,260451.0,40.8814294,-73.8317844,2b,,New York
BX,5328,22,210.0,13.0,10465.0,45.0,1117 STADIUM AVENUE,NY,V0,11,,"MURPHY, SILVIA",1232,0,74.33,38.58,5,3120,0,,,2,1034659.0,244010.0,40.8362825,-73.8178298,4d,,New York
BX,5745,91,208.0,11.0,10463.0,50.0,2729 WEST 259 STREET,NY,V0,11,,HIGHPOINT-ON-THE HUDSON,28413,0,188.42,239.13,5,148920,0,,,2,1005986.0,261256.0,40.8837347,-73.9213935,1b,,New York
BX,5316,5,210.0,13.0,10465.0,45.0,3147 FAIRFAX AVENUE,NY,V0,11,C,NYC DEPARTMENT OF CITYWIDE ADMINISTRATIVE SERVICES,49,0,7.42,6.67,8,177,0,,,2,1033287.0,243456.0,40.8347696,-73.8227921,4d,,New York
BX,3733,51,209.0,18.0,10472.0,43.0,1061 VIRGINIA AVENUE,NY,V0,11,,"ADALSHA, NASEEM",2559,0,25.25,101.33,5,12120,0,,,2,1023097.0,240934.0,40.8278982,-73.8596308,4b,,New York
BX,3053,43,206.0,15.0,10458.0,48.0,4597 3 AVENUE,NY,V1,11,,CITY OF NEW YORK,121,0,21.59,13.01,3,900,0,,,2,1014411.0,251128.0,40.8559117,-73.8909708,3c,,New York
BX,2573,35,201.0,8.0,10454.0,40.0,327 CONCORD AVENUE,NY,V1,11,,ROY ALLEN,1600,0,20.0,80.0,5,55350,0,,,2,1008922.0,233319.0,40.8070481,-73.9108785,6c,,New York
BX,2572,76,201.0,8.0,10454.0,40.0,370 POWERS AVENUE,NY,V0,11,,"SBC NEHEMIAH HOMEOWNERS ASSOCIATION II,  INC.",8398,0,42.0,199.23,4,20880,0,,,2,1008794.0,233866.0,40.8085499,-73.9113389,6c,,New York
BX,3034,23,206.0,15.0,10457.0,48.0,448 EAST 178 STREET,NY,V1,11,,"441 AMANDA LOTS, LLC",2598,0,24.25,108.0,5,39150,0,,,2,1012400.0,248379.0,40.8483731,-73.8982519,3d,,New York
BX,2296,9,201.0,8.0,10454.0,40.0,344 EAST 134 STREET,NY,V1,11,,"RYAN LEE PROPERTIES,",2500,0,25.0,100.0,5,67050,0,,,2,1004588.0,233320.0,40.8070619,-73.926534,6a,,New York
BX,2296,8,201.0,8.0,10454.0,40.0,342 EAST 134 STREET,NY,V1,11,,YAHOO OUTDOOR INC.,2100,0,21.0,100.0,5,53100,0,,,2,1004569.0,233330.0,40.8070894,-73.9266026,6a,,New York
BX,2394,23,203.0,16.0,10456.0,42.0,412 EAST 168 STREET,NY,V1,11,X,"MAGENTA REATLY, LLC",1777,0,25.0,71.06,5,24300,0,,,2,1009404.0,242372.0,40.8318947,-73.9091035,3d,,New York
BX,2952,32,206.0,15.0,10460.0,48.0,768 EAST 175 STREET,NY,V0,11,,PPG 175 STREET LLC,3504,0,25.0,140.17,5,16200,0,,,2,1014294.0,245800.0,40.8412883,-73.8914176,3d,,New York
BX,2958,77,206.0,15.0,10460.0,48.0,1828 WATERLOO PLACE,NY,V0,11,,BAEZ CARLOS,1625,0,25.0,65.0,5,7740,0,,,2,1015408.0,245456.0,40.8403402,-73.8873931,3d,,New York
BX,2958,54,206.0,15.0,10460.0,48.0,1827 WATERLOO PLACE,NY,V0,11,,1827 WATERLOO LLC,4620,0,66.0,70.0,5,20220,0,,,2,1015306.0,245510.0,40.8404888,-73.8877615,3d,,New York
BX,2657,20,201.0,17.0,10456.0,40.0,861 TINTON AVENUE,NY,V1,11,,861 TINTON AVENUE LLC,2430,0,25.0,97.18,5,61200,0,,,2,1010771.0,238344.0,40.820835,-73.9041796,6c,,New York
BX,2977,148,203.0,17.0,10460.0,42.0,906 EAST 173 STREET,NY,V0,11,,MINFORD REAL ESTATE LLC,3300,0,33.0,100.0,3,14340,0,,,2,1014834.0,243809.0,40.8358217,-73.8894751,3d,,New York
BX,3051,5,206.0,15.0,10457.0,48.0,2244 BATHGATE AVENUE,NY,V0,11,X,ST BARNABAS HOSPITAL,4059,0,42.67,95.6,5,16320,0,,,2,1013979.0,250230.0,40.8534484,-73.8925364,3c,,New York
BX,3039,105,206.0,15.0,10458.0,48.0,457 EAST 185 STREET,NY,V0,11,,D. ROHPARVAR DEVELOPMENT CORP.,1666,0,16.66,100.0,5,7260,0,,,2,1013908.0,251491.0,40.8569097,-73.8927875,3c,,New York
BX,3050,69,206.0,15.0,10457.0,48.0,502 EAST 183 STREET,NY,V1,11,,2273 BASSFORD AVE LLC,4027,0,73.33,75.62,0,93150,0,,,2,1013971.0,250653.0,40.8546094,-73.8925635,3c,,New York
BX,3050,30,206.0,15.0,10457.0,48.0,2259 BASSFORD AVENUE,NY,V0,11,,JESUS IS LORD GLOBAL MINISTRY CHURCH (US A),986,0,24.66,40.33,5,3138,0,,,2,1013859.0,250679.0,40.8546812,-73.8929682,3c,,New York
BX,3052,14,206.0,15.0,10458.0,48.0,4545 3 AVENUE,NY,V1,11,X,ST. BARNABAS HOSPITAL,3074,0,25.0,122.97,5,167850,0,,,2,1014448.0,250670.0,40.8546545,-73.8908391,3c,,New York
BX,3038,87,206.0,15.0,10458.0,48.0,452 EAST 183 STREET,NY,V1,11,,183RD STREET REALTY CORP,2500,0,25.0,100.0,5,37350,0,,,2,1013539.0,250944.0,40.8554096,-73.8941238,3c,,New York
BX,3044,82,206.0,15.0,10457.0,48.0,4277 3 AVENUE,NY,V1,11,,4277 REALTY INC.,12480,0,126.83,100.0,5,430200,0,,,2,1013133.0,248424.0,40.8484943,-73.8956023,3d,,New York
BX,2923,50,206.0,15.0,10457.0,48.0,507 EAST 175 STREET,NY,V1,11,,"CROSS BX RESIDENCE,INC",368,0,8.07,53.43,8,1539,0,,,2,1012506.0,246935.0,40.8444094,-73.8978749,3d,,New York
BX,3036,34,206.0,15.0,10457.0,48.0,2089 WASHINGTON AVENUE,NY,V0,11,,VISTA PURCHASE HOLDINGS LLC,2006,0,21.25,94.42,5,8700,0,,,2,1013039.0,249474.0,40.8513765,-73.8959375,3c,,New York
BX,3034,51,206.0,15.0,10457.0,48.0,459 EAST TREMONT AVENUE,NY,V1,11,,MERRICK CAPITOL CORPORATION,2124,0,20.58,103.17,5,131850,0,,,2,1012348.0,248005.0,40.8473468,-73.8984414,3d,,New York
BX,3271,150,208.0,11.0,10463.0,50.0,171 WEST 239TH STREET,NY,V0,11,,160 VAN CORTLANDT PARK SOUTH HOUSING DEV ELOPMENT,56048,0,260.66,240.0,3,81600,0,,,2,1012374.0,262019.0,40.8858108,-73.8982886,1d,,New York
BX,5775,222,208.0,11.0,10463.0,50.0,3815 TIBBETT AVENUE,NY,V1,11,,MANHATTAN COLLEGE,4500,0,50.0,90.0,5,62550,0,,,2,1011304.0,262337.0,40.886687,-73.902157,1d,,New York
BX,5775,204,208.0,11.0,10463.0,50.0,3820 IRWIN AVENUE,NY,V1,11,X,MANHATTAN COLLEGE,4500,0,50.0,90.0,5,62550,0,,,2,1011219.0,262378.0,40.8867998,-73.9024643,1d,,New York
BX,5776,609,208.0,11.0,10471.0,50.0,4572 MANHATTAN COLLEGE PY,NY,V1,11,,ROYA 329 LLC,6625,0,53.0,125.0,5,197100,0,,,2,1011906.0,263257.0,40.8892102,-73.8999761,1d,,New York
BX,5759,614,208.0,11.0,10463.0,50.0,3465 IRWIN AVENUE,NY,V0,11,,AAM DEVELOPMENT LLC,3997,0,28.75,139.58,0,27360,0,,,2,1010477.0,261818.0,40.885265,-73.90515,1d,,New York
BX,2898,55,203.0,15.0,10457.0,42.0,415 EAST 173 STREET,NY,V1,11,,THIRD BATH REALTY LLC,1487,0,16.66,89.64,5,21825,0,,,2,1011128.0,246424.0,40.8430112,-73.9028574,3d,,New York
BX,3321,45,207.0,14.0,10468.0,52.0,3101 VILLA AVENUE,NY,V0,11,,VILLA GARDENS OF THE BRONX LLC,697,0,17.17,40.58,5,5160,0,,,2,1015243.0,257932.0,40.8745837,-73.8879317,1d,,New York
BX,3321,47,207.0,14.0,10468.0,52.0,3097 VILLA AVENUE,NY,V0,11,,VILLA GARDENS OF THE BRONX LLC,2060,0,19.0,108.42,5,14460,0,,,2,1015200.0,257911.0,40.8745262,-73.8880873,1d,,New York
BX,3321,49,207.0,14.0,10468.0,52.0,3093 VILLA AVENUE,NY,V0,11,,VILLA GARDENS OF THE BRONX LLC,3415,0,25.0,136.58,5,13740,0,,,2,1015159.0,257882.0,40.8744467,-73.8882357,1d,,New York
BX,3321,46,207.0,14.0,10468.0,52.0,3099 VILLA AVENUE,NY,V0,11,,VILLA GARDENS OF THE BRONX LLC,731,0,18.0,40.58,5,5580,0,,,2,1015222.0,257923.0,40.874559,-73.8880077,1d,,New York
BX,3321,48,207.0,14.0,10468.0,52.0,3095 VILLA AVENUE,NY,V0,11,,VILLA GARDENS OF THE BRONX LLC,2060,0,19.0,108.42,5,14460,0,,,2,1015180.0,257898.0,40.8744906,-73.8881597,1d,,New York
BX,3306,45,207.0,14.0,10458.0,52.0,221 BEDFORD PARK BLVD,NY,V0,11,,BEDFORD PARK TOWERS LLC,6938,0,75.0,92.42,3,36420,0,,,2,1015557.0,256870.0,40.8716677,-73.8868013,1d,,New York
BX,2389,33,203.0,16.0,10456.0,42.0,1207 WASHINGTON AVENUE,NY,V0,11,X,EVANGELICAL CHUR/GODINC,3407,0,24.33,140.0,5,16080,0,,,2,1009877.0,242095.0,40.8311331,-73.9073953,3d,,New York
BX,2389,47,203.0,16.0,10456.0,42.0,1169 WASHINGTON AVENUE,NY,V0,11,X,NEIGHBORHOOD RESTORE HOUSING DEVELOPMENT  FUND CORP,5828,0,45.2,140.25,5,34020,0,,,2,1009755.0,241793.0,40.8303045,-73.9078373,3d,,New York
BX,2389,13,203.0,16.0,10456.0,42.0,3488 PARK AVENUE,NY,V1,11,,PARK BROOK LLC,3825,0,25.0,152.96,5,54450,0,,,2,1009683.0,242020.0,40.8309278,-73.9080966,3d,,New York
BX,2389,14,203.0,16.0,10456.0,42.0,3492 PARK AVENUE,NY,V1,11,X,BETH-EL THE HOUSE OF,6110,0,40.0,152.75,5,99450,0,,,2,1009696.0,242050.0,40.8310101,-73.9080495,3d,,New York
BX,5075,10,212.0,11.0,10470.0,47.0,601 EAST 239 STREET,NY,V0,11,,WHITEDEV CORP.,4500,0,45.0,100.0,3,18480,0,,,2,1024024.0,267809.0,40.9016577,-73.8561217,2a,,New York
BX,4066,37,211.0,13.0,10461.0,49.0,1558 LURTING AVENUE,NY,V0,11,,"HYLAND, PATRICK J",2500,0,25.0,100.0,5,7200,0,,,2,1025636.0,247243.0,40.845203,-73.8504175,4b,,New York
BX,2566,62,201.0,8.0,10454.0,40.0,764 EAST 138 STREET,NY,V1,11,,"MERCURY STORAGE 1-C, LLC",3500,0,35.0,100.0,3,91350,0,,,2,1008705.0,232229.0,40.804057,-73.9116663,6d,,New York
BX,2462,20,204.0,16.0,10456.0,44.0,1063 CARROLL PLACE,NY,V0,11,,"GCNH MANAGEMENT ASSOCIATES, INC.",4339,0,51.21,84.73,5,35100,0,,,2,1006559.0,242168.0,40.8313424,-73.9193848,3b,,New York
BX,4165,17,210.0,13.0,10461.0,45.0,1630 EDISON AVENUE,NY,V0,11,,VINCENT CATONIA,2500,0,25.0,100.0,5,12540,0,,,2,1030590.0,246993.0,40.8444922,-73.8325139,4b,,New York
BX,5263,169,212.0,12.0,10475.0,47.0,2168 REEDS MILL LANE,NY,V0,11,,"UNIQUE LIFE VENTURES, LLC",5660,0,28.0,77.0,6,23520,0,,,2,1030853.0,260580.0,40.881783,-73.8314689,2b,,New York
BX,2351,35,201.0,8.0,10451.0,40.0,100 EAST 149 STREET,NY,V1,11,,RGDC 149 LLC,4105,0,46.87,101.07,3,195300,0,,,2,1003619.0,237637.0,40.8189131,-73.9300218,6a,,New York
BX,5260,32,212.0,12.0,10475.0,47.0,3400 BOLLER AVENUE,NY,V0,11,,"TIERNEY, DEAN T",5000,0,50.0,100.0,3,18060,0,,,2,1029959.0,260012.0,40.8802287,-73.8347057,2b,,New York
BX,3367,21,212.0,11.0,10470.0,47.0,78 EAST 237 STREET,NY,V0,11,,"MCNICHOLAS, MICHAEL  A",1455,0,30.0,48.51,5,3660,0,,,2,1019178.0,266523.0,40.8981486,-73.8736583,1c,,New York
BX,5745,36,208.0,11.0,10463.0,50.0,2729 PALISADE AVENUE,NY,V0,11,,HENRY KIBEL/ ANITA  LEVENSON,39200,0,364.0,106.75,5,205500,0,,,2,1006194.0,261226.0,40.8836518,-73.9206414,1b,,New York
BX,2892,32,205.0,15.0,10457.0,46.0,330 EAST 176 STREET,NY,V0,11,X,COMMUNITY ACCESS HOUSING DEVELOPMENT FUN D COMPANY,1927,0,21.8,108.12,5,7320,0,,,2,1011197.0,248040.0,40.8474464,-73.9026015,3d,,New York
BX,3952,7,209.0,18.0,10462.0,43.0,1894 EAST TREMONT AVENUE,NY,V1,11,,ZP REALTY LLC,9000,0,83.0,80.0,3,260550,0,,,2,1021965.0,245700.0,40.8409844,-73.8636944,4b,,New York
BX,3952,1,209.0,18.0,10462.0,43.0,1584 WHITE PLAINS ROAD,NY,V1,11,,ZP REALTY LLC,7095,0,125.42,56.42,5,216000,0,,,2,1021901.0,245564.0,40.8406114,-73.8639264,4b,,New York
BX,3144,66,205.0,15.0,10457.0,46.0,2094 VALENTINE AVENUE,NY,V0,11,,DOROTHY ARTHURTON,1659,0,18.9,89.66,5,5940,0,,,2,1012039.0,250013.0,40.8528591,-73.89955,3c,,New York
BX,2511,73,204.0,16.0,10452.0,44.0,953 WOODYCREST AVENUE,NY,V0,11,,WOODYCREST 2 LLC,2615,0,25.2,106.18,5,12180,0,,,2,1003862.0,242260.0,40.8316013,-73.9291304,3b,,New York
BX,3883,25,209.0,18.0,10460.0,43.0,1373 LELAND AVENUE,NY,V0,11,,ANGEL VIVES,2500,0,25.0,100.0,5,9120,0,,,2,1021786.0,243527.0,40.8350209,-73.8643534,4b,,New York
BX,2872,218,204.0,16.0,10452.0,44.0,81 WEST 172 STREET,NY,V0,11,,HIGHBRIDGE COMMUNITY HOUSING DEVELOPMENT  FUND CORP,3999,0,38.59,104.13,5,18480,0,,,2,1006559.0,246610.0,40.8435344,-73.9193701,3b,,New York
BX,3378,2,212.0,11.0,10470.0,47.0,4312A KEPLER AVENUE,NY,V0,11,,JAMES J. HANVEY,300,0,3.0,100.0,8,305,0,,,2,1020018.0,266756.0,40.8987847,-73.8706186,1c,,New York
BX,2850,38,205.0,14.0,10453.0,46.0,1764 TOWNSEND AVENUE,NY,V0,11,,MOUNT HOPE COMMUNITY,5000,0,50.0,100.0,5,50340,0,,,2,1008886.0,248091.0,40.8475931,-73.9109543,3d,,New York
BX,4799,39,212.0,12.0,10469.0,47.0,2800 ELY AVENUE,NY,V0,11,,2800 ELY AVENUE TRUST,64259,0,566.17,91.25,5,264780,0,,,2,1029903.0,255799.0,40.8686656,-73.8349369,4a,,New York
BX,2678,28,203.0,17.0,10459.0,42.0,812 EAST 165 STREET,NY,V0,11,,ISMET JASHARI,2273,0,28.54,80.0,5,7620,0,,,2,1011646.0,239552.0,40.8241479,-73.9010133,6c,,New York
BX,3884,16,209.0,18.0,10460.0,43.0,1374 LELAND AVENUE,NY,V0,11,,ISABELLA GARRITY,2500,0,25.0,100.0,5,8100,0,,,2,1021952.0,243573.0,40.8351464,-73.8637533,4b,,New York
BX,4881,141,212.0,12.0,10469.0,47.0,3373 GRACE AVENUE,NY,V0,11,,NATASHA HARLEY,1806,0,69.67,52.08,5,5400,0,,,2,1028810.0,259004.0,40.8774679,-73.8388675,2b,,New York
BX,2803,9,205.0,15.0,10457.0,46.0,1852 ANTHONY AVENUE,NY,V0,11,,PROMESA FOUNDATION INC.,8120,0,82.0,100.0,5,46740,0,,,2,1011025.0,248256.0,40.8480398,-73.9032223,3d,,New York
BX,2698,71,202.0,17.0,10459.0,41.0,929 ROGERS PLACE,NY,V0,11,,"PROMESA FOUNDATION, INC.",1654,0,22.0,75.17,5,6360,0,,,2,1012453.0,238776.0,40.8220155,-73.8981007,6c,,New York
BX,2877,285,205.0,14.0,10453.0,46.0,1634 POPHAM AVENUE,NY,V0,11,,CANDIS JUANITA,2500,0,25.0,100.0,5,11520,0,,,2,1006172.0,248549.0,40.8488574,-73.9207624,3b,,New York
BX,3350,9,207.0,11.0,10467.0,52.0,3210 HULL AVENUE,NY,V0,11,,"LI, QING",2500,0,25.0,100.0,5,10920,0,,,2,1018545.0,257824.0,40.874275,-73.8759925,1d,,New York
BX,4427,12,211.0,15.0,10467.0,49.0,2518 BRONX PARK EAST,NY,V0,11,,2512 ALLERTON REALTY LLC,14438,0,125.0,116.65,5,104160,0,,,2,1020197.0,254041.0,40.8638853,-73.8700393,3c,,New York
BX,5250,11,210.0,12.0,10475.0,45.0,3343 PROVOST AVENUE,NY,V1,11,,"PROVOST, LLC",5000,0,50.0,100.0,5,92250,0,,,2,1032330.0,260776.0,40.882313,-73.8261262,2b,,New York
BX,2876,90,205.0,14.0,10453.0,46.0,1646 UNIVERSITY AVENUE,NY,V0,11,,NY&B BUILDERS BR LLC,5664,0,56.27,100.38,5,32580,0,,,2,1006778.0,248139.0,40.8477305,-73.9185734,3b,,New York
BX,3156,102,205.0,15.0,10457.0,46.0,2092 GRAND CONCOURSE,NY,V1,11,,2092 GC REALTY LLC,14882,0,129.33,102.08,5,201150,0,,,2,1011415.0,250385.0,40.8538821,-73.9018041,3c,,New York
BX,5714,159,208.0,11.0,10463.0,50.0,306 WEST 232 STREET,NY,V0,11,,PANSTAR REALTY LLC,5019,0,50.19,100.0,5,20640,0,,,2,1009760.0,260620.0,40.8819789,-73.9077476,1d,,New York
BX,3302,9,207.0,15.0,10458.0,52.0,2862 VALENTINE AVENUE,NY,V0,11,,2860 VALENTINE LLC,2481,0,25.0,99.25,5,11700,0,,,2,1014889.0,256137.0,40.8696582,-73.88922,3c,,New York
BX,2550,76,201.0,8.0,10454.0,40.0,577 EAST 137 STREET,NY,V0,11,,ANNA M DEL GIGANTE,5500,0,55.0,100.0,5,22380,0,,,2,1007150.0,232974.0,40.806106,-73.9172806,6a,,New York
BX,2678,36,203.0,17.0,10459.0,42.0,836 EAST 165 STREET,NY,V0,11,,ST AUGUSTINE PRESBYTERIAN CHURCH,1895,0,20.0,94.75,5,8280,0,,,2,1011815.0,239490.0,40.8239772,-73.9004029,6c,,New York
BX,2873,85,204.0,16.0,10452.0,44.0,1498 NELSON AVENUE,NY,V0,11,,HIGHBRIDGE COMMUNITY HOUSING DEVELOPMENT  FUND CORP,2994,0,25.0,119.93,5,13800,0,,,2,1006286.0,246957.0,40.8444875,-73.9203556,3b,,New York
BX,2876,118,205.0,14.0,10453.0,46.0,1748 UNIVERSITY AVENUE,NY,V1,11,,JACK MEKLES IRREVOCABLE TRUST # 1,12900,0,100.17,98.74,5,294300,0,,,2,1007296.0,248632.0,40.8490823,-73.9166994,3a,,New York
BX,2872,407,204.0,16.0,10452.0,44.0,1509 JESUP AVENUE,NY,V0,11,,HIGHBRIDGE COMMUNITY HOUSING DEVELOPMENT  FUND CORP,2681,0,25.0,107.34,5,12540,0,,,2,1006599.0,246683.0,40.8437347,-73.9192252,3b,,New York
BX,2872,92,204.0,16.0,10452.0,44.0,47 WEST 170 STREET,NY,V1,11,,"MSCO ADVISORS, LLC",1208,0,28.17,54.83,5,65700,0,,,2,1006297.0,245626.0,40.8408343,-73.9203202,3b,,New York
BX,4192,22,210.0,13.0,10461.0,45.0,1862 MAYFLOWER AVENUE,NY,V0,11,,ROY GIRASA,2375,0,25.0,95.0,5,11100,0,,,2,1030242.0,248707.0,40.8491985,-73.8337599,4a,,New York
BX,3318,155,207.0,14.0,10468.0,52.0,2731 CRESTON AVENUE,NY,V0,11,,2731 CRESTON AVE LLC,2506,0,25.0,100.25,5,11520,0,,,2,1013591.0,255908.0,40.8690341,-73.8939141,3c,,New York
BX,3370,20,212.0,11.0,10470.0,47.0,124 EAST 236 STREET,NY,V0,11,,MICHAEL J CENCHEK,2500,0,25.0,100.0,5,7200,0,,,2,1019716.0,266321.0,40.897592,-73.8717133,1c,,New York
BX,3376,39,212.0,11.0,10470.0,47.0,264 EAST 236 STREET,NY,V0,11,,"GIERER, ROBERT J",2500,0,25.0,100.0,5,7200,0,,,2,1020631.0,266453.0,40.8979506,-73.8684029,1c,,New York
BX,3381,13,212.0,11.0,10470.0,47.0,4460 VAN CORTLANDT PARK E,NY,V0,11,,4470 VAN CORTLANDT CORP.,2844,0,107.73,83.35,5,8220,0,,,2,1020456.0,267662.0,40.9012696,-73.8690293,1c,,New York
BX,5263,332,212.0,12.0,10475.0,47.0,3411 WRIGHT AVENUE,NY,V0,11,,"MASTRONARDI, GERARDO",2900,0,29.0,100.0,0,9900,0,,,2,1030247.0,260259.0,40.8809051,-73.8336626,2b,,New York
BX,3952,8,209.0,18.0,10462.0,43.0,1880 EAST TREMONT AVENUE,NY,V1,11,,ZP REALTY LLC,7429,0,95.42,83.08,5,187200,0,,,2,1021875.0,245680.0,40.8409299,-73.8640197,4b,,New York
BX,3393,67,212.0,11.0,10470.0,47.0,441 EAST 239 STREET,NY,V0,11,,"DI MINNO, JOHN D",2500,0,25.0,100.0,5,7200,0,,,2,1021851.0,267537.0,40.9009207,-73.8639838,2a,,New York
BX,2430,55,204.0,16.0,10456.0,44.0,373 EAST 167 STREET,NY,V1,11,,DOJ PARKING ASSOCIATES LLC,4035,0,122.17,89.81,3,132750,0,,,2,1008692.0,242106.0,40.8311666,-73.9116773,3d,,New York
BX,3302,10,207.0,15.0,10458.0,52.0,2866 VALENTINE AVENUE,NY,V0,11,,2860 VALENTINE LLC,2477,0,25.0,99.08,5,11700,0,,,2,1014910.0,256152.0,40.8696993,-73.889144,3c,,New York
BX,3143,167,205.0,15.0,10457.0,46.0,2251 WEBSTER AVENUE,NY,V1,11,O,NYC HOUSING AUTHORITY,3400,0,34.0,100.0,3,110700,0,,,2,1012909.0,251011.0,40.8555955,-73.8964009,3c,,New York
BX,2761,224,202.0,17.0,10474.0,41.0,1376 GARRISON AVENUE,NY,V1,11,X,"NEW YORK STATE DEPT OF TRANSPORTATION OFFICE OF RIGHT-OF-WAY, REGION 11",10137,0,155.58,50.89,3,344700,0,,,2,1016153.0,238427.0,40.821045,-73.884734,6c,,New York
BX,2755,131,202.0,17.0,10474.0,41.0,970 LONGFELLOW AVENUE,NY,V1,11,,"970 LONGFELLOW, LLC",5743,0,45.28,122.72,5,126450,0,,,2,1015612.0,238792.0,40.8220488,-73.886687,6c,,New York
BX,2755,107,202.0,17.0,10474.0,41.0,955 WHITTIER STREET,NY,V1,11,,"AP ASSOCIATES, LLC",9425,0,75.0,133.86,5,354150,0,,,2,1015804.0,238721.0,40.8218532,-73.8859936,6c,,New York
BX,2768,81,202.0,17.0,10474.0,41.0,510 CRAVEN STREET,NY,V1,11,,CARAVEO MILLAN REALTY LLC,5000,0,50.0,100.0,5,185400,0,,,2,1014217.0,234349.0,40.8098588,-73.891747,6c,,New York
BX,3510,23,209.0,18.0,10473.0,43.0,458 HOWE AVENUE,NY,V0,11,,"LAJQI, UKE",2708,0,25.0,108.33,5,12180,0,,,2,1026295.0,236601.0,40.8159907,-73.8481024,7a,,New York
BX,5245,44,210.0,12.0,10475.0,45.0,3316 ROMBOUTS AVENUE,NY,V1,11,,3316 ROMBOUTS LLC,5000,0,50.0,100.0,5,84600,0,,,2,1031867.0,260279.0,40.8809514,-73.8278041,2b,,New York
BX,5246,7,210.0,12.0,10475.0,45.0,2274 TILLOTSON AVENUE,NY,V1,11,,RUSCIANO ANTHONY,5000,0,50.0,100.0,3,77400,0,,,2,1032083.0,260756.0,40.8822595,-73.8270196,2b,,New York
BX,5414,271,210.0,13.0,10465.0,45.0,1437 OUTLOOK AVENUE,NY,V0,11,,EVERS CHARLES,2010,0,65.0,62.0,5,3420,0,,,2,1035360.0,246870.0,40.8441283,-73.8152747,4d,,New York
BX,3963,1,210.0,18.0,10462.0,45.0,2211 WESTCHESTER AVENUE,NY,V1,11,,AP CASTLE HILL OWNER LLC,15107,0,87.11,164.79,3,437850,0,,,2,1025357.0,243379.0,40.8345988,-73.8514496,4b,,New York
BX,2455,44,204.0,16.0,10451.0,44.0,215 EAST 163RD STREET,NY,V0,11,,RPM APARTMENTS LLC,5333,0,100.0,53.33,3,72660,0,,,2,1006522.0,240967.0,40.8280461,-73.9195225,3b,,New York
BX,5411,309,210.0,13.0,10465.0,45.0,1531 ROBERTSON PLACE,NY,V0,11,,"IBRAHIM, ABDOOL H",2500,0,25.0,100.0,5,4740,0,,,2,1033099.0,247151.0,40.8449124,-73.8234445,4b,,New York
BX,3733,63,209.0,18.0,10472.0,43.0,1035 VIRGINIA AVENUE,NY,V0,11,,RAMNARINE SINGH,2559,0,25.25,101.33,5,12120,0,,,2,1023196.0,240648.0,40.8271128,-73.8592747,4b,,New York
BX,2462,9,204.0,16.0,10456.0,44.0,1050 GRAND CONCOURSE,NY,V0,11,,"GCNH MANAGEMENT ASSOCIATES, INC.",2131,0,25.63,82.0,5,14940,0,,,2,1006487.0,242214.0,40.8314689,-73.9196449,3b,,New York
BX,5409,382,210.0,13.0,10465.0,45.0,3371 AGAR PLACE,NY,V0,11,,"CIPOLLONE, ANN",17572,0,106.33,165.25,5,45480,0,,,2,1035103.0,245161.0,40.8394391,-73.8162166,4d,,New York
BX,2792,28,204.0,15.0,10457.0,44.0,1682 WEEKS AVENUE,NY,V0,11,,EAST 166 STREET DEVELOPMENT LLC,2375,0,25.0,95.0,5,11880,0,,,2,1009880.0,246751.0,40.8439124,-73.9073667,3d,,New York
BX,4176,43,210.0,13.0,10461.0,45.0,1724 JARVIS AVENUE,NY,V0,11,,PATRIARCA FAMILY 2021 TRUST,2500,0,25.0,100.0,5,12540,0,,,2,1031387.0,247824.0,40.8467689,-73.8296275,4b,,New York
BX,2754,23,203.0,17.0,10459.0,42.0,1166 WEST FARMS ROAD,NY,V0,11,,HLB REDEVELOP ASSOC.,3396,0,37.42,90.75,5,15720,0,,,2,1015091.0,240970.0,40.8280286,-73.8885594,3d,,New York
BX,2750,1,202.0,17.0,10459.0,41.0,1100 WESTCHESTER AVENUE,NY,V0,11,,L.A. RIVERSIDE BRONX CORP,998,0,30.33,41.08,3,3252,0,,,2,1014577.0,239945.0,40.825217,-73.8904213,6c,,New York
BX,2699,17,202.0,17.0,10459.0,41.0,964 ROGERS PLACE,NY,V0,11,,964-966 ROGERS PLACE LLC,4500,0,50.0,90.0,5,20820,0,,,2,1012596.0,239130.0,40.8229867,-73.8975825,6c,,New York
BX,2690,142,202.0,17.0,10459.0,41.0,864 EAST 164 STREET,NY,V0,11,,1155ELLSWORTH AVE LLC,1398,0,19.0,73.58,5,5400,0,,,2,1012103.0,239187.0,40.8231447,-73.8993636,6c,,New York
BX,2874,23,204.0,16.0,10452.0,44.0,1436 PLIMPTON AVENUE,NY,V0,11,X,GREATER NY CP.SVNTH-DAY,2408,0,25.0,96.43,5,11100,0,,,2,1005849.0,246663.0,40.8436817,-73.921936,3b,,New York
BX,2948,29,206.0,15.0,10457.0,48.0,1794 CLINTON AVENUE,NY,V0,11,,1794 CLINTON LLC,11402,0,108.57,163.26,5,100620,0,,,2,1013987.0,246010.0,40.8418657,-73.8925262,3d,,New York
BX,3048,4,206.0,15.0,10457.0,48.0,2162 BATHGATE AVENUE,NY,V0,11,,"PIBLY RESIDENTIAL PROGRAMS, INC.",2634,0,26.34,100.0,5,10620,0,,,2,1013616.0,249717.0,40.8520416,-73.8938508,3c,,New York
BX,3048,3,206.0,15.0,10457.0,48.0,2160 BATHGATE AVENUE,NY,V0,11,,"PIBLY RESIDENTIAL PROGRAMS, INC.",2600,0,26.0,100.0,5,10440,0,,,2,1013601.0,249695.0,40.8519812,-73.8939051,3c,,New York
BX,2791,36,204.0,15.0,10457.0,44.0,1690 MONROE AVENUE,NY,V0,11,,1690 MONROE AVE LLC,2375,0,25.0,95.0,5,11580,0,,,2,1010136.0,246835.0,40.8441422,-73.9064411,3d,,New York
BX,2793,18,204.0,15.0,10457.0,44.0,1661 WEEKS AVENUE,NY,V0,11,,MOUNT EDEN DEVELOPMENT LLC,2632,0,27.7,95.0,5,21300,0,,,2,1009714.0,246546.0,40.8433502,-73.9079674,3d,,New York
BX,2793,5,204.0,15.0,10457.0,44.0,235 MT EDEN PARKWAY,NY,V0,11,,MOUNT EDEN DEVELOPMENT LLC,9500,0,100.0,95.0,3,74640,0,,,2,1009613.0,246500.0,40.8432243,-73.9083326,3d,,New York
BX,2792,5,204.0,15.0,10457.0,44.0,1650 WEEKS AVENUE,NY,V0,11,,MP 1650 WEEKS LLC,1900,0,20.0,95.0,5,9840,0,,,2,1009863.0,246449.0,40.8430836,-73.9074292,3d,,New York
BX,2853,12,205.0,14.0,10453.0,46.0,1940 JEROME AVENUE,NY,V1,11,,1940 JEROME AVE HOLDINGS LLC,10852,0,126.69,100.0,5,80100,0,,,2,1009262.0,249297.0,40.8509022,-73.9095908,3c,,New York
BX,2879,172,205.0,14.0,10453.0,46.0,1895 BILLINGSLEY TERRACE,NY,V0,11,,"CRICHLOW, DORIS",4263,0,85.21,23.43,5,18840,0,,,2,1007328.0,250511.0,40.8542395,-73.9165773,3a,,New York
BX,2879,189,205.0,14.0,10453.0,46.0,1856 PHELAN PLACE,NY,V0,11,,1856 PHELAN PROPERTY LLC,4200,0,42.0,100.0,5,19920,0,,,2,1007569.0,250316.0,40.8537037,-73.9157068,3a,,New York
BX,3228,19,205.0,14.0,10453.0,46.0,1912 OSBORNE PLACE,NY,V0,11,,DORA OGANDO,2031,0,25.0,81.25,5,8760,0,,,2,1007566.0,250825.0,40.8551007,-73.9157159,3a,,New York
BX,3302,3,207.0,15.0,10458.0,52.0,2860 VALENTINE AVENUE,NY,V0,11,,2860 VALENTINE LLC,2481,0,25.0,99.25,5,11700,0,,,2,1014870.0,256122.0,40.8696171,-73.8892887,3c,,New York
BX,4193,39,210.0,13.0,10461.0,45.0,1845 EDISON AVENUE,NY,V0,11,,"LUCIANO, ANTHONY",2375,0,25.0,95.0,5,11100,0,,,2,1030572.0,248480.0,40.8485737,-73.8325687,4b,,New York
BX,4192,20,210.0,13.0,10461.0,45.0,1858 MAYFLOWER AVENUE,NY,V0,11,,"SALEH, AMMER",2375,0,25.0,95.0,5,11100,0,,,2,1030238.0,248657.0,40.8490613,-73.8337747,4a,,New York
BX,5275,1,212.0,12.0,10475.0,47.0,4060 BOSTON ROAD,NY,V1,11,,MOUNT SINAI PROPERTIES INC.,2063,0,25.08,82.25,3,27900,0,,,2,1031456.0,261799.0,40.8851255,-73.8292796,2b,,New York
BX,5274,35,212.0,12.0,10475.0,47.0,3514 ROMBOUTS AVENUE,NY,V2,11,,EANA ADESORO,1200,0,12.0,100.0,5,2454,0,,,2,1031363.0,261460.0,40.8841956,-73.8296184,2b,,New York
BX,3367,19,212.0,11.0,10470.0,47.0,72 EAST 237 STREET,NY,V0,11,,THOMAS P MURRAY,2996,0,32.0,100.0,5,8760,0,,,2,1019150.0,266495.0,40.8980718,-73.8737597,1c,,New York
BX,3369,32,212.0,11.0,10470.0,47.0,129 EAST 233 STREET,NY,V0,11,,"TRAYNOR, PHILIP",1791,0,25.17,71.17,5,7500,0,,,2,1019813.0,265993.0,40.8966913,-73.8713642,1c,,New York
BX,4169,13,210.0,13.0,10461.0,45.0,1730 EDISON AVENUE,NY,V1,11,,EDISON AVE ASSOCIATES LLC,2375,0,25.0,95.0,5,76500,0,,,2,1030652.0,247651.0,40.8462979,-73.8322853,4b,,New York
BX,3373,24,212.0,11.0,10470.0,47.0,4331 KEPLER AVENUE,NY,V0,11,,"MATOS, KENNETH E",2500,0,25.0,100.0,3,6780,0,,,2,1019841.0,266955.0,40.8993316,-73.8712578,1c,,New York
BX,3373,10,212.0,11.0,10470.0,47.0,4358 VAN CORTLANDT PARK E,NY,V0,11,,PARLOW STEPHEN,624,0,15.0,41.5,5,1560,0,,,2,1019637.0,267029.0,40.8995355,-73.8719953,1c,,New York
BX,3370,45,212.0,11.0,10470.0,47.0,127 EAST 235 STREET,NY,V0,11,,STEPHEN MCGRATH,2000,0,20.0,100.0,5,4980,0,,,2,1019802.0,266232.0,40.8973474,-73.8714027,1c,,New York
BX,3377,13,212.0,11.0,10470.0,47.0,210 EAST 237 STREET,NY,V0,11,,"DAUTNER, NICKY",4000,0,40.0,100.0,5,10860,0,,,2,1020106.0,266630.0,40.8984385,-73.870301,1c,,New York
BX,3374,13,212.0,11.0,10470.0,47.0,245A EAST 234 STREET,NY,V1,11,,250 EAST 234TH STREET,17393,0,175.93,130.79,5,517950,0,,,2,1020637.0,265945.0,40.8965562,-73.8683839,1c,,New York
BX,5272,64,212.0,12.0,10475.0,47.0,3448 DE LAVALL AVENUE,NY,V1,11,,ALANA EQUITIES INC,6250,0,62.5,100.0,5,115200,0,,,2,1031729.0,261254.0,40.8836282,-73.8282962,2b,,New York
BX,5272,60,212.0,12.0,10475.0,47.0,3442A DE LAVALL AVENUE,NY,V1,11,,ALANA EQUITIES INC,3750,0,37.5,100.0,5,56700,0,,,2,1031749.0,261209.0,40.8835046,-73.8282242,2b,,New York
BX,5270,12,212.0,12.0,10475.0,47.0,3499 ROMBOUTS AVENUE,NY,V1,11,,3491-3499 ROMBOUTS LLC,3750,0,75.0,50.0,5,63450,0,,,2,1031375.0,261097.0,40.8831992,-73.8295775,2b,,New York
BX,5270,6,212.0,12.0,10475.0,47.0,2230 HOLLERS AVENUE,NY,V1,11,,2230-32 HOLLERS LLC,6250,0,50.0,125.0,5,115200,0,,,2,1031297.0,261145.0,40.8833314,-73.8298593,2b,,New York
BX,5232,55,212.0,12.0,10475.0,47.0,3312 BOLLER AVENUE,NY,V0,11,,"THOMAS, KARIM",5000,0,50.0,100.0,5,22140,0,,,2,1030043.0,259811.0,40.8796766,-73.8344033,2b,,New York
BX,5274,34,212.0,12.0,10475.0,47.0,3512 ROMBOUTS AVENUE,NY,V1,11,,3512 ROMBOUTS AVE LLC,3800,0,38.0,100.0,5,70200,0,,,2,1031373.0,261437.0,40.8841324,-73.8295824,2b,,New York
BX,5275,45,212.0,12.0,10475.0,47.0,3528 DE LAVALL AVENUE,NY,V1,11,,MT. SINAI PROPERTIES INC.,2500,0,25.0,100.0,5,52200,0,,,2,1031542.0,261694.0,40.8848369,-73.8289694,2b,,New York
BX,5263,330,212.0,12.0,10475.0,47.0,3413 WRIGHT AVENUE,NY,V0,11,,"MASTRONARDI, GERARDO",2100,0,21.0,100.0,0,6720,0,,,2,1030237.0,260282.0,40.8809683,-73.8336986,2b,,New York
BX,5260,21,212.0,12.0,10475.0,47.0,3423 HUNTER AVENUE,NY,V0,11,,THOMPSON ROGER A,2500,0,25.0,100.0,5,8580,0,,,2,1029957.0,260271.0,40.8809396,-73.8347112,2b,,New York
BX,5228,6,212.0,12.0,10475.0,47.0,3355 BOLLER AVENUE,NY,V0,11,X,GRACE BAPTIST CHAPEL,4300,0,45.29,78.72,3,12900,0,,,2,1029892.0,259791.0,40.8796225,-73.8349495,2b,,New York
BX,5263,333,212.0,12.0,10475.0,47.0,3409 WRIGHT AVENUE,NY,V0,11,,"MASTRONARDI, GERARDO",2900,0,29.0,100.0,0,9900,0,,,2,1030258.0,260232.0,40.880831,-73.833623,2b,,New York
BX,5270,15,212.0,12.0,10475.0,47.0,3495 ROMBOUTS AVENUE,NY,V1,11,,3491-3499 ROMBOUTS LLC,5000,0,25.0,100.0,5,85050,0,,,2,1031351.0,261052.0,40.8830758,-73.8296646,2b,,New York
BX,3275,8,207.0,15.0,10458.0,52.0,2544 MARION AVENUE,NY,V1,11,,2544 MARION AVENUE LLC,2450,0,25.0,98.0,5,138150,0,,,2,1014048.0,253456.0,40.8623025,-73.8922727,3c,,New York
BX,3275,9,207.0,15.0,10458.0,52.0,2546 MARION AVENUE,NY,V1,11,,2544 MARION AVE LLC,2450,0,25.0,98.0,5,138150,0,,,2,1014059.0,253478.0,40.8623629,-73.8922328,3c,,New York
BX,5327,15,210.0,13.0,10465.0,45.0,1106 CLARENCE AVENUE,NY,V0,11,,"MANZKE, JOEL",2375,0,25.0,95.0,5,5940,0,,,2,1034373.0,243888.0,40.8359493,-73.8188643,4d,,New York
BX,2956,4,206.0,15.0,10457.0,48.0,1938 PROSPECT AVENUE,NY,V0,11,,1938 PROSPECT LLC,2792,0,25.0,111.67,5,10020,0,,,2,1014943.0,246755.0,40.8439072,-73.8890677,3d,,New York
BX,4779,42,212.0,12.0,10469.0,47.0,3114 EDSON AVENUE,NY,V0,11,,NY CONF AFRICAN M ES,4304,0,50.0,86.08,5,25080,0,,,2,1029639.0,257906.0,40.87445,-73.8358772,2b,,New York
BX,4887,63,212.0,12.0,10469.0,47.0,3427 BAYCHESTER AVENUE,NY,V1,11,,3427 BAYCHESTER AVE LLC,1150,0,44.58,64.25,5,28350,0,,,2,1028956.0,259805.0,40.8796657,-73.8383342,2b,,New York
BX,4885,37,212.0,12.0,10469.0,47.0,3411A GRACE AVENUE,NY,V0,11,,"GUADALUPE, MANEE YOUNGSUWAN",2375,0,25.0,95.0,5,7560,0,,,2,1028541.0,259549.0,40.8789651,-73.8398366,2b,,New York
BX,4881,60,212.0,12.0,10469.0,47.0,3337 BAYCHESTER AVENUE,NY,V0,11,,"JOHN, ROYSTON",2500,0,25.0,100.0,5,8580,0,,,2,1029185.0,259334.0,40.8783718,-73.8375092,2b,,New York
BX,4881,61,212.0,12.0,10469.0,47.0,3335 BAYCHESTER AVENUE,NY,V0,11,,"WRAY, NOREEN",2500,0,25.0,100.0,5,8580,0,,,2,1029194.0,259311.0,40.8783086,-73.8374768,2b,,New York
BX,2876,162,205.0,14.0,10453.0,46.0,1676 NELSON AVENUE,NY,V0,11,,CRESTON AVE BAPTISTCHURCH OF,2235,0,25.0,89.5,5,7800,0,,,2,1007080.0,248075.0,40.8475541,-73.9174821,3b,,New York
BX,3397,16,212.0,11.0,10470.0,47.0,520 EAST 236 STREET,NY,V0,11,,520 EAST 236TH LLC,4358,0,43.58,100.0,5,12360,0,,,2,1022135.0,266667.0,40.8985316,-73.8629614,2a,,New York
BX,3384,79,212.0,11.0,10470.0,47.0,4281 VIREO AVENUE,NY,V0,11,,"LAVERY, GERALDINE",1246,0,27.53,55.63,5,3138,0,,,2,1021824.0,266584.0,40.8983051,-73.8640868,2a,,New York
BX,4885,29,212.0,12.0,10469.0,47.0,3421 GRACE AVENUE,NY,V0,11,,ANGEL L PEREZ,3555,0,37.42,95.0,5,12180,0,,,2,1028484.0,259683.0,40.8793332,-73.8400418,2b,,New York
BX,3952,23,209.0,18.0,10462.0,43.0,1597 UNIONPORT ROAD,NY,V1,11,,ZP REALTY LLC,22050,0,102.98,205.57,3,638550,0,,,2,1022017.0,245490.0,40.8404078,-73.8635076,4b,,New York
BX,3952,17,209.0,18.0,10462.0,43.0,1603 UNIONPORT ROAD,NY,V1,11,,ZP REALTY LLC,25000,0,124.58,193.5,5,454500,0,,,2,1021998.0,245605.0,40.8407235,-73.8635756,4b,,New York
BX,3164,31,205.0,14.0,10453.0,46.0,2301 GRAND CONCOURSE,NY,V1,11,,GRAND CONCOURSE GROUP LLC,15288,0,147.0,104.0,3,892800,0,,,2,1011840.0,251826.0,40.8578359,-73.9002618,3c,,New York
BX,4881,145,212.0,12.0,10469.0,47.0,3375 GRACE AVENUE,NY,V0,11,,"REID, GILBERT",7224,0,86.08,78.75,5,29400,0,,,2,1028761.0,259062.0,40.8776274,-73.8390443,2b,,New York
BX,4881,72,212.0,12.0,10469.0,47.0,3307 BAYCHESTER AVENUE,NY,V0,11,,MAJOR DEVELOPMENT 52 CORP,2500,0,25.0,100.0,5,8580,0,,,2,1029303.0,259059.0,40.8776164,-73.8370844,2b,,New York
BX,2783,20,204.0,16.0,10456.0,44.0,1342 COLLEGE AVENUE,NY,V0,11,,1342 COLLEGE AVE LLC,1650,0,16.5,100.0,5,6360,0,,,2,1008862.0,243932.0,40.836178,-73.9110563,3d,,New York
BX,2798,53,205.0,14.0,10457.0,46.0,1745 TOPPING AVENUE,NY,V0,11,,UNAVAILABLE OWNER,2375,0,25.0,95.0,5,9540,0,,,2,1010260.0,247250.0,40.8452809,-73.9059913,3d,,New York
BX,2798,40,205.0,14.0,10457.0,46.0,1773 TOPPING AVENUE,NY,V0,11,,NYC ELITE DEVELOPERS LLC,1615,0,17.0,95.0,5,6240,0,,,2,1010279.0,247536.0,40.8460658,-73.9059215,3d,,New York
BX,2800,51,205.0,14.0,10457.0,46.0,237 EAST 175 STREET,NY,V0,11,,"FIELDS, REGINA",1960,0,28.0,70.0,5,7560,0,,,2,1010235.0,247835.0,40.8468866,-73.9060794,3d,,New York
BX,3391,45,212.0,11.0,10470.0,47.0,419 EAST 237 STREET,NY,V0,11,,"MACSWEENEY, WILLIAM Q",2500,0,25.0,100.0,5,7200,0,,,2,1021774.0,267020.0,40.899502,-73.8642653,2a,,New York
BX,2850,7,205.0,14.0,10453.0,46.0,1768 JEROME AVENUE,NY,V1,11,,ACMH JEROME AVENUE HOUSING DEVELOPMENT F UND CORPOR,5000,0,50.0,100.0,5,40500,0,,,2,1008681.0,248256.0,40.8480466,-73.9116947,3d,,New York
BX,2850,3,205.0,14.0,10453.0,46.0,1756 JEROME AVENUE,NY,V1,11,,ACMH JEROME AVENUE HOUSING DEVELOPMENT F UND CORPOR,9000,0,90.0,100.0,5,101700,0,,,2,1008648.0,248196.0,40.847882,-73.9118142,3d,,New York
BX,4054,28,211.0,13.0,10462.0,49.0,1850 BARNES AVENUE,NY,V0,11,,"TOMASELLI, PAUL",1534,0,30.0,74.99,3,5940,0,,,2,1022171.0,248052.0,40.847439,-73.8629366,4b,,New York
BX,4452,8,211.0,13.0,10469.0,49.0,1075 MACE AVENUE,NY,V0,11,,"TRAN, TUAN VAN",2502,0,25.0,100.08,3,7440,0,,,2,1023884.0,253820.0,40.8632629,-73.8567109,4a,,New York
BX,2985,72,206.0,15.0,10460.0,48.0,1919 DALY AVENUE,NY,V0,11,X,CHURCH OF ST. THOMASAQU,3838,0,37.89,101.0,5,17940,0,,,2,1016157.0,245706.0,40.8410237,-73.884685,3d,,New York
BX,3146,20,205.0,15.0,10458.0,46.0,2336 VALENTINE AVENUE,NY,V0,11,,2336 VALENTINE LLC,3002,0,25.02,120.0,5,13440,0,,,2,1012627.0,251788.0,40.8577291,-73.897417,3c,,New York
BX,4878,37,212.0,12.0,10466.0,47.0,1011 EAST 231 STREET,NY,V0,11,,ELFREDA MC LEAN,547,0,5.0,109.42,8,305,0,,,2,1026019.0,263334.0,40.889366,-73.8489329,2b,,New York
BX,5633,91,210.0,13.0,10464.0,45.0,82 DITMARS STREET,NY,V0,11,,HAIM JOSEPH,2769,0,26.58,104.17,5,6180,0,,,2,1042644.0,248731.0,40.849191,-73.7889323,4c,,New York
BX,4849,65,212.0,12.0,10466.0,47.0,842A EAST 225TH STREET,NY,V0,11,,GHM PROPERTY GROUP LLC,2920,0,25.0,114.42,0,8460,0,,,2,1024028.0,262172.0,40.8861859,-73.8561407,2b,,New York
BX,5004,30,212.0,12.0,10466.0,47.0,4115 GUNTHER AVENUE,NY,V0,11,,"RIVERA, NINA MARIE",2500,0,25.0,100.0,5,7140,0,,,2,1025881.0,264367.0,40.8922019,-73.8494256,2b,,New York
BX,5126,21,212.0,11.0,10466.0,47.0,890 EAST 242 STREET,NY,V0,11,,KBJB TEMP LLC,979,0,17.67,68.42,3,2394,0,,,2,1027102.0,268854.0,40.9045115,-73.8449807,2a,,New York
BX,5118,23,212.0,11.0,10470.0,47.0,752 ST OUEN STREET,NY,V0,11,,CRANFORD DEVELOPMENT GROUP CORP.,1615,0,17.17,95.0,3,3780,0,,,2,1026323.0,268566.0,40.9037247,-73.8478006,2a,,New York
BX,4986,148,212.0,12.0,10466.0,47.0,4085 MONTICELLO AVENUE,NY,V0,11,,FERELL PETRIE,404,0,4.25,95.0,8,305,0,,,2,1028657.0,264799.0,40.8933741,-73.8393823,2a,,New York
BX,5009,57,212.0,12.0,10466.0,47.0,4126 WICKHAM AVENUE,NY,V0,11,,4128 WICKHAM LLC,2375,0,25.0,95.0,5,8940,0,,,2,1026232.0,264628.0,40.8929166,-73.8481545,2b,,New York
BX,5250,13,210.0,12.0,10475.0,45.0,3341 PROVOST AVENUE,NY,V1,11,,"PROVOST, LLC",5000,0,50.0,100.0,5,92250,0,,,2,1032350.0,260730.0,40.8821867,-73.8260542,2b,,New York
BX,3794,62,209.0,18.0,10472.0,43.0,1981 ELLIS AVENUE,NY,V0,11,,DYEA ELLIS AVE LLC,268,0,16.25,16.5,5,120,0,,,2,1023454.0,242354.0,40.8317941,-73.8583325,4b,,New York
BX,3525,2,209.0,18.0,10473.0,43.0,1875 LACOMBE AVENUE,NY,V0,11,,O'BRIEN JOHN,2500,0,25.0,100.0,5,11280,0,,,2,1023279.0,236459.0,40.8156148,-73.8589992,7a,,New York
BX,3457,59,209.0,18.0,10473.0,43.0,238 STEPHENS AVENUE,NY,V0,11,,CESAR CABRERA,4994,0,75.0,66.58,5,11940,0,,,2,1024733.0,234737.0,40.8108818,-73.8537567,7a,,New York
BX,5250,17,210.0,12.0,10475.0,45.0,3329 PROVOST AVENUE,NY,V1,11,,G.B. RUSSO CORP.,10000,0,100.0,100.0,5,191700,0,,,2,1032400.0,260616.0,40.8818735,-73.8258742,2b,,New York
BX,3390,27,212.0,11.0,,47.0,424 EAST 242 STREET,NY,V0,11,X,ST BARNABAS CHURCH,1333,0,13.33,100.0,3,3120,0,,,2,1021293.0,268037.0,40.9022954,-73.8659995,2a,,New York
BX,5125,5,212.0,11.0,10466.0,47.0,4512 SETON AVENUE,NY,V0,11,,STEVENS SUSIE,2900,0,29.0,100.0,5,8280,0,,,2,1028017.0,268346.0,40.9031127,-73.841674,2a,,New York
BX,5118,125,212.0,11.0,10470.0,47.0,848 EAST 242 STREET,NY,V0,11,,"AUGUSTIN, MILDRED",2625,0,25.0,100.0,5,7500,0,,,2,1026786.0,268897.0,40.904631,-73.8461236,2a,,New York
BX,3267,26,208.0,14.0,10463.0,50.0,3150 ALBANY CRESCENT,NY,V1,11,,3150 LLC,5840,0,72.0,100.08,5,180000,0,,,2,1011211.0,259608.0,40.879197,-73.9025044,1d,,New York
BX,5119,66,212.0,11.0,10470.0,47.0,4817 MURDOCK AVENUE,NY,V0,11,,GOLDING BERYL,2500,0,25.0,100.0,5,7140,0,,,2,1026870.0,269163.0,40.9053607,-73.845818,2a,,New York
BX,2266,21,201.0,8.0,10454.0,40.0,227 ST ANNS AVENUE,NY,V1,11,X,"HP ST. ANN'S AVENUE HOUSING DEVELOPMENT  FUND COMPANY, INC.",2525,0,25.0,101.25,5,69300,0,,,2,1007115.0,233466.0,40.8074565,-73.9174053,6a,,New York
BX,2362,150,201.0,17.0,10455.0,40.0,2968 3 AVENUE,NY,V1,11,,2970 3RD AVE PARTNERS LLC,13975,0,52.72,192.48,5,945000,0,,,2,1008008.0,237375.0,40.8181832,-73.9141657,6a,,New York
BX,2669,19,203.0,17.0,10456.0,42.0,994 TINTON AVENUE,NY,V0,11,,TINTON LOFTS CORP,2000,0,20.0,100.0,5,6720,0,,,2,1011298.0,239495.0,40.8239926,-73.9022709,6c,,New York
BX,2655,23,201.0,17.0,10455.0,40.0,775 WESTCHESTER AVENUE,NY,V1,11,,HUNTS POINT MULT SER/ETC,4027,0,67.42,98.17,5,99900,0,,,2,1010764.0,237550.0,40.8186557,-73.904208,6c,,New York
BX,2777,457,202.0,17.0,10474.0,41.0,280 DRAKE STREET,NY,V1,11,,"VIELE REAL ESTATE HOLDING CO., INC.",2500,0,25.0,100.0,5,71100,0,,,2,1017360.0,233311.0,40.8069986,-73.8803984,6c,,New York
BX,2525,27,204.0,16.0,10452.0,44.0,1041 OGDEN AVENUE,NY,V1,11,,NEWMAR PROPERTIES INC,2575,0,25.0,103.0,5,89100,0,,,2,1003890.0,243189.0,40.8341511,-73.9290265,3b,,New York
BX,2523,128,204.0,16.0,10452.0,44.0,1012 UNIVERSITY AVENUE,NY,V0,11,,UNIVERS SI LLC,4263,0,50.0,87.5,5,17160,0,,,2,1003491.0,243075.0,40.8338391,-73.9304687,3b,,New York
BX,3343,683,207.0,11.0,10467.0,52.0,293 EAST 207 STREET,NY,V0,11,,293 E 207 LLC,2325,0,25.0,93.0,5,7560,0,,,2,1018309.0,258369.0,40.8757718,-73.8768431,1d,,New York
BX,2352,42,204.0,8.0,10451.0,44.0,579 WALTON AVENUE,NY,V0,11,,PREGONES TOURING PUERTO RICAN THEATRE CO LLECTION,1656,0,16.67,93.02,5,7200,0,,,2,1004086.0,237911.0,40.8196641,-73.9283338,6a,,New York
BX,3368,3,212.0,11.0,10470.0,47.0,4312 VAN CORTLANDT PARK E,NY,V0,11,,JOSEPH BORGESE,1135,0,112.83,17.53,3,2700,0,,,2,1018938.0,266628.0,40.8984377,-73.8745259,1c,,New York
BX,4986,41,212.0,12.0,10466.0,47.0,2108 EDENWALD AVENUE,NY,V0,11,,PARADISE HOMES LLC,3742,0,37.42,100.0,5,12420,0,,,2,1028559.0,264854.0,40.8935256,-73.8397364,2a,,New York
BX,2574,1,201.0,8.0,10454.0,40.0,745 EAST 141 STREET,NY,V1,11,C,NYC DEPARTMENT OF CORRECTIONS,145634,0,339.66,350.0,1,8346150,0,,,2,1009344.0,233270.0,40.8069125,-73.9093543,6c,,New York
BX,2574,2,201.0,8.0,10454.0,40.0,320 CONCORD AVENUE,NY,V1,11,C,NYC DEPARTMENT OF CORRECTIONS,35000,0,100.0,350.0,3,1465650,0,,,2,1009100.0,233362.0,40.8071657,-73.9102354,6c,,New York
BX,2958,120,206.0,15.0,10460.0,48.0,907 EAST 175 STREET,NY,V1,11,C,NYC HOUSING PRESERVATION AND DEVELOPMENT,5009,0,60.0,100.0,5,218700,0,,,2,1015528.0,245199.0,40.8396344,-73.8869606,3d,,New York
BX,2667,1,201.0,17.0,10456.0,40.0,840 TINTON AVENUE,NY,V0,11,C,NYC HOUSING PRESERVATION AND DEVELOPMENT,1886,0,20.5,92.0,3,5400,0,,,2,1010872.0,238160.0,40.8203297,-73.9038154,6c,,New York
BX,4980,37,212.0,12.0,10466.0,47.0,4084 GRACE AVENUE,NY,V0,11,,"PERSAUD, NEETU",2375,0,25.0,95.0,5,7380,0,,,2,1027116.0,264314.0,40.8920506,-73.8449591,2b,,New York
BX,3652,26,209.0,18.0,10473.0,43.0,949 BOYNTON AVENUE,NY,V0,11,C,NYC DEPARTMENT OF EDUCATION,14900,0,83.17,200.0,5,61200,0,,,2,1018172.0,239251.0,40.8232991,-73.8774352,6c,,New York
BX,5263,155,212.0,12.0,10475.0,47.0,32B REEDS MILL LANE,NY,V0,11,,CITY OF NEW YORK,60,0,10.0,3.0,8,232,0,,,2,1030639.0,260278.0,40.8809552,-73.8322449,2b,,New York
BX,5101,80,212.0,11.0,,47.0,4551 BULLARD AVENUE,NY,V9,11,C,NYC DEPARTMENT OF PARKS AND RECREATION,2650,0,70.0,150.0,5,56250,0,,,2,1024062.0,269451.0,40.9061643,-73.8559745,2a,,New York
BX,2514,60,204.0,16.0,10452.0,44.0,130 WEST 167 STREET,NY,V0,11,C,FIRE DEPARTMENT OF NEW YORK,2500,0,25.0,100.0,5,11520,0,,,2,1004539.0,244072.0,40.8365732,-73.9266785,3b,,New York
BX,5141,388,210.0,12.0,10475.0,45.0,2242 GIVAN AVENUE,NY,V9,11,C,NYC DEPARTMENT OF TRANSPORTATION,590,0,11.8,100.0,8,3078,0,,,2,1031950.0,259969.0,40.8801001,-73.8275061,2b,,New York
BX,2965,7,203.0,17.0,10459.0,42.0,1390 STEBBINS AVENUE,NY,V0,11,C,NYC HOUSING PRESERVATION AND DEVELOPMENT,2713,0,25.0,108.5,5,12660,0,,,2,1013641.0,242698.0,40.8327764,-73.8937912,3d,,New York
BX,5131,27,210.0,12.0,10475.0,45.0,2207 ERSKINE PLACE,NY,V0,11,C,NYC DEPARTMENT OF CITYWIDE ADMINISTRATIVE SERVICES,3177,0,125.0,25.42,5,7440,0,,,2,1032696.0,252677.0,40.8600818,-73.8248612,4a,,New York
BX,2758,14,203.0,17.0,10459.0,42.0,1174 LONGFELLOW AVENUE,NY,V1,11,,NYC ECONOMIC DEVELOPMENT CORPORATION,23317,0,230.47,255.47,3,157500,0,,,2,1015334.0,241000.0,40.8281101,-73.8876812,3d,,New York
BX,2790,27,204.0,15.0,10457.0,44.0,1641 CLAY AVENUE,NY,V0,11,C,NYC DEPARTMENT OF PARKS AND RECREATION,6175,0,65.08,95.0,3,24900,0,,,2,1010450.0,246308.0,40.8426948,-73.9053083,3d,,New York
BX,3249,24,208.0,14.0,10468.0,50.0,2899 RESERVOIR AVENUE,NY,V0,11,C,NYC DEPARTMENT OF PARKS AND RECREATION,18,0,3.25,4.58,3,60,0,,,2,1012460.0,256563.0,40.8708355,-73.8980006,3c,,New York
BX,3062,3,206.0,15.0,10457.0,48.0,4382 3 AVENUE,NY,V1,11,C,NYC HOUSING PRESERVATION AND DEVELOPMENT,4164,0,62.0,67.17,5,236250,0,,,2,1013688.0,249282.0,40.8508474,-73.8935925,3c,,New York
BX,3366,9,212.0,11.0,10470.0,47.0,4284 NAPIER AVENUE,NY,V0,11,C,NYC DEPARTMENT OF CITYWIDE ADMINISTRATIVE SERVICES,58,0,0.58,100.0,8,183,0,,,2,1018938.0,266226.0,40.8973343,-73.874528,1c,,New York
BX,2965,8,203.0,17.0,10459.0,42.0,1392 STEBBINS AVENUE,NY,V0,11,C,NYC HOUSING PRESERVATION AND DEVELOPMENT,14583,0,125.0,116.82,5,84900,0,,,2,1013633.0,242773.0,40.8329823,-73.8938198,3d,,New York
BX,2267,56,201.0,8.0,10454.0,40.0,279 ST ANNS AVENUE,NY,V0,11,C,NYC DEPARTMENT OF PARKS AND RECREATION,2525,0,25.0,100.75,5,9240,0,,,2,1007176.0,233587.0,40.8077884,-73.9171846,6a,,New York
BX,2744,17,202.0,17.0,10459.0,41.0,1098 SOUTHERN BOULEVARD,NY,V4,11,C,NYC POLICE DEPARTMENT,3500,0,35.0,100.0,5,121500,0,,,2,1014263.0,240290.0,40.826165,-73.8915543,6c,,New York
BX,2744,18,202.0,17.0,10459.0,41.0,1102 SOUTHERN BOULEVARD,NY,V4,11,C,NYC POLICE DEPARTMENT,4000,0,40.0,100.0,5,138600,0,,,2,1014263.0,240328.0,40.8262693,-73.8915541,6c,,New York
BX,2744,13,202.0,17.0,10459.0,41.0,1090 SOUTHERN BOULEVARD,NY,V4,11,C,NYC POLICE DEPARTMENT,4000,0,40.0,100.0,5,138600,0,,,2,1014263.0,240218.0,40.8259674,-73.8915546,6c,,New York
BX,2744,20,202.0,17.0,10459.0,41.0,1106 SOUTHERN BOULEVARD,NY,V4,11,C,NYC POLICE DEPARTMENT,4000,0,40.0,100.0,5,138600,0,,,2,1014264.0,240367.0,40.8263764,-73.8915503,6c,,New York
BX,2960,21,206.0,15.0,10460.0,48.0,1900 MARMION AVENUE,NY,V0,11,C,NYC HOUSING PRESERVATION AND DEVELOPMENT,2415,0,25.0,96.76,3,10500,0,,,2,1015365.0,246092.0,40.842086,-73.8875455,3d,,New York
BX,2346,43,201.0,17.0,10451.0,40.0,485 GRAND CONCOURSE,NY,V1,11,O,DORMITORY AUTHORITY OF THE STATE OF NEW YORK,4562,0,59.99,76.58,3,162126,0,,,2,1004262.0,237453.0,40.8184066,-73.9276993,6a,,New York
BX,2359,40,201.0,17.0,10455.0,40.0,702 BROOK AVENUE,NY,V1,11,C,NYC DEPARTMENT OF EDUCATION,4493,0,32.0,137.13,5,401400,0,,,2,1008449.0,237435.0,40.8183467,-73.9125723,6a,,New York
BX,3459,26,209.0,18.0,10473.0,43.0,238 PUGSLEY AVENUE,NY,V0,11,C,NYC DEPARTMENT OF PARKS AND RECREATION,8400,0,74.25,144.42,3,17880,0,,,2,1025173.0,234809.0,40.8110774,-73.8521668,7a,,New York
BX,2950,18,206.0,15.0,10457.0,48.0,706 FAIRMOUNT PLACE,NY,V0,11,C,NYC HOUSING PRESERVATION AND DEVELOPMENT,3638,0,40.5,90.0,3,15780,0,,,2,1014167.0,246828.0,40.8441103,-73.891872,3d,,New York
BX,3430,66,209.0,18.0,10473.0,43.0,213 HARDING PARK,NY,V0,11,C,NYC DEPARTMENT OF CITYWIDE ADMINISTRATIVE SERVICES,18428,0,287.5,55.75,5,48240,0,,,2,1024148.0,232769.0,40.8054829,-73.8558817,7a,,New York
BX,3452,3,209.0,18.0,,,191 BRONX RIVER AVENUE,NY,V0,11,C,NYC DEPARTMENT OF PARKS AND RECREATION,40704,0,64.42,529.67,5,106500,0,,,2,1023308.0,234345.0,40.8098123,-73.8589067,7a,,New York
BX,4905,30,212.0,12.0,10466.0,47.0,1250 EAST 229TH STREET,NY,V0,11,C,NYC ADMINISTRATION FOR CHILDRENS SERVICES,5948,0,143.33,41.42,0,39300,0,,,2,1027954.0,260678.0,40.8820668,-73.8419519,2b,,New York
BX,2617,20,201.0,17.0,10455.0,40.0,672 ST ANNS AVENUE,NY,V0,11,C,NYC HOUSING PRESERVATION AND DEVELOPMENT,2589,0,27.56,94.51,5,8460,0,,,2,1008865.0,237067.0,40.8173355,-73.9110707,6c,,New York
BX,3068,19,206.0,15.0,10457.0,48.0,2014 LAFONTAINE AVENUE,NY,V0,11,C,NYC DEPARTMENT OF PARKS AND RECREATION,1650,0,16.67,100.0,5,6180,0,,,2,1013764.0,248126.0,40.8476742,-73.8933228,3d,,New York
BX,3063,1,206.0,15.0,10457.0,48.0,551 EAST 181 STREET,NY,V0,11,C,NYC DEPARTMENT OF PARKS AND RECREATION,34804,0,249.58,66.0,3,139680,0,,,2,1014140.0,249415.0,40.8512109,-73.8919581,3c,,New York
BX,2381,64,203.0,17.0,10451.0,42.0,463 EAST 159 STREET,NY,V0,11,C,NYC HOUSING PRESERVATION AND DEVELOPMENT,1667,0,16.5,101.0,5,6660,0,,,2,1008531.0,238940.0,40.8224773,-73.9122706,6a,,New York
BX,2365,12,203.0,17.0,10451.0,42.0,872 WASHINGTON AVENUE,NY,V1,11,C,NYC HOUSING PRESERVATION AND DEVELOPMENT,1284,0,63.96,34.64,5,58050,0,,,2,1008836.0,239160.0,40.8230803,-73.9111678,6c,,New York
BX,2620,46,203.0,17.0,10456.0,42.0,901 EAGLE AVENUE,NY,V0,11,C,NYC HOUSING PRESERVATION AND DEVELOPMENT,2500,0,25.0,100.0,5,8400,0,,,2,1009569.0,238986.0,40.8226006,-73.90852,6c,,New York
BX,2383,48,203.0,17.0,10451.0,42.0,405 EAST 161 STREET,NY,V1,11,C,NYC HOUSING PRESERVATION AND DEVELOPMENT,1671,0,24.45,65.74,5,90900,0,,,2,1008212.0,239604.0,40.8243006,-73.9134208,6a,,New York
BX,2370,143,203.0,16.0,10456.0,42.0,3341 3 AVENUE,NY,V1,11,C,NYC HOUSING PRESERVATION AND DEVELOPMENT,1220,0,18.21,72.48,5,33300,0,,,2,1009735.0,240483.0,40.826709,-73.9079145,3d,,New York
BX,2608,55,203.0,17.0,10456.0,42.0,1129 FULTON AVENUE,NY,V0,11,C,NYC DEPARTMENT OF PARKS AND RECREATION,2468,0,25.0,99.25,5,7560,0,,,2,1010231.0,241209.0,40.8287002,-73.9061195,3d,,New York
BX,4756,159,212.0,12.0,10469.0,47.0,3238 BRUNER AVENUE,NY,V0,11,C,NYC DEPARTMENT OF CITYWIDE ADMINISTRATIVE SERVICES,285,0,3.0,95.0,8,305,0,,,2,1028637.0,258396.0,40.8758,-73.8394971,2b,,New York
BX,3110,26,206.0,15.0,10460.0,48.0,2107 MAPES AVENUE,NY,V0,11,C,NYC DEPARTMENT OF PARKS AND RECREATION,2162,0,22.25,97.17,5,10560,0,,,2,1015916.0,247880.0,40.8469916,-73.8855457,3d,,New York
BX,4697,115,212.0,12.0,10469.0,47.0,1019I EAST 214 STREET,NY,V0,11,C,NYC DEPARTMENT OF CITYWIDE ADMINISTRATIVE SERVICES,2090,0,22.0,95.0,6,7020,0,,,2,1024184.0,259066.0,40.8776602,-73.8555951,2b,,New York
BX,4897,63,212.0,12.0,10466.0,47.0,1234 EAST 223 STREET,NY,V0,11,C,NYC HOUSING PRESERVATION AND DEVELOPMENT,2500,0,25.0,100.0,5,8700,0,,,2,1026842.0,260249.0,40.8808948,-73.845976,2b,,New York
BX,3089,45,206.0,15.0,10458.0,48.0,2343 BEAUMONT AVENUE,NY,V0,11,C,NYC ADMINISTRATION FOR CHILDRENS SERVICES,2500,0,25.0,100.0,5,11820,0,,,2,1016039.0,250238.0,40.8534632,-73.8850899,3c,,New York
BX,4844,82,212.0,11.0,10466.0,47.0,766 EAST 231 STREET,NY,V0,11,C,NYC DEPARTMENT OF CITYWIDE ADMINISTRATIVE SERVICES,3144,0,27.42,114.67,5,8880,0,,,2,1024204.0,263912.0,40.8909609,-73.8554938,2b,,New York
BX,4855,86,212.0,11.0,10466.0,47.0,868 EAST 231 STREET,NY,V0,11,C,NYC DEPARTMENT OF CITYWIDE ADMINISTRATIVE SERVICES,468,0,4.08,114.67,8,305,0,,,2,1024918.0,263614.0,40.8901397,-73.8529132,2b,,New York
BX,5119,22,212.0,11.0,10470.0,47.0,4824 MURDOCK AVENUE,NY,V0,11,C,NYC DEPARTMENT OF CITYWIDE ADMINISTRATIVE SERVICES,4884,0,63.75,148.75,3,15120,0,,,2,1027113.0,269179.0,40.9054034,-73.8449388,2a,,New York
BX,2513,8,204.0,16.0,10452.0,44.0,1076 NELSON AVENUE,NY,V0,11,C,CITY OF NEW YORK,1457,0,15.82,92.29,5,5280,0,,,2,1004397.0,243359.0,40.8346166,-73.9271938,3b,,New York
BX,4836,97,212.0,12.0,10467.0,47.0,719A EAST 222 STREET,NY,V0,11,C,NYC DEPARTMENT OF CITYWIDE ADMINISTRATIVE SERVICES,24,0,22.5,1.08,5,120,0,,,2,1022769.0,262045.0,40.8858429,-73.8606947,2b,,New York
BX,2513,7,204.0,16.0,10452.0,44.0,1074 NELSON AVENUE,NY,V0,11,C,NYC DEPARTMENT OF PARKS AND RECREATION,2278,0,24.87,91.27,5,9840,0,,,2,1004388.0,243340.0,40.8345644,-73.9272264,3b,,New York
BX,2260,193,201.0,8.0,10454.0,40.0,500 ST ANNS AVENUE,NY,V1,11,X,NYS DEPARTMENT OF TRANSPORTATION,60839,0,609.0,150.0,5,2283750,0,,,2,1005965.0,231683.0,40.8025655,-73.9215652,6b,,New York
BX,5915,270,208.0,11.0,10471.0,50.0,3600 PALISADE AVENUE,NY,V0,11,C,NYC DEPARTMENT OF PARKS AND RECREATION,170000,0,376.0,437.75,5,775380,0,,,2,1006975.0,262615.0,40.8874622,-73.9178123,1b,,New York
BX,3769,1,209.0,17.0,10472.0,43.0,1374 EAST 172 STREET,NY,V9,11,C,NYC DEPARTMENT OF PARKS AND RECREATION,72914,0,212.25,646.75,5,1444500,0,,,2,1016525.0,242104.0,40.831136,-73.8833723,3d,,New York
BX,3460,23,209.0,18.0,10473.0,43.0,234 HUSSON AVENUE,NY,V0,11,C,NYC DEPARTMENT OF PARKS AND RECREATION,7150,0,65.0,110.0,5,17520,0,,,2,1025452.0,234861.0,40.8112189,-73.8511586,7a,,New York
BX,3448,1,209.0,18.0,10473.0,43.0,2009 CORNELL AVENUE,NY,V0,11,C,NYC DEPARTMENT OF CITYWIDE ADMINISTRATIVE SERVICES,150538,0,90.0,693.42,3,198720,0,,,2,1025741.0,234007.0,40.8088735,-73.8501199,7a,,New York
BX,3478,28,209.0,18.0,10473.0,43.0,1946 LACOMBE AVENUE,NY,V0,11,C,NYC DEPARTMENT OF PARKS AND RECREATION,5264,0,47.0,200.0,5,12780,0,,,2,1024459.0,236457.0,40.815604,-73.8547362,7a,,New York
BX,3483,1,209.0,18.0,10473.0,43.0,201 CASTLE HILL AVENUE,NY,V0,11,M,NYC DEPARTMENT OF PARKS AND RECREATION,148500,0,770.17,110.83,5,19440,0,,,2,1026183.0,235517.0,40.813016,-73.8485138,7a,,New York
BX,3478,95,209.0,18.0,10473.0,43.0,2058 LACOMBE AVENUE,NY,V9,11,C,NYC DEPARTMENT OF PARKS AND RECREATION,50000,0,250.0,200.0,5,990900,0,,,2,1025230.0,236501.0,40.8157212,-73.8519505,7a,,New York
BX,3478,80,209.0,18.0,10473.0,43.0,2050 LACOMBE AVENUE,NY,V0,11,C,NYC DEPARTMENT OF PARKS AND RECREATION,10000,0,50.0,200.0,5,24480,0,,,2,1025042.0,236546.0,40.8158456,-73.8526295,7a,,New York
BX,4514,62,211.0,13.0,10467.0,49.0,2700 BOSTON ROAD,NY,V9,11,C,NYC DEPARTMENT OF PARKS AND RECREATION,1035,0,66.38,45.13,5,23400,0,,,2,1022478.0,254713.0,40.8657201,-73.8617889,4a,,New York
BX,5625,350,210.0,13.0,10464.0,45.0,2 ROCHELLE STREET,NY,V0,11,C,NYC DEPARTMENT OF CITYWIDE ADMINISTRATIVE SERVICES,7661,0,20.0,400.0,5,20160,0,,,2,1043424.0,244770.0,40.8383141,-73.7861479,4d,,New York
BX,2613,48,203.0,17.0,10456.0,42.0,581 EAST 166 STREET,NY,V0,11,C,NYC DEPARTMENT OF HOMELESS SERVICES,3006,0,25.0,120.32,5,8940,0,,,2,1010488.0,240872.0,40.8277745,-73.9051922,3d,,New York
BX,4890,2,212.0,12.0,10466.0,47.0,1899 NEEDHAM AVENUE,NY,V0,11,X,NYC ADMINISTRATION FOR CHILDRENS SERVICES,96642,0,207.5,306.67,5,650280,0,,,2,1027768.0,260441.0,40.8814172,-73.8426261,2b,,New York
BX,4898,81,212.0,12.0,10466.0,47.0,1296 EAST 224 STREET,NY,V0,11,C,NYC DEPARTMENT OF CITYWIDE ADMINISTRATIVE SERVICES,4040,0,40.0,132.67,5,21720,0,,,2,1027385.0,260242.0,40.8808729,-73.8440124,2b,,New York
BX,4889,30,212.0,12.0,10466.0,47.0,1298 EAST 224 STREET,NY,V0,11,C,NYC DEPARTMENT OF TRANSPORTATION,1360,0,30.0,50.0,5,7380,0,,,2,1027431.0,260251.0,40.8808974,-73.843846,2b,,New York
BX,2365,23,203.0,17.0,10451.0,42.0,881 BROOK AVENUE,NY,V1,11,C,NYC HOUSING PRESERVATION AND DEVELOPMENT,1764,0,18.0,98.0,5,78750,0,,,2,1008947.0,239099.0,40.8229125,-73.9107669,6c,,New York
BX,2965,6,203.0,17.0,10459.0,42.0,1388 STEBBINS AVENUE,NY,V0,11,C,NYC HOUSING PRESERVATION AND DEVELOPMENT,2683,0,25.0,107.46,5,12540,0,,,2,1013644.0,242674.0,40.8327105,-73.8937805,3d,,New York
BX,3706,20,209.0,18.0,10473.0,43.0,2453 QUIMBY AVENUE,NY,V1,11,C,NYC DEPARTMENT OF CITYWIDE ADMINISTRATIVE SERVICES,4224,0,37.75,152.58,5,132300,0,,,2,1027855.0,240766.0,40.8274149,-73.8424394,4b,,New York
BX,3454,48,209.0,18.0,10473.0,43.0,201 BOLTON AVENUE,NY,V0,11,C,NYC DEPARTMENT OF PARKS AND RECREATION,55610,0,578.6,97.83,5,145500,0,,,2,1023902.0,234414.0,40.8099991,-73.8567606,7a,,New York
BX,3442,65,209.0,18.0,10473.0,43.0,125 BOLTON AVENUE,NY,V0,11,C,NYC DEPARTMENT OF PARKS AND RECREATION,39769,0,408.17,98.0,5,104040,0,,,2,1024007.0,233797.0,40.8083051,-73.8563849,7a,,New York
BX,3452,63,209.0,18.0,10473.0,43.0,101 BRONX RIVER AVENUE,NY,V0,11,C,NYC DEPARTMENT OF PARKS AND RECREATION,5835,0,210.64,32.11,5,13140,0,,,2,1023049.0,234624.0,40.8105793,-73.8598407,7a,,New York
BX,3452,32,209.0,18.0,10473.0,43.0,1852 O'BRIEN AVENUE,NY,V0,11,C,NYC DEPARTMENT OF PARKS AND RECREATION,18335,0,131.02,175.6,5,48000,0,,,2,1023321.0,234668.0,40.8106988,-73.8588579,7a,,New York
BX,3441,200,209.0,18.0,10473.0,43.0,115 UNDERHILL AVENUE,NY,V0,11,C,NYC DEPARTMENT OF TRANSPORTATION,812,0,232.67,66.42,5,1428,0,,,2,1023809.0,233715.0,40.8080809,-73.8571006,7a,,New York
BX,3491,1,209.0,18.0,10473.0,43.0,1720 LACOMBE AVENUE,NY,V0,11,C,NYC DEPARTMENT OF PARKS AND RECREATION,19600,0,200.0,195.0,3,82860,0,,,2,1021471.0,235935.0,40.8141844,-73.8655339,7a,,New York
BX,2411,10,201.0,17.0,10451.0,40.0,636 MORRIS AVENUE,NY,V0,11,C,NYC DEPARTMENT OF EDUCATION,4129,0,58.79,70.24,5,19080,0,,,2,1005952.0,237788.0,40.8193221,-73.9215924,6a,,New York
BX,2403,37,201.0,17.0,10455.0,40.0,387 EAST 156 STREET,NY,V0,11,C,NYC HOUSING PRESERVATION AND DEVELOPMENT,2646,0,26.64,99.3,5,8640,0,,,2,1007535.0,238440.0,40.8211076,-73.9158709,6a,,New York
BX,5064,20,212.0,11.0,10466.0,47.0,5501 BULLARD AVENUE,NY,V9,11,C,NYC DEPARTMENT OF PARKS AND RECREATION,49423,0,240.0,350.0,5,1522350,0,,,2,1023129.0,268020.0,40.9022408,-73.859358,2a,,New York
BX,5131,17,210.0,12.0,10475.0,45.0,2195 PALMER AVENUE,NY,V0,11,C,NYC DEPARTMENT OF CITYWIDE ADMINISTRATIVE SERVICES,45500,0,100.0,455.0,5,132840,0,,,2,1032344.0,252525.0,40.8596665,-73.8261348,4a,,New York
BX,2896,96,203.0,16.0,10457.0,42.0,404 CLAREMONT PARKWAY,NY,V0,11,C,NYC HOUSING PRESERVATION AND DEVELOPMENT,2811,0,45.5,75.17,5,11580,0,,,2,1010534.0,245103.0,40.8393872,-73.9050094,3d,,New York
BX,3017,1,209.0,17.0,10459.0,43.0,1363 WESTCHESTER AVENUE,NY,V8,11,C,NYC DEPARTMENT OF PARKS AND RECREATION,48800,0,195.36,394.76,5,917100,0,,,2,1016304.0,241240.0,40.8287653,-73.884175,3d,,New York
BX,5422,135,210.0,13.0,10465.0,45.0,1029I THROGS NECK EXPWY,NY,V0,11,C,NYC DEPARTMENT OF CITYWIDE ADMINISTRATIVE SERVICES,69,0,25.0,2.75,6,232,0,,,2,1033048.0,242946.0,40.8333712,-73.8236595,4b,,New York
BX,2319,200,201.0,8.0,10451.0,40.0,2391 3 AVENUE,NY,V1,11,C,CITY OF NEW YORK,85900,0,56.0,655.0,5,6562800,0,,,2,1002939.0,234237.0,40.8095825,-73.932488,6a,,New York
BX,2280,52,201.0,8.0,10454.0,40.0,461 EAST 135 STREET,NY,V0,11,C,NYC DEPARTMENT OF PARKS AND RECREATION,2500,0,25.0,100.0,5,7380,0,,,2,1005825.0,233113.0,40.8064908,-73.9220663,6a,,New York
BX,2280,51,201.0,8.0,10454.0,40.0,463 EAST 135 STREET,NY,V0,11,C,NYC DEPARTMENT OF PARKS AND RECREATION,2500,0,25.0,100.0,5,7380,0,,,2,1005845.0,233102.0,40.8064606,-73.9219941,6a,,New York
BX,2280,31,201.0,8.0,10454.0,40.0,450 EAST 136 STREET,NY,V0,11,C,NYC DEPARTMENT OF PARKS AND RECREATION,2500,0,25.0,100.0,5,7380,0,,,2,1005740.0,233276.0,40.8069384,-73.9223728,6a,,New York
BX,2748,24,202.0,17.0,10459.0,41.0,1048 FAILE STREET,NY,V0,11,C,NYC HOUSING PRESERVATION AND DEVELOPMENT,2050,0,20.5,100.0,5,10200,0,,,2,1014883.0,239733.0,40.8246341,-73.8893166,6c,,New York
BX,2746,25,202.0,17.0,10459.0,41.0,954 HOE AVENUE,NY,V0,11,C,NYC DEPARTMENT OF PARKS AND RECREATION,5000,0,50.0,100.0,5,24240,0,,,2,1014669.0,238982.0,40.8225736,-73.8900932,6c,,New York
BX,2971,56,203.0,17.0,10459.0,42.0,829 FREEMAN STREET,NY,V0,11,C,NYC HOUSING PRESERVATION AND DEVELOPMENT,663,0,17.08,34.96,5,2520,0,,,2,1012846.0,241887.0,40.830553,-73.8966675,3d,,New York
BX,2965,13,203.0,17.0,10459.0,42.0,1400 STEBBINS AVENUE,NY,V0,11,C,NYC HOUSING PRESERVATION AND DEVELOPMENT,3037,0,33.7,90.13,3,13200,0,,,2,1013610.0,242850.0,40.8331937,-73.8939026,3d,,New York
BX,2541,132,204.0,16.0,10452.0,44.0,1363 EXTERIOR STREET,NY,V1,11,C,NYC DEPARTMENT OF PARKS AND RECREATION,190000,0,548.25,128.0,3,396000,0,,,2,1004038.0,246898.0,40.8443309,-73.9284807,3b,,New York
BX,3183,45,205.0,14.0,10468.0,46.0,2355 MORRIS AVENUE,NY,V5,11,C,NYC DEPARTMENT OF EDUCATION,6143,0,62.42,98.42,5,63000,0,,,2,1011567.0,252515.0,40.8597278,-73.9012459,3c,,New York
BX,2533,22,204.0,16.0,10452.0,44.0,1345 UNIVERSITY AVENUE,NY,V0,11,C,NYC DEPARTMENT OF PARKS AND RECREATION,26738,0,45.83,187.56,3,130200,0,,INDIVIDUAL LANDMARK,2,1004468.0,246069.0,40.8420546,-73.926929,3b,,New York
BX,2979,1,203.0,17.0,10459.0,42.0,959 HOME STREET,NY,V1,11,C,NYC HOUSING PRESERVATION AND DEVELOPMENT,3111,0,101.66,36.81,3,102600,0,,,2,1014263.0,241214.0,40.8287011,-73.8915502,3d,,New York
BX,5312,75,210.0,13.0,10461.0,45.0,2946 BAISLEY AVENUE,NY,V0,11,C,NYC DEPARTMENT OF TRANSPORTATION,10340,0,50.0,219.75,5,0,0,,,2,1031902.0,243832.0,40.8358092,-73.8277944,4b,,New York
BX,5629,170,210.0,13.0,,,285 PAULIS PLACE,NY,V0,11,C,NYC DEPARTMENT OF CITYWIDE ADMINISTRATIVE SERVICES,14800,0,55.0,374.0,9,3960,0,,,2,1042059.0,247341.0,40.8453797,-73.7910588,4d,,New York
BX,3430,75,209.0,18.0,10473.0,43.0,71 WHITE PLAINS ROAD,NY,V0,11,C,NYC DEPARTMENT OF PARKS AND RECREATION,173289,0,215.0,560.0,5,444300,0,,,2,1024471.0,231984.0,40.8033268,-73.8547197,7b,,New York
BX,5021,95,212.0,12.0,10466.0,47.0,2037 EDENWALD AVENUE,NY,V0,11,,"MALLETTE, EVE-LYN",2500,0,25.0,100.0,5,7200,0,,,2,1027847.0,264824.0,40.8934468,-73.8423119,2a,,New York
BX,5263,327,212.0,12.0,10475.0,47.0,3417 WRIGHT AVENUE,NY,V0,11,,"MASTRONARDI, GERARDO",2900,0,29.0,100.0,0,9900,0,,,2,1030220.0,260324.0,40.8810837,-73.8337609,2b,,New York
BX,4044,10,211.0,13.0,10462.0,49.0,1735 MATTHEWS AVENUE,NY,V2,11,,"YAFAI, HAMOOD A",2375,0,25.0,95.0,5,5280,0,,,2,1022480.0,247401.0,40.8456509,-73.8618234,4b,,New York
BX,4036,33,211.0,13.0,10462.0,49.0,1716 WALLACE AVENUE,NY,V0,11,,"RAGOONANAN, SANMATI",2375,0,25.0,95.0,5,10320,0,,,2,1022199.0,247117.0,40.8448726,-73.8628406,4b,,New York
BX,5814,1189,208.0,11.0,10471.0,50.0,6159 BROADWAY,NY,V1,11,,SARAMINA REALTY LLC,5000,0,50.0,100.0,5,265500,0,,,2,1012732.0,265421.0,40.8951471,-73.8969794,1c,,New York
BX,2286,105,201.0,8.0,10454.0,40.0,427 EAST 141 STREET,NY,V0,11,,MARTE MARIA E,1875,0,18.75,100.0,5,5160,0,,,2,1006325.0,234665.0,40.8107494,-73.9202551,6a,,New York
BX,2570,35,201.0,8.0,10454.0,40.0,303 BRUCKNER BOULEVARD,NY,V1,11,,303 BRUCKNER LLC,4820,0,57.76,113.26,3,190800,0,,,2,1008996.0,232861.0,40.8057908,-73.9106129,6c,,New York
BX,2446,36,204.0,16.0,10456.0,44.0,943 GRANT AVENUE,NY,V0,11,,"PRINCE, DENISE MARIE",1904,0,20.0,95.22,5,15480,0,,,2,1006781.0,240902.0,40.8278671,-73.9185869,3b,,New York
BX,2802,8,205.0,15.0,10457.0,46.0,200 MT HOPE PLACE,NY,V0,11,,200 MT. HOPE PLACE LLC,1500,0,20.0,75.0,3,9900,0,,,2,1010264.0,248313.0,40.8481985,-73.9059727,3d,,New York
BX,3230,30,205.0,14.0,10453.0,46.0,2007 SEDGWICK AVENUE,NY,V0,11,,"FAILY, AFRASIAB",11298,0,67.25,169.18,5,72300,0,,,2,1007378.0,251759.0,40.8576648,-73.9163922,3a,,New York
BX,4766,30,212.0,12.0,10469.0,47.0,1517 ADEE AVENUE,NY,V0,11,,MERIT HOMES INC.,2375,0,25.0,95.0,5,7560,0,,,2,1027953.0,256238.0,40.8698804,-73.8419845,4a,,New York
BX,2598,79,201.0,8.0,10454.0,40.0,313 LOCUST AVENUE,NY,V1,11,,"SILVERCUP ACQUISITION COMPANY, LLC",1658,0,16.58,100.0,5,49950,0,,,2,1010308.0,232167.0,40.8038822,-73.9058764,6d,,New York
BX,2562,25,201.0,8.0,10454.0,40.0,702 EAST 134 STREET,NY,V1,11,,"PATERRA, JOSEPH",1801,0,17.42,103.42,5,45450,0,,,2,1007729.0,231555.0,40.8022097,-73.9151941,6b,,New York
BX,4893,38,212.0,12.0,10466.0,47.0,3511 EDSON AVENUE,NY,V0,11,,"TEDDY PARTNERS, LLC",4750,0,50.0,95.0,5,25440,0,,,2,1028451.0,260394.0,40.8812848,-73.8401565,2b,,New York
BX,4899,51,212.0,12.0,10466.0,47.0,1216 EAST 225 STREET,NY,V0,11,,"MOORE, AKINWALE",2685,0,25.0,107.42,5,15600,0,,,2,1026923.0,260811.0,40.8824369,-73.8456795,2b,,New York
BX,2389,28,203.0,16.0,10456.0,42.0,1217 WASHINGTON AVENUE,NY,V1,11,,458 EAST 168 LLC,3896,0,42.7,91.21,3,129600,0,,,2,1009932.0,242161.0,40.831314,-73.9071963,3d,,New York
BX,3447,3,209.0,18.0,10473.0,43.0,1993 CORNELL AVENUE,NY,V0,11,,1993 CORNELL AVENUE LLC,5000,0,50.0,100.0,5,12180,0,,,2,1025476.0,233681.0,40.80798,-73.8510791,7a,,New York
BX,3048,54,206.0,15.0,10457.0,48.0,4409 3 AVENUE,NY,V1,11,,"PIBLY RESIDENTIAL PROGRAMS, INC.",3150,0,31.5,100.0,3,156150,0,,,2,1013684.0,249571.0,40.8516406,-73.8936057,3c,,New York
BX,3686,38,209.0,18.0,10473.0,43.0,2174 STORY AVENUE,NY,V0,11,,GUALBERTO CAZARES,3900,0,50.0,78.08,3,7080,0,,,2,1025835.0,239968.0,40.8252343,-73.8497434,7a,,New York
BX,2600,100,201.0,8.0,10455.0,40.0,870 EAST 147 STREET,NY,V0,11,,BRONX AFFORDABLE HOLDINGS LLC,2500,0,25.0,100.0,5,16800,0,,,2,1010622.0,234470.0,40.8102024,-73.9047332,6c,,New York
BX,3499,67,209.0,18.0,10473.0,43.0,427 BOLTON AVENUE,NY,V0,11,,427 BOLTON AVE LLC,2500,0,25.0,100.0,5,11280,0,,,2,1023625.0,235945.0,40.8142025,-73.8577522,7a,,New York
BX,3499,27,209.0,18.0,10473.0,43.0,446 UNDERHILL AVENUE,NY,V0,11,,UNDERHILL 448 CORP,2500,0,25.0,100.0,5,11280,0,,,2,1023487.0,236123.0,40.8146917,-73.8582497,7a,,New York
BX,3459,61,209.0,18.0,10473.0,43.0,234 PUGSLEY AVENUE,NY,V0,11,,"MAGAZINO, RONALD",2696,0,15.5,46.17,5,5220,0,,,2,1025205.0,234761.0,40.8109455,-73.8520515,7a,,New York
BX,3459,60,209.0,18.0,10473.0,43.0,227 HUSSON AVENUE,NY,V0,11,,"ROSARIO, ALEJANDRO",1360,0,40.67,76.25,5,2280,0,,,2,1025340.0,234715.0,40.8108187,-73.8515641,7a,,New York
BX,4559,36,211.0,12.0,10469.0,49.0,2950 YATES AVENUE,NY,V0,11,,JAS 2941 HERING CORP.,2500,0,25.0,100.0,5,8700,0,,,2,1024529.0,255932.0,40.8690568,-73.8543663,4a,,New York
BX,5625,140,210.0,13.0,10464.0,45.0,58 MARINE STREET,NY,V0,11,,WILLIAM MCGEE,1126,0,12.51,90.0,5,2340,0,,,2,1043459.0,245403.0,40.8400512,-73.7860158,4d,,New York
BX,2877,531,205.0,14.0,10453.0,46.0,1793 MONTGOMERY AVENUE,NY,V0,11,C,NYC DEPARTMENT OF EDUCATION,5012,0,118.73,82.12,3,19320,0,,,2,1007163.0,249539.0,40.8515721,-73.917177,3a,,New York
BX,2880,181,205.0,16.0,10453.0,46.0,1786 SEDGWICK AVENUE,NY,V0,11,,"LANTIGUA, NELLY",2364,0,27.3,86.95,5,9960,0,,,2,1006277.0,249693.0,40.8519971,-73.9203791,3a,,New York
BX,2872,259,205.0,14.0,10452.0,46.0,1590 JESUP AVENUE,NY,V0,11,,HIGHBRIDGE UNITY CENT,2500,0,25.0,100.0,5,11580,0,,,2,1006943.0,247369.0,40.8456167,-73.9179796,3b,,New York
BX,2873,109,205.0,14.0,10452.0,46.0,1535 SHAKESPEARE AVENUE,NY,V0,11,,LEWIS STEPHANIE,1750,0,25.0,74.83,5,6900,0,,,2,1006519.0,247331.0,40.8455135,-73.9195122,3b,,New York
BX,2371,42,203.0,16.0,10456.0,42.0,3421 3 AVENUE,NY,V1,11,,"SHAFI, IQBAL A",4256,0,25.0,168.85,5,152100,0,,,2,1009930.0,241327.0,40.829025,-73.9072067,3d,,New York
BX,2370,40,203.0,16.0,10456.0,42.0,3349 3 AVENUE,NY,V1,11,,A. MELAINE BROWN,1626,0,25.32,63.64,5,44100,0,,,2,1009757.0,240556.0,40.8269093,-73.9078348,3d,,New York
BX,3448,23,209.0,18.0,10473.0,43.0,144 HUSSON AVENUE,NY,V0,11,,WANDA LUCENA,2810,0,25.0,112.42,2,5400,0,,,2,1025592.0,234098.0,40.809124,-73.8506575,7a,,New York
BX,3685,9,209.0,18.0,10473.0,43.0,846 OLMSTEAD AVENUE,NY,V0,11,,2100 HERMANY LLC,2231,0,25.0,89.33,3,3540,0,,,2,1025182.0,239608.0,40.8242493,-73.852105,7a,,New York
BX,5141,452,210.0,12.0,10475.0,45.0,3209 CONNER STREET,NY,V1,11,P,"MIU REALTY, LLC",1092,0,43.0,94.0,5,38700,0,,,2,1033374.0,260292.0,40.8809788,-73.8223543,2d,,New York
BX,2694,53,202.0,17.0,10459.0,41.0,890 EAST 169 STREET,NY,V1,11,,890 E 169 LLC,1670,0,25.0,38.58,5,53550,0,,,2,1013011.0,241081.0,40.8283403,-73.8960747,3d,,New York
BX,2994,15,203.0,17.0,10459.0,42.0,1432 VYSE AVENUE,NY,V0,11,,VYSE HOUSE LLC,2500,0,25.0,100.0,5,10980,0,,,2,1014947.0,242067.0,40.83104,-73.8890747,3d,,New York
BX,4327,39,211.0,13.0,10461.0,49.0,2124 HONE AVENUE,NY,V0,11,,HARRY GOLDMAN,2500,0,25.0,100.0,5,7080,0,,,2,1023292.0,250750.0,40.8548394,-73.8588691,4a,,New York
BX,4131,8,211.0,13.0,10461.0,49.0,1116 RHINELANDER AVENUE,NY,V0,11,,MERHI 221 LLC,2250,0,25.0,90.0,3,5160,0,,,2,1024712.0,249577.0,40.8516134,-73.8537431,4a,,New York
BX,5306,126,210.0,13.0,10465.0,45.0,1112 SWINTON AVENUE,NY,V0,11,,KELLY  CLYDE,238,0,36.42,13.58,5,684,0,,,2,1030905.0,242307.0,40.8316289,-73.831408,4b,,New York
BX,4988,58,212.0,12.0,10466.0,47.0,4055 AMUNDSON AVENUE,NY,V0,11,,RAMDASS RADHA,1242,0,12.42,100.0,5,4020,0,,,2,1029239.0,264629.0,40.8929046,-73.8372784,2b,,New York
BX,2783,178,204.0,16.0,10456.0,44.0,1301 FINDLAY AVENUE,NY,V0,11,,1301 FINDLAY LLC,1800,0,18.0,100.0,5,6960,0,,,2,1008803.0,243550.0,40.8351297,-73.9112709,3d,,New York
BX,3026,55,205.0,15.0,10458.0,46.0,2469 WEBSTER AVENUE,NY,V1,11,,SAMAYA PROPERTIES LLC,8068,0,75.0,104.75,5,352350,0,,,2,1013807.0,252774.0,40.8604315,-73.8931469,3c,,New York
BX,4340,95,211.0,15.0,10467.0,49.0,615 THWAITES PLACE,NY,V0,11,,ANNA DEVELOPMENT LLC,19830,0,42.91,307.4,5,121200,0,,,2,1020183.0,252363.0,40.8592798,-73.870099,3c,,New York
BX,4340,10,211.0,15.0,10467.0,49.0,2282 BRONX PARK EAST,NY,V0,11,,BPE REALTY LLC,9013,0,33.25,136.08,5,27900,0,,,2,1020106.0,252484.0,40.8596122,-73.8703767,3c,,New York
BX,2762,200,202.0,17.0,10474.0,41.0,846 LONGFELLOW AVENUE,NY,V1,11,,840 LONGFELLOW LLC,10135,0,75.0,100.0,5,380250,0,,,2,1016009.0,237475.0,40.8184326,-73.8852588,6c,,New York
BX,2810,7,205.0,15.0,10457.0,46.0,1940 GRAND CONCOURSE,NY,V0,11,,"GC 1940, LLC",7474,0,67.32,127.22,5,75960,0,,,2,1010589.0,249042.0,40.8501984,-73.9047951,3c,,New York
BX,2810,10,205.0,15.0,10457.0,46.0,1942 GRAND CONCOURSE,NY,V0,11,,"GC 1940, LLC",3632,0,37.61,95.45,3,26940,0,,,2,1010609.0,249089.0,40.8503274,-73.9047227,3c,,New York
BX,5008,35,212.0,12.0,10466.0,47.0,1791 EDENWALD AVENUE,NY,V0,11,,"AGUILAR, HUGO",2000,0,20.0,100.0,3,4620,0,,,2,1026187.0,264366.0,40.8921978,-73.8483189,2b,,New York
BX,5409,160,210.0,13.0,10465.0,45.0,3368 AGAR PLACE,NY,V0,11,,AGAR 3368 LLC,6500,0,50.0,130.0,5,15900,0,,,2,1035173.0,244947.0,40.8388513,-73.8159652,4d,,New York
BX,4888,28,212.0,12.0,10466.0,47.0,1334 EAST 223 STREET,NY,V0,11,,NATURAL HOLDINGS LLC,4888,0,50.0,96.36,5,15900,0,,,2,1027562.0,259837.0,40.8797604,-73.8433749,2b,,New York
BX,2669,68,203.0,17.0,10456.0,42.0,787 EAST 163 STREET,NY,V0,11,,"PROJECT RENEWAL, INC.",1099,0,21.0,52.39,5,3024,0,,,2,1011183.0,239068.0,40.8228209,-73.9026881,6c,,New York
BX,2612,5,203.0,17.0,10456.0,42.0,1236 FULTON AVENUE,NY,V0,11,,AS WE GO EQUIPMENT CO INC,1458,0,14.58,100.0,5,3900,0,,,2,1010814.0,242011.0,40.8308997,-73.9040097,3d,,New York
BX,4266,46,211.0,13.0,10462.0,49.0,1935 RADCLIFF AVENUE,NY,V0,11,,"BONASIA, STEFANIA M.",2500,0,25.0,100.0,5,7140,0,,,2,1023070.0,249213.0,40.8506217,-73.8596804,4a,,New York
BX,4327,41,211.0,13.0,10461.0,49.0,2128 HONE AVENUE,NY,V0,11,,MICHAEL MELLIA,2500,0,25.0,100.0,5,7080,0,,,2,1023274.0,250798.0,40.8549712,-73.8589338,4a,,New York
BX,2985,70,206.0,15.0,10460.0,48.0,1923 DALY AVENUE,NY,V0,11,X,CHURCH OF ST. THOMASAQU,3851,0,37.9,101.6,5,18000,0,,,2,1016173.0,245741.0,40.8411197,-73.884627,3d,,New York
BX,5409,163,210.0,13.0,10465.0,45.0,3390 AGAR PLACE,NY,V0,11,,VITO R SACCHETTI,43757,0,253.0,85.0,5,5700,0,,,2,1035433.0,244927.0,40.8387949,-73.8150257,4d,,New York
BX,5414,179,210.0,13.0,10465.0,45.0,3303 RADIO DRIVE,NY,V0,11,,ERNEST GALPERIN,2600,0,25.0,104.0,5,5700,0,,,2,1034721.0,246757.0,40.8438218,-73.8175851,4d,,New York
BX,5417,162,210.0,13.0,10465.0,45.0,1671 BAY SHORE AVENUE,NY,V0,11,,"VUKAJ, LAZER",3874,0,51.17,103.0,3,7080,0,,,2,1034993.0,248434.0,40.8484231,-73.8165893,4d,,New York
BX,4642,38,212.0,12.0,10467.0,47.0,3567 WILLETT AVENUE,NY,V0,11,,3567 WILLETT LLC,5000,0,50.0,100.0,3,22680,0,,,2,1021102.0,259741.0,40.8795263,-73.8667361,2b,,New York
BX,3457,43,209.0,18.0,10473.0,43.0,1944 O'BRIEN AVENUE,NY,V0,11,,"LOURDES CINTRON, TRUSTEE",2500,0,25.0,100.0,5,4800,0,,,2,1024571.0,234923.0,40.8113931,-73.8543408,7a,,New York
BX,3429,416,209.0,18.0,10473.0,43.0,207 HARDING PARK,NY,V0,11,,"OCONNELL, SHAHEEN",1904,0,36.83,56.25,2,3240,0,,,2,1023812.0,232828.0,40.8056464,-73.857095,7a,,New York
BX,3495,55,209.0,18.0,10473.0,43.0,437 TAYLOR AVENUE,NY,V0,11,,IRIS HERNANDEZ,2500,0,25.0,100.0,4,7200,0,,,2,1022577.0,235883.0,40.8140369,-73.8615386,7a,,New York
BX,2888,38,204.0,15.0,10457.0,44.0,374 EAST 173 STREET,NY,V1,11,,REALTY 374 LLC,1141,0,17.0,67.91,5,15750,0,,,2,1010771.0,246413.0,40.8429821,-73.9041477,3d,,New York
BX,2976,41,203.0,17.0,10459.0,42.0,1283 LOUIS NINE BOULEVARD,NY,V1,11,,1283 LN LLC,2614,0,25.0,104.69,3,85950,0,,,2,1014070.0,241800.0,40.8303102,-73.892245,3d,,New York
BX,2420,1,204.0,16.0,10451.0,44.0,270 EAST 158 STREET,NY,V0,11,O,NYC HOUSING AUTHORITY,31919,0,177.0,360.48,3,305220,0,,,2,1006589.0,239267.0,40.8233799,-73.9192861,6a,,New York
BX,2423,18,204.0,16.0,10456.0,44.0,285 BONNER PLACE,NY,V0,11,,BONNER PLACE PROPERTY LLC,5000,0,66.67,75.0,5,21960,0,,,2,1007339.0,240867.0,40.8277695,-73.9165707,3b,,New York
BX,2421,33,204.0,16.0,10451.0,44.0,899 TELLER AVENUE,NY,V1,11,,INGLESAI APOSTOLICA/ETC,3948,0,42.0,94.0,5,154350,0,,,2,1007466.0,240092.0,40.8256421,-73.9161145,6a,,New York
BX,2423,33,204.0,16.0,10456.0,44.0,294 EAST 164 STREET,NY,V0,11,X,NEIGHBORHOOD RESTORE HOUSING DEVELOPMENT  FUND CORP,1958,0,18.8,105.0,5,7140,0,,,2,1007477.0,240883.0,40.8278131,-73.916072,3b,,New York
BX,2421,6,204.0,16.0,10451.0,44.0,882 MORRIS AVENUE,NY,V1,11,,882 MORRIS LLC,3500,0,35.0,100.0,5,167850,0,,,2,1006960.0,240176.0,40.8258739,-73.9179425,6a,,New York
BX,3990,48,210.0,18.0,10462.0,45.0,1672 CASTLE HILL AVENUE,NY,V0,11,,PARK CASTLE REALTY INC.,3770,0,86.25,90.0,5,12420,0,,,2,1025040.0,245227.0,40.8396725,-73.8525839,4b,,New York
BX,5017,38,212.0,12.0,10466.0,47.0,4213 GRACE AVENUE,NY,V0,11,,PATRIA M BERNABE,2375,0,25.0,95.0,5,6180,0,,,2,1026608.0,265499.0,40.8953055,-73.846789,2a,,New York
BX,3471,4,209.0,18.0,10473.0,43.0,1853 O'BRIEN AVENUE,NY,V0,11,,REINALDO DIAZ,2500,0,25.0,100.0,5,4800,0,,,2,1023248.0,234864.0,40.8112371,-73.8591205,7a,,New York
BX,5049,57,212.0,11.0,10466.0,47.0,4335 BOYD AVENUE,NY,V0,11,,"MARTINEZ, NORMA",1344,0,48.0,47.83,5,3480,0,,,2,1025209.0,265870.0,40.8963303,-73.851847,2a,,New York
BX,5842,2015,208.0,11.0,10471.0,50.0,5422A SYLVAN AVENUE,NY,V0,11,,ADVANTAGE RIVERDALE LLC AS NOMINEE,1044,0,70.05,16.07,6,3960,0,,,2,1012394.0,267919.0,40.9020044,-73.8981915,1c,,New York
BX,3016,33,206.0,15.0,10460.0,48.0,1916 LONGFELLOW AVENUE,NY,V0,11,,1916 LONGFELLOW LLC,8731,0,81.3,103.0,3,21444,0,,,2,1016996.0,245034.0,40.8391762,-73.881656,3d,,New York
BX,4609,46,212.0,12.0,10469.0,47.0,3231 COLDEN AVENUE,NY,V0,11,,SKYLINE 34 PROPERTY INC.,2500,0,25.0,100.0,5,8700,0,,,2,1023057.0,257112.0,40.8723021,-73.8596817,2b,,New York
BX,4725,26,212.0,12.0,10469.0,47.0,1475 HICKS STREET,NY,V0,11,,SOUTH HOMES INC,2375,0,25.0,95.0,5,12240,0,,,2,1026101.0,259654.0,40.8792652,-73.8486594,2b,,New York
BX,4870,18,212.0,12.0,10466.0,47.0,1037 EAST 223 STREET,NY,V0,11,,"WHITE, ALMA",2735,0,25.0,109.42,5,7920,0,,,2,1025304.0,261211.0,40.8835424,-73.8515319,2b,,New York
BX,4853,39,212.0,12.0,10466.0,47.0,819 EAST 228 STREET,NY,V0,11,,MAJOR DEVELOPMENT 52 CORP.,5721,0,50.0,114.42,5,21120,0,,,2,1024172.0,263195.0,40.8889931,-73.8556138,2b,,New York
BX,4878,36,212.0,12.0,10466.0,47.0,1013 EAST 231 STREET,NY,V0,11,,ELFREDA MC LEAN,2735,0,25.0,109.42,5,7920,0,,,2,1026033.0,263328.0,40.8893495,-73.8488823,2b,,New York
BX,5017,35,212.0,12.0,10466.0,47.0,4219 GRACE AVENUE,NY,V0,11,,"CHALLA, GINA E",2375,0,25.0,95.0,5,6180,0,,,2,1026587.0,265573.0,40.8955087,-73.8468645,2a,,New York
BX,5003,51,212.0,11.0,10466.0,47.0,4132 DIGNEY AVENUE,NY,V0,11,,"DAUPHIN, REINE",2500,0,25.0,100.0,5,7140,0,,,2,1025494.0,264435.0,40.8923904,-73.8508249,2b,,New York
BX,2877,534,205.0,14.0,10453.0,46.0,1801 POPHAM AVENUE,NY,V0,11,C,NYC DEPARTMENT OF EDUCATION,4300,0,43.0,100.0,5,14040,0,,,2,1007110.0,249541.0,40.8515777,-73.9173686,3a,,New York
BX,3153,41,205.0,15.0,10458.0,46.0,209 EAST 188 STREET,NY,V1,11,,37 HOLDING CO,5329,0,50.0,106.58,5,72000,0,,,2,1012746.0,253124.0,40.8613956,-73.8969811,3c,,New York
BX,3199,102,207.0,14.0,10468.0,52.0,2423 JEROME AVENUE,NY,V1,11,,"DELEONARDIS, FRANK",1985,0,19.83,100.08,5,57150,0,,,2,1011340.0,253346.0,40.8620094,-73.9020632,3c,,New York
BX,5010,4,212.0,12.0,10466.0,47.0,1830 BUSSING AVENUE,NY,V0,11,,LACKRAJH DYANAND,2389,0,25.08,95.25,5,6060,0,,,2,1026389.0,265146.0,40.8943376,-73.8475833,2a,,New York
BX,5000,17,212.0,11.0,10466.0,47.0,1674 BUSSING AVENUE,NY,V0,11,,1670 BUSSING HOLDING CORP,3165,0,20.58,153.75,4,9060,0,,,2,1025041.0,264427.0,40.8923706,-73.8524634,2b,,New York
BX,5027,24,212.0,12.0,10466.0,47.0,4125 MONTICELLO AVENUE,NY,V0,11,,JACKSON BESSIE M,2375,0,25.0,95.0,5,5940,0,,,2,1028527.0,265243.0,40.8945934,-73.8398496,2a,,New York
BX,4990,63,212.0,12.0,10466.0,47.0,2215 NUVERN AVENUE,NY,V0,11,,"KWANKAM, MAUREEN",490,0,35.25,27.08,5,60,0,,,2,1029648.0,264801.0,40.8933746,-73.8357979,2a,,New York
BX,5119,11,212.0,11.0,10470.0,47.0,875 EAST 242 STREET,NY,V0,11,,RAMSAMUGH VASISTHA,2775,0,25.08,112.0,3,7440,0,,,2,1026941.0,269030.0,40.9049953,-73.845562,2a,,New York
BX,4623,128,212.0,12.0,10467.0,47.0,650 MAGENTA STREET,NY,V0,11,,R AND K-2 REALTY 2015 LLC,1798,0,38.8,46.43,5,8460,0,,,2,1020522.0,258154.0,40.8751729,-73.8688421,1d,,New York
BX,2287,16,201.0,8.0,10454.0,40.0,420 EAST 143 STREET,NY,V0,11,,APONTE ADA,1875,0,18.75,100.0,5,7020,0,,,2,1006434.0,235018.0,40.811718,-73.9198602,6a,,New York
BX,5015,21,212.0,12.0,10466.0,47.0,4163 EDSON AVENUE,NY,V0,11,,PEDRO MORCELO,2500,0,25.0,100.0,5,7200,0,,,2,1026973.0,265153.0,40.894354,-73.845471,2a,,New York
BX,3801,82,209.0,18.0,10472.0,43.0,2005 HAVILAND AVENUE,NY,V0,11,,MARRASQUIN LUIS,2824,0,27.42,103.0,5,13380,0,,,2,1023949.0,241674.0,40.8299255,-73.8565478,4b,,New York
BX,2679,13,203.0,17.0,10459.0,42.0,1060 UNION AVENUE,NY,V0,11,X,CHURCH/ST.ANTHONY/PADUA,1523,0,17.0,89.63,5,4200,0,,,2,1011797.0,240013.0,40.8254128,-73.9004658,6c,,New York
BX,4272,5,211.0,13.0,10461.0,49.0,1112 NEILL AVENUE,NY,V0,11,,"MAMUDOSKI, HAZIRA L",2500,0,25.0,100.0,5,7140,0,,,2,1024229.0,250238.0,40.8534299,-73.855485,4a,,New York
BX,3308,28,207.0,14.0,10458.0,52.0,233 EAST 202 STREET,NY,V0,11,,233 EAST 202 LLC,5000,0,50.0,100.0,5,15840,0,,,2,1015892.0,257433.0,40.8732118,-73.8855873,1d,,New York
BX,3357,216,207.0,11.0,10467.0,52.0,3474 WEBSTER AVENUE,NY,V1,11,,AMERICAN PEN,2252,0,39.92,57.66,5,100800,0,,,2,1019803.0,259207.0,40.878066,-73.8714364,1d,,New York
BX,5632,184,210.0,13.0,10464.0,45.0,340 WILLIAM AVENUE,NY,V0,11,,"DAVIDSON, JONATHAN",1050,0,35.0,30.0,5,2166,0,,,2,1042560.0,248179.0,40.8476765,-73.7892407,4d,,New York
BX,3816,38,209.0,18.0,10472.0,43.0,2264 EAST 177 STREET,NY,V0,11,,"ADDO, BEATRICE",1050,0,34.5,29.67,5,4380,0,,,2,1026337.0,241349.0,40.8290224,-73.8479209,4b,,New York
BX,4568,18,212.0,12.0,10467.0,47.0,3072 WHITE PLAINS ROAD,NY,V1,11,,3072 NEW YORK REALTY LLC.,2503,0,25.03,100.0,5,69300,0,,,2,1021082.0,256530.0,40.8707132,-73.8668261,4a,,New York
BX,2410,77,201.0,17.0,10451.0,40.0,289 EAST 150 STREET,NY,V1,11,,MADONNA DEL SUF R C,11215,0,100.0,118.4,5,506700,0,,,2,1005893.0,237348.0,40.8181146,-73.921807,6a,,New York
BX,3758,27,209.0,18.0,10472.0,43.0,1138 UNDERHILL AVENUE,NY,V0,11,,1138 UNDERHILL LLC,1460,0,70.42,14.75,5,6240,0,,,2,1022462.0,241636.0,40.8298277,-73.8619213,4b,,New York
BX,4865,1,212.0,12.0,10466.0,47.0,4121 PAULDING AVENUE,NY,V0,11,,"JOHNSON, JOHN W.",1710,0,18.0,95.0,3,5820,0,,,2,1025661.0,263049.0,40.8885855,-73.8502295,2b,,New York
BX,5020,5,212.0,12.0,10466.0,47.0,4118A BAYCHESTER AVENUE,NY,V0,11,,"JAMES, ROBERT E",1875,0,25.0,75.0,5,4680,0,,,2,1027496.0,264863.0,40.8935555,-73.8435812,2a,,New York
BX,3732,28,209.0,18.0,10472.0,43.0,1038 UNDERHILL AVENUE,NY,V0,11,,BHA REALTY INC,4327,0,25.0,173.08,5,19080,0,,,2,1022700.0,240719.0,40.8273098,-73.8610665,4b,,New York
BX,2261,50,201.0,8.0,10454.0,40.0,135 BRUCKNER BOULEVARD,NY,V1,11,,MOTT-HAVEN FRNTR CO/ETC.,2525,0,25.17,100.0,5,67500,0,,,2,1006306.0,232255.0,40.8041347,-73.9203316,6b,,New York
BX,4973,64,212.0,12.0,10466.0,47.0,3925 PROVOST AVENUE,NY,V1,11,,3967 PROVOST AVENUE LLC,2500,0,25.0,100.0,5,41400,0,,,2,1031808.0,263441.0,40.8896304,-73.827995,2b,,New York
BX,5095,50,212.0,11.0,10466.0,47.0,2010 CAMP STREET,NY,V0,11,,GARNA CAMPBELL,2812,0,37.42,72.08,5,8040,0,,,2,1026775.0,267492.0,40.9007748,-73.8461723,2a,,New York
BX,5009,28,212.0,12.0,10466.0,47.0,4127 BRUNER AVENUE,NY,V0,11,,MORGAN TOMBROOK E A,1500,0,15.0,100.0,5,3900,0,,,2,1026328.0,264650.0,40.8929766,-73.8478071,2b,,New York
BX,4988,45,212.0,12.0,10466.0,47.0,4087 AMUNDSON AVENUE,NY,V0,11,,MARTINEZ LUIS,2500,0,25.0,100.0,5,8340,0,,,2,1029150.0,264934.0,40.8937422,-73.8375983,2a,,New York
BX,5848,1751,208.0,11.0,10471.0,50.0,5634B MOSHOLU AVENUE,NY,V1,11,,URIE A STERN,2475,0,25.0,100.0,5,104400,0,,,2,1011370.0,268874.0,40.9046287,-73.9018919,1c,,New York
BX,3234,80,207.0,14.0,10468.0,52.0,250 WEST FORDHAM ROAD,NY,V1,11,,GIRT REALTY LLC,3800,0,63.58,60.0,5,58050,0,,,2,1008966.0,253143.0,40.8614591,-73.9106465,3c,,New York
BX,2620,50,203.0,17.0,10456.0,42.0,589 EAST 161 STREET,NY,V1,11,,HOGAR EAGLE GARDENS HOUSING DEVELOPMENT  FUND CORP,2500,0,25.0,100.0,3,81450,0,,,2,1009538.0,238888.0,40.8223317,-73.9086324,6c,,New York
BX,2402,15,201.0,17.0,10455.0,40.0,378 EAST 156 STREET,NY,V0,11,X,"FOUNTAIN HOUSE, INC.",5000,0,50.0,100.0,5,20280,0,,,2,1007379.0,238336.0,40.8208226,-73.9164349,6a,,New York
BX,2999,19,203.0,17.0,10459.0,42.0,1440 BRYANT AVENUE,NY,V0,11,,HLB REDEVELOP ASSOC.,2500,0,25.0,100.0,5,11580,0,,,2,1015224.0,242050.0,40.8309924,-73.8880738,3d,,New York
BX,4988,34,212.0,12.0,10466.0,47.0,4086 SETON AVENUE,NY,V0,11,,GILES HARRIET,2500,0,25.0,100.0,5,8340,0,,,2,1029054.0,264906.0,40.8936658,-73.8379457,2a,,New York
BX,3790,72,209.0,18.0,10472.0,43.0,1935 WATSON AVENUE,NY,V0,11,,9 WASTON LLC,2575,0,25.0,103.0,5,12180,0,,,2,1023275.0,241283.0,40.8288553,-73.8589856,4b,,New York
BX,5275,47,212.0,12.0,10475.0,47.0,3532 DE LAVALL AVENUE,NY,V1,11,,MT. SINAI PROPERTIES INC.,2500,0,25.0,100.0,5,52200,0,,,2,1031522.0,261740.0,40.8849633,-73.8290414,2b,,New York
BX,3931,18,209.0,18.0,10462.0,43.0,1932 MCGRAW AVENUE,NY,V0,11,,1932 MCGRAW AVENUE LLC,3817,0,50.15,78.15,5,12480,0,,,2,1023046.0,243357.0,40.8345488,-73.8598011,4b,,New York
BX,3739,22,209.0,17.0,10472.0,43.0,1140 WHEELER AVENUE,NY,V0,11,,"OFF SURE PROPERTIES, CORP.",2500,0,25.0,100.0,5,10080,0,,,2,1017597.0,240659.0,40.8271659,-73.8795058,3d,,New York
BX,2678,42,203.0,17.0,10459.0,42.0,1009 PROSPECT AVENUE,NY,V1,11,X,ST. AUGUSTINE PRESBYTERI,6270,0,40.0,156.81,5,191250,0,,,2,1011818.0,239417.0,40.8237769,-73.9003924,6c,,New York
BX,2570,18,201.0,8.0,10454.0,40.0,307 BRUCKNER BOULEVARD,NY,V1,11,,"SCLP I BRUCKNER, LLC",48500,0,245.75,131.88,3,392850,0,,,2,1009088.0,232986.0,40.8061337,-73.9102801,6c,,New York
BX,3715,27,209.0,18.0,10472.0,43.0,1052 BOYNTON AVENUE,NY,V0,11,O,NYC HOUSING AUTHORITY,5000,0,50.0,100.0,5,20340,0,,,2,1018228.0,240092.0,40.8256072,-73.8772286,6c,,New York
BX,4197,32,210.0,13.0,10461.0,45.0,3109 BUHRE AVENUE,NY,V1,11,,3109 LLC,12703,0,127.02,100.01,5,274302,0,,,2,1031458.0,248409.0,40.8483741,-73.8293667,4b,,New York
BX,4165,14,210.0,13.0,10461.0,45.0,1624 EDISON AVENUE,NY,V0,11,,VINCENT CATANIA,2500,0,25.0,100.0,5,12540,0,,,2,1030582.0,246919.0,40.8442892,-73.8325433,4b,,New York
BX,3248,133,208.0,14.0,10468.0,50.0,2711 CLAFLIN AVENUE,NY,V0,11,,GS 2711 CLAFLIN BX LLC,2210,0,26.17,85.0,3,10080,0,,,2,1011488.0,256047.0,40.8694223,-73.9015172,3c,,New York
BX,3106,134,206.0,15.0,10460.0,48.0,774 EAST 178 STREET,NY,V0,11,X,TREMONT TERRACES HOMEOWNERS ASSOCIAC/O W ILLIAM NORWOOD,1645,0,35.0,0.0,5,0,0,,,2,1015294.0,247067.0,40.8447624,-73.8877976,3d,,New York
BX,2948,39,206.0,15.0,10457.0,48.0,750 EAST 175 STREET,NY,V0,11,X,CROTONA PARK NORTH II APTS HOUSING DEV F UND CO INC,3500,0,25.0,140.0,5,16320,0,,,2,1014098.0,245958.0,40.8417226,-73.8921253,3d,,New York
BX,3283,54,207.0,15.0,10458.0,52.0,2703 DECATUR AVENUE,NY,V0,11,,HR DECATUR LLC,3538,0,25.0,141.5,5,4560,0,,,2,1014956.0,254494.0,40.8651484,-73.8889852,3c,,New York
BX,3287,37,207.0,15.0,10458.0,52.0,2700 BAINBRIDGE AVENUE,NY,V0,11,,BAINBRIDGE VENTURE HOLDINGS LLC,2696,0,25.42,106.08,5,12180,0,,,2,1014390.0,254639.0,40.8655484,-73.8910309,3c,,New York
BX,3363,46,212.0,11.0,10470.0,47.0,40 EAST 235 STREET,NY,V0,11,,"VACAJ, ALEKSANDER",4850,0,50.0,97.0,3,14940,0,,,2,1018807.0,265970.0,40.8966322,-73.8750031,1c,,New York
BX,3369,33,212.0,11.0,10470.0,47.0,127 EAST 233 STREET,NY,V0,11,,"TRAYNOR, PHILIP",1924,0,25.28,75.0,5,8040,0,,,2,1019788.0,265987.0,40.896675,-73.8714546,1c,,New York
BX,5263,334,212.0,12.0,10475.0,47.0,3407 WRIGHT AVENUE,NY,V0,11,,"MASTRONARDI, GERARDO",2100,0,21.0,100.0,0,6720,0,,,2,1030268.0,260209.0,40.8807678,-73.833587,2b,,New York
BX,3376,37,212.0,11.0,10470.0,47.0,258 EAST 236 STREET,NY,V0,11,,"ALICKAJ, XHAFER",2500,0,25.0,100.0,5,7200,0,,,2,1020581.0,266446.0,40.8979315,-73.8685838,1c,,New York
BX,4804,5,212.0,12.0,10469.0,47.0,1810 BARTOW AVENUE,NY,V0,11,,"ESTHER VALDERRAMA, TRUSTEE",2625,0,25.0,105.0,5,5820,0,,,2,1029639.0,255238.0,40.8671272,-73.8358953,4a,,New York
BX,4886,26,212.0,12.0,10469.0,47.0,3431 EDSON AVENUE,NY,V0,11,,BARRETT OWEN,2375,0,25.0,95.0,5,7560,0,,,2,1028712.0,259786.0,40.8796148,-73.8392167,2b,,New York
BX,2744,55,202.0,17.0,10459.0,41.0,1117 WEST FARMS ROAD,NY,V0,11,X,ROSE ELLEN SMITH MBD HOUSING DEVELOPMENT  FUND CO.,6210,0,138.0,89.5,3,33960,0,,,2,1014502.0,240340.0,40.8263015,-73.8906905,6c,,New York
BX,2514,70,204.0,16.0,10452.0,44.0,1135 NELSON AVENUE,NY,V0,11,O,NYC HOUSING AUTHORITY,5034,0,50.13,102.54,5,29280,0,,,2,1004495.0,243873.0,40.8360271,-73.9268381,3b,,New York
BX,3771,64,209.0,17.0,10472.0,43.0,1231 WHEELER AVENUE,NY,V0,11,,"RAMJIT, DOODNAUTH",2500,0,25.0,100.0,5,9720,0,,,2,1017280.0,241529.0,40.829555,-73.8806469,3d,,New York
BX,2972,18,203.0,17.0,10459.0,42.0,1318 CHISHOLM STREET,NY,V0,11,,MT CARMEL BAPTIST CHURCH,2000,0,20.0,100.0,5,6900,0,,,2,1013182.0,242130.0,40.8312189,-73.8954523,3d,,New York
BX,2772,79,202.0,17.0,10474.0,41.0,452 COSTER STREET,NY,V1,11,,450-452 COSTER STREET HOLDINGS LLC,1900,0,25.0,76.0,5,49500,0,,,2,1015823.0,234299.0,40.809716,-73.8859458,6c,,New York
BX,3454,20,209.0,18.0,10473.0,43.0,1611 HARDING PARK,NY,V0,11,,TOMAS CEDENO,2563,0,25.08,102.17,5,4920,0,,,2,1023807.0,234337.0,40.8097882,-73.8571042,7a,,New York
BX,2261,22,201.0,8.0,10454.0,40.0,510 EAST 134 STREET,NY,V1,11,,"514 EAST 134TH ST.,RLTY",2500,0,25.0,100.0,3,60750,0,,,2,1006105.0,232480.0,40.8047527,-73.9210569,6a,,New York
BX,3044,88,206.0,15.0,10457.0,48.0,4263 3 AVENUE,NY,V1,11,,TREMONT PARK FACILITY LLC,10868,0,108.0,102.0,5,290700,0,,,2,1013092.0,248318.0,40.8482035,-73.8957509,3d,,New York
BX,3252,299,208.0,11.0,10463.0,50.0,3997 GOUVERNEUR AVENUE,NY,V0,11,,UNAVAILABLE OWNER,7500,0,75.0,100.0,5,43080,0,,,2,1014217.0,261452.0,40.8842485,-73.8916259,1d,,New York
BX,2982,44,203.0,17.0,10460.0,42.0,1537 HOE AVENUE,NY,V0,11,O,NYC HOUSING AUTHORITY,2000,0,20.0,100.0,5,7680,0,,,2,1015034.0,243269.0,40.8343389,-73.8887548,3d,,New York
BX,3460,61,209.0,18.0,10473.0,43.0,217 BETTS AVENUE,NY,V0,11,,"ORTIZ, TAMARA E",2750,0,25.0,110.0,5,5280,0,,,2,1025611.0,234613.0,40.8105374,-73.8505857,7a,,New York
BX,4523,11,211.0,13.0,10469.0,49.0,2722 HERING AVENUE,NY,V0,11,,HR HERING CORP,5000,0,50.0,100.0,5,11160,0,,,2,1024767.0,254925.0,40.8662918,-73.8535119,4a,,New York
BX,3237,123,207.0,14.0,10468.0,52.0,2601 SEDGWICK AVENUE,NY,V0,11,,Z & M 2601 SEDGWICK LLC,4178,0,37.42,111.84,5,13800,0,,,2,1010213.0,255862.0,40.8689184,-73.9061278,3c,,New York
BX,5505,16,210.0,13.0,10465.0,45.0,323 PENNYFIELD AVENUE,NY,V0,11,,MICHAEL S. FIGLUIZZI TRUST,5071,0,50.0,101.42,3,11400,0,,,2,1037138.0,236493.0,40.815636,-73.8089304,7c,,New York
BX,4027,40,211.0,13.0,10460.0,49.0,615 MEAD STREET,NY,V0,11,,"GOMEZ, FABIA",2500,0,25.0,100.0,5,11880,0,,,2,1021010.0,246213.0,40.8423964,-73.867143,4b,,New York
BX,5307,33,210.0,13.0,10465.0,45.0,2746 GIFFORD AVENUE,NY,V0,11,,"PALOMINO, OVENNY",2443,0,25.0,93.08,5,7560,0,,,2,1030644.0,242125.0,40.8311307,-73.8323524,4b,,New York
BX,5080,48,212.0,11.0,10470.0,47.0,662 EAST 240 STREET,NY,V0,11,,MZK HOME CORP.,5000,0,50.0,100.0,5,18900,0,,,2,1024899.0,268098.0,40.9024469,-73.8529547,2a,,New York
BX,4849,10,212.0,12.0,10466.0,47.0,861 EAST 224 STREET,NY,V0,11,,"SWIFT, GLORIA G",2860,0,25.0,114.42,5,8160,0,,,2,1024123.0,262008.0,40.8857354,-73.8557981,2b,,New York
BX,2622,30,203.0,17.0,10456.0,42.0,593 EAST 164 STREET,NY,V0,11,X,GRACE GOSPEL CHURCH,1667,0,16.67,100.0,5,4620,0,,,2,1010048.0,239924.0,40.8251738,-73.9067857,6c,,New York
BX,3349,43,207.0,11.0,10467.0,52.0,3133 DECATUR AVENUE,NY,V0,11,,3133 CORP.,2500,0,25.0,100.0,5,10380,0,,,2,1018202.0,257146.0,40.8724155,-73.8772362,1d,,New York
BX,4788,48,212.0,12.0,10469.0,47.0,2936 TIEMANN AVENUE,NY,V0,11,,WILLIAM P. HIGGINS,2375,0,25.0,95.0,5,7740,0,,,2,1028686.0,256187.0,40.8697368,-73.8393345,4a,,New York
BX,4293,58,211.0,13.0,10462.0,49.0,2065 MATTHEWS AVENUE,NY,V0,11,,JOSE COTTO,2500,0,25.0,100.0,5,11580,0,,,2,1022076.0,249999.0,40.8527834,-73.8632689,4a,,New York
BX,3526,39,209.0,18.0,10473.0,43.0,560 UNDERHILL AVENUE,NY,V0,11,,1908 HUNT AVENUE LLC,2500,0,25.0,100.0,5,11280,0,,,2,1023324.0,237038.0,40.8172038,-73.8588333,7a,,New York
BX,5592,137,210.0,13.0,10465.0,45.0,2811 SCHURZ AVENUE,NY,V0,11,,DELLAPORTAS NICHOLAS,470,0,6.42,95.0,8,305,0,,,2,1034604.0,236031.0,40.8143828,-73.8180885,7c,,New York
BX,5352,7,210.0,13.0,10461.0,45.0,2833 WATERBURY AVENUE,NY,V0,11,,VUSHAJ ZEF,2508,0,25.08,100.0,5,8820,0,,,2,1030508.0,244334.0,40.8371945,-73.8328286,4b,,New York
BX,4572,23,212.0,12.0,10467.0,47.0,3032 BARNES AVENUE,NY,V1,11,,EDDIE SEGUI,2501,0,25.01,100.0,5,68850,0,,,2,1022123.0,256607.0,40.8709201,-73.8630617,4a,,New York
BX,3068,64,206.0,15.0,10457.0,48.0,1992 ARTHUR AVENUE,NY,V0,11,,1992 ARTHUR AVENUE LLC,2634,0,25.08,105.0,5,11220,0,,,2,1013968.0,247937.0,40.8471548,-73.8925863,3d,,New York
BX,4844,68,212.0,11.0,10466.0,47.0,738 EAST 231 STREET,NY,V0,11,,HELEN SAPKA SCARCELLA,2293,0,20.0,114.67,5,5880,0,,,2,1023945.0,264020.0,40.8912585,-73.8564299,2b,,New York
BX,5003,58,212.0,11.0,10466.0,47.0,4150 DIGNEY AVENUE,NY,V0,11,,"HILL, ROWAN B",2500,0,25.0,100.0,5,7140,0,,,2,1025445.0,264602.0,40.892849,-73.8510011,2b,,New York
BX,4962,25,212.0,12.0,10466.0,47.0,3958 AMUNDSON AVENUE,NY,V0,11,,"CHIN, NICHOLAS",2500,0,25.0,100.0,5,8700,0,,,2,1029611.0,263887.0,40.8908661,-73.8359379,2b,,New York
BX,4985,54,212.0,12.0,10466.0,47.0,4077 HILL AVENUE,NY,V0,11,,DESERINE BROWN,2280,0,24.0,95.0,5,7080,0,,,2,1028433.0,264674.0,40.8930322,-73.8401933,2b,,New York
BX,2958,66,206.0,15.0,10460.0,48.0,869 EAST 175 STREET,NY,V0,11,,ILLYRICUM REALTY LLC,2701,0,28.55,93.68,5,12600,0,,,2,1015136.0,245397.0,40.8401793,-73.8883764,3d,,New York
BX,2666,20,201.0,17.0,10456.0,40.0,792 EAST 160 STREET,NY,V0,11,,JOSEPH LEWIS,2355,0,20.0,117.95,5,8580,0,,,2,1010915.0,238021.0,40.819948,-73.9036606,6c,,New York
BX,2406,34,203.0,17.0,10451.0,42.0,369 EAST 159TH STREET,NY,V0,11,,369 EAST 159 STREET LLC,5072,0,50.0,101.39,5,29160,0,,,2,1007651.0,239297.0,40.8234595,-73.9154488,6a,,New York
BX,2620,49,203.0,17.0,10456.0,42.0,893 EAGLE AVENUE,NY,V1,11,,HOGAR EAGLE GARDENS HOUSING DEVELOPMENT  FUND CORP,1858,0,18.79,100.0,5,47700,0,,,2,1009545.0,238911.0,40.8223948,-73.908607,6c,,New York
BX,2620,31,203.0,17.0,10456.0,42.0,923 EAGLE AVENUE,NY,V0,11,X,MARSHALL COURT HOUSING DEVELOPMENT FUND  CORP.,3750,0,37.5,100.0,5,12240,0,,,2,1009683.0,239351.0,40.8236021,-73.9081067,6c,,New York
BX,3313,17,207.0,11.0,10458.0,52.0,150 VAN CORTLANDT AVE E,NY,V0,11,X,"HP MOSHOLU GRAND HOUSING DEVELOPMENT FUN D CO, INC",1903,0,20.0,70.66,0,10140,0,,,2,1016106.0,258784.0,40.8769191,-73.8848071,1d,,New York
BX,3122,40,206.0,15.0,10460.0,48.0,2074 HONEYWELL AVENUE,NY,V0,11,,"HONEYWELL BX MAZAL, LLC",2474,0,25.0,98.94,5,10500,0,,,2,1016706.0,246888.0,40.844266,-73.8826951,3d,,New York
BX,3124,32,206.0,15.0,10460.0,48.0,887 EAST 181 STREET,NY,V0,11,,887 E 181 HOLDINGS LLC,1262,0,21.58,81.38,3,4080,0,,,2,1016967.0,247510.0,40.8459722,-73.8817488,3d,,New York
BX,4664,42,212.0,12.0,10467.0,47.0,715 EAST 216 STREET,NY,V0,11,,715 EAST 216 STREET LLC,3796,0,33.25,114.17,5,11160,0,,,2,1022093.0,260440.0,40.8814406,-73.8631485,2b,,New York
BX,3110,81,206.0,15.0,10460.0,48.0,2141 MAPES AVENUE,NY,V0,11,,"A.L. BROTHERS CONSTRUCTION, LLC",1633,0,20.5,80.87,5,6120,0,,,2,1016148.0,248228.0,40.8479459,-73.8847055,3d,,New York
BX,3110,180,206.0,15.0,10460.0,48.0,2141A MAPES AVENUE,NY,V0,11,,EARTHA DESISSO,1313,0,20.42,64.33,5,4920,0,,,2,1016097.0,248285.0,40.8481026,-73.8848896,3d,,New York
BX,3092,42,206.0,15.0,10457.0,48.0,1967 CLINTON AVENUE,NY,V0,11,,UNIVERSITY PLACE REALTY LLC,2500,0,25.0,100.0,5,11820,0,,,2,1014687.0,247306.0,40.8454205,-73.8899904,3d,,New York
BX,3095,54,206.0,15.0,10457.0,48.0,2009 CLINTON AVENUE,NY,V0,11,X,CHIEU KIEN BUDDHISTCENTER,2500,0,25.0,100.0,5,11820,0,,,2,1014978.0,247760.0,40.8466655,-73.8889366,3d,,New York
BX,3095,34,206.0,15.0,10457.0,48.0,710 EAST 180 STREET,NY,V1,11,,PROSPECT HOUSING DEVELOPMENT FUND CORPOR ATION,2504,0,25.0,100.17,5,88650,0,,,2,1015084.0,248138.0,40.8477027,-73.8885517,3d,,New York
BX,3098,155,206.0,15.0,10457.0,48.0,719 EAST 181 STREET,NY,V0,11,,EAST 181 HOLDINGS LLC,902,0,19.56,46.09,5,3366,0,,,2,1015407.0,248507.0,40.8487143,-73.8873825,3d,,New York
BX,3079,74,206.0,15.0,10457.0,48.0,1981 CROTONA AVENUE,NY,V0,11,,CROTONA BX LLC,1672,0,16.67,100.33,5,6300,0,,,2,1014507.0,247673.0,40.8464284,-73.8906394,3d,,New York
BX,3082,2,206.0,15.0,10457.0,48.0,2122 HUGHES AVENUE,NY,V0,11,,"2122 HUGHES AVE, LLC",3336,0,36.0,92.67,3,12540,0,,,2,1014795.0,248926.0,40.8498665,-73.8895927,3c,,New York
BX,3079,117,206.0,15.0,10457.0,48.0,1995 HUGHES AVENUE,NY,V0,11,X,"CROTONA HOMEOWNERS ASSOCIATION, INC.",3658,0,38.5,95.0,4,0,0,,,2,1014293.0,247819.0,40.8468298,-73.8914122,3d,,New York
BX,3088,9,206.0,15.0,10458.0,48.0,2322 BELMONT AVENUE,NY,V0,11,,2010 ARTHUR LLC,5000,0,50.0,100.0,5,20580,0,,,2,1015642.0,250187.0,40.8533246,-73.8865253,3c,,New York
BX,4596,48,212.0,12.0,10467.0,47.0,3221 CRUGER AVENUE,NY,V0,11,,HARD REALTY LLC,4000,0,40.0,100.0,5,12660,0,,,2,1021196.0,257085.0,40.872236,-73.8664108,2b,,New York
BX,4696,33,212.0,12.0,10469.0,47.0,3616 PAULDING AVENUE,NY,V0,11,,"DN ASSETS, LLC",2067,0,25.0,82.67,5,5160,0,,,2,1023984.0,258901.0,40.8772083,-73.8563193,2b,,New York
BX,4897,31,212.0,12.0,10469.0,47.0,1223 EAST 222 STREET,NY,V0,11,X,EDENWALD CONGREGATION OF JEHOVAHS WITNES SES,2500,0,25.0,100.0,5,8700,0,,,2,1026705.0,260209.0,40.8807856,-73.8464717,2b,,New York
BX,3101,7,206.0,15.0,10457.0,48.0,2282 BEAUMONT AVENUE,NY,V0,11,,2259 CROTONA REALTY LLC,1661,0,23.33,69.0,5,5400,0,,,2,1015921.0,249557.0,40.8515944,-73.8855197,3c,,New York
BX,3088,8,206.0,15.0,10458.0,48.0,2320 BELMONT AVENUE,NY,V0,11,,2010 ARTHUR LLC,2500,0,25.0,100.0,5,11820,0,,,2,1015629.0,250153.0,40.8532313,-73.8865724,3c,,New York
BX,3103,33,206.0,15.0,10458.0,48.0,720 EAST 187TH STREET,NY,V1,11,,720 EAST 187TH STREET LLC,5600,0,70.0,80.0,3,164700,0,,,2,1016345.0,250359.0,40.8537942,-73.8839832,3c,,New York
BX,4651,55,212.0,12.0,10467.0,47.0,3771 WHITE PLAINS ROAD,NY,V1,11,,3771 WHITE PLAINS REALTY LLC,4161,0,50.0,84.42,5,73350,0,,,2,1022064.0,261160.0,40.8834169,-73.8632493,2b,,New York
BX,2736,266,202.0,17.0,10474.0,41.0,1140 LONGWOOD AVENUE,NY,V1,11,,EVEREST REAL ESTATE LLC,20091,0,200.25,100.0,3,700650,0,,,2,1013827.0,235846.0,40.813969,-73.8931493,6c,,New York
BX,4726,38,212.0,12.0,10469.0,47.0,3552 EASTCHESTER ROAD,NY,V0,11,X,"NEW COVENANT CHRISTIAN CHURCH, INC.",3400,0,33.5,100.0,5,19800,0,,,2,1026413.0,259884.0,40.879895,-73.8475297,2b,,New York
BX,2278,51,201.0,8.0,10454.0,40.0,486 EAST 134 STREET,NY,V1,11,,MARKLAND 486 LLC,1018,0,16.9,60.0,3,23535,0,,,2,1005806.0,232668.0,40.8052695,-73.9221364,6a,,New York
BX,4870,10,212.0,12.0,10466.0,47.0,1051A EAST 223 STREET,NY,V0,11,,"JABBIE, ABUBAKARY",2735,0,25.0,109.42,5,7920,0,,,2,1025465.0,261144.0,40.8833578,-73.8509501,2b,,New York
BX,4870,22,212.0,12.0,10466.0,47.0,1021 EAST 223 STREET,NY,V0,11,,BUTLER MEMORIAL UNITED METHODIST CHURCH,5210,0,47.33,109.42,5,17640,0,,,2,1025210.0,261251.0,40.8836527,-73.8518716,2b,,New York
BX,4870,51,212.0,12.0,10466.0,47.0,1032 EAST 224 STREET,NY,V0,11,,"MASSIMO, LOUIS",2735,0,25.0,109.42,5,7920,0,,,2,1025378.0,261302.0,40.8837919,-73.8512637,2b,,New York
BX,2511,72,204.0,16.0,10452.0,44.0,955 WOODYCREST AVENUE,NY,V0,11,,WOODYCREST 2 LLC,2694,0,25.19,109.3,5,12600,0,,,2,1003873.0,242283.0,40.8316644,-73.9290905,3b,,New York
BX,4871,12,212.0,12.0,10466.0,47.0,1043 EAST 224 STREET,NY,V0,11,,"GORDON, GWENNETH",2735,0,25.0,109.42,5,7920,0,,,2,1025569.0,261405.0,40.8840737,-73.8505724,2b,,New York
BX,4860,28,212.0,12.0,10466.0,47.0,933 EAST 224 STREET,NY,V0,11,,UNKNOWN,1475,0,25.0,65.75,5,3780,0,,,2,1024677.0,261750.0,40.8850247,-73.8537961,2b,,New York
BX,4860,157,212.0,12.0,10466.0,47.0,904A EAST 225 STREET,NY,V0,11,,SAR BRONXWOOD HOLDING INC,5330,0,152.25,72.0,6,18900,0,,,2,1024546.0,261909.0,40.8854617,-73.8542689,2b,,New York
BX,4862,15,212.0,12.0,10466.0,47.0,967 EAST 226 STREET,NY,V0,11,,967 EAST 226TH STREET LLC.,2735,0,25.0,109.42,5,7740,0,,,2,1025181.0,262171.0,40.8861779,-73.8519708,2b,,New York
BX,5027,34,212.0,12.0,10466.0,47.0,2117 EDENWALD AVENUE,NY,V0,11,,MARTIN FLARIS,1442,0,14.42,100.0,5,3600,0,,,2,1028565.0,265033.0,40.8940168,-73.8397135,2a,,New York
BX,5021,103,212.0,12.0,10466.0,47.0,2025 EDENWALD AVENUE,NY,V0,11,,"CAMACHO, GLORIMAR",2000,0,20.0,100.0,5,4980,0,,,2,1027728.0,264790.0,40.893354,-73.8427425,2a,,New York
BX,5027,50,212.0,12.0,10466.0,47.0,4124 HILL AVENUE,NY,V0,11,,HR HILL AVE CORP.,3287,0,48.37,109.34,0,6671,0,,,2,1028420.0,265268.0,40.8946626,-73.8402364,2a,,New York
BX,5017,36,212.0,12.0,10466.0,47.0,4217 GRACE AVENUE,NY,V0,11,,PATRIA M BERNABE,2375,0,25.0,95.0,5,6180,0,,,2,1026594.0,265549.0,40.8954428,-73.8468393,2a,,New York
BX,5021,91,212.0,12.0,10466.0,47.0,4115 WILDER AVENUE,NY,V0,11,,HR WILDER LLC,2375,0,25.0,95.0,5,5940,0,,,2,1027839.0,264886.0,40.893617,-73.8423404,2a,,New York
BX,5010,1,212.0,12.0,10466.0,47.0,1824 BUSSING AVENUE,NY,V0,11,,"ROSADO, GIAMARA M",2195,0,25.08,87.5,3,5100,0,,,2,1026317.0,265122.0,40.8942721,-73.8478439,2a,,New York
BX,5008,2,212.0,12.0,10466.0,47.0,1776 BUSSING AVENUE,NY,V0,11,,"KHAN, SHAMEEZA",2199,0,25.08,87.67,5,5700,0,,,2,1025866.0,264945.0,40.8937884,-73.8494763,2a,,New York
BX,5029,25,212.0,12.0,10466.0,47.0,2083 BUSSING AVENUE,NY,V0,11,,"AGRIS INVESTMENTS, LLC",2425,0,24.25,100.0,3,6600,0,,,2,1027947.0,265852.0,40.8962678,-73.8419435,2a,,New York
BX,5029,18,212.0,12.0,10466.0,47.0,2097 BUSSING AVENUE,NY,V0,11,,"WEEKES, LILLIAN",2425,0,24.25,100.0,3,6600,0,,,2,1028111.0,265900.0,40.8963987,-73.8413499,2a,,New York
BX,5004,52,212.0,12.0,10466.0,47.0,4132 BOYD AVENUE,NY,V0,11,,"PERSAUD, SAVITRI",2375,0,25.0,95.0,5,6180,0,,,2,1025737.0,264508.0,40.8925896,-73.8499456,2b,,New York
BX,4989,38,212.0,12.0,10466.0,47.0,4086 AMUNDSON AVENUE,NY,V0,11,,NIAZI AMRAN,97,0,9.42,12.33,8,305,0,,,2,1029250.0,264961.0,40.8938158,-73.8372364,2a,,New York
BX,4862,22,212.0,12.0,10466.0,47.0,949 EAST 226 STREET,NY,V0,11,,CAMPBELL WINSTON C,1359,0,12.42,109.42,5,3534,0,,,2,1025060.0,262221.0,40.8863157,-73.8524081,2b,,New York
BX,4849,64,212.0,12.0,10466.0,47.0,842 EAST 225TH STREET,NY,V0,11,,GHM PROPERTY GROUP LLC,2920,0,25.0,114.42,5,8460,0,,,2,1024005.0,262182.0,40.8862135,-73.8562238,2b,,New York
BX,4849,81,212.0,12.0,10466.0,47.0,878 EAST 225 STREET,NY,V1,11,,BRONXWOOD ASSOCIATES,1467,0,50.0,29.33,5,67950,0,,,2,1024320.0,262102.0,40.8859925,-73.8550851,2b,,New York
BX,4849,84,212.0,12.0,10466.0,47.0,880 EAST 225 STREET,NY,V1,11,,225 REALTY INC.,1070,0,30.01,41.75,5,53100,0,,,2,1024348.0,262081.0,40.8859347,-73.854984,2b,,New York
BX,4853,18,212.0,12.0,10466.0,47.0,857 EAST 228 STREET,NY,V0,11,,BIRD-THOMAS DOREEN,2860,0,25.0,114.42,5,13560,0,,,2,1024575.0,263027.0,40.8885301,-73.8541573,2b,,New York
BX,4849,39,212.0,12.0,10466.0,47.0,805 EAST 224 STREET,NY,V0,11,,TRINITY BAPTIST CHURCH,8925,0,78.0,114.42,5,18180,0,,,2,1023615.0,262220.0,40.8863195,-73.8576341,2b,,New York
BX,4852,33,212.0,12.0,10466.0,47.0,4026 BARNES AVENUE,NY,V0,11,,"RAMPERSAUD, DHARAMATTIE",2625,0,25.0,105.0,3,6960,0,,,2,1023931.0,262946.0,40.8883107,-73.8564869,2b,,New York
BX,4852,36,212.0,12.0,10466.0,47.0,4032 BARNES AVENUE,NY,V0,11,,M&L BARNES HOLDINGS LLC,5259,0,50.08,105.0,5,19920,0,,,2,1023962.0,263017.0,40.8885055,-73.8563744,2b,,New York
BX,5655,15,212.0,13.0,10475.0,47.0,3534 MC OWEN AVENUE,NY,V0,11,,"SHNAJO, LLC",5000,0,50.0,100.0,5,14280,0,,,2,1034230.0,263096.0,40.8886701,-73.8192378,2d,,New York
BX,4974,201,212.0,12.0,10466.0,47.0,1675 EAST 233 STREET,NY,V1,11,,CAPASSO HOLDING CO.,8255,0,93.25,143.08,5,101700,0,,,2,1032760.0,262790.0,40.8878385,-73.8245566,2b,,New York
BX,3335,73,207.0,11.0,10467.0,52.0,3123 BAINBRIDGE AVENUE,NY,V1,11,,BAINBRIDGE REALTY ASSOCIATES LLC,10000,0,100.0,100.0,5,225000,0,,,2,1017530.0,257771.0,40.8741335,-73.8796629,1d,,New York
BX,4999,44,212.0,11.0,10466.0,47.0,717 EAST 235TH STREET,NY,V0,11,,713 EAST 235TH LLC,2284,0,20.0,109.34,0,8700,0,,,2,1024122.0,265334.0,40.8948642,-73.8557819,2a,,New York
BX,4998,33,212.0,11.0,10466.0,47.0,4243 BARNES AVENUE,NY,V0,11,,FEROZE & ZAMEENA RASHEED,2458,0,24.58,100.0,5,10740,0,,,2,1024598.0,264981.0,40.8938931,-73.8540624,2a,,New York
BX,4953,83,212.0,12.0,10466.0,47.0,1710 EAST 233 STREET,NY,V1,11,,A1 REALTY GROUP LLC,1440,0,25.0,57.58,5,41400,0,,,2,1032459.0,262758.0,40.8877523,-73.8256454,2b,,New York
BX,4998,74,212.0,11.0,10466.0,47.0,724 EAST 235 STREET,NY,V0,11,,BLUERITE LLC,1503,0,22.42,112.0,5,6420,0,,,2,1024158.0,265163.0,40.8943947,-73.8556527,2a,,New York
BX,4999,43,212.0,11.0,10466.0,47.0,719 EAST 235TH STREET,NY,V0,11,,713 EAST 235TH LLC,2644,0,48.37,109.34,0,10080,0,,,2,1024138.0,265305.0,40.8947845,-73.8557242,2a,,New York
BX,4999,46,212.0,11.0,10466.0,47.0,713 EAST 235TH STREET,NY,V1,11,,713 EAST 235TH LLC,2290,0,20.0,114.42,5,65250,0,,,2,1024085.0,265350.0,40.8949083,-73.8559157,2a,,New York
BX,4999,45,212.0,11.0,10466.0,47.0,715 EAST 235TH STREET,NY,V1,11,,713 EAST 235TH LLC,2290,0,20.0,114.51,0,65700,0,,,2,1024104.0,265342.0,40.8948862,-73.855847,2a,,New York
BX,5113,29,212.0,11.0,10470.0,47.0,4746 WHITE PLAINS ROAD,NY,V1,11,X,WAKEFIELD GRACE UMC HOUSING DEVELOPMENT  FUND CORPO,2661,0,40.0,72.58,5,81450,0,,,2,1025893.0,268903.0,40.9046517,-73.849354,2a,,New York
BX,5128,2,212.0,11.0,10466.0,47.0,929 CRANFORD AVENUE,NY,V0,11,,CRANFORD ASSETS 26 CORP,3597,0,33.25,103.17,5,9900,0,,,2,1027634.0,268684.0,40.9040423,-73.8430573,2a,,New York
BX,4949,79,212.0,12.0,10466.0,47.0,4063A BOSTON ROAD,NY,V1,11,,"GATTI, ELIZABETH",1457,0,30.08,66.08,5,22230,0,,,2,1031512.0,262025.0,40.8857455,-73.8290755,2b,,New York
BX,4832,69,212.0,11.0,10466.0,47.0,4114 CARPENTER AVENUE,NY,V0,11,C,NYC DEPARTMENT OF CITYWIDE ADMINISTRATIVE SERVICES,105,0,1.0,105.0,8,305,0,,,2,1022586.0,264208.0,40.8917805,-73.8613441,2b,,New York
BX,4993,16,212.0,11.0,10466.0,47.0,610 EAST 234 STREET,NY,V1,11,,4220 BRONX BLVD LAND CORP,143,0,1.25,114.42,8,2565,0,,,2,1022786.0,265414.0,40.8950897,-73.8606138,2a,,New York
BX,4952,15,212.0,12.0,10466.0,47.0,3701 PROVOST AVENUE,NY,V1,11,,CHARLES MONACO,4084,0,28.42,127.67,5,60750,0,,,2,1031617.0,263001.0,40.8884238,-73.8286889,2b,,New York
BX,4845,26,212.0,11.0,10466.0,47.0,717 EAST 231 STREET,NY,V0,11,,5446-35 CORP,11495,0,100.25,114.67,5,46440,0,,,2,1023766.0,264272.0,40.8919509,-73.8570759,2b,,New York
BX,4845,1,212.0,11.0,10466.0,47.0,777 EAST 231 STREET,NY,V0,11,,"PALMER, DANZEL",1175,0,11.75,100.0,8,1770,0,,,2,1024252.0,264066.0,40.8913833,-73.8553193,2b,,New York
BX,4917,17,212.0,12.0,10466.0,47.0,3645 PALMER AVENUE,NY,V0,11,,"3645 PALMER AVENUE CORP.,",2511,0,25.0,100.44,5,8760,0,,,2,1028904.0,261506.0,40.8843346,-73.8385109,2b,,New York
BX,4950,38,212.0,12.0,10466.0,47.0,2220 LIGHT STREET,NY,V1,11,,LIGHT DYRE REALTY LLC,7775,0,50.67,101.58,3,121950,0,,,2,1031009.0,262695.0,40.8875872,-73.83089,2b,,New York
BX,5111,24,212.0,11.0,10470.0,47.0,711 EAST 241 STREET,NY,V0,11,,711 EAST 241ST STREET CORP.,2295,0,79.25,51.42,3,8940,0,,,2,1025855.0,268386.0,40.9032329,-73.8494947,2a,,New York
BX,5118,21,212.0,11.0,10470.0,47.0,769 CRANFORD AVENUE,NY,V0,11,,CRANFORD DEVELOPMENT GROUP CORP.,1500,0,13.67,100.0,3,3480,0,,,2,1026315.0,268470.0,40.9034613,-73.8478301,2a,,New York
BX,4916,41,212.0,12.0,10466.0,47.0,3601 DE REIMER AVENUE,NY,V0,11,,DEVELOPMENT GROUP 52 CORP,5075,0,50.0,101.67,3,18360,0,,,2,1028797.0,261014.0,40.8829848,-73.8389011,2b,,New York
BX,5100,10,212.0,11.0,10466.0,47.0,4421 MUNDY LANE,NY,V0,11,,RAPHAEL GROUP LLC,2787,0,25.0,116.5,5,8160,0,,,2,1028268.0,267599.0,40.9010612,-73.8407709,2a,,New York
BX,5022,5,212.0,12.0,10466.0,47.0,4114 WILDER AVENUE,NY,V0,11,,CARL J GRAHAM,2375,0,25.0,95.0,5,5940,0,,,2,1027966.0,265002.0,40.8939347,-73.8418803,2a,,New York
BX,3343,135,207.0,11.0,10467.0,52.0,3313 PERRY AVENUE,NY,V0,11,,"RESEVOIR OVAL, LLC",6132,0,75.0,83.67,5,42420,0,,,2,1018750.0,259021.0,40.8775596,-73.8752451,1d,,New York
BX,5059,38,212.0,12.0,10466.0,47.0,2054 NEREID AVENUE,NY,V0,11,,MCKENZIE TROY,2500,0,25.0,100.0,3,6660,0,,,2,1027344.0,267002.0,40.8994271,-73.8441172,2a,,New York
BX,5058,24,212.0,12.0,10466.0,47.0,4346 DE REIMER AVENUE,NY,V0,11,,"FENTON, ROHAN",1615,0,19.0,85.0,5,4200,0,,,2,1027256.0,266595.0,40.8983105,-73.8444381,2a,,New York
BX,4865,87,212.0,12.0,10466.0,47.0,944 EAST 230 STREET,NY,V0,11,,PINEL THELMA,2735,0,25.0,109.42,5,7740,0,,,2,1025381.0,263116.0,40.8887707,-73.8512417,2b,,New York
BX,4865,19,212.0,12.0,10466.0,47.0,955 EAST 229 STREET,NY,V0,11,,NNJ 18 LLC,5471,0,50.0,109.42,5,11040,0,,,2,1025442.0,262971.0,40.8883724,-73.851022,2b,,New York
BX,4868,66,212.0,11.0,10466.0,47.0,952 EAST 233 STREET,NY,V1,11,,952 DEVELOPMENT LLC,1690,0,25.0,67.58,5,88200,0,,,2,1025769.0,263837.0,40.8907478,-73.849834,2b,,New York
BX,4868,69,212.0,11.0,10466.0,47.0,958 EAST 233 STREET,NY,V1,11,,958 MANAGEMENT LLC,1692,0,25.0,67.67,5,76950,0,,,2,1025815.0,263817.0,40.8906927,-73.8496677,2b,,New York
BX,4867,28,212.0,12.0,10466.0,47.0,931 EAST 231 STREET,NY,V0,11,,"ARCHER, PAULINE P",2735,0,25.0,109.42,5,7740,0,,,2,1025480.0,263560.0,40.8899889,-73.8508809,2b,,New York
BX,3834,49,210.0,18.0,10462.0,45.0,2399 BUTLER PLACE,NY,V1,11,,2399 ZEREGA REALTY LLC,2571,0,25.0,102.84,6,79650,0,,,2,1026781.0,243987.0,40.8362608,-73.8462998,4b,,New York
BX,3694,31,209.0,18.0,10473.0,43.0,2252 BRUCKNER BOULEVARD,NY,V0,11,,"ALICEA, RUBEN JR",2575,0,25.0,103.0,5,4980,0,,,2,1026347.0,240588.0,40.8269336,-73.8478895,4b,,New York
BX,4980,18,212.0,12.0,10466.0,47.0,4048 GRACE AVENUE,NY,V0,11,,DMPA REALTY INC.,380,0,4.0,95.0,8,305,0,,,2,1027218.0,263965.0,40.8910922,-73.8445924,2b,,New York
BX,2455,48,204.0,16.0,10456.0,44.0,1020 CARROLL PLACE,NY,V0,11,,ST SIMEONS EPISC CHUR,4963,0,148.01,74.33,1,37860,0,,,2,1006587.0,241735.0,40.8301539,-73.9192851,3b,,New York
BX,2533,118,204.0,16.0,10452.0,44.0,1339 UNIVERSITY AVENUE,NY,V0,11,,"OLNICK ORGANIZATION,INC",4713,0,50.0,96.29,5,21720,0,,,2,1004451.0,245835.0,40.8414123,-73.9269912,3b,,New York
BX,4989,77,212.0,12.0,10466.0,47.0,2175 STRANG AVENUE,NY,V0,11,,RODNEY HELEN,2500,0,25.0,100.0,3,7740,0,,,2,1029479.0,264208.0,40.8917478,-73.8364132,2b,,New York
BX,3376,25,212.0,11.0,10470.0,47.0,234 EAST 236 STREET,NY,V0,11,,CERBINO LAWRENCE,5000,0,50.0,100.0,5,18360,0,,,2,1020371.0,266416.0,40.8978501,-73.8693435,1c,,New York
BX,4752,182,212.0,12.0,10469.0,47.0,3200 KINGSLAND AVENUE,NY,V0,11,,TIEMANN GROUP 2 LLC,4840,0,95.0,85.0,3,26220,0,,,2,1027854.0,257687.0,40.8738579,-73.842333,2b,,New York
BX,4014,40,211.0,13.0,10460.0,49.0,1678 EAST 180 STREET,NY,V1,11,,M & K 1243 REALTY CORP.,160,0,8.0,20.0,8,2565,0,,,2,1019757.0,245289.0,40.8398655,-73.8716764,3d,,New York
BX,3308,39,207.0,14.0,10458.0,52.0,213 EAST 202 STREET,NY,V0,11,,BP E 202 BX LLC,2500,0,25.0,100.0,5,10320,0,,,2,1015713.0,257490.0,40.8733689,-73.8862343,1d,,New York
BX,4098,54,211.0,13.0,10462.0,49.0,1644 COLDEN AVENUE,NY,V0,11,,AJS TECH SOLUTIONS LLC,2500,0,25.0,100.0,5,7200,0,,,2,1024527.0,247583.0,40.8461413,-73.8544237,4b,,New York
BX,3918,22,209.0,17.0,10460.0,43.0,1760 EAST TREMONT AVENUE,NY,V1,11,,MA786 DEVELOPMENT LLC,2267,0,22.16,102.87,3,66150,0,,,2,1020482.0,245129.0,40.8394234,-73.8690571,3d,,New York
BX,4267,60,211.0,13.0,10462.0,49.0,981 RHINELANDER AVENUE,NY,V0,11,,"CHIEM, PHUNG TO",2250,0,25.0,90.0,3,5160,0,,,2,1023508.0,249057.0,40.8501916,-73.8580982,4a,,New York
BX,3199,103,207.0,14.0,10468.0,52.0,2419 JEROME AVENUE,NY,V1,11,,"DELEONARDIS, FRANK",3939,0,40.0,100.0,5,138150,0,,,2,1011319.0,253297.0,40.8618749,-73.9021393,3c,,New York
BX,3119,44,206.0,15.0,10460.0,48.0,858 HORNADAY PLACE,NY,V0,11,,HORNADAY PLACE LLC,2276,0,50.0,49.13,5,10980,0,,,2,1016691.0,247780.0,40.8467143,-73.882745,3d,,New York
BX,3036,35,206.0,15.0,10457.0,48.0,2087 WASHINGTON AVENUE,NY,V0,11,,"TALLOH, ABDUL",2099,0,21.42,98.0,5,9120,0,,,2,1013029.0,249455.0,40.8513244,-73.8959738,3c,,New York
BX,3335,141,207.0,11.0,10467.0,52.0,177 E MOSHOLU PARKWAY N,NY,V0,11,,"MOSHOLU PARKWAY DEVELOPMENT, LLC",3773,0,33.22,113.98,5,20280,0,,,2,1017112.0,258224.0,40.8753784,-73.8811721,1d,,New York
BX,3459,6,209.0,18.0,10473.0,43.0,1987 GILDERSLEEVE AVENUE,NY,V0,11,,"MCLEAN, JAQUAN",2500,0,25.0,100.0,5,4800,0,,,2,1025275.0,234435.0,40.8100504,-73.8518006,7a,,New York
BX,5080,51,212.0,11.0,10470.0,47.0,664 EAST 240 STREET,NY,V0,11,,MADISON PARTNERS GROUP LLC,5000,0,50.0,100.0,3,15720,0,,,2,1024943.0,268071.0,40.9023726,-73.8527957,2a,,New York
BX,4661,112,212.0,12.0,10467.0,47.0,712R EAST 214 STREET,NY,V0,11,,CHAUDHRY MOHAMMAD A,1283,0,50.0,25.67,6,6180,0,,,2,1021754.0,259671.0,40.8793314,-73.8643788,2b,,New York
BX,5653,199,212.0,13.0,10475.0,47.0,62 ROPES AVENUE,NY,V0,11,,FRAN-STELL REALTY CORP.,1121,0,50.0,67.16,5,2280,0,,,2,1034398.0,263489.0,40.8897478,-73.8186273,2d,,New York
BX,3686,51,209.0,18.0,10473.0,43.0,2155 HERMANY AVENUE,NY,V0,11,,"ANTHONY, RAYMOND",2575,0,25.0,103.0,5,4980,0,,,2,1025638.0,239815.0,40.8248153,-73.8504561,7a,,New York
BX,3686,17,209.0,18.0,10473.0,43.0,2126 STORY AVENUE,NY,V0,11,,"SOMENATAIN, OMWATTI",2575,0,25.0,103.0,5,4980,0,,,2,1025299.0,239860.0,40.8249404,-73.8516807,7a,,New York
BX,3694,44,209.0,18.0,10473.0,43.0,939 HAVEMEYER AVENUE,NY,V0,11,,CARMEN  GONZALEZ,2269,0,25.0,90.75,5,3780,0,,,2,1026591.0,240565.0,40.8268693,-73.847008,4b,,New York
BX,5066,72,212.0,11.0,10470.0,47.0,4415 CARPENTER AVENUE,NY,V0,11,,WELSH GOLDBURNE E,1743,0,36.58,100.0,5,7440,0,,,2,1023822.0,267209.0,40.9000118,-73.856856,2a,,New York
BX,5130,100,212.0,11.0,10470.0,47.0,4614 BRADLEY STREET,NY,V1,11,,BWT PROPERTIES LLC,2992,0,34.25,89.25,5,41850,0,,,2,1024919.0,270746.0,40.9097147,-73.8528663,2a,,New York
BX,5104,41,212.0,11.0,10470.0,47.0,525 BALDWIN STREET,NY,V1,11,X,MTA - METRO NORTH,3175,0,25.0,127.0,3,12330,0,,,2,1024687.0,269874.0,40.9073224,-73.8537109,2a,,New York
BX,5065,53,212.0,11.0,10470.0,47.0,4449 BRONX BOULEVARD,NY,V8,11,X,UNITED SERVICES HOUSING DEVELOPMENT FUND  CORP,11200,0,80.0,140.0,5,207900,0,,,2,1023704.0,267570.0,40.9010032,-73.8572807,2a,,New York
BX,5075,90,212.0,11.0,10470.0,47.0,4523 CARPENTER AVENUE,NY,V0,11,,JACKSON WILLIAM,1400,0,21.42,95.08,5,5220,0,,,2,1024240.0,267903.0,40.9019147,-73.8553398,2a,,New York
BX,5066,18,212.0,11.0,10470.0,47.0,4440 BRONX BOULEVARD,NY,V1,11,,DELSAVIO FAMILY BRONX BLVD LLC,16625,0,175.0,94.0,5,482400,0,,,2,1023857.0,267487.0,40.9007747,-73.8567277,2a,,New York
BX,5109,31,212.0,11.0,10470.0,47.0,4826 OSGOOD STREET,NY,V2,11,,ANDREA BELLONY,3325,0,33.25,100.0,5,9420,0,,,2,1025826.0,269620.0,40.90662,-73.8495919,2a,,New York
BX,5130,101,212.0,11.0,10470.0,47.0,4612 BRADLEY STREET,NY,V1,11,,BWT PROPERTIES LLC,3936,0,40.5,86.42,5,55350,0,,,2,1024956.0,270736.0,40.9096871,-73.8527325,2a,,New York
BX,5031,45,212.0,12.0,10466.0,47.0,4218 MONTICELLO AVENUE,NY,V0,11,,"OATES, BEVERLY",2425,0,25.0,97.0,5,7020,0,,,2,1028481.0,265953.0,40.8965424,-73.8400113,2a,,New York
BX,2371,43,203.0,16.0,10456.0,42.0,3417 3 AVENUE,NY,V1,11,,SHAFI IQBAL,7564,0,38.97,171.66,5,337050,0,,,2,1009918.0,241299.0,40.8289481,-73.9072502,3d,,New York
BX,3816,37,209.0,18.0,10472.0,43.0,2262 EAST 177 STREET,NY,V0,11,,"GARCIA, JOSEPH III",1375,0,34.0,43.67,5,5820,0,,,2,1026311.0,241361.0,40.8290555,-73.8480147,4b,,New York
BX,3816,18,209.0,18.0,10472.0,43.0,2222 BLACKROCK AVENUE,NY,V0,11,,"MERCADO, JOVIANA M",2575,0,25.0,103.0,5,12180,0,,,2,1025937.0,241326.0,40.8289612,-73.8493664,4b,,New York
BX,4451,21,211.0,13.0,10469.0,49.0,2546 HONE AVENUE,NY,V0,11,,"MOSCHERA, AS CO-TRUSTEE, JOHN A",2500,0,25.0,100.0,5,7440,0,,,2,1023669.0,254162.0,40.8642026,-73.8574862,4a,,New York
BX,5872,1005,208.0,11.0,10471.0,50.0,214 WHALEN STREET,NY,V0,11,,"RUBINSZTEJN, AVI",2933,0,29.33,100.0,5,12360,0,,,2,1012673.0,270100.0,40.9079896,-73.897173,1c,,New York
BX,5027,57,212.0,12.0,10466.0,47.0,4136 HILL AVENUE,NY,V0,11,,"BIZD, INC.",2375,0,25.0,95.0,5,5940,0,,,2,1028386.0,265385.0,40.8949839,-73.8403586,2a,,New York
BX,5020,91,212.0,12.0,10466.0,47.0,4107 DE REIMER AVENUE,NY,V0,11,,"REED, PATRICIA",2375,0,25.0,95.0,5,5940,0,,,2,1027600.0,264816.0,40.893426,-73.8432053,2a,,New York
BX,5336,15,210.0,13.0,10461.0,45.0,1230 EDISON AVENUE,NY,V0,11,,S DECISION LLC,3325,0,96.74,36.26,3,9300,0,,,2,1031625.0,243927.0,40.8360715,-73.8287948,4b,,New York
BX,5021,15,212.0,12.0,10466.0,47.0,4134 DE REIMER AVENUE,NY,V0,11,,RUBEN M AUGUSTA,2375,0,25.0,95.0,5,5940,0,,,2,1027678.0,265098.0,40.8941996,-73.8429213,2a,,New York
BX,3686,60,209.0,18.0,10473.0,43.0,2131 HERMANY AVENUE,NY,V0,11,,CORTES JUAN A,2575,0,25.0,103.0,5,4980,0,,,2,1025417.0,239775.0,40.8247066,-73.8512549,7a,,New York
BX,5759,612,208.0,11.0,10463.0,50.0,3467 IRWIN AVENUE,NY,V0,11,,AAM DEVELOPMENT LLC,3928,0,0.0,0.0,0,26880,0,,,2,1010516.0,261827.0,40.8852896,-73.9050089,1d,,New York
BX,4617,28,211.0,12.0,10469.0,49.0,1212 EAST GUN HILL ROAD,NY,V0,11,,"MCDONALDS USA, LLC",1740,0,37.0,94.87,5,8700,0,,,2,1025054.0,257140.0,40.87237,-73.8524608,2b,,New York
BX,5740,331,208.0,11.0,10463.0,50.0,3133 NETHERLAND AVENUE,NY,V0,11,,NETHERLAND DEVELOPMENT LLC,6028,0,50.0,123.33,5,27660,0,,,2,1008565.0,261150.0,40.883437,-73.9120672,1b,,New York
BX,5135,1,210.0,12.0,10475.0,45.0,2208 BOLLER AVENUE,NY,V0,11,,CO-OP CITY BAPTIST CHURCH,7660,0,40.25,190.0,3,17880,0,,,2,1032868.0,252848.0,40.8605502,-73.8242381,4a,,New York
BX,4973,12,212.0,12.0,10466.0,47.0,3926 MULVEY AVENUE,NY,V1,11,,"3967 PROVOST AVENUE, LLC",2460,0,51.11,65.03,5,40500,0,,,2,1031739.0,263477.0,40.8897296,-73.8282443,2b,,New York
BX,5031,48,212.0,12.0,10466.0,47.0,4226 MONTICELLO AVENUE,NY,V0,11,,"LLEWELLYN, CONRAD",2435,0,25.0,97.42,5,7020,0,,,2,1028459.0,266028.0,40.8967483,-73.8400903,2a,,New York
BX,4824,64,212.0,12.0,10466.0,47.0,652 EAST 223 STREET,NY,V0,11,,223 STRIKER LLC,3133,0,30.38,103.08,5,13380,0,,,2,1022129.0,262366.0,40.8867267,-73.8630074,2b,,New York
BX,4060,11,211.0,13.0,10462.0,49.0,1571 COLDEN AVENUE,NY,V0,11,,NICOLA DEMARIA,2500,0,25.0,100.0,5,7200,0,,,2,1024716.0,246956.0,40.8444195,-73.8537444,4b,,New York
BX,3321,57,207.0,14.0,10468.0,52.0,3073 VILLA AVENUE,NY,V0,11,,3073 VILLA LLC,2500,0,25.0,100.0,5,16920,0,,,2,1015121.0,257683.0,40.8739007,-73.888374,1d,,New York
BX,3306,31,207.0,14.0,10458.0,52.0,232 EAST 201 STREET,NY,V0,11,,"HANSOMS PROPERTIES, LLC",2000,0,100.0,20.0,3,13320,0,,,2,1015774.0,257077.0,40.8722351,-73.8860157,1d,,New York
BX,3686,22,209.0,18.0,10473.0,43.0,2136 STORY AVENUE,NY,V0,11,,CONCETTA GRASSO,2575,0,25.0,103.0,5,4980,0,,,2,1025424.0,239882.0,40.8250002,-73.8512289,7a,,New York
BX,4237,68,210.0,13.0,10461.0,45.0,3156 SCHUYLER PLACE,NY,V0,11,,"REDA, ROBERT",2500,0,25.0,100.0,5,12540,0,,,2,1031673.0,249283.0,40.8507718,-73.8285834,4a,,New York
BX,3821,56,209.0,18.0,10462.0,43.0,2267 GLEASON AVENUE,NY,V0,11,,"ARROYO, PEDRO J",1279,0,12.42,103.0,5,5400,0,,,2,1026143.0,242608.0,40.8324789,-73.848614,4b,,New York
BX,3761,31,209.0,18.0,10472.0,43.0,1246 ROSEDALE AVENUE,NY,V0,11,,"MOHAMED, NADARA",1200,0,25.0,48.33,5,5160,0,,,2,1020562.0,242006.0,40.8308513,-73.8687849,3d,,New York
BX,2620,56,203.0,17.0,10456.0,42.0,895 EAGLE AVENUE,NY,V1,11,,HOGAR EAGLE GARDENS HOUSING DEVELOPMENT  FUND CORP,1875,0,18.75,100.0,5,48150,0,,,2,1009551.0,238929.0,40.8224442,-73.9085852,6c,,New York
BX,4242,58,210.0,13.0,10461.0,45.0,2847 EAST 195 STREET,NY,V0,11,,"FOX , JOHN WILLIAM",2500,0,25.0,100.0,5,12840,0,,,2,1030418.0,250262.0,40.8534656,-73.8331131,4a,,New York
BX,4364,14,211.0,13.0,10469.0,49.0,2310 WILLIAMSBRIDGE ROAD,NY,V0,11,,"HO, BRIAN",3576,0,38.25,93.5,5,10080,0,,,2,1023770.0,252683.0,40.8601427,-73.8571298,4a,,New York
BX,5019,26,212.0,12.0,10466.0,47.0,4215 BAYCHESTER AVENUE,NY,V0,11,,THOMAS GEORGE P,2501,0,26.92,92.92,5,7320,0,,,2,1027079.0,265662.0,40.8957506,-73.8450843,2a,,New York
BX,5012,8,212.0,12.0,10466.0,47.0,1814 PITMAN AVENUE,NY,V0,11,,HENRY SMITH,2354,0,24.42,96.42,3,5400,0,,,2,1026084.0,265624.0,40.895651,-73.8486835,2a,,New York
BX,5004,21,212.0,12.0,10466.0,47.0,4141 GUNTHER AVENUE,NY,V0,11,,"MCADAM, INDRA",2500,0,25.0,100.0,5,7140,0,,,2,1025818.0,264583.0,40.8927951,-73.8496521,2b,,New York
BX,5005,60,212.0,11.0,10466.0,47.0,4224 BRONXWOOD AVENUE,NY,V0,11,,"GUARINO (CO-TRUSTEE), ANTHONY M",2560,0,25.0,102.42,5,7320,0,,,2,1025058.0,265023.0,40.8940063,-73.8523983,2a,,New York
BX,5009,21,212.0,12.0,10466.0,47.0,4141 BRUNER AVENUE,NY,V0,11,,MARY JO PEREZ AYALA,2500,0,25.0,100.0,5,7140,0,,,2,1026292.0,264775.0,40.8933198,-73.8479365,2a,,New York
BX,5008,63,212.0,12.0,10466.0,47.0,4160 GUNTHER AVENUE,NY,V0,11,,"WEST, EDGAR",2500,0,25.0,100.0,5,7140,0,,,2,1025906.0,264843.0,40.8935083,-73.8493322,2a,,New York
BX,5007,62,212.0,11.0,10466.0,47.0,1757 BUSSING AVENUE,NY,V0,11,,GURMOHAMED MOHAMED,2277,0,25.0,91.08,5,5940,0,,,2,1025627.0,265023.0,40.8940037,-73.8503402,2a,,New York
BX,5008,4,212.0,12.0,10466.0,47.0,1782 BUSSING AVENUE,NY,V0,11,,"KHAN, SHAMEEZA",2326,0,25.08,92.75,5,5940,0,,,2,1025912.0,264961.0,40.8938321,-73.8493098,2a,,New York
BX,5004,64,212.0,12.0,10466.0,47.0,4164 BOYD AVENUE,NY,V0,11,,"DIAKITE, SAYON",2375,0,25.0,95.0,5,6180,0,,,2,1025653.0,264795.0,40.8933777,-73.8502476,2a,,New York
BX,5048,11,212.0,11.0,10466.0,47.0,4379 BARNES AVENUE,NY,V0,11,,"MANIRAM, ELIZABETH",3325,0,33.25,100.0,5,15420,0,,,2,1025089.0,266155.0,40.8971131,-73.8522793,2a,,New York
BX,5070,25,212.0,11.0,10466.0,47.0,4456 WHITE PLAINS ROAD,NY,V1,11,,4458 WPR LLC.,500,0,5.0,100.0,8,2565,0,,,2,1024928.0,267082.0,40.8996582,-73.852856,2a,,New York
BX,5048,64,212.0,11.0,10466.0,47.0,1722 NEREID AVENUE,NY,V0,11,X,"NEW LIFE HOLINESS CHRISTIAN MINISTRIES,  INC.",2376,0,71.5,66.58,3,8580,0,,,2,1025254.0,266419.0,40.897837,-73.8516808,2a,,New York
BX,5087,65,212.0,11.0,10470.0,47.0,704 EAST 241 STREET,NY,V1,11,,RONRICHSHA PROPERTIES CORP.,4775,0,28.68,173.14,5,171450,0,,,2,1025556.0,268092.0,40.9024274,-73.8505781,2a,,New York
BX,5112,2,212.0,11.0,10470.0,47.0,739 CRANFORD AVENUE,NY,V0,11,,WALTER & RAMAND LOAKNAUTH,2500,0,25.0,100.0,5,11640,0,,,2,1026235.0,268478.0,40.9034836,-73.8481195,2a,,New York
BX,5118,20,212.0,11.0,10470.0,47.0,771 CRANFORD AVENUE,NY,V0,11,,CRANFORD DEVELOPMENT GROUP CORP.,4850,0,25.0,194.42,4,16020,0,,,2,1026339.0,268514.0,40.9035819,-73.847743,2a,,New York
BX,5056,34,212.0,12.0,10466.0,47.0,4372 EDSON AVENUE,NY,V0,11,,"BROWN, NADINE",874,0,10.0,87.42,8,1404,0,,,2,1026667.0,266755.0,40.8987525,-73.8465676,2a,,New York
BX,5096,79,212.0,11.0,10466.0,47.0,4452 WILDER AVENUE,NY,V0,11,,EDITH WALKER,2516,0,25.42,99.0,5,7140,0,,,2,1027145.0,267647.0,40.9011984,-73.8448329,2a,,New York
BX,5059,4,212.0,12.0,10466.0,47.0,2063 PITMAN AVENUE,NY,V0,11,,"EJIOGU, GLADYS U",2325,0,23.25,100.0,5,5820,0,,,2,1027663.0,266261.0,40.8973918,-73.8429681,2a,,New York
BX,5029,15,212.0,12.0,10466.0,47.0,4221 HILL AVENUE,NY,V0,11,,EVANS RILEY M,2614,0,26.83,97.42,5,7560,0,,,2,1028043.0,266002.0,40.896679,-73.8415952,2a,,New York
BX,5027,69,212.0,12.0,10466.0,47.0,4164 HILL AVENUE,NY,V0,11,,"SMITH, LATOYAH",2375,0,25.0,95.0,5,5940,0,,,2,1028317.0,265623.0,40.8956374,-73.8406066,2a,,New York
BX,2523,131,204.0,16.0,10452.0,44.0,1022 UNIVERSITY AVENUE,NY,V0,11,,1022 MLK INC.,2188,0,25.0,87.5,5,8400,0,,,2,1003526.0,243153.0,40.8340531,-73.930342,3b,,New York
BX,2523,126,204.0,16.0,10452.0,44.0,1010 UNIVERSITY AVENUE,NY,V0,11,,"MONAH, DESMOND F",2075,0,25.0,83.0,5,7920,0,,,2,1003476.0,243041.0,40.8337458,-73.930523,3b,,New York
BX,2523,130,204.0,16.0,10452.0,44.0,1020 UNIVERSITY AVENUE,NY,V0,11,,"ALVAREZ, PEDRO",2188,0,25.0,87.5,5,8400,0,,,2,1003517.0,243131.0,40.8339927,-73.9303745,3b,,New York
BX,2504,16,204.0,16.0,10452.0,44.0,942 WOODYCREST AVENUE,NY,V0,11,,WOODYCREST 1 LLC,11327,0,100.0,109.69,3,61980,0,,,2,1003930.0,242048.0,40.8310193,-73.9288853,3b,,New York
BX,2524,26,204.0,16.0,10452.0,44.0,911 OGDEN AVENUE,NY,V0,11,,911 OGDEN LLC,5175,0,45.0,115.0,5,26940,0,,,2,1003388.0,242033.0,40.8309793,-73.9308438,3b,,New York
BX,5738,412,208.0,11.0,10463.0,50.0,3198 CAMBRIDGE AVENUE,NY,V0,11,,J&H REALTY NY LLC,7080,0,50.27,143.87,3,74280,0,,,2,1009294.0,261137.0,40.8833993,-73.9094308,1d,,New York
BX,4764,23,212.0,12.0,10469.0,47.0,3123 KINGSLAND AVENUE,NY,V0,11,,JANET BHOOPSINGH,2375,0,25.0,95.02,5,7560,0,,,2,1027875.0,257202.0,40.8725267,-73.8422602,2b,,New York
BX,4752,175,212.0,12.0,10469.0,47.0,3209 TIEMANN AVENUE,NY,V0,11,,TIEMANN GROUP 2 LLC,8330,0,85.67,100.0,3,53640,0,,,2,1027930.0,257736.0,40.873992,-73.8420579,2b,,New York
BX,4762,102,212.0,12.0,10469.0,47.0,1435 EAST GUN HILL ROAD,NY,V1,11,,BRIVAN HOLDINGS 2 LLC,6714,0,59.67,128.17,5,179100,0,,,2,1027474.0,256102.0,40.8695095,-73.8437173,4a,,New York
BX,2766,214,202.0,17.0,10474.0,41.0,600 HUNTS POINT AVENUE,NY,V1,11,,1353 RANDALL AVENUE LLC,6864,0,84.0,72.42,3,221850,0,,,2,1016460.0,235425.0,40.8128043,-73.8836393,6c,,New York
BX,2371,45,203.0,16.0,10456.0,42.0,3415 3 AVENUE,NY,V1,11,,SHAFI IQBAL,3877,0,22.0,176.12,5,138600,0,,,2,1009908.0,241270.0,40.8288686,-73.9072864,3d,,New York
BX,2386,57,203.0,16.0,10456.0,42.0,459 EAST 164 STREET,NY,V1,11,,"L. NEW HIGH INSTALLATION, INC.",1900,0,38.0,50.0,5,53550,0,,,2,1009098.0,240257.0,40.8260905,-73.9102171,6c,,New York
BX,2370,41,203.0,16.0,10456.0,42.0,3347 3 AVENUE,NY,V1,11,,SHARON BAPTIST BOARD OF DIRECTORS INC,2555,0,36.33,70.33,5,90450,2014,,,2,1009747.0,240527.0,40.8268297,-73.907871,3d,,New York
BX,2607,67,203.0,17.0,10456.0,42.0,1079 BOSTON ROAD,NY,V0,11,X,GOOD SHEPARD BAPTISTETC,2440,0,20.47,101.37,5,8280,0,,,2,1010380.0,240607.0,40.8270474,-73.9055835,3d,,New York
BX,2611,39,203.0,17.0,10456.0,42.0,1209 FRANKLIN AVENUE,NY,V0,11,,580 EAST 168TH STREET LLC,1920,0,16.5,116.33,5,7080,0,,,2,1010780.0,241709.0,40.8300709,-73.9041338,3d,,New York
BX,2614,53,203.0,17.0,10456.0,42.0,1155 BOSTON ROAD,NY,V1,11,,PLACIDE DUPONT,3400,0,34.0,100.0,5,85050,0,,,2,1010896.0,241200.0,40.8286735,-73.9037166,3d,,New York
BX,2622,33,203.0,17.0,10456.0,42.0,585 EAST 164 STREET,NY,V3,11,,988-992 GV LLC,3781,0,38.0,99.5,5,12300,0,,,2,1009973.0,239947.0,40.8252371,-73.9070566,6c,,New York
BX,2611,38,203.0,17.0,10456.0,42.0,1211 FRANKLIN AVENUE,NY,V1,11,,112 FRANKLIN AVENUE LLC,2059,0,17.08,120.5,5,53100,0,,,2,1010789.0,241722.0,40.8301066,-73.9041012,3d,,New York
BX,2611,40,203.0,17.0,10456.0,42.0,1207 FRANKLIN AVENUE,NY,V0,11,,BB8 DROID LLC,1916,0,17.08,112.17,5,7440,0,,,2,1010770.0,241694.0,40.8300298,-73.90417,3d,,New York
BX,2611,31,203.0,17.0,10456.0,42.0,578 EAST 168 STREET,NY,V0,11,,580 EAST 168TH STREET LLC,3931,0,51.0,77.08,3,12300,0,,,2,1010768.0,241785.0,40.8302796,-73.9041768,3d,,New York
BX,2611,48,203.0,17.0,10456.0,42.0,1189 FRANKLIN AVENUE,NY,V0,11,,BRONX FOUR LOTS PARTNERS,2457,0,29.98,84.52,5,7500,0,,,2,1010682.0,241574.0,40.8297007,-73.9044884,3d,,New York
BX,5814,1222,208.0,11.0,10471.0,50.0,4630 POST ROAD,NY,V1,11,X,HORACE MANN SCHOOL,2283,0,49.0,46.58,5,96750,0,,,2,1012716.0,264618.0,40.8929432,-73.8970407,1d,,New York
BX,2508,13,204.0,16.0,10452.0,44.0,1024 WOODYCREST AVENUE,NY,V0,11,X,NY GARDEN TRUST,1800,0,18.0,100.0,5,7080,0,,,2,1004376.0,242821.0,40.83314,-73.9272713,3b,,New York
BX,2768,34,202.0,17.0,10474.0,41.0,520 TRUXTON STREET,NY,V1,11,,"JRJ REALTY HOLDINGS, LLC",17500,0,175.0,100.0,5,649350,0,,,2,1013941.0,234383.0,40.8099531,-73.8927439,6c,,New York
BX,2345,1,201.0,8.0,10451.0,40.0,335 GRAND CONCOURSE,NY,V1,11,,GREEN STREET PROPERTY OWNER LLC,4937,0,60.33,83.17,3,210150,0,,,2,1003883.0,236261.0,40.8151357,-73.929072,6a,,New York
BX,2865,134,205.0,14.0,10452.0,46.0,1600 MACOMBS ROAD,NY,V0,11,,STARHILL PHASE II HOUSING DEVELOPMENT FU ND CORP.,30879,0,270.0,202.92,3,93360,0,,,2,1007362.0,247439.0,40.8458077,-73.916465,3b,,New York
BX,5331,23,210.0,13.0,10461.0,45.0,3203 EAST TREMONT AVENUE,NY,V1,11,,M.T.S. REALTY CORPORATION,2506,0,25.0,100.25,5,62550,0,,,2,1030367.0,244100.0,40.836553,-73.8333398,4b,,New York
BX,3309,20,207.0,14.0,10458.0,52.0,3059 VALENTINE AVENUE,NY,V1,11,,SEAM RE LLC,1938,0,50.0,37.5,3,39600,0,,,2,1016046.0,257756.0,40.8740978,-73.885029,1d,,New York
BX,2685,52,202.0,17.0,10455.0,41.0,950 LEGGETT AVENUE,NY,V0,11,,950 LEGGETT LLC,5375,0,50.0,107.5,5,30960,0,,,2,1011754.0,236362.0,40.815392,-73.9006361,6c,,New York
BX,2684,88,202.0,17.0,10455.0,41.0,643 FOX STREET,NY,V0,11,X,SOUTHERN BLVD ASSOC,5079,0,40.63,125.0,5,29220,0,,,2,1011591.0,235900.0,40.8141244,-73.9012269,6c,,New York
BX,2765,138,202.0,17.0,10474.0,41.0,1220 SPOFFORD AVENUE,NY,V0,11,,1220 SPOFFORD HOUSING DEVELOPMENT FUND C ORPORATION,12500,0,175.0,100.0,3,24240,0,,,2,1014750.0,235704.0,40.8135761,-73.8898155,6c,,New York
BX,2998,32,203.0,17.0,10460.0,42.0,1848 VYSE AVENUE,NY,V1,11,,BRONX AFFORDABLE HOLDINGS LLC,17509,0,102.25,129.8,3,987300,0,,,2,1016265.0,244925.0,40.8388797,-73.8842984,3d,,New York
BX,2733,10,202.0,17.0,10459.0,41.0,882 SOUTHERN BOULEVARD,NY,V0,11,,TIFFANY GARDENS HDFC,14858,0,148.58,100.0,3,85500,0,,,2,1013858.0,237671.0,40.818978,-73.8930292,6c,,New York
BX,2737,23,202.0,17.0,10474.0,41.0,863 BARRY STREET,NY,V1,11,,KIMCOMATT REALTY 840 LLC,7500,0,75.0,100.0,6,280800,0,,,2,1014059.0,236560.0,40.8159279,-73.892308,6c,,New York
BX,2737,22,202.0,17.0,10474.0,41.0,861 BARRY STREET,NY,V1,11,,KIMCOMATT REALTY 840 LLC,2500,0,25.0,100.0,6,76950,0,,,2,1014100.0,236532.0,40.8158509,-73.89216,6c,,New York
BX,2731,1,202.0,17.0,10474.0,41.0,805 GARRISON AVENUE,NY,V1,11,,PDJ SIMONE REALTY,8850,0,24.42,144.0,3,312750,0,,,2,1013599.0,236387.0,40.8154546,-73.8939706,6c,,New York
BX,2731,65,202.0,17.0,10474.0,41.0,1063 LAFAYETTE AVENUE,NY,V1,11,X,NYS DEPARTMENT OF TRANSPORTATION,16825,0,104.25,252.92,3,68850,0,,,2,1013621.0,236802.0,40.8165936,-73.8938893,6c,,New York
BX,3199,99,207.0,14.0,10468.0,52.0,2429 JEROME AVENUE,NY,V1,11,,"DELEONARDIS, FRANK",1933,0,19.33,100.0,5,55800,0,,,2,1011369.0,253397.0,40.8621492,-73.9019581,3c,,New York
BX,4849,35,212.0,12.0,10466.0,47.0,807 EAST 224 STREET,NY,V0,11,,ABRAHAM SMITH,2994,0,26.17,114.42,5,8460,0,,,2,1023662.0,262201.0,40.8862672,-73.8574642,2b,,New York
BX,2736,49,202.0,17.0,10474.0,41.0,1130 EAST 156 STREET,NY,V1,11,,GARRISON REALTY CORP,10400,0,100.55,104.82,3,357300,0,,,2,1013400.0,235511.0,40.8130509,-73.8946933,6c,,New York
BX,2736,82,202.0,17.0,10474.0,41.0,1173 LEGGETT AVENUE,NY,V1,11,,LEGGETT AVENUE PROPERTY LLC,50584,0,252.5,200.33,4,230400,0,,,2,1013703.0,234994.0,40.8116309,-73.893601,6c,,New York
BX,2736,283,202.0,17.0,10474.0,41.0,1180 LONGWOOD AVENUE,NY,V1,11,,"RAYANN EQUIPMENT, INC.",25575,0,144.5,202.08,3,869400,0,,,2,1014151.0,235606.0,40.8133092,-73.8919799,6c,,New York
BX,2777,451,202.0,17.0,10474.0,41.0,271 DRAKE STREET,NY,V1,11,,D&A BROTHERS,5000,0,50.0,100.0,5,189450,0,,,2,1017388.0,233176.0,40.8066279,-73.8802979,6c,,New York
BX,2777,417,202.0,17.0,10474.0,41.0,1390 VIELE AVENUE,NY,V1,11,,"VIELE REAL ESTATE HOLDING CO., INC.",2500,0,25.0,100.0,3,66600,0,,,2,1017484.0,233401.0,40.8072451,-73.87995,6c,,New York
BX,2736,52,202.0,17.0,10474.0,41.0,725 BARRY STREET,NY,V1,11,,GARRISON REALTY CORP.,6100,0,100.55,59.73,3,209250,0,,,2,1013363.0,235416.0,40.8127903,-73.8948274,6c,,New York
BX,2736,256,202.0,17.0,10474.0,41.0,1122 LONGWOOD AVENUE,NY,V1,11,,1122-26 REALTY LLC,3325,0,37.5,88.67,5,92250,0,,,2,1013734.0,235990.0,40.8143645,-73.8934846,6c,,New York
BX,2736,257,202.0,17.0,10474.0,41.0,1126 LONGWOOD AVENUE,NY,V1,11,,1122-26 REALTY LLC,2791,0,32.5,84.5,3,72900,0,,,2,1013763.0,235970.0,40.8143095,-73.8933799,6c,,New York
BX,2777,185,202.0,17.0,10474.0,41.0,222 MANIDA STREET,NY,V1,11,,OPPORTUNITY PROPERTIES INC,5000,0,50.0,100.0,5,189450,0,,,2,1015882.0,232744.0,40.8054477,-73.88574,6c,,New York
BX,2771,174,202.0,17.0,10474.0,41.0,429 BARRETTO STREET,NY,V1,11,,EDWARD J SWEENEY,2500,0,25.0,100.0,5,71100,0,,,2,1015191.0,234066.0,40.8090787,-73.8882299,6c,,New York
BX,2774,198,202.0,17.0,10474.0,41.0,319 BARRETTO STREET,NY,V1,11,,CARMINE & MARION SANZO,5000,0,50.0,100.0,5,189450,0,,,2,1015296.0,233546.0,40.8076511,-73.887853,6c,,New York
BX,2774,216,202.0,17.0,10474.0,41.0,1221 VIELE AVENUE,NY,V1,11,,CASANOVA GROUP PROPERTIES    .,12500,0,125.0,100.0,5,473850,0,,,2,1015269.0,233168.0,40.8066137,-73.8879522,6c,,New York
BX,2771,175,202.0,17.0,10474.0,41.0,425 BARRETTO STREET,NY,V1,11,,"425 BARRETTO, LLC",5000,0,50.0,100.0,5,189450,0,,,2,1015198.0,234029.0,40.8089771,-73.8882047,6c,,New York
BX,2606,49,202.0,17.0,10474.0,41.0,1120 OAK POINT AVENUE,NY,V1,11,X,NYC TRANSIT AUTHORITY,47481,0,213.0,47.33,5,1253700,0,,,2,1013892.0,233852.0,40.8084958,-73.8929233,6c,,New York
BX,2772,72,202.0,17.0,10474.0,41.0,416 COSTER STREET,NY,V1,11,,DAMAN-E-P. LLC,12500,0,125.0,100.0,5,473850,0,,,2,1015860.0,234179.0,40.8093865,-73.8858127,6c,,New York
BX,2598,78,201.0,8.0,10454.0,40.0,315 LOCUST AVENUE,NY,V1,11,,"SILVERCUP STUDIOS NY, LLC",1650,0,16.5,100.0,5,51750,0,,,2,1010318.0,232180.0,40.8039179,-73.9058402,6d,,New York
BX,2598,98,201.0,8.0,10454.0,40.0,311 LOCUST AVENUE,NY,V1,11,,"SILVERCUP STUDIOS NY, LLC",1658,0,16.58,100.0,5,49950,0,,,2,1010298.0,232154.0,40.8038466,-73.9059126,6d,,New York
BX,2562,83,201.0,8.0,10454.0,40.0,713 EAST 133 STREET,NY,V1,11,,MARKLAND 713 LLC,1726,0,16.67,103.56,5,43650,0,,,2,1007728.0,231436.0,40.8018831,-73.9151981,6b,,New York
BX,2588,8,201.0,8.0,10454.0,40.0,780 EAST 137 STREET,NY,V1,11,,ABBOTT CONSTRUCTION CORP,10526,0,52.5,200.5,3,367200,0,,,2,1008745.0,231935.0,40.8032499,-73.9115229,6d,,New York
BX,5004,16,212.0,12.0,10466.0,47.0,4151 GUNTHER AVENUE,NY,V0,11,,"PATTERSON, CHRISTOPHER B",2500,0,25.0,100.0,5,7140,0,,,2,1025783.0,264703.0,40.8931246,-73.849778,2b,,New York
BX,5711,44,208.0,11.0,10463.0,50.0,3021 CORLEAR AVENUE,NY,V0,11,,CORLEAR MANAGEMENT LLC,2500,0,25.0,100.0,5,11940,0,,,2,1009502.0,259783.0,40.8796824,-73.9086837,1d,,New York
BX,4141,7,211.0,13.0,10461.0,49.0,1468 BLONDELL AVENUE,NY,V1,11,,"DECANDIDO, PHILIP F",7500,0,75.0,100.0,3,112500,0,,,2,1027423.0,247075.0,40.8447333,-73.8439598,4b,,New York
BX,3909,61,206.0,15.0,10460.0,48.0,420 MORRIS PARK AVENUE,NY,V1,11,,420 MORRIS PARK LLC,25500,0,280.75,185.5,3,450450,0,,,2,1019190.0,245043.0,40.8391925,-73.8737269,3d,,New York
BX,2981,9,203.0,17.0,10460.0,42.0,1482 SOUTHERN BOULEVARD,NY,V1,11,,CASTILLO 2 WEST LLC,5000,0,50.0,100.0,5,216000,0,,,2,1014688.0,242759.0,40.8329403,-73.8900074,3d,,New York
BX,2981,56,203.0,17.0,10460.0,42.0,1476 SOUTHERN BOULEVARD,NY,V1,11,,CASTILLO 3 WEST LLC,1883,0,18.83,100.0,5,54900,0,,,2,1014666.0,242710.0,40.8328059,-73.8900872,3d,,New York
BX,2981,4,203.0,17.0,10460.0,42.0,1466 SOUTHERN BOULEVARD,NY,V1,11,,"DEMAJ, SALI",1850,0,18.5,100.0,5,54450,0,,,2,1014627.0,242625.0,40.8325727,-73.8902285,3d,,New York
BX,2981,8,203.0,17.0,10460.0,42.0,1478 SOUTHERN BOULEVARD,NY,V1,11,,CASTILLO 3 WEST LLC,1884,0,18.84,100.0,5,54900,0,,,2,1014673.0,242727.0,40.8328525,-73.8900618,3d,,New York
BX,2981,3,203.0,17.0,10460.0,42.0,1464 SOUTHERN BOULEVARD,NY,V1,11,,122-32 LLC,1875,0,18.75,100.0,5,54450,0,,,2,1014619.0,242607.0,40.8325233,-73.8902575,3d,,New York
BX,3475,75,209.0,18.0,10473.0,43.0,315 NEWMAN AVENUE,NY,V0,11,,"LEWIN, DOREEN E",2785,0,25.0,111.42,5,5340,0,,,2,1024354.0,235130.0,40.8119623,-73.8551235,7a,,New York
BX,2931,3,203.0,16.0,10456.0,42.0,1300 FULTON AVENUE,NY,V1,11,,BRONX LEBANON HOSP CTR,2311,0,25.02,93.56,5,56250,0,,,2,1011076.0,242537.0,40.8323427,-73.9030609,3d,,New York
BX,2514,73,204.0,16.0,10452.0,44.0,1125 NELSON AVENUE,NY,V0,11,O,NYC HOUSING AUTHORITY,2626,0,25.07,105.98,5,12240,0,,,2,1004465.0,243818.0,40.8358762,-73.9269467,3b,,New York
BX,3209,44,207.0,14.0,10468.0,52.0,58 WEST 184 STREET,NY,V0,11,,HARD REALTY 2 LLC,1203,0,20.17,59.67,5,4620,0,,,2,1010562.0,253058.0,40.8612212,-73.904877,3c,,New York
BX,5600,76,210.0,13.0,10465.0,45.0,237 ROBINSON AVENUE,NY,V0,11,,MEDCM REALTY CORP.,2500,0,25.0,100.0,5,10980,0,,,2,1032406.0,235824.0,40.8138269,-73.8260305,7a,,New York
BX,3077,53,206.0,15.0,10458.0,48.0,2461 HUGHES AVENUE,NY,V1,11,,2461 HUGHES ASSOCIATES LLC,2185,0,25.0,87.42,5,46350,0,,,2,1015783.0,251368.0,40.8565656,-73.88601,3c,,New York
BX,2935,43,203.0,17.0,10456.0,42.0,664 EAST 170 STREET,NY,V0,11,,"COMMUNITY ACTION FORHUMAN SERVICES, INC.",1032,0,20.17,55.47,5,2850,0,,,2,1012351.0,243000.0,40.8336095,-73.8984516,3d,,New York
BX,2935,45,203.0,17.0,10456.0,42.0,1399 CROTONA AVENUE,NY,V0,11,,"COMMUNITY ACTION FORHUMAN SERVICES, INC.",2700,0,25.0,102.42,5,8820,0,,,2,1012361.0,242964.0,40.8335107,-73.8984156,3d,,New York
BX,3034,26,206.0,15.0,10457.0,48.0,454 EAST 178 STREET,NY,V0,11,X,TREMONT UNITED METHODIST CHURCH,4320,0,40.0,108.0,5,17400,0,,,2,1012481.0,248345.0,40.8482795,-73.8979593,3d,,New York
BX,3700,61,209.0,18.0,10473.0,43.0,2347 QUIMBY AVENUE,NY,V0,11,,HTJ PROPERTY MANAGEMENT LLC,2575,0,25.0,103.0,5,4980,0,,,2,1027185.0,240632.0,40.8270504,-73.8448612,4b,,New York
BX,3510,24,209.0,18.0,10473.0,43.0,464 HOWE AVENUE,NY,V0,11,,"ROUSE-BEY, SHIRLEY",2708,0,25.0,108.33,5,12180,0,,,2,1026290.0,236625.0,40.8160566,-73.8481203,7a,,New York
BX,3509,54,209.0,18.0,10473.0,43.0,413 HOWE AVENUE,NY,V0,11,,"BAKAR, MD ABU",2706,0,25.0,108.25,5,12180,0,,,2,1026173.0,236325.0,40.8152337,-73.8485448,7a,,New York
BX,2992,30,206.0,15.0,10460.0,48.0,1920 DALY AVENUE,NY,V0,11,,DALY AVENUE HOUSINGDEVELOPMENT FUND CORP ORATION,3241,0,21.67,150.93,5,15120,0,,,2,1016298.0,245588.0,40.8406994,-73.8841759,3d,,New York
BX,3328,101,207.0,11.0,10467.0,52.0,3569 BAINBRIDGE AVENUE,NY,V0,11,,MOSHOLU PRESV CORP,2571,0,25.17,102.17,5,11880,0,,,2,1017952.0,261062.0,40.8831646,-73.8781205,1d,,New York
BX,3759,69,209.0,18.0,10472.0,43.0,1109 VIRGINIA AVENUE,NY,V0,11,,AMBAZ A LLC,2559,0,25.25,101.33,5,12120,0,,,2,1022971.0,241292.0,40.8288814,-73.860084,4b,,New York
BX,3780,27,209.0,18.0,10472.0,43.0,1660 EAST 172 STREET,NY,V0,11,X,CHURCH OF THE ABIDING PRESENCE,5000,0,50.0,100.0,5,20340,0,,,2,1019420.0,242355.0,40.8318138,-73.8729098,3d,,New York
BX,2598,80,201.0,8.0,10454.0,40.0,309 LOCUST AVENUE,NY,V1,11,,"SILVERCUP STUDIOS NY, LLC",2483,0,24.83,100.0,5,68850,0,,,2,1010285.0,232137.0,40.8038,-73.9059596,6d,,New York
BX,3356,200,207.0,11.0,10467.0,52.0,3547 WEBSTER AVENUE,NY,V1,11,,3547 WEBSTER TOWER LLC,15000,0,150.0,100.0,5,126450,0,,,2,1019821.0,259921.0,40.8800256,-73.8713675,1d,,New York
BX,2603,157,202.0,17.0,10455.0,41.0,646 SOUTHERN BOULEVARD,NY,V0,11,,650 SOUTHERN BLVD BRONX LLC,10000,0,100.0,100.0,5,6600,0,,,2,1011795.0,235447.0,40.8128804,-73.9004918,6c,,New York
BX,3321,58,207.0,14.0,10468.0,52.0,3071 VILLA AVENUE,NY,V0,11,,3073 VILLA LLC,2500,0,25.0,100.0,5,10440,0,,,2,1015113.0,257659.0,40.8738348,-73.8884031,1d,,New York
BX,5134,20,210.0,12.0,10475.0,45.0,2225 BOLLER AVENUE,NY,V0,11,,MER DC LLC,2375,0,25.0,95.0,5,4920,0,,,2,1032619.0,252906.0,40.8607107,-73.8251379,4a,,New York
BX,5135,77,210.0,12.0,10475.0,45.0,2309 HUNTER AVENUE,NY,V0,11,,5446-35 CORP,2375,0,25.0,95.0,5,8160,0,,,2,1032732.0,253286.0,40.8617531,-73.8247266,4a,,New York
BX,3234,77,207.0,14.0,10468.0,52.0,242 WEST FORDHAM ROAD,NY,V1,11,,GIRT REALTY LLC,3795,0,63.25,60.0,5,86400,0,,,2,1009012.0,253185.0,40.8615743,-73.9104801,3c,,New York
BX,2287,17,201.0,8.0,10454.0,40.0,422 EAST 143 STREET,NY,V0,11,,"GUZMAN, JOSE A.",1875,0,18.75,100.0,5,6420,0,,,2,1006451.0,235009.0,40.8116933,-73.9197988,6a,,New York
BX,2287,15,201.0,8.0,10454.0,40.0,418 EAST 143 STREET,NY,V0,11,,"ROCCHILD, GEORGE LOUIS",1875,0,18.75,100.0,5,7020,0,,,2,1006418.0,235027.0,40.8117428,-73.9199179,6a,,New York
BX,2287,14,201.0,8.0,10454.0,40.0,416 EAST 143 STREET,NY,V0,11,,"KLIAFAS, STEFANOS",1875,0,18.75,100.0,5,6780,0,,,2,1006402.0,235036.0,40.8117675,-73.9199757,6a,,New York
BX,2288,70,201.0,8.0,10454.0,40.0,463 EAST 143 STREET,NY,V0,11,,KINGSLAND DEV LLC,1544,0,16.67,92.67,5,4260,0,,,2,1006827.0,234988.0,40.8116347,-73.9184405,6a,,New York
BX,2275,26,201.0,17.0,10455.0,40.0,529 ST ANNS AVENUE,NY,V0,11,,ONE THIRTY SIX DEVELOPMENT LLC,1657,0,16.5,99.5,5,5160,0,,,2,1008205.0,235854.0,40.814008,-73.9134594,6a,,New York
BX,2275,17,201.0,17.0,10455.0,40.0,536 EAST 149 STREET,NY,V1,11,,"DE LEONARDIS, FRANK",14240,0,135.5,100.0,5,439200,0,,,2,1008126.0,235940.0,40.8142442,-73.9137445,6a,,New York
BX,2275,14,201.0,17.0,10455.0,40.0,528 EAST 149 STREET,NY,V1,11,,"DELEONARDIS, FRANK",4000,0,40.0,100.0,5,98100,0,,,2,1008002.0,235991.0,40.8143846,-73.9141923,6a,,New York
BX,2275,12,201.0,17.0,10455.0,40.0,524 EAST 149 STREET,NY,V1,11,,"DELEONARDIS, FRANK",4000,0,40.0,100.0,5,98100,0,,,2,1007966.0,236007.0,40.8144286,-73.9143223,6a,,New York
BX,3001,11,203.0,17.0,10460.0,42.0,1536 BRYANT AVENUE,NY,V0,11,,NILSA LUYANDO,2500,0,25.0,100.0,5,11580,0,,,2,1015687.0,243071.0,40.8337931,-73.8863959,3d,,New York
BX,4042,244,211.0,13.0,10462.0,49.0,2255 EAST TREMONT AVENUE,NY,V1,11,,"2265 EAST TREMONT REALTY, LLC",7128,0,71.75,112.33,5,117450,0,,,2,1023964.0,246217.0,40.8423946,-73.8564667,4b,,New York
BX,5803,977,208.0,11.0,10471.0,50.0,4422 CAYUGA AVENUE,NY,V0,11,X,HORACE MANN BERNARD SCHOOL,6050,0,60.08,100.75,5,38040,0,,,2,1012225.0,264253.0,40.8919429,-73.8988182,1d,,New York
BX,5825,1576,208.0,11.0,10471.0,50.0,6201 BROADWAY,NY,V1,11,,MASHBLOC LLC,4583,0,50.0,91.67,3,187200,0,,,2,1012701.0,265703.0,40.8959212,-73.8970904,1c,,New York
BX,5814,1208,208.0,11.0,10471.0,50.0,6083 BROADWAY,NY,V1,11,X,HORACE MANN SCHOOL,2150,0,25.0,86.0,5,104400,0,,,2,1012788.0,264962.0,40.8938871,-73.8967789,1c,,New York
BX,5814,1221,208.0,11.0,10471.0,50.0,6071 BROADWAY,NY,V1,11,X,HORACE MANN SCHOOL,1875,0,56.42,34.25,5,94500,0,,,2,1012754.0,264607.0,40.8929128,-73.8969033,1d,,New York
BX,5957,164,208.0,11.0,10471.0,50.0,5977 RIVERDALE AVENUE,NY,V1,11,X,SALANTER AKIBA RIVERDALE ACADEMY,14812,0,161.0,92.0,5,273600,0,,,2,1010754.0,270138.0,40.9080999,-73.9041153,1c,,New York
BX,5847,1313,208.0,11.0,10471.0,50.0,379 VINMONT ROAD,NY,V0,11,,ELI IVRI 2023 REVOCABLE TRUST,7076,0,100.0,103.0,5,43560,0,,,2,1011043.0,267859.0,40.9018439,-73.9030789,1c,,New York
BX,5846,1722,208.0,11.0,10471.0,50.0,5439 FIELDSTON ROAD,NY,V0,11,,"LOSHAJ, HAZIR",3278,0,30.24,108.33,0,21300,0,,,2,1011380.0,268170.0,40.9026965,-73.9018585,1c,,New York
BX,5885,1249,208.0,11.0,10471.0,50.0,6137 TYNDALL AVENUE,NY,V0,11,,HELEN M. FLURI A/K/A MARIE FLURI 2023 IR REV. TRUST,3555,0,37.5,95.0,5,15000,0,,,2,1011762.0,271165.0,40.9109156,-73.9004644,1c,,New York
BX,3475,66,209.0,18.0,10473.0,43.0,329 NEWMAN AVENUE,NY,V0,11,,327 NEWMAN AVE LLC,2785,0,25.0,111.42,5,5340,0,,,2,1024323.0,235302.0,40.8124345,-73.8552344,7a,,New York
BX,3500,8,209.0,18.0,10473.0,43.0,1905 PATTERSON AVENUE,NY,V0,11,,"BOOKER, GAIL",3800,0,38.0,100.0,5,17100,0,,,2,1023812.0,235759.0,40.8136911,-73.8570777,7a,,New York
BX,3448,14,209.0,18.0,10473.0,43.0,120 HUSSON AVENUE,NY,V0,11,,"ROQUE, MIGDALIA",2867,0,25.0,114.42,5,5580,0,,,2,1025631.0,233875.0,40.8085117,-73.850518,7a,,New York
BX,3458,19,209.0,18.0,10473.0,43.0,230 STEPHENS AVENUE,NY,V0,11,,"MAGAZINO, RONALD",6624,0,47.17,111.42,5,14940,0,,,2,1024899.0,234682.0,40.8107301,-73.8531574,7a,,New York
BX,3457,57,209.0,18.0,10473.0,43.0,244 STEPHENS AVENUE,NY,V0,11,,"RORIGUEZ RORIGUEZ, PAULA",11147,0,50.0,56.42,5,11280,0,,,2,1024759.0,234822.0,40.811115,-73.8536623,7a,,New York
BX,3460,19,209.0,18.0,10473.0,43.0,224 HUSSON AVENUE,NY,V0,11,,"FORTIS DIAZ, ELIZABETH",2750,0,25.0,110.0,5,5280,0,,,2,1025474.0,234740.0,40.8108867,-73.8510799,7a,,New York
BX,3460,13,209.0,18.0,10473.0,43.0,216 HUSSON AVENUE,NY,V0,11,,"JAINARAIN, DEODHARRY",2750,0,25.0,110.0,5,8520,0,,,2,1025495.0,234618.0,40.8105517,-73.8510047,7a,,New York
BX,3460,50,209.0,18.0,10473.0,43.0,237 BETTS AVENUE,NY,V0,11,,"DEODAT, MOHAN",1000,0,10.0,100.0,8,1584,0,,,2,1025558.0,234909.0,40.8113501,-73.8507754,7a,,New York
BX,3456,2,209.0,18.0,10473.0,43.0,1927 GILDERSLEEVE AVENUE,NY,V1,11,,1927 GILDERSLEEVE REALTY CORP.,15768,0,50.0,50.0,5,306000,0,,,2,1024422.0,234325.0,40.8097524,-73.8548826,7a,,New York
BX,3461,24,209.0,18.0,10473.0,43.0,240 BETTS AVENUE,NY,V0,11,,STAR BETTS LLC,5015,0,85.0,45.25,3,11400,0,,,2,1025704.0,234966.0,40.8115059,-73.8502476,7a,,New York
BX,3457,36,209.0,18.0,10473.0,43.0,254 NEWMAN AVENUE,NY,V0,11,,"MIKHAYLOVA, MARINA",2785,0,25.0,111.42,5,5340,0,,,2,1024579.0,234835.0,40.8111515,-73.8543124,7a,,New York
BX,3457,41,209.0,18.0,10473.0,43.0,1940 O'BRIEN AVENUE,NY,V0,11,,"LOURDES CINTRON, TRUSTEE",2500,0,25.0,100.0,3,4500,0,,,2,1024521.0,234913.0,40.8113659,-73.8545215,7a,,New York
BX,3457,51,209.0,18.0,10473.0,43.0,252 STEPHENS AVENUE,NY,V0,11,,"RAMIREZ, JOSE",2034,0,23.08,100.0,3,3240,0,,,2,1024713.0,234954.0,40.8114775,-73.8538276,7a,,New York
BX,3436,127,209.0,18.0,10473.0,43.0,112 LIGHTHOUSE COURT,NY,V0,11,,HARBOUR POINTE AT SHOREHAVEN HOA II INC.,2581,0,30.17,85.54,0,6060,0,,,2,1025835.0,233601.0,40.8077587,-73.8497828,7a,,New York
BX,3432,30,209.0,18.0,10473.0,43.0,45 WHITE PLAINS ROAD,NY,V0,11,,"SINGH, ALEXIS",2070,0,23.0,90.0,5,3480,0,,,2,1024440.0,233944.0,40.8087066,-73.8548199,7a,,New York
BX,3432,29,209.0,18.0,10473.0,43.0,46 WHITE PLAINS ROAD,NY,V0,11,,"SINGH, ALEXIS",2558,0,28.42,90.0,5,4920,0,,,2,1024445.0,233919.0,40.808638,-73.854802,7a,,New York
BX,3446,46,209.0,18.0,10473.0,43.0,145 PUGSLEY AVENUE,NY,V0,11,,"CARRASQUILLO, BENJAMIN",5571,0,50.0,111.42,5,13620,0,,,2,1025127.0,234001.0,40.8088599,-73.8523379,7a,,New York
BX,3447,47,209.0,18.0,10473.0,43.0,139 HUSSON AVENUE,NY,V0,11,,1207 BEACH AVENUE CORP.,2750,0,25.0,110.0,5,5280,0,,,2,1025433.0,234020.0,40.8089107,-73.8512324,7a,,New York
BX,3448,22,209.0,18.0,10473.0,43.0,142 HUSSON AVENUE,NY,V0,11,,WANDA LUCENA,2825,0,25.0,111.42,2,5520,0,,,2,1025596.0,234073.0,40.8090554,-73.8506432,7a,,New York
BX,3510,20,209.0,18.0,10473.0,43.0,450 HOWE AVENUE,NY,V0,11,,"LAJQI, UKE",2708,0,25.0,108.33,5,12180,0,,,2,1026308.0,236527.0,40.8157875,-73.8480559,7a,,New York
BX,3511,47,209.0,18.0,10473.0,43.0,437 TURNEUR AVENUE,NY,V0,11,,"CARTAGENA, TRUSTEE, ADAM",2706,0,25.0,108.25,5,12180,0,,,2,1026721.0,236626.0,40.8160573,-73.8465632,7a,,New York
BX,2519,19,204.0,16.0,10452.0,44.0,1299 SHAKESPEARE AVENUE,NY,V0,11,,1295 SHAKESPEARE LLC,2608,0,25.0,104.38,5,12060,0,,,2,1005622.0,245288.0,40.8399082,-73.9227608,3b,,New York
BX,2519,25,204.0,16.0,10452.0,44.0,1287 SHAKESPEARE AVENUE,NY,V0,11,,"HENRY, GARNETT",2245,0,23.0,103.66,5,8160,0,,,2,1005611.0,245145.0,40.8395158,-73.922801,3b,,New York
BX,2517,27,204.0,16.0,10452.0,44.0,94 WEST 169 STREET,NY,V0,11,,VOUNO PARTNERS LLC,4478,0,30.0,149.21,5,20640,0,,,2,1005417.0,245083.0,40.8393461,-73.9235023,3b,,New York
BX,2517,13,204.0,16.0,10452.0,44.0,1258 NELSON AVENUE,NY,V0,11,X,ROMAN CATHOLIC CHURCH,1761,0,19.09,94.4,5,6660,0,,,2,1005248.0,244990.0,40.8390912,-73.9241134,3b,,New York
BX,2517,26,204.0,16.0,10452.0,44.0,96 WEST 169 STREET,NY,V0,11,,VOUNO PARTNERS LLC,4363,0,29.33,149.21,5,20160,0,,,2,1005390.0,245098.0,40.8393873,-73.9235999,3b,,New York
BX,2517,11,204.0,16.0,10452.0,44.0,1254 NELSON AVENUE,NY,V0,11,X,CHURCH OF SACRED HEART,2026,0,20.04,103.04,5,8760,0,,,2,1005234.0,244954.0,40.8389924,-73.9241641,3b,,New York
BX,2520,12,204.0,16.0,10452.0,44.0,79 WEST 170 STREET,NY,V1,11,,"ADAMES, GLENIS",308,0,28.32,27.76,3,513,0,,,2,1005872.0,245475.0,40.8404209,-73.9218567,3b,,New York
BX,2892,46,205.0,15.0,10457.0,46.0,1857 CARTER AVENUE,NY,V1,11,,JOAR REALTY CORP.,2128,0,18.75,112.0,5,29700,0,,,2,1011272.0,247935.0,40.847158,-73.9023308,3d,,New York
BX,2900,4,206.0,15.0,10457.0,48.0,1820 WEBSTER AVENUE,NY,V1,11,,1820 WEBSTER INDUSTRIAL LLC,22184,0,83.52,287.35,4,416250,0,,,2,1011576.0,247462.0,40.8458588,-73.901234,3d,,New York
BX,2892,43,205.0,15.0,10457.0,46.0,1863 CARTER AVENUE,NY,V0,11,X,COMMUNITY ACCESS HOUSING DEVELOPMENT FUN D COMPANY,2481,0,25.0,99.25,5,11460,0,,,2,1011307.0,247999.0,40.8473335,-73.9022041,3d,,New York
BX,2892,149,205.0,15.0,10457.0,46.0,336 EAST 176 STREET,NY,V0,11,X,COMMUNITY ACCESS HOUSING DEVELOPMENT FUN D COMPANY,2254,0,21.8,127.54,5,7860,0,,,2,1011254.0,248053.0,40.8474819,-73.9023954,3d,,New York
BX,2892,37,205.0,15.0,10457.0,46.0,342 EAST 176 STREET,NY,V0,11,X,COMMUNITY ACCESS HOUSING DEVELOPMENT FUN D COMPANY,2103,0,32.42,72.98,5,7320,0,,,2,1011331.0,248102.0,40.8476162,-73.9021169,3d,,New York
BX,2892,44,205.0,15.0,10457.0,46.0,1861 CARTER AVENUE,NY,V0,11,X,COMMUNITY ACCESS HOUSING DEVELOPMENT FUN D COMPANY,2450,0,25.0,98.0,5,11340,0,,,2,1011297.0,247975.0,40.8472677,-73.9022403,3d,,New York
BX,2892,35,205.0,15.0,10457.0,46.0,338 EAST 176 STREET,NY,V0,11,X,COMMUNITY ACCESS HOUSING DEVELOPMENT FUN D COMPANY,2078,0,21.8,142.37,5,7260,0,,,2,1011275.0,248063.0,40.8475093,-73.9023195,3d,,New York
BX,2892,152,205.0,15.0,10457.0,46.0,1865 CARTER AVENUE,NY,V0,11,X,COMMUNITY ACCESS HOUSING DEVELOPMENT FUN D COMPANY,1246,0,16.5,75.17,5,4440,0,,,2,1011326.0,248013.0,40.8473719,-73.9021353,3d,,New York
BX,2892,36,205.0,15.0,10457.0,46.0,340 EAST 176 STREET,NY,V0,11,X,COMMUNITY ACCESS HOUSING DEVELOPMENT FUN D COMPANY,1920,0,21.8,107.14,5,6840,0,,,2,1011300.0,248078.0,40.8475504,-73.9022291,3d,,New York
BX,2892,33,205.0,15.0,10457.0,46.0,332 EAST 176 STREET,NY,V0,11,X,COMMUNITY ACCESS HOUSING DEVELOPMENT FUN D COMPANY,2173,0,21.8,137.77,5,7560,0,,,2,1011215.0,248041.0,40.8474491,-73.9025364,3d,,New York
BX,2892,45,205.0,15.0,10457.0,46.0,1859 CARTER AVENUE,NY,V1,11,,NWAKILE CHIDI J,3040,0,25.0,121.58,5,77400,0,,,2,1011277.0,247957.0,40.8472184,-73.9023127,3d,,New York
BX,3028,40,206.0,15.0,10457.0,48.0,412 ALDEN PLACE,NY,V1,11,,TOP NOTCH 19 LLC,1428,0,17.0,84.0,5,62100,0,,,2,1012208.0,248907.0,40.8498229,-73.8989437,3c,,New York
BX,3030,58,206.0,15.0,10457.0,48.0,416 EAST 182 STREET,NY,V1,11,,FUENTES VICENTA,1258,0,16.5,76.25,5,54900,0,,,2,1013054.0,250602.0,40.8544725,-73.8958785,3c,,New York
BX,4614,59,212.0,12.0,10469.0,47.0,3245 YATES AVENUE,NY,V1,11,,3245 BOSTON ROAD LLC,18920,0,100.0,200.0,4,503550,0,,,2,1024337.0,257274.0,40.8727411,-73.8550525,2b,,New York
BX,4616,17,211.0,12.0,10469.0,49.0,3210 HERING AVENUE,NY,V0,11,,"LAJQI, UKE",2615,0,26.15,100.0,5,15240,0,,,2,1024813.0,256971.0,40.8719072,-73.8533332,2b,,New York
BX,3157,54,205.0,15.0,10457.0,46.0,2189 RYER AVENUE,NY,V0,11,,2187 RYER AVE LLC,5766,0,50.24,110.07,5,10680,0,,,2,1011855.0,250850.0,40.855157,-73.9002116,3c,,New York
BX,4563,22,211.0,12.0,10469.0,49.0,2928 THROOP AVENUE,NY,V0,11,,"RIZWAN, RAJA",5000,0,50.0,100.0,5,22500,0,,,2,1025564.0,255712.0,40.8684482,-73.8506255,4a,,New York
BX,5648,59,210.0,13.0,10464.0,45.0,666 MINNIEFORD AVENUE,NY,V0,11,,KENNEDY BARBARA,5000,0,50.0,100.0,5,14280,0,,,2,1042269.0,251393.0,40.8564999,-73.7902647,4c,,New York
BX,5636,149,210.0,13.0,10464.0,45.0,663 CITY ISLAND AVENUE,NY,V1,11,,663 CITY ISLAND AVENUE LLC,25696,0,98.56,260.27,3,206100,0,,,2,1041734.0,251298.0,40.8562426,-73.7921995,4c,,New York
BX,5640,90,210.0,13.0,10464.0,45.0,173 MARINE STREET,NY,V1,11,,"G.B.G., INC.",173381,0,743.0,233.0,3,2382750,0,,,2,1044703.0,245670.0,40.8407757,-73.7815176,4d,,New York
BX,2673,32,203.0,17.0,10456.0,42.0,792 EAST 169 STREET,NY,V0,11,,780 E. ASSOCIATES LLC,5094,0,84.0,86.0,5,20940,0,,,2,1012113.0,241708.0,40.8300641,-73.899317,3d,,New York
BX,2968,38,203.0,17.0,10459.0,42.0,816 RITTER PLACE,NY,V0,11,,RITTER 126 HOLDINGS LLC,1821,0,22.0,82.75,5,4920,0,,,2,1012493.0,241955.0,40.8307408,-73.8979428,3d,,New York
BX,2961,58,203.0,17.0,10456.0,42.0,787 EAST 169 STREET,NY,V0,11,,RODRIGUEZ ELADIO,1249,0,18.17,69.18,5,3960,0,,,2,1012190.0,241887.0,40.8305551,-73.899038,3d,,New York
BX,2682,22,203.0,17.0,10459.0,42.0,810 EAST 169 STREET,NY,V0,11,,1 WEST POND ASSETS LLC,1764,0,18.75,99.33,5,4920,0,,,2,1012341.0,241557.0,40.8296489,-73.8984937,3d,,New York
BX,4893,16,212.0,12.0,10466.0,47.0,3524 GRACE AVENUE,NY,V0,11,,ROY A LANGLAIS,2375,0,25.0,95.0,5,12600,0,,,2,1028308.0,260481.0,40.8815243,-73.840673,2b,,New York
BX,3810,5,209.0,18.0,10472.0,43.0,1136 OLMSTEAD AVENUE,NY,V0,11,,VIDYAWATIE LAUCHMAN,2450,0,25.0,98.0,5,10680,0,,,2,1024785.0,241865.0,40.8304459,-73.8535258,4b,,New York
BX,3816,32,209.0,18.0,10472.0,43.0,2250 BLACKROCK AVENUE,NY,V0,11,,"ALMESTICA, ANGEL",5150,0,50.0,103.0,5,29700,0,,,2,1026220.0,241377.0,40.8290998,-73.8483435,4b,,New York
BX,3798,33,209.0,18.0,10472.0,43.0,2052 BLACKROCK AVENUE,NY,V0,11,,APONTE CARMEN S,2575,0,25.0,103.0,5,12180,0,,,2,1024542.0,241077.0,40.8282842,-73.8544086,4b,,New York
BX,4898,50,212.0,12.0,10466.0,47.0,1210 EAST 224 STREET,NY,V0,11,,"JOHNSON, COLLETTE",2500,0,25.0,100.0,5,8700,0,,,2,1026792.0,260575.0,40.8817898,-73.8461547,2b,,New York
BX,4890,84,212.0,12.0,10466.0,47.0,1301 EAST 224 STREET,NY,V0,11,M,BOSTON MEADOWS DEV,20824,0,153.25,100.0,5,20040,0,,,2,1027553.0,260371.0,40.8812262,-73.843404,2b,,New York
BX,4893,37,212.0,12.0,10466.0,47.0,3515 EDSON AVENUE,NY,V0,11,,"SMITH-BELLE, MYRNA",2375,0,25.0,95.0,5,12600,0,,,2,1028436.0,260427.0,40.8813755,-73.8402105,2b,,New York
BX,2363,1,201.0,17.0,10455.0,40.0,503 EAST 153 STREET,NY,V1,11,C,LA CENTRAL PHASE II HOUSING DEVELOPMENT  FUND CORPO,7143,0,67.01,213.48,3,418950,0,,,2,1008261.0,237420.0,40.8183061,-73.9132515,6a,,New York
BX,2361,26,201.0,17.0,10455.0,40.0,626 BERGEN AVENUE,NY,V1,11,C,LA CENTRAL PHASE II HOUSING DEVELOPMENT  FUND CORPO,21747,0,232.7,98.14,3,1183950,0,,,2,1008043.0,236967.0,40.8170633,-73.9140407,6a,,New York
BX,3218,72,207.0,14.0,10468.0,52.0,2279 UNIVERSITY AVENUE,NY,V0,11,,2279 BRONX LLC,5000,0,50.0,100.0,5,20820,0,,,2,1009857.0,252774.0,40.8604438,-73.9074268,3c,,New York
BX,4260,31,211.0,13.0,10462.0,49.0,2009 BRONXDALE AVENUE,NY,V0,11,,BRONXDALE REALTY LLC,4600,0,55.58,104.25,3,19080,0,,,2,1021491.0,248949.0,40.8499039,-73.8653894,4a,,New York
BX,4259,127,211.0,13.0,10462.0,49.0,1927A HOLLAND AVENUE,NY,V0,11,,"VERGARA, JOAQUIN",1700,0,6.13,67.85,5,7320,0,,,2,1021412.0,248520.0,40.8487268,-73.8656773,4b,,New York
BX,4257,50,211.0,13.0,10462.0,49.0,1999 CRUGER AVENUE,NY,V0,11,,CRUGER LLC,5000,0,50.0,100.0,5,31500,0,,,2,1021016.0,249174.0,40.8505235,-73.8671051,4a,,New York
BX,4257,49,211.0,13.0,10462.0,49.0,2003 CRUGER AVENUE,NY,V0,11,,CRUGER LLC,2500,0,25.0,100.0,5,11640,0,,,2,1021017.0,249211.0,40.850625,-73.8671013,4a,,New York
BX,3696,44,209.0,18.0,10473.0,43.0,801 ZEREGA AVENUE,NY,V1,11,,UMAR 805 ZEREGA LLC,1050,0,41.75,25.0,3,13950,0,,,2,1027660.0,239594.0,40.824199,-73.8431516,7a,,New York
BX,3694,1,209.0,18.0,10473.0,43.0,930 CASTLE HILL AVENUE,NY,V0,11,,"BAEZ, CLAYTON",1808,0,18.08,100.0,3,2820,0,,,2,1025936.0,240365.0,40.8263235,-73.849376,7a,,New York
BX,3218,92,207.0,14.0,10468.0,52.0,2308 ANDREWS AVENUE NORTH,NY,V0,11,,BX 2308 ANDREWS AVE HOLDINGS LLC,2800,0,28.0,100.0,5,12960,0,,,2,1009942.0,253086.0,40.8612999,-73.9071183,3c,,New York
BX,5377,47,210.0,13.0,10461.0,45.0,2881 HARRINGTON AVENUE,NY,V0,11,,"ZHENG, HAONAN",2250,0,25.0,90.0,5,7320,0,,,2,1030450.0,245415.0,40.8401618,-73.8330308,4b,,New York
BX,3225,77,207.0,14.0,10468.0,52.0,2275 LORING PLACE NORTH,NY,V0,11,X,HP MORRIS HEIGHTS NCP HOUSING DEVELOPMEN T FUND COM,5008,0,50.0,100.17,5,32220,0,,,2,1009358.0,252997.0,40.8610573,-73.9092299,3c,,New York
BX,3700,62,209.0,18.0,10473.0,43.0,2345 QUIMBY AVENUE,NY,V0,11,,HTJ PROPERTY MANAGEMENT LLC,2575,0,25.0,103.0,5,4980,0,,,2,1027160.0,240628.0,40.8270395,-73.8449516,4b,,New York
BX,3542,20,209.0,18.0,10473.0,43.0,530 ZEREGA AVENUE,NY,V1,11,C,DEPARTMENT OF SANITATION,254650,0,852.9,300.0,5,9706500,0,,,2,1027978.0,237602.0,40.81873,-73.8420156,7a,,New York
BX,3692,51,209.0,18.0,10473.0,43.0,865 HAVEMEYER AVENUE,NY,V0,11,,"COLON TORRES, RAMON",6843,0,24.0,136.42,3,14460,0,,,2,1026646.0,239983.0,40.8252717,-73.8468129,7a,,New York
BX,3579,1,209.0,18.0,10473.0,43.0,691 ZEREGA AVENUE,NY,V9,11,C,DEPARTMENT OF SANITATION,484652,0,356.22,681.17,3,15120450,0,,,2,1028347.0,238345.0,40.8207675,-73.8406776,7a,,New York
BX,3513,44,209.0,18.0,10473.0,43.0,480 ZEREGA AVENUE,NY,V8,11,,VERIZON NEW YORK INC.,24000,0,80.0,300.0,5,745200,0,,,2,1027634.0,237041.0,40.8171919,-73.8432621,7a,,New York
BX,5611,80,210.0,13.0,10465.0,45.0,509 BRUSH AVENUE,NY,V1,11,,509 BRUSH LLC,10000,0,100.0,100.0,5,159300,0,,,2,1028762.0,236871.0,40.8167197,-73.839188,7a,,New York
BX,3487,34,209.0,18.0,10473.0,43.0,300 ZEREGA AVENUE,NY,V1,11,,300 ZER LLC,81416,0,240.0,317.0,2,1059750,0,,,2,1027227.0,236066.0,40.8145178,-73.8447387,7a,,New York
BX,3615,22,209.0,18.0,10473.0,43.0,2223 VIRGIL PLACE,NY,V0,11,,"SAMAROO, TARA",2500,0,25.0,100.0,5,4800,0,,,2,1026348.0,239100.0,40.8228495,-73.8478952,7a,,New York
BX,3616,30,209.0,18.0,10473.0,43.0,720 HAVEMEYER AVENUE,NY,V1,11,,"SV OPERATING I, LLC",5000,0,25.0,200.0,3,76500,0,,,2,1027048.0,238770.0,40.8219404,-73.8453682,7a,,New York
BX,4662,64,212.0,12.0,10467.0,47.0,3631 BARNES AVENUE,NY,V0,11,,"GUARENTE, KAREN",1329,0,25.0,53.17,5,7080,0,,,2,1022482.0,259668.0,40.8793201,-73.8617462,2b,,New York
BX,4660,15,212.0,12.0,10467.0,47.0,3556 HOLLAND AVENUE,NY,V1,11,,V. GUN HILL TOWER LLC,2375,0,25.0,95.0,5,81450,0,,,2,1021954.0,259362.0,40.8784825,-73.8636573,2b,,New York
BX,3237,90,207.0,14.0,10463.0,52.0,2658 KINGSBRIDGE TERRACE,NY,V0,11,,NECB REAL ESTATE LLC,12617,0,76.58,169.62,5,54060,0,,,2,1010497.0,256245.0,40.8699688,-73.9050995,3c,,New York
BX,3237,57,207.0,14.0,10463.0,52.0,2586 HEATH AVENUE,NY,V0,11,,PROTOPSALTIS MARIA,4393,0,50.32,87.22,5,14460,0,,,2,1009968.0,255791.0,40.8687242,-73.9070139,3c,,New York
BX,3236,1,207.0,14.0,10468.0,52.0,211 LANDING ROAD,NY,V1,11,,"MCKAYLE, NORMA G",170368,0,110.0,385.58,3,4932000,0,,,2,1009250.0,253887.0,40.8635004,-73.909617,3c,,New York
BX,3471,59,209.0,18.0,10473.0,43.0,311 LELAND AVENUE,NY,V0,11,,"DIAZ, ELIZABETH",2500,0,25.0,100.0,5,4800,0,,,2,1023276.0,234934.0,40.8114291,-73.8590189,7a,,New York
BX,3470,54,209.0,18.0,10473.0,43.0,325 THIERIOT AVENUE,NY,V0,11,,"EUGENIO, JAIME",2500,0,25.0,100.0,5,4800,0,,,2,1022997.0,235012.0,40.8116444,-73.8600263,7a,,New York
BX,3498,5,209.0,18.0,10473.0,43.0,1869 PATTERSON AVENUE,NY,V0,11,,1869 PATTERSON LLC,2500,0,25.0,100.0,5,11280,0,,,2,1023341.0,235678.0,40.8134709,-73.8587798,7a,,New York
BX,3473,25,209.0,18.0,10473.0,43.0,340 UNDERHILL AVENUE,NY,V0,11,,"LOPEZ, JR, RUDY",2250,0,25.0,90.0,5,3780,0,,,2,1023614.0,235379.0,40.812649,-73.8577953,7a,,New York
BX,3442,23,209.0,18.0,10473.0,43.0,120 UNDERHILL AVENUE,NY,V0,11,X,"HP HOMEOWNERS SSOC,INC",7000,0,106.92,60.83,5,0,0,,,2,1023907.0,233652.0,40.8079076,-73.856747,7a,,New York
BX,3470,38,209.0,18.0,10473.0,43.0,1840 PATTERSON AVENUE,NY,V0,11,,1840 MARCOS REALTY INC.,2500,0,25.0,100.0,3,4500,0,,,2,1022961.0,235431.0,40.8127946,-73.860154,7a,,New York
BX,3455,1,209.0,18.0,10473.0,43.0,215 SOUNDVIEW AVENUE,NY,V1,11,,"CLASON POINT, LLC",64652,0,344.75,200.0,3,1192500,0,,,2,1024074.0,234572.0,40.810432,-73.8561383,7a,,New York
BX,3454,15,209.0,18.0,10473.0,43.0,1616 HARDING PARK,NY,V0,11,,UNITED QUINCY LLC,2884,0,29.42,102.17,5,5640,0,,,2,1023830.0,234212.0,40.809445,-73.8570218,7a,,New York
BX,3453,160,209.0,18.0,10473.0,43.0,1407 HARDING PARK,NY,V3,11,,"MOLINA, LUIS",2994,0,86.25,50.0,5,5820,0,,,2,1023602.0,234433.0,40.8100526,-73.8578442,7a,,New York
BX,3442,36,209.0,18.0,10473.0,43.0,1886 GILDERSLEEVE AVENUE,NY,V0,11,X,"HP HOMEOWNERS SSOC,INC",7000,0,26.0,363.0,5,0,0,,,2,1023922.0,233871.0,40.8085086,-73.8566915,7a,,New York
BX,3494,64,209.0,18.0,10473.0,43.0,431 BEACH AVENUE,NY,V0,11,,KAPA DEVELOPMENT LLC,2500,0,25.0,100.0,5,7200,0,,,2,1022334.0,235765.0,40.8137141,-73.8624172,7a,,New York
BX,3494,65,209.0,18.0,10473.0,43.0,429 BEACH AVENUE,NY,V0,11,,"MELENDEZ, GLORIA M",2500,0,25.0,100.0,5,7200,0,,,2,1022339.0,235740.0,40.8136454,-73.8623992,7a,,New York
BX,3496,17,209.0,18.0,10473.0,43.0,422 TAYLOR AVENUE,NY,V0,11,,"SALINAS, JEFFERSON",2108,0,31.0,71.0,5,5340,0,,,2,1022739.0,235783.0,40.8137617,-73.8609539,7a,,New York
BX,3441,163,209.0,18.0,10473.0,43.0,1424 HARDING PARK,NY,V0,11,,"NELSON, MARLON",1250,0,24.75,51.0,5,2100,0,,,2,1023700.0,233907.0,40.8086084,-73.8574932,7a,,New York
BX,3492,1,209.0,18.0,10473.0,43.0,199 BRONX RIVER AVENUE,NY,V0,11,,ROSEDALE BUILDING CORP.,24800,0,195.08,100.0,3,152520,0,,,2,1021699.0,235816.0,40.8138568,-73.8647109,7a,,New York
BX,2374,61,201.0,17.0,10455.0,40.0,411 EAST 151 STREET,NY,V1,11,,RTH ASSOCIATES LLC,2857,0,25.0,114.29,5,162000,0,,,2,1007355.0,237157.0,40.8175866,-73.9165257,6a,,New York
BX,3734,35,209.0,17.0,10472.0,43.0,1185 BRONX RIVER AVENUE,NY,V1,11,,"BRONX RIVER PROPERTIES LLC C/O: LAUNDRY CAPITAL CO.,LLC",39804,0,365.51,110.25,3,702900,0,,,2,1016469.0,240834.0,40.8276504,-73.8835808,3d,,New York
BX,2377,49,201.0,17.0,10455.0,40.0,3037 3 AVENUE,NY,V1,11,,3037 PARTNERS LLC,8600,0,102.64,99.26,3,154800,0,,,2,1008199.0,238053.0,40.8200436,-73.9134733,6a,,New York
BX,2600,96,201.0,8.0,10455.0,40.0,860 EAST 147 STREET,NY,V0,11,,BRONX AFFORDABLE HOLDINGS LLC,7270,0,61.25,100.0,3,52680,1899,,,2,1010550.0,234489.0,40.8102548,-73.9049932,6c,,New York
BX,2378,61,201.0,17.0,10451.0,40.0,3061 3 AVENUE,NY,V1,11,,"3061-63 THIRD AVENUE, LLC",4742,0,95.31,95.63,5,287100,0,,,2,1008323.0,238295.0,40.8207075,-73.9130244,6a,,New York
BX,2378,48,201.0,17.0,10451.0,40.0,748 ELTON AVENUE,NY,V0,11,X,GREATER ETERNAL BAPTIST CHURCH,1100,0,22.0,50.0,5,4320,0,,,2,1008143.0,238243.0,40.8205653,-73.9136749,6a,,New York
BX,2600,200,201.0,8.0,10455.0,40.0,536 TIMPSON PLACE,NY,V2,11,,536 ASSOCIATES LLC,1906,0,25.42,75.0,5,6480,0,,,2,1010885.0,234794.0,40.8110909,-73.9037818,6c,,New York
BX,2600,199,201.0,8.0,10455.0,40.0,532 TIMPSON PLACE,NY,V1,11,,532 TIMPSON PL LLC,2400,0,24.0,100.0,5,66600,0,,,2,1010875.0,234768.0,40.8110196,-73.903818,6c,,New York
BX,2405,17,201.0,17.0,10451.0,40.0,380 EAST 159 STREET,NY,V0,11,X,"NYC PARTNERSHIP HOUSING DEVELOPMENT FUND  CO., INC.",2500,0,25.0,100.0,5,0,0,,,2,1007718.0,239105.0,40.8229324,-73.9152074,6a,,New York
BX,3495,16,209.0,18.0,10473.0,43.0,416 BEACH AVENUE,NY,V0,11,,OKOYE GRACE,2500,0,25.0,100.0,5,7200,0,,,2,1022510.0,235669.0,40.8134498,-73.8617819,7a,,New York
BX,4707,43,212.0,12.0,10469.0,47.0,3574 LACONIA AVENUE,NY,V0,11,,SHANISE RHINEY,10125,0,119.31,100.0,5,26640,0,,,2,1024531.0,258349.0,40.8756907,-73.8543446,2b,,New York
BX,4706,16,212.0,12.0,10469.0,47.0,1131 EAST 211 STREET,NY,V0,11,,BX HERING LLC,5621,0,50.0,112.42,5,33120,0,,,2,1024636.0,257945.0,40.8745814,-73.8539673,2b,,New York
BX,4695,64,212.0,12.0,10469.0,47.0,3581 LACONIA AVENUE,NY,V1,11,,AGON LLC,3000,0,30.0,100.0,3,47250,0,,,2,1024395.0,258524.0,40.8761716,-73.8548353,2b,,New York
BX,5080,73,212.0,11.0,10470.0,47.0,4539 RICHARDSON AVENUE,NY,V0,11,X,RC CH OF ST ANTHONY,2500,0,25.0,100.0,5,7080,0,,,2,1024732.0,267776.0,40.9015639,-73.8535608,2a,,New York
BX,5067,2,212.0,11.0,10470.0,47.0,631 NEREID AVENUE,NY,V0,11,,"JOHN, CARVAS",2175,0,25.0,87.0,5,9240,0,,,2,1023903.0,267066.0,40.8996189,-73.8565638,2a,,New York
BX,5034,59,212.0,11.0,10466.0,47.0,4332 BRONX BOULEVARD,NY,V1,11,,KS PROPERTY MANAGEMENT LLC,4121,0,50.0,82.42,5,89550,0,,,2,1023240.0,266318.0,40.8975689,-73.8589664,2a,,New York
BX,5033,55,212.0,11.0,10466.0,47.0,4322 BULLARD AVENUE,NY,V1,11,,BULLARD AVENUE DEVELOPMENT LLC,2250,0,25.0,90.0,5,31050,0,,,2,1022948.0,266339.0,40.8976278,-73.8600225,2a,,New York
BX,5778,869,208.0,11.0,10463.0,50.0,9 DASH PLACE,NY,V0,11,,"ROBERT PITT BRONX ACQUISITIONS, LLC",5546,0,50.0,110.92,5,22500,0,,,2,1010884.0,262881.0,40.8881814,-73.9036738,1d,,New York
BX,2526,26,204.0,16.0,10452.0,44.0,1075 OGDEN AVENUE,NY,V1,11,,OGDEN REALTY ASSOC.,4156,0,43.75,95.0,5,144000,0,,,2,1004056.0,243569.0,40.8351937,-73.9284255,3b,,New York
BX,2617,49,201.0,17.0,10455.0,40.0,727 EAGLE AVENUE,NY,V0,11,,VELAZQUEZ EMY,1784,0,18.0,99.08,5,4860,0,,,2,1009143.0,237634.0,40.818891,-73.9100642,6c,,New York
BX,3898,80,209.0,17.0,10460.0,43.0,1784 MERRILL STREET,NY,V0,11,,URBYN COLLATERAL LLC,1481,0,25.0,59.25,3,5700,0,,,2,1020785.0,244106.0,40.8366143,-73.8679677,3d,,New York
BX,3913,47,209.0,17.0,10460.0,43.0,1517 ROSEDALE AVENUE,NY,V0,11,,"TRICOCHE, JORGE",1900,0,25.0,77.42,5,8040,0,,,2,1020138.0,244736.0,40.8383461,-73.8703025,3d,,New York
BX,3915,33,209.0,17.0,10460.0,43.0,1481 ST LAWRENCE AVENUE,NY,V0,11,,CARMEN PENA,2375,0,25.0,95.0,5,10320,0,,,2,1020641.0,244375.0,40.8373532,-73.8684866,3d,,New York
BX,2489,26,204.0,16.0,10452.0,44.0,1221 RIVER AVENUE,NY,V1,11,,"W & SONS, INC.",2000,0,20.0,100.0,5,131400,0,,,2,1006007.0,243920.0,40.8361525,-73.9213738,3b,,New York
BX,2510,38,204.0,16.0,10452.0,44.0,1217 SHAKESPEARE AVENUE,NY,V0,11,,"UKEKWEH, GEOFFREY",1180,0,23.77,49.61,5,4200,0,,,2,1005427.0,244405.0,40.8374851,-73.9234683,3b,,New York
BX,2516,9,204.0,16.0,10452.0,44.0,1184 OGDEN AVENUE,NY,V1,11,C,NYC DEPARTMENT OF EDUCATION,6896,0,76.01,91.33,5,300600,0,,,2,1004592.0,244399.0,40.8374706,-73.926486,3b,,New York
BX,2516,12,204.0,16.0,10452.0,44.0,1192 OGDEN AVENUE,NY,V1,11,,"TIBVRCIO, LVCIA",4479,0,25.0,179.17,5,154800,0,,,2,1004653.0,244428.0,40.8375501,-73.9262654,3b,,New York
BX,4546,17,211.0,12.0,10467.0,49.0,2940 WHITE PLAINS ROAD,NY,V1,11,,2940 & 2950 WHITE PLAINS ROAD LLC,20407,0,122.0,178.25,5,317700,0,,,2,1021099.0,255910.0,40.8690114,-73.866768,4a,,New York
BX,2514,72,204.0,16.0,10452.0,44.0,1127 NELSON AVENUE,NY,V0,11,O,NYC HOUSING AUTHORITY,2673,0,25.07,107.83,5,12480,0,,,2,1004476.0,243841.0,40.8359393,-73.9269069,3b,,New York
BX,5529,433,210.0,13.0,10465.0,45.0,3092 BEVY PLACE,NY,V0,11,,"MAURO, RALPH A",3181,0,70.67,50.0,5,7440,0,,,2,1038764.0,234576.0,40.8103645,-73.8030717,7c,,New York
BX,5529,19,210.0,13.0,10465.0,45.0,3282 TIERNEY PLACE,NY,V0,11,,PLANTIER LIMITED PARTNERSHIP,4069,0,25.0,162.75,2,12120,0,,,2,1039866.0,236435.0,40.8154601,-73.7990754,7c,,New York
BX,5529,816,210.0,13.0,10465.0,45.0,12 SCHUYLER TERRACE,NY,V0,11,,12 SCHUYLER TERRACE CORP.,924,0,22.0,40.0,5,1824,0,,,2,1038904.0,234372.0,40.8098037,-73.8025676,7c,,New York
BX,2980,4,203.0,17.0,10459.0,42.0,1288 SOUTHERN BOULEVARD,NY,V1,11,,KAYUM & SONS LLC,4860,0,53.28,103.54,5,115650,0,,,2,1014288.0,241858.0,40.8304687,-73.8914569,3d,,New York
BX,2980,43,203.0,17.0,10459.0,42.0,1307 HOE AVENUE,NY,V0,11,,1303 HOE AVENUE LLC,7500,0,75.0,100.0,5,43140,0,,,2,1014546.0,242192.0,40.8313845,-73.8905231,3d,,New York
BX,4836,25,212.0,12.0,10467.0,47.0,745 EAST 222 STREET,NY,V0,11,,WINSTON SHIRLEY,2217,0,25.0,88.67,5,9420,0,,,2,1022977.0,261893.0,40.8854248,-73.8599433,2b,,New York
BX,3442,132,209.0,18.0,10473.0,43.0,122I UNDERHILL AVENUE,NY,V0,11,,"IRIZARRY, CARMEN",832,0,26.0,32.0,6,1404,0,,,2,1023954.0,233719.0,40.8080913,-73.8565768,7a,,New York
BX,3471,18,209.0,18.0,10473.0,43.0,328 THIERIOT AVENUE,NY,V0,11,,KRISHNA GANESH,2500,0,25.0,100.0,5,4800,0,,,2,1023136.0,235115.0,40.8119265,-73.8595236,7a,,New York
BX,4226,511,211.0,13.0,10461.0,49.0,1710 EASTCHESTER ROAD,NY,V1,11,,"WATERS PLACE ASSOCIATES, LP",5000,0,50.0,100.0,3,74700,0,,,2,1027332.0,247760.0,40.8466139,-73.8442843,4b,,New York
BX,4226,510,211.0,13.0,10461.0,49.0,1712 EASTCHESTER ROAD,NY,V1,11,,"WATERS PLACE ASSOCIATES, L.P.",2500,0,25.0,100.0,5,39150,0,,,2,1027328.0,247798.0,40.8467182,-73.8442985,4b,,New York
BX,4226,10,211.0,13.0,10461.0,49.0,1742 EASTCHESTER ROAD,NY,V1,11,,"WATERS PLACE ASSOCIATES, L.P.",21800,0,50.5,340.0,5,409050,0,,,2,1027719.0,247961.0,40.8471637,-73.8428842,4b,,New York
BX,4134,1,211.0,13.0,10461.0,49.0,1338 BLONDELL AVENUE,NY,V1,11,,HP BLONDELL AVENUE HOUSING DEVELOPMENT,45090,0,205.93,250.0,1,3781800,0,,,2,1028052.0,246111.0,40.8420844,-73.8416927,4b,,New York
BX,4007,58,206.0,15.0,10460.0,48.0,416 BRONX PARK AVENUE,NY,V1,11,,SAN OWNERS LLC,2500,0,25.0,100.0,5,39150,0,,,2,1018803.0,245399.0,40.8401712,-73.8751237,3d,,New York
BX,4007,21,206.0,15.0,10460.0,48.0,1157 EAST TREMONT AVENUE,NY,V1,11,,"SAN OWNERS, LLC",1128,0,25.67,51.5,5,15750,0,,,2,1018796.0,245363.0,40.8400724,-73.8751491,3d,,New York
BX,4005,27,206.0,15.0,10460.0,48.0,427 LEBANON STREET,NY,V1,11,,472 LEBANON REALTY LLC,8864,0,100.01,217.82,5,166500,0,,,2,1018671.0,245630.0,40.8408057,-73.8755995,3d,,New York
BX,4005,5,206.0,15.0,10460.0,48.0,1119 EAST 179 STREET,NY,V9,11,,EAST 179 LLC,2501,0,25.01,100.02,5,37350,0,,,2,1018536.0,245589.0,40.8406937,-73.8760876,3d,,New York
BX,4003,10,206.0,15.0,10460.0,48.0,439 DEVOE AVENUE,NY,V1,11,,SOLAREIT2-A-II LLC,16892,0,106.67,164.83,5,317250,0,,,2,1018346.0,245947.0,40.841677,-73.8767725,3d,,New York
BX,4022,25,211.0,13.0,10460.0,49.0,1607 MELVILLE STREET,NY,V0,11,,YVONNE B BELL,2500,0,25.0,100.0,5,11640,0,,,2,1020638.0,245502.0,40.8404465,-73.8684913,3d,,New York
BX,4020,25,211.0,13.0,10460.0,49.0,1713 TAYLOR AVENUE,NY,V0,11,,NEW YORK JAE SUNG LLC,2375,0,25.0,95.0,5,10080,0,,,2,1020416.0,246167.0,40.8422726,-73.8692901,3d,,New York
BX,4025,18,211.0,13.0,10460.0,49.0,644 BAKER AVENUE,NY,V1,11,,BAKER DEVELOPMENT LLC,3300,0,45.0,101.0,5,109350,0,,,2,1021495.0,246105.0,40.842098,-73.8653907,4b,,New York
BX,4027,32,211.0,13.0,10460.0,49.0,633 MEAD STREET,NY,V0,11,,JARSAT HOLDINGS LLC,2500,0,25.0,100.0,5,11880,0,,,2,1021164.0,246338.0,40.8427389,-73.8665857,4b,,New York
BX,5519,172,210.0,13.0,10465.0,45.0,56 PENNYFIELD CAMP,NY,V0,11,,"ZANGARA, MARK A.",2700,0,28.0,88.25,5,7860,0,,,2,1037929.0,238622.0,40.8214747,-73.8060557,7c,,New York
BX,2341,42,201.0,8.0,10451.0,40.0,350 GRAND CONCOURSE,NY,V1,11,,350 GC PROPERTY OWNER LLC,31100,0,311.95,100.0,5,945900,0,,,2,1004132.0,236444.0,40.8156375,-73.9281719,6a,,New York
BX,2333,33,201.0,8.0,10451.0,40.0,286 RIDER AVENUE,NY,V1,11,,286 RIDER AVENUE OWNER LLC,21078,0,175.0,110.0,3,721800,0,,,2,1004447.0,235270.0,40.8124145,-73.9270375,6a,,New York
BX,2323,13,201.0,8.0,10451.0,40.0,188 EAST 135 STREET,NY,V1,11,,WATERFRONT LIVING II LLC,25000,0,143.0,210.0,3,587250,0,,,2,1003001.0,234799.0,40.8111249,-73.9322625,6a,,New York
BX,5708,93,208.0,11.0,10463.0,50.0,3121 KINGSBRIDGE AVENUE,NY,V0,11,,STAFFORD HOLDINGS LLC,6700,0,33.5,200.0,5,15420,0,,,2,1010133.0,260119.0,40.8806028,-73.9064006,1d,,New York
BX,2326,46,201.0,8.0,10451.0,40.0,327 EAST 145 STREET,NY,V0,11,X,ST RITAS ROMAN CATHOLIC CHURCH INC,5000,0,50.0,100.0,5,20340,0,,,2,1005961.0,236167.0,40.8148729,-73.9215652,6a,,New York
BX,2443,45,204.0,17.0,10451.0,44.0,612 GRAND CONCOURSE,NY,V1,11,,600 GRAND CONCOURSE REALTY LLC,5039,0,102.54,98.21,5,332100,0,,,2,1004653.0,238038.0,40.8200114,-73.9262849,6a,,New York
BX,2443,43,204.0,17.0,10451.0,44.0,600 GRAND CONCOURSE,NY,V1,11,,600 GRAND CONCOURSE REALTY LLC,3250,0,25.0,130.0,5,184500,0,,,2,1004652.0,237958.0,40.8197918,-73.9262887,6a,,New York
BX,5711,45,208.0,11.0,10463.0,50.0,3019 CORLEAR AVENUE,NY,V1,11,,CORLEAR CREATIVE LLC,2500,0,25.0,100.0,5,55800,0,,,2,1009488.0,259763.0,40.8796275,-73.9087344,1d,,New York
BX,5701,120,208.0,11.0,10463.0,50.0,212 WEST 231 STREET,NY,V1,11,,GODWIN TERRACE GARDENS LLC,8000,0,100.0,84.0,5,342000,0,,,2,1010330.0,259577.0,40.8791146,-73.9056903,1d,,New York
BX,5307,67,210.0,13.0,10465.0,45.0,2719 BRUCKNER BOULEVARD,NY,V1,11,,CIVITA HOLDING CORP.,11180,0,128.33,100.0,5,540450,0,,,2,1030434.0,241955.0,40.8306652,-73.8331124,4b,,New York
BX,5080,70,212.0,11.0,10470.0,47.0,4541 RICHARDSON AVENUE,NY,V0,11,,CHURCH OF ST ANTHONY WAKEFIELD NY,5000,0,50.0,100.0,5,18900,0,,,2,1024751.0,267808.0,40.9016516,-73.8534919,2a,,New York
BX,5021,11,212.0,12.0,10466.0,47.0,4126 DE REIMER AVENUE,NY,V0,11,,BROWN MADGE,2375,0,25.0,95.0,5,5940,0,,,2,1027698.0,265027.0,40.8940047,-73.8428495,2a,,New York
BX,2533,29,204.0,16.0,10452.0,44.0,1387 UNIVERSITY AVENUE,NY,V0,11,,SDF HB PSH HOUSING DEVELOPMENT FUND CORP ORATION,72500,0,447.58,199.17,5,53460,0,,,2,1004603.0,246273.0,40.8426142,-73.9264405,3b,,New York
BX,2533,1,204.0,16.0,10452.0,44.0,1309 UNIVERSITY AVENUE,NY,V0,11,,EML TIC LLC,4411,0,98.02,107.02,3,14940,0,,,2,1004323.0,245518.0,40.8405426,-73.9274547,3b,,New York
BX,2533,7,204.0,16.0,10452.0,44.0,1300 WEST 169 STREET,NY,V0,11,,EML TIC LLC,30000,0,378.99,101.53,3,163920,0,,,2,1004333.0,245770.0,40.8412342,-73.9274179,3b,,New York
BX,2533,6,204.0,16.0,10452.0,44.0,1311 UNIVERSITY AVENUE,NY,V0,11,,EML TIC LLC,2032,0,25.16,105.16,5,9360,0,,,2,1004330.0,245560.0,40.8406578,-73.9274293,3b,,New York
BX,2533,150,204.0,16.0,10452.0,44.0,1301 UNIVERSITY AVENUE,NY,V3,11,,EML TIC LLC,15613,0,57.68,502.17,5,90780,0,,,2,1004290.0,245859.0,40.8414786,-73.927573,3b,,New York
BX,2530,1,204.0,16.0,10452.0,44.0,223 WEST 167 STREET,NY,V0,11,,EML TIC LLC,38800,0,151.02,88.49,3,212040,0,,,2,1004244.0,245039.0,40.839228,-73.9277417,3b,,New York
BX,4656,56,212.0,12.0,10467.0,47.0,673 EAST 221 STREET,NY,V0,11,,"KHONDOKER, MIZANUR",8569,0,75.0,114.25,5,20460,0,,,2,1022164.0,261921.0,40.8855052,-73.8628834,2b,,New York
BX,4847,160,212.0,12.0,10466.0,47.0,850A EAST 223 STREET,NY,V0,11,,UNTO HAMLYN,101,0,1.0,101.0,8,488,0,,,2,1023872.0,261640.0,40.8847265,-73.856708,2b,,New York
BX,4848,32,212.0,12.0,10466.0,47.0,813 EAST 223 STREET,NY,V0,11,,EDITH A HENDY,2894,0,25.33,114.25,5,13440,0,,,2,1023576.0,261933.0,40.885532,-73.8577768,2b,,New York
BX,3055,62,206.0,15.0,10458.0,48.0,2383 BATHGATE AVENUE,NY,V1,11,,"BRIODY, JOSEPH",2500,0,25.0,100.0,5,100800,0,,,2,1014561.0,251383.0,40.856611,-73.8904274,3c,,New York
BX,4836,15,212.0,12.0,10467.0,47.0,761 EAST 222 STREET,NY,V0,11,,ST LUKES EPISCOPAL CHURCH,4441,0,50.08,88.67,5,20640,0,,,2,1023149.0,261821.0,40.8852265,-73.8593217,2b,,New York
BX,3091,20,206.0,15.0,10458.0,48.0,660 EAST FORDHAM ROAD,NY,V1,11,,MICH1 LLC,4921,0,50.96,98.03,5,167850,0,,,2,1016498.0,251758.0,40.8576334,-73.8834235,3c,,New York
BX,3091,22,206.0,15.0,10458.0,48.0,662 EAST FORDHAM ROAD,NY,V1,11,,"SHADI DEVELOPMENT, LLC",6591,0,50.75,136.58,5,100800,0,,,2,1016536.0,251724.0,40.85754,-73.8832863,3c,,New York
BX,3075,55,206.0,15.0,10458.0,48.0,671 EAST 188 STREET,NY,V0,11,X,ITALIAN CHRISTIAN CHURCH OF THE BRONX,4750,0,50.0,95.0,3,14880,0,,,2,1016152.0,251031.0,40.8556393,-73.8846777,3c,,New York
BX,3075,57,206.0,15.0,10458.0,48.0,663 EAST 188 STREET,NY,V0,11,X,ITALIAN CHRISTIAN CHURCH OF THE BRONX,4750,0,50.0,95.0,5,15840,0,,,2,1016110.0,251058.0,40.8557136,-73.8848294,3c,,New York
BX,4667,51,212.0,12.0,10467.0,47.0,3806 WHITE PLAINS ROAD,NY,V1,11,,3806 WHITE PLAINS ROAD INC,2755,0,34.08,80.83,5,77400,0,,,2,1022315.0,261296.0,40.8837891,-73.8623408,2b,,New York
BX,4745,60,212.0,12.0,10469.0,47.0,3350 MICKLE AVENUE,NY,V0,11,,"CORNELIUS, PAUL",210,0,5.25,39.92,8,732,0,,,2,1027175.0,258614.0,40.8764056,-73.8447822,2b,,New York
BX,3331,75,207.0,11.0,10467.0,52.0,3041 WEBSTER AVENUE,NY,V1,11,,ACMH WEBSTER HOUSING DEVELOPMENT FUND CO RPORATION,15140,0,126.17,120.0,5,141750,0,,,2,1017667.0,256340.0,40.8702053,-73.8791747,3c,,New York
BX,5020,82,212.0,12.0,10466.0,47.0,4131 DE REIMER AVENUE,NY,V0,11,,OFFER 555 LLC,2375,0,25.0,95.0,5,5940,0,,,2,1027551.0,264983.0,40.8938846,-73.8433814,2a,,New York
BX,2320,5,201.0,8.0,10451.0,40.0,240 EAST 136 STREET,NY,V1,11,,JITEN LLC,2309,0,25.0,92.17,3,76050,0,,,2,1003678.0,234499.0,40.8103,-73.9298177,6a,,New York
BX,2369,20,203.0,16.0,10456.0,42.0,494 EAST 165 STREET,NY,V9,11,X,NAZARETH BAPTIST CHURCH,2343,0,24.41,96.0,5,72000,0,,,2,1009490.0,240444.0,40.8266026,-73.9087999,6c,,New York
BX,5606,40,210.0,13.0,10465.0,45.0,2670 SCHURZ AVENUE,NY,V1,11,,SCHURZ AVENUE BX LLC,21528,0,57.5,375.11,2,216000,0,,,2,1033220.0,235345.0,40.8125077,-73.8230934,7a,,New York
BX,3844,125,210.0,18.0,10461.0,45.0,1301 HERSCHELL STREET,NY,V9,11,C,1315 SEABURY LLC,24795,0,125.0,200.0,5,465750,0,,,2,1027804.0,243786.0,40.8357041,-73.8426041,4b,,New York
BX,3857,5,210.0,18.0,10461.0,45.0,1449 FERRIS PLACE,NY,V1,11,,"COPPINGER, TRUSTEE , RAYMOND",1675,0,25.0,67.0,5,36450,0,,,2,1027839.0,245289.0,40.8398293,-73.8424679,4b,,New York
BX,3859,40,210.0,18.0,10461.0,45.0,1424 FERRIS PLACE,NY,V1,11,,SDC FERRIS ASSOCIATES LLC,22735,0,25.0,0.0,5,427050,0,,,2,1028147.0,245341.0,40.8399705,-73.8413544,4b,,New York
BX,2587,48,201.0,8.0,10454.0,40.0,839 EAST 135 STREET,NY,V1,11,,856 EAST 136 STREET LLC,2189,0,12.33,171.0,5,11790,0,,,2,1008941.0,231378.0,40.8017206,-73.910817,6d,,New York
BX,4085,4,211.0,13.0,10461.0,49.0,1140 SACKET AVENUE,NY,V0,11,X,"Y PROPERTIES HOLDINGS II, LLC",80000,0,80.0,1044.5,3,288840,0,,,2,1026785.0,247967.0,40.8471847,-73.8462601,4b,,New York
BX,3919,66,209.0,17.0,10460.0,43.0,1797 MANSION STREET,NY,V0,11,,NASH LAND CORP,1250,0,16.67,75.0,5,5400,0,,,2,1020874.0,244682.0,40.8381949,-73.8676429,3d,,New York
BX,3980,32,210.0,18.0,10461.0,45.0,1415 OVERING STREET,NY,V0,11,,ALI MOHAMMAD,2405,0,25.0,96.29,5,7980,0,,,2,1027316.0,245210.0,40.839615,-73.8443585,4b,,New York
BX,3985,22,210.0,18.0,10461.0,45.0,1513 OVERING STREET,NY,V0,11,,"HOSSAIN, NUR",2385,0,25.0,95.11,5,8940,0,,,2,1026847.0,245661.0,40.8408551,-73.8460506,4b,,New York
BX,5087,1,212.0,11.0,10470.0,47.0,748 EAST 241ST STREET,NY,V1,11,,"HP ENCLAVE 241 HOUSING DEVELOPMENT FUND  CO., INC.",25000,0,184.29,239.15,4,1076850,0,,,2,1025675.0,268258.0,40.9028825,-73.8501466,2a,,New York
BX,2280,75,201.0,8.0,10454.0,40.0,411 EAST 135 STREET,NY,V0,11,,"411 EAST 135TH STREET, LLC",1800,0,18.0,100.0,5,8220,0,,,2,1005413.0,233342.0,40.8071204,-73.9235538,6a,,New York
BX,4457,75,211.0,13.0,10469.0,49.0,2515 HERING AVENUE,NY,V0,11,,"HUSSAIN, MUREED",5000,0,50.0,100.0,5,19260,0,,,2,1024585.0,253952.0,40.8636221,-73.8541758,4a,,New York
BX,2900,33,206.0,15.0,10457.0,48.0,4133 PARK AVENUE,NY,V1,11,,1820 WEBSTER INDUSTRIAL LLC,17360,0,144.01,130.39,5,325800,0,,,2,1011696.0,247521.0,40.8460204,-73.9008,3d,,New York
BX,4273,60,211.0,13.0,10461.0,49.0,1952 TOMLINSON AVENUE,NY,V0,11,,"MANFREDI, MARY L",2500,0,25.0,100.0,5,7140,0,,,2,1024471.0,250220.0,40.8533794,-73.8546103,4a,,New York
BX,2774,329,202.0,17.0,10474.0,41.0,1280 EAST BAY AVENUE,NY,V1,11,,329 EAST BAY LLC,5000,0,50.0,100.0,3,169200,0,,,2,1015912.0,233799.0,40.8083433,-73.8856266,6c,,New York
BX,3559,35,209.0,18.0,10473.0,43.0,648 TAYLOR AVENUE,NY,V0,11,,"SHELDON, RICHARDS A",2500,0,25.0,100.0,5,11280,0,,,2,1022422.0,237645.0,40.8188738,-73.8620885,7a,,New York
BX,2907,75,206.0,15.0,10457.0,48.0,442 EAST 175 STREET,NY,V1,11,,SINGH KAMALJIT,1081,0,19.5,55.45,5,14850,0,,,2,1011806.0,247118.0,40.8449139,-73.9004041,3d,,New York
BX,4672,50,212.0,12.0,10467.0,47.0,820 EAST 214 STREET,NY,V0,11,,WEST POND I LLC,3200,0,32.0,100.0,5,15180,0,,,2,1022733.0,259461.0,40.8787508,-73.8608397,2b,,New York
BX,4665,70,212.0,12.0,10467.0,47.0,722 EAST 218 STREET,NY,V0,11,,722 RECI REALTY LLC,2850,0,25.0,114.0,5,13200,0,,,2,1022317.0,260773.0,40.8823537,-73.8623366,2b,,New York
BX,3196,69,205.0,14.0,10453.0,46.0,33 BUCHANAN PLACE,NY,V0,11,,"BOWEN, MAVIS MAUD",2500,0,25.0,100.0,5,11580,0,,,2,1010382.0,252020.0,40.8583728,-73.9055318,3c,,New York
BX,3557,75,209.0,18.0,10473.0,43.0,611 BEACH AVENUE,NY,V2,11,,"MURILLO, IRMA",2500,0,25.0,100.0,5,11280,0,,,2,1022096.0,237080.0,40.8173244,-73.8632695,7a,,New York
BX,2982,66,203.0,17.0,10460.0,42.0,1533 HOE AVENUE,NY,V0,11,O,NYC HOUSING AUTHORITY,2000,0,20.0,100.0,5,7680,0,,,2,1015019.0,243235.0,40.8342456,-73.8888091,3d,,New York
BX,3685,16,209.0,18.0,10473.0,43.0,2114 HERMANY AVENUE,NY,V0,11,,"DAVIS, KIRK",3975,0,25.0,159.08,5,7740,0,,,2,1025326.0,239566.0,40.8241333,-73.851585,7a,,New York
BX,5006,3,212.0,11.0,10466.0,47.0,4214 DIGNEY AVENUE,NY,V0,11,,"GONZALEZ, MARIA KEIRRA JACA",3431,0,33.5,102.42,5,9720,0,,,2,1025321.0,265034.0,40.8940353,-73.851447,2a,,New York
BX,5017,7,212.0,12.0,10466.0,47.0,4220 ELY AVENUE,NY,V0,11,,"PETER, HART",2375,0,25.0,95.0,5,6180,0,,,2,1026497.0,265546.0,40.895435,-73.8471902,2a,,New York
BX,5002,11,212.0,11.0,10466.0,47.0,4157 DIGNEY AVENUE,NY,V0,11,,"JACQUETTE, CHRISTOPHER",930,0,10.42,93.75,8,1404,0,,,2,1025306.0,264711.0,40.8931488,-73.8515032,2b,,New York
BX,5006,1,212.0,11.0,10466.0,47.0,4210A DIGNEY AVENUE,NY,V0,11,,NANCY J. HABER AS TRUSTEE,2560,0,25.0,102.42,5,7320,0,,,2,1025338.0,264974.0,40.8938705,-73.8513859,2a,,New York
BX,5099,22,212.0,11.0,10466.0,47.0,4442 MONTICELLO AVENUE,NY,V0,11,,JOSEPH R MCFADDEN,2529,0,25.0,101.17,5,7200,0,,,2,1027937.0,267741.0,40.9014525,-73.8419673,2a,,New York
BX,5099,40,212.0,11.0,10466.0,47.0,4463 SETON AVENUE,NY,V0,11,,VIVIAN ORTIZ,2585,0,25.0,103.42,5,7380,0,,,2,1027953.0,268009.0,40.902188,-73.8419077,2a,,New York
BX,5056,5,212.0,12.0,10466.0,47.0,4310 EDSON AVENUE,NY,V0,11,,"EDWARDS, IVY",2185,0,25.0,87.42,5,5700,0,,,2,1026872.0,266051.0,40.8968193,-73.8458306,2a,,New York
BX,3731,53,209.0,18.0,10472.0,43.0,1059 UNDERHILL AVENUE,NY,V0,11,,KAMEKA EDSON,2500,0,25.0,100.0,5,11880,0,,,2,1022472.0,240884.0,40.8277637,-73.8618895,4b,,New York
BX,3600,15,209.0,18.0,10473.0,43.0,1850 LAFAYETTE AVENUE,NY,V0,11,X,"STEVENSON COMMONS HOUSING COMPANY, INC.",53725,0,177.0,280.0,5,57540,0,,,2,1022842.0,238215.0,40.8204364,-73.8605679,7a,,New York
BX,3558,6,209.0,18.0,10473.0,43.0,642 SOUNDVIEW AVENUE,NY,V1,11,,"644 SOUNDVIEW REALTY, INC",3770,0,65.0,42.0,5,127350,0,,,2,1022324.0,237406.0,40.8182182,-73.862444,7a,,New York
BX,5486,101,210.0,13.0,10465.0,45.0,666 SHORE DRIVE,NY,V1,11,,SCHLEY AVENUE LLC,11648,0,130.0,63.0,5,149850,0,,,2,1035904.0,240921.0,40.8277969,-73.8133544,4d,,New York
BX,4129,8,211.0,13.0,10461.0,49.0,1068 RHINELANDER AVENUE,NY,V0,11,,ELENA MAZZOTTA,2250,0,25.0,90.0,3,5160,0,,,2,1024264.0,249312.0,40.8508881,-73.855364,4a,,New York
BX,5926,2,208.0,11.0,10471.0,50.0,4713A INDEPENDENCE AVENUE,NY,V0,11,X,ALDERBROOK ASSOCIATION INC,20147,0,140.0,131.42,5,0,0,,,2,1008619.0,265603.0,40.8956589,-73.9118557,1c,,New York
BX,5933,590,208.0,11.0,10471.0,50.0,799I WEST 254 STREET,NY,V0,11,,"GERVIS, MIRIAM/QPRTTRUST",9916,0,104.42,100.42,5,45360,0,,,2,1008245.0,268753.0,40.9043057,-73.9131972,1a,,New York
BX,4844,126,212.0,11.0,10466.0,47.0,725A EAST 230 STREET,NY,V0,11,,DM REALTY USA LLC,1470,0,14.67,100.25,5,3780,0,,,2,1023678.0,264061.0,40.8913722,-73.8573954,2b,,New York
BX,4865,79,212.0,12.0,10466.0,47.0,936 EAST 230 STREET,NY,V0,11,,"MCPHERSON, CANDACE",3237,0,29.58,109.42,5,9180,0,,,2,1025243.0,263173.0,40.8889278,-73.8517405,2b,,New York
BX,3263,256,208.0,11.0,10463.0,50.0,3876 CANNON PLACE,NY,V0,11,,"BABOOLALL, NAZEEMA",2730,0,29.58,110.42,5,7800,0,,,2,1013354.0,261204.0,40.8835707,-73.894748,1d,,New York
BX,4515,30,211.0,13.0,10469.0,49.0,900 ARNOW AVENUE,NY,V1,11,,"900 ARNOW AVENUE, LLC",3603,0,68.75,88.1,3,76950,0,,,2,1022726.0,255396.0,40.8675937,-73.8608884,4a,,New York
BX,3142,88,205.0,15.0,10457.0,46.0,1981 WEBSTER AVENUE,NY,V1,11,,"BRONX PHASE II HOUSING COMPANY, INC.",19398,0,0.0,0.0,0,569700,0,,,2,1011842.0,248920.0,40.8498598,-73.9002666,3c,,New York
BX,3513,1,209.0,18.0,10473.0,43.0,410 ZEREGA AVENUE,NY,V9,11,,410 ZEREGA ROKO 9 LLC,57420,0,100.0,308.17,5,1101150,0,,,2,1027287.0,236256.0,40.815039,-73.8445208,7a,,New York
BX,5574,1,210.0,13.0,10465.0,45.0,2550 SCHLEY AVENUE,NY,V0,11,X,THE ROMAN CATHOLIC CHURCH OF ST RAYMOND,220000,0,160.0,460.0,5,863520,0,,,2,1030485.0,237946.0,40.8196614,-73.8329558,7a,,New York
BX,2371,13,203.0,16.0,10456.0,42.0,1116 WASHINGTON AVENUE,NY,V9,11,,SHAFI IQBAL,3682,0,30.0,122.67,5,130050,0,,,2,1009757.0,241304.0,40.8289623,-73.9078319,3d,,New York
BX,2261,49,201.0,8.0,10454.0,40.0,137 BRUCKNER BOULEVARD,NY,V1,11,,MOTT-HAVEN FRNTR CO/ETC.,2500,0,25.0,100.0,5,67050,0,,,2,1006328.0,232243.0,40.8041017,-73.9202522,6b,,New York
BX,2261,48,201.0,8.0,10454.0,40.0,139 BRUCKNER BOULEVARD,NY,V1,11,,SGS REALTY CORP.,2500,0,25.0,100.0,5,67050,0,,,2,1006350.0,232230.0,40.8040659,-73.9201728,6b,,New York
BX,3908,68,206.0,15.0,10460.0,48.0,1206 EAST 178 STREET,NY,V1,11,,390 MORRIS PARK AVENUE LLC,15452,0,60.0,280.0,4,290250,0,,,2,1019131.0,244735.0,40.8383474,-73.8739417,3d,,New York
BX,5132,6,210.0,12.0,10475.0,45.0,2226 BAYCHESTER AVENUE,NY,V0,11,X,NEW YORK STATE DEPARTMENT,10125,0,25.0,155.0,4,28020,0,,,2,1032107.0,252780.0,40.8603677,-73.8269897,4a,,New York
BX,5132,4,210.0,12.0,10475.0,45.0,4891 BAYCHESTER AVENUE,NY,V0,11,,2211 DE REIMER AVENUE LLC,1375,0,25.0,55.0,5,2964,0,,,2,1032097.0,252661.0,40.8600411,-73.8270267,4a,,New York
BX,2374,103,201.0,17.0,10455.0,40.0,407 EAST 152 STREET,NY,V1,11,,"MISR REALTY, INC.",2450,0,24.5,100.0,5,66600,0,,,2,1007421.0,237422.0,40.8183138,-73.9162863,6a,,New York
BX,5040,10,212.0,11.0,10466.0,47.0,625 EAST 237 STREET,NY,V0,11,,"NAIDOO, ROSHINIE",2500,0,25.0,100.0,5,11640,0,,,2,1023644.0,266617.0,40.8983877,-73.8575033,2a,,New York
BX,5524,212,210.0,13.0,10465.0,45.0,204 PENNYFIELD AVENUE,NY,V0,11,,"AQUILLA WATSON, JOEL LEE",2533,0,25.0,90.25,5,4980,0,,,2,1037835.0,235605.0,40.8131945,-73.8064194,7c,,New York
BX,3821,59,209.0,18.0,10462.0,43.0,2263 GLEASON AVENUE,NY,V0,11,,"BRAVO, NELSON",2575,0,25.0,103.0,5,12000,0,,,2,1026091.0,242598.0,40.8324517,-73.848802,4b,,New York
BX,3821,34,209.0,18.0,10462.0,43.0,2250 ELLIS AVENUE,NY,V0,11,,QUACH THANH VAN,2060,0,20.0,103.0,5,8760,0,,,2,1026001.0,242689.0,40.8327019,-73.8491266,4b,,New York
BX,3818,5,209.0,18.0,10462.0,43.0,2200 HAVILAND AVENUE,NY,V0,11,,NEW STARLING ATHLETIC CLUB OF THE BRONX  INC,2622,0,91.5,56.5,3,10860,0,,,2,1025762.0,241870.0,40.8304551,-73.8499954,4b,,New York
BX,4847,154,212.0,12.0,10466.0,47.0,836A EAST 223 STREET,NY,V0,11,,UNTO GEORGE,114,0,1.0,114.25,8,548,0,,,2,1023732.0,261692.0,40.8848698,-73.857214,2b,,New York
BX,3838,270,210.0,18.0,10461.0,45.0,1400 FERRIS PLACE,NY,V1,11,,"BONITA QOZ, LLC",49024,0,190.71,292.42,5,418500,0,,,2,1028362.0,244938.0,40.8388633,-73.84058,4b,,New York
BX,3908,16,206.0,15.0,10460.0,48.0,1176 EAST 178 STREET,NY,V1,11,,"VALLE, EDELMIRO JR",2500,0,25.01,100.0,5,37350,0,,,2,1018840.0,244981.0,40.8390237,-73.8749921,3d,,New York
BX,5029,16,212.0,12.0,10466.0,47.0,4219 HILL AVENUE,NY,V0,11,,EVANS RILEY M,2614,0,26.83,97.42,5,7560,0,,,2,1028051.0,265977.0,40.8966104,-73.8415665,2a,,New York
BX,4847,150,212.0,12.0,10466.0,47.0,828A EAST 223 STREET,NY,V0,11,,UNTO GEORGE,114,0,1.0,114.25,8,548,0,,,2,1023664.0,261720.0,40.884947,-73.8574598,2b,,New York
BX,2524,39,204.0,16.0,10452.0,44.0,979 OGDEN AVENUE,NY,V1,11,,979 OGDEN LLC,250,0,25.0,10.0,5,6300,0,,,2,1003661.0,242530.0,40.8323429,-73.9298559,3b,,New York
BX,2864,21,204.0,16.0,10452.0,44.0,1337 INWOOD AVENUE,NY,V0,11,,1343 PARTNERS LLC,12696,0,72.0,177.56,4,45660,0,,,2,1006351.0,245087.0,40.8393548,-73.9201268,3b,,New York
BX,5490,110,210.0,13.0,10465.0,45.0,3238 SCHLEY AVENUE,NY,V1,11,,"GALAXY CONSTRUCTION SERVICES, CORP",27093,0,40.97,231.8,2,143550,0,,,2,1035983.0,240769.0,40.8273792,-73.8130701,4d,,New York
BX,5607,71,210.0,13.0,10465.0,45.0,204 HOSMER AVENUE,NY,V0,11,,204 HOSMER AVE LLC.,2500,0,25.0,100.0,5,5160,0,,,2,1032451.0,235482.0,40.8128879,-73.8258704,7a,,New York
BX,3800,62,209.0,18.0,10472.0,43.0,2057 WATSON AVENUE,NY,V0,11,,REYES JUAN,2575,0,25.0,103.0,5,12180,0,,,2,1024514.0,241506.0,40.8294618,-73.8545072,4b,,New York
BX,5130,19,212.0,11.0,10470.0,47.0,4761 BALDWIN STREET,NY,V1,11,,SOUND DISTRIBUTING CORP,4608,0,27.17,192.67,5,64800,0,,,2,1024613.0,270197.0,40.9082093,-73.8539767,2a,,New York
BX,3198,13,207.0,14.0,10468.0,52.0,2308 GRAND AVENUE,NY,V0,11,,NORTH & GRAND LLC,2500,0,25.0,100.0,5,11580,0,,,2,1010645.0,252746.0,40.8603646,-73.9045781,3c,,New York
BX,4974,93,212.0,12.0,10466.0,47.0,3980 PROVOST AVENUE,NY,V1,11,,CHARLES A. PETRILLO,4407,0,51.33,86.25,5,149400,0,,,2,1032116.0,263826.0,40.8906855,-73.8268783,2b,,New York
BX,5370,44,210.0,13.0,10461.0,45.0,1429 EDWARDS AVENUE,NY,V0,11,,UNAVAILABLE OWNER,24,0,0.4,60.25,8,61,0,,,2,1029203.0,244933.0,40.8388453,-73.8375407,4b,,New York
BX,4129,11,211.0,13.0,10461.0,49.0,1863 LURTING AVENUE,NY,V0,11,,"PARUBI, LEONARD",2500,0,25.0,100.0,5,7140,0,,,2,1024275.0,249221.0,40.8506383,-73.8553248,4a,,New York
BX,5059,39,212.0,12.0,10466.0,47.0,2056 NEREID AVENUE,NY,V0,11,,MCKENZIE TROY,2500,0,25.0,100.0,5,7140,0,,,2,1027370.0,267010.0,40.899449,-73.8440231,2a,,New York
BX,2381,63,203.0,17.0,10451.0,42.0,465 EAST 159 STREET,NY,V0,11,,MANUEL DEL LOS SANTOS,1667,0,16.5,101.0,5,6660,0,,,2,1008546.0,238934.0,40.8224608,-73.9122164,6a,,New York
BX,2383,45,203.0,17.0,10451.0,42.0,411 EAST 161 STREET,NY,V1,11,,MARUDIS ELENI,1629,0,25.0,65.17,5,87300,0,,,2,1008260.0,239585.0,40.8242484,-73.9132474,6a,,New York
BX,5008,52,212.0,12.0,10466.0,47.0,4138 GUNTHER AVENUE,NY,V0,11,,HOUSTON JOHN W JR,2500,0,25.0,100.0,5,7140,0,,,2,1025984.0,264578.0,40.8927806,-73.8490518,2b,,New York
BX,5004,54,212.0,12.0,10466.0,47.0,4136 BOYD AVENUE,NY,V0,11,,"PINKSTON, LEON G",2375,0,25.0,95.0,5,6180,0,,,2,1025722.0,264556.0,40.8927214,-73.8499995,2b,,New York
BX,2349,4,201.0,8.0,10451.0,40.0,255B EXTERIOR STREET,NY,V1,11,X,NYS DEPARTMENT OF TRANSPORTATION,7512,0,65.0,139.49,2,328050,0,,,2,1002987.0,236006.0,40.8144378,-73.9323097,6a,,New York
BX,3015,31,203.0,17.0,10460.0,42.0,1731 WEST FARMS ROAD,NY,V0,11,,1731 WEST FARMS ROAD LLC,9723,0,77.71,187.85,5,47340,0,,,2,1016624.0,243548.0,40.835099,-73.8830076,3d,,New York
BX,2998,92,203.0,17.0,10460.0,42.0,1020 EAST 176 STREET,NY,V0,11,,LCS INVESTMENT LLC,2614,0,89.85,77.5,5,10680,0,,,2,1016765.0,244568.0,40.837898,-73.8824931,3d,,New York
BX,2774,322,202.0,17.0,10474.0,41.0,328 MANIDA STREET,NY,V1,11,,328 MANIDA LLC,2500,0,25.0,100.0,5,71100,0,,,2,1015738.0,233467.0,40.8074327,-73.8862567,6c,,New York
BX,2775,44,202.0,17.0,10474.0,41.0,328 FAILE STREET,NY,V1,11,,"AP ASSOCIATES, LLC",10000,0,100.0,100.0,5,379350,0,,,2,1016230.0,233658.0,40.8079552,-73.8844786,6c,,New York
BX,3041,45,206.0,15.0,10458.0,48.0,4729 3 AVENUE,NY,V1,11,,2918 ARNOW REAL ESTATE CORP.,7072,0,123.92,115.58,3,388800,0,,,2,1014292.0,252437.0,40.8595049,-73.8913951,3c,,New York
BX,5093,8,212.0,11.0,10466.0,47.0,1927 NEREID AVENUE,NY,V0,11,,MARTHA I RODRIGUEZ,3270,0,36.33,90.0,3,8700,0,,,2,1026334.0,266887.0,40.8991164,-73.8477713,2a,,New York
BX,2819,29,204.0,16.0,10457.0,44.0,178 MT EDEN PARKWAY,NY,V0,11,,"MOUNT EDEN RESCUE MISSION, INC.",2850,0,30.0,95.0,3,10260,0,,,2,1008976.0,246267.0,40.8425865,-73.9106357,3d,,New York
BX,5107,76,212.0,11.0,10470.0,47.0,4738 RICHARDSON AVENUE,NY,V0,11,,VNB DEVELOPMENT LLC,2900,0,29.0,100.0,5,8220,0,,,2,1025610.0,268937.0,40.9047464,-73.8503776,2a,,New York
BX,5037,25,212.0,11.0,10466.0,47.0,635 EAST 236 STREET,NY,V0,11,,"MIA, SHOHIDUL I",2900,0,25.07,115.15,3,10620,0,,,2,1023455.0,265916.0,40.8964646,-73.8581911,2a,,New York
BX,5021,93,212.0,12.0,10466.0,47.0,2041 EDENWALD AVENUE,NY,V0,11,,"MALLETTE, EVE-LYN",2000,0,20.0,100.0,3,4680,0,,,2,1027893.0,264837.0,40.8934822,-73.8421454,2a,,New York
BX,4831,31,212.0,11.0,10466.0,47.0,4070 LOWERRE PLACE,NY,V0,11,,VERA LEGRAND,150,0,1.58,95.0,8,612,0,,,2,1023035.0,263827.0,40.8907328,-73.8597224,2b,,New York
BX,3273,102,206.0,15.0,10458.0,48.0,401 EAST FORDHAM ROAD,NY,V0,11,X,FORDHAM UNIVERSITY,3911,0,62.44,60.37,5,12720,0,,,2,1014611.0,253113.0,40.8613592,-73.8902388,3c,,New York
BX,3360,57,207.0,11.0,10467.0,52.0,3542 WEBSTER AVENUE,NY,V1,11,,RANA ALTAF A,1335,0,18.0,74.21,5,59850,0,,,2,1020006.0,259957.0,40.8801237,-73.8706983,1d,,New York
BX,3112,1,206.0,15.0,10460.0,48.0,2231 SOUTHERN BOULEVARD,NY,V1,11,,ARGON ATAC LLC,1688,0,41.25,81.84,3,41850,0,,,2,1016553.0,248459.0,40.8485785,-73.8832405,3d,,New York
BX,4068,26,211.0,13.0,10461.0,49.0,1515 LURTING AVENUE,NY,V3,11,,"R&R TREMONT AVENUE, LLC",2500,0,25.0,100.0,5,7140,0,,,2,1025658.0,246528.0,40.8432404,-73.8503424,4b,,New York
BX,5396,54,210.0,13.0,10461.0,45.0,1536 GILLESPIE AVENUE,NY,V1,11,,GILLESPIE AVENUE DEVELOPMENT LLC,2698,0,37.42,74.67,5,100350,0,,,2,1031055.0,246557.0,40.8432931,-73.8308363,4b,,New York
BX,3034,25,206.0,15.0,10457.0,48.0,452 EAST 178 STREET,NY,V1,11,,"452 E. 178TH STREET, LLC",2700,0,25.0,108.0,5,79200,0,,,2,1012451.0,248358.0,40.8483153,-73.8980677,3d,,New York
BX,3054,5,206.0,15.0,10458.0,48.0,2350 LORILLARD PLACE,NY,V3,11,,ODELLIA REALTY INC,2500,0,25.0,100.0,5,7680,0,,,2,1014700.0,250872.0,40.855208,-73.8899272,3c,,New York
BX,3736,75,209.0,17.0,10472.0,43.0,1117 COLGATE AVENUE,NY,V0,11,,CLOSE AVENUE REALTY ASSOCIATES LLC,7400,0,74.0,100.0,5,30060,0,,,2,1016976.0,240275.0,40.8261142,-73.8817515,6c,,New York
BX,2473,8,204.0,16.0,10451.0,44.0,700 GERARD AVENUE,NY,V0,11,,700 GERARD OWNER LLC,8448,0,88.68,96.37,5,59880,0,,,2,1004485.0,239376.0,40.8236842,-73.9268878,6a,,New York
BX,3199,175,207.0,14.0,10468.0,52.0,2421 JEROME AVENUE,NY,V1,11,,"DELEONARDIS, FRANK",2215,0,19.84,100.15,5,62550,0,,,2,1011329.0,253326.0,40.8619545,-73.902103,3c,,New York
BX,4295,34,211.0,13.0,10462.0,49.0,2011 BOGART AVENUE,NY,V0,11,,"HAYAT, NAJAM",2500,0,25.0,100.0,5,7080,0,,,2,1022587.0,249579.0,40.8516284,-73.8614242,4a,,New York
BX,4308,21,211.0,13.0,10461.0,49.0,1173 NEILL AVENUE,NY,V0,11,,CHARLES L MC GUIRE,2500,0,25.0,100.0,5,7140,0,,,2,1024844.0,250811.0,40.8549998,-73.8532584,4a,,New York
BX,4422,37,211.0,13.0,10469.0,49.0,2314 VANCE STREET,NY,V0,11,,"PEREZ, RAMON",3500,0,35.0,100.0,5,7860,0,,,2,1030985.0,252614.0,40.8599181,-73.8310471,4a,,New York
BX,2952,7,206.0,15.0,10460.0,48.0,805 CROTONA PARK NORTH,NY,V0,11,X,CARROLL PLACE HOUSING DEVELOPMENT FUND C ORP,5000,0,50.0,100.0,5,28800,0,,,2,1014528.0,245471.0,40.8403845,-73.8905734,3d,,New York
BX,2979,21,203.0,17.0,10459.0,42.0,930 FREEMAN STREET,NY,V1,11,X,UNAVAILABLE OWNER,2219,0,35.42,67.76,5,0,0,,,2,1014339.0,241677.0,40.8299717,-73.8912735,3d,,New York
BX,3142,65,205.0,15.0,10457.0,46.0,2043 WEBSTER AVENUE,NY,V1,11,,2043 WEBSTER REALTY LLC,7500,0,75.0,100.0,5,337050,0,,,2,1012141.0,249430.0,40.8512586,-73.8991837,3c,,New York
BX,2286,11,201.0,8.0,10454.0,40.0,350 WILLIS AVENUE,NY,V1,11,,"ABRAHAM HOUSE, INC.",1325,0,17.67,75.0,5,26955,2012,,,2,1006157.0,234901.0,40.8113976,-73.9208612,6a,,New York
BX,3446,34,209.0,18.0,10473.0,43.0,1968 GILDERSLEEVE AVENUE,NY,V0,11,,"CAYETANO, SWAMEIN",1300,0,25.0,52.0,5,2166,0,,,2,1025032.0,234238.0,40.8095109,-73.8526796,7a,,New York
BX,2429,26,204.0,16.0,10456.0,44.0,1135 CLAY AVENUE,NY,V0,11,,FG NEWYORK INC,4876,0,50.0,97.31,5,20100,0,,,2,1008610.0,241848.0,40.8304587,-73.9119746,3d,,New York
BX,3510,27,209.0,18.0,10473.0,43.0,478 HOWE AVENUE,NY,V0,11,,"BEY, SHIRLEY ROUSE",5417,0,50.0,108.33,5,33120,0,,,2,1026275.0,236711.0,40.8162927,-73.8481739,7a,,New York
BX,4589,56,211.0,12.0,10469.0,49.0,3039 YOUNG AVENUE,NY,V0,11,,LISUS PROPERTIES LLC,2500,0,25.0,100.0,5,8940,0,,,2,1026223.0,256521.0,40.8706655,-73.8482378,4a,,New York
BX,2344,60,201.0,8.0,10451.0,40.0,261 WALTON AVENUE,NY,V0,11,,"HP MJM HOUSING DEVELOPMENT FUND COMPANY,  INC.",27454,0,258.75,106.67,5,139260,0,,,2,1003494.0,235939.0,40.8142528,-73.9304783,6a,,New York
BX,4577,3,212.0,12.0,10469.0,47.0,1013 ADEE AVENUE,NY,V0,11,,1011 & 1013 ADEE AVENUE LLC,2500,0,25.0,100.0,5,13260,0,,,2,1023543.0,256196.0,40.8697858,-73.8579298,4a,,New York
BX,5373,18,210.0,13.0,10461.0,45.0,2818 HARRINGTON AVENUE,NY,V0,11,,"MASTROPIETRO, TRUSTEE  , JANICE",2955,0,25.0,116.96,5,9540,0,,,2,1030008.0,244945.0,40.8388741,-73.8346314,4b,,New York
BX,4828,38,212.0,12.0,10466.0,47.0,632 EAST 227 STREET,NY,V0,11,,SOPHIA ANTONELLA 2009 LLC,3799,0,33.25,114.25,5,15480,0,,,2,1022355.0,263474.0,40.8897669,-73.8621838,2b,,New York
BX,2573,101,201.0,8.0,10454.0,40.0,723 EAST 141 STREET,NY,V1,11,,321 CONCORD AVE LLC,760,0,37.87,20.0,5,21150,0,,,2,1008808.0,233299.0,40.8069936,-73.9112904,6c,,New York
BX,2622,27,203.0,17.0,10456.0,42.0,599 EAST 164 STREET,NY,V0,11,,1 WEST POND ASSETS LLC,1650,0,16.5,100.0,5,4620,0,,,2,1010096.0,239909.0,40.8251325,-73.9066123,6c,,New York
BX,5775,213,208.0,11.0,10463.0,50.0,310 WEST 240 STREET,NY,V1,11,,MANHATTAN COLLEGE,15700,0,144.08,133.25,3,270450,0,,,2,1011339.0,262408.0,40.8868817,-73.9020302,1d,,New York
BX,5106,17,212.0,11.0,10470.0,47.0,4716 MATILDA AVENUE,NY,V0,11,,"BRIJLALL, JOAN L",3742,0,37.42,100.0,5,10560,0,,,2,1025276.0,268869.0,40.9045613,-73.8515862,2a,,New York
BX,4985,37,212.0,12.0,10466.0,47.0,4076 MURDOCK AVENUE,NY,V0,11,,TERRY W HILL,2500,0,25.0,100.0,5,8340,0,,,2,1028324.0,264693.0,40.8930849,-73.8405874,2b,,New York
BX,3039,69,206.0,15.0,10458.0,48.0,455 EAST 185 STREET,NY,V0,11,,EXQUISITE STAIR BUILDER CORPORATION,1650,0,16.67,100.0,5,7140,0,,,2,1013894.0,251499.0,40.8569317,-73.8928381,3c,,New York
BX,3271,138,208.0,11.0,10463.0,50.0,182 WEST 239 STREET,NY,V0,11,,"ZLICHA, MOSHE",2500,0,25.0,100.0,5,11580,0,,,2,1012198.0,261818.0,40.8852597,-73.898926,1d,,New York
BX,4985,92,212.0,12.0,10466.0,47.0,2085 STRANG AVENUE,NY,V0,11,,MCFARLANE OFFELSTON,2500,0,25.0,100.0,5,8700,0,,,2,1028632.0,263962.0,40.8910769,-73.8394783,2b,,New York
BX,2935,72,203.0,17.0,10456.0,42.0,651 JEFFERSON PLACE,NY,V1,11,,632 MORRIS LLC,1600,0,20.0,80.0,3,35415,0,,,2,1012140.0,242898.0,40.8333302,-73.8992145,3d,,New York
BX,2530,51,204.0,16.0,10452.0,44.0,1267 UNIVERSITY AVENUE,NY,V0,11,,EML TIC LLC,15536,0,100.0,165.76,5,90300,0,,,2,1004265.0,245227.0,40.839744,-73.9276652,3b,,New York
BX,3442,19,209.0,18.0,10473.0,43.0,1025 HARDING PARK,NY,V0,11,,"GUZMAN, JADE",2440,0,80.0,49.92,5,5640,0,,,2,1023924.0,233478.0,40.8074299,-73.8566866,7a,,New York
BX,2681,14,203.0,17.0,10459.0,42.0,802 EAST 168 STREET,NY,V0,11,,SOUTHEAST BRONX NEIGH,3569,0,59.22,89.0,3,10920,0,,,2,1012160.0,241197.0,40.8286614,-73.8991493,3d,,New York
BX,4290,87,211.0,13.0,10462.0,49.0,2027 MATTHEWS AVENUE,NY,V0,11,,"MUNOZ, JUAN C",2500,0,25.0,100.0,5,7140,0,,,2,1022064.0,249515.0,40.851455,-73.863315,4a,,New York
BX,2691,91,202.0,17.0,10459.0,41.0,1077 HALL PLACE,NY,V0,11,,1075 HALL PLACE LLC,2625,0,25.0,103.0,5,12240,0,,,2,1012557.0,240110.0,40.8256766,-73.8977193,6c,,New York
BX,3558,71,209.0,18.0,10473.0,43.0,631 SOUNDVIEW AVENUE,NY,V1,11,X,SOUNDVIEW AVENUE BAPTIST CHURCH INC,1888,0,82.25,10.0,5,59850,0,,,2,1022175.0,237363.0,40.8181008,-73.8629825,7a,,New York
BX,4973,6,212.0,12.0,10466.0,47.0,3915 PROVOST AVENUE,NY,V1,11,,PROVOST-MULVEY LLC,19200,0,150.0,112.17,5,372600,0,,,2,1031767.0,263365.0,40.889422,-73.8281438,2b,,New York
BX,2554,60,201.0,8.0,10454.0,40.0,621 EAST 141 STREET,NY,V0,11,,US DEPT OF HUD-MF/REO,189,0,7.33,29.0,8,305,0,,,2,1008112.0,233645.0,40.8079451,-73.9138033,6a,,New York
BX,2781,400,202.0,17.0,10474.0,41.0,240 FOOD CENTER DRIVE,NY,V9,11,C,NYC DEPARTMENT OF SMALL BUSINESS SERVICES,2529,0,60.01,930.06,5,12285,0,,,2,1017938.0,234097.0,40.8091538,-73.8783066,6c,,New York
BX,2692,73,202.0,17.0,10459.0,41.0,1109 INTERVALE AVENUE,NY,V0,11,X,NEIGHBORHOOD RESTORE HOUSING DEVELOPMENT  FUND CORP,2283,0,25.0,91.33,5,9120,0,,,2,1012679.0,240403.0,40.8264804,-73.8972773,6c,,New York
BX,2692,33,202.0,17.0,10459.0,41.0,868 HOME STREET,NY,V0,11,,DEOL REALTY LLC,2929,0,25.0,117.17,5,13800,0,,,2,1012845.0,240904.0,40.827855,-73.8966753,3d,,New York
BX,2933,43,203.0,17.0,10456.0,42.0,1351 CLINTON AVENUE,NY,V0,11,,RAMLOGAN SHAM,3425,0,25.0,137.33,5,11280,0,,,2,1011891.0,242710.0,40.832815,-73.900115,3d,,New York
BX,5333,17,210.0,13.0,10461.0,45.0,1224 MAYFLOWER AVENUE,NY,V0,11,,RICHARD MIKAELIAN,2513,0,25.0,100.5,5,8400,0,,,2,1031101.0,243807.0,40.8357449,-73.8306893,4b,,New York
BX,2958,90,206.0,15.0,10460.0,48.0,1817 TRAFALGAR PLACE,NY,V0,11,,"KHAN, MOHAMED",1625,0,25.0,65.0,5,6300,0,,,2,1015396.0,245332.0,40.8399999,-73.887437,3d,,New York
BX,5361,6,210.0,13.0,10461.0,45.0,3039 WATERBURY AVENUE,NY,V0,11,,"BHAGWANT, VINOD",2500,0,25.0,100.0,5,8340,0,,,2,1032016.0,244976.0,40.8389486,-73.8273743,4b,,New York
BX,3051,7,206.0,15.0,10457.0,48.0,2246 BATHGATE AVENUE,NY,V0,11,,2246 BATHGATE LLC,2923,0,25.42,115.0,5,11760,0,,,2,1014005.0,250255.0,40.8535169,-73.8924423,3c,,New York
BX,3037,65,206.0,15.0,10457.0,48.0,452 EAST 182 STREET,NY,V1,11,X,INTERNATIONAL CENTRAL GOSPEL CHURCH,4000,0,40.0,100.0,5,55350,0,,,2,1013362.0,250530.0,40.8542738,-73.8947654,3c,,New York
BX,3043,10,206.0,15.0,10457.0,48.0,1940 WASHINGTON AVENUE,NY,V0,11,,ROMAN CATHOLIC CHURCH OF SAINT SIMON STO CK AND SAI,22381,0,108.0,185.33,4,158880,0,,,2,1012694.0,248145.0,40.8477299,-73.8971902,3d,,New York
BX,3037,3,206.0,15.0,10457.0,48.0,4386 PARK AVENUE,NY,V1,11,,4388 PARK LLC,1144,0,22.0,66.42,5,51750,0,,,2,1012913.0,249703.0,40.8520054,-73.896392,3c,,New York
BX,4600,26,212.0,12.0,10467.0,47.0,3299 CRUGER AVENUE,NY,V0,11,,D&F EC2 LLC,2160,0,72.08,79.75,3,11760,0,,,2,1021212.0,257534.0,40.8734683,-73.8663505,2b,,New York
BX,4990,10,212.0,12.0,10466.0,47.0,4030 DURYEA AVENUE,NY,V0,11,,"GRANT, STACEY",2500,0,25.0,100.0,5,8700,0,,,2,1029679.0,264577.0,40.8927596,-73.8356873,2b,,New York
BX,4976,22,212.0,12.0,10466.0,47.0,4039 WICKHAM AVENUE,NY,V0,11,,"PIERRE, GEORGETTE",2375,0,25.0,95.0,5,7740,0,,,2,1026253.0,264011.0,40.8912231,-73.8480824,2b,,New York
BX,5867,401,208.0,11.0,10471.0,50.0,5912 FIELDSTON ROAD,NY,V0,11,,"5912 FIELDSTONE ROAD, LLC",4246,0,42.24,114.03,5,17940,0,,,2,1011899.0,269797.0,40.9071604,-73.8999744,1c,,New York
BX,2268,4,201.0,8.0,10454.0,40.0,340 BROOK AVENUE,NY,V0,11,,SEAN HOLDING LLC,2500,0,25.0,100.0,5,10800,0,,,2,1007053.0,234285.0,40.8097046,-73.9176265,6a,,New York
BX,5836,3262,208.0,11.0,10471.0,50.0,5201 POST ROAD,NY,V0,11,X,RIVERDALE COUNTRY SCH,3025,0,68.5,30.25,5,18720,0,,,2,1012242.0,266421.0,40.8978933,-73.8987476,1c,,New York
BX,3759,1,209.0,18.0,10472.0,43.0,1102 WHITE PLAINS ROAD,NY,V0,11,,GONZALEZ JUAN,4386,0,44.0,86.5,3,18180,0,,,2,1022884.0,241189.0,40.828599,-73.860399,4b,,New York
BX,5846,1723,208.0,11.0,10471.0,50.0,5437 FIELDSTON ROAD,NY,V0,11,,"LOSHAJ, HAZIR",3305,0,31.48,114.59,5,21480,0,,,2,1011372.0,268140.0,40.9026141,-73.9018876,1c,,New York
BX,5847,1343,208.0,11.0,10471.0,50.0,360 WEST 255 STREET,NY,V0,11,,DENNIS REEDER,6904,0,49.58,120.0,6,41520,0,,,2,1011243.0,267930.0,40.9020382,-73.9023551,1c,,New York
BX,5648,198,210.0,13.0,10464.0,45.0,690 KING AVENUE,NY,V0,11,,MCGUIRE CHRISTOPHER,11340,0,60.0,189.0,2,32460,0,,,2,1042577.0,251761.0,40.8575079,-73.7891481,4c,,New York
BX,5648,87,210.0,13.0,10464.0,45.0,677 KING AVENUE,NY,V0,11,,"BRICK, MARY BETH",3751,0,37.51,100.01,5,8340,0,,,2,1042385.0,251603.0,40.8570755,-73.7898436,4c,,New York
BX,5633,80,210.0,13.0,10464.0,45.0,76 DITMARS STREET,NY,V0,11,,HAIM JOSEPH,25715,0,253.17,104.17,5,70620,0,,,2,1042485.0,248696.0,40.849096,-73.7895073,4c,,New York
BX,4260,41,211.0,13.0,10462.0,49.0,1953 WALLACE AVENUE,NY,V0,11,,1953 WALLACE AVE LLC,7125,0,75.0,95.0,5,45120,0,,,2,1021588.0,248760.0,40.8493848,-73.8650398,4a,,New York
BX,5378,27,210.0,13.0,10461.0,45.0,2890 WELLMAN AVENUE,NY,V0,11,,"GANESH, CHATTERPAUL",2756,0,25.0,110.25,5,9480,0,,,2,1030334.0,245787.0,40.8411835,-73.8334475,4b,,New York
BX,2892,42,205.0,15.0,10457.0,46.0,1867 CARTER AVENUE,NY,V0,11,X,COMMUNITY ACCESS HOUSING DEVELOPMENT FUN D COMPANY,1262,0,16.5,76.08,5,4500,0,,,2,1011333.0,248028.0,40.8474131,-73.90211,3d,,New York
BX,5390,1,210.0,13.0,10461.0,45.0,2910 HARRINGTON AVENUE,NY,V0,11,,"MORONTA, REYNALDO E",1350,0,15.0,90.0,3,3900,0,,,2,1030786.0,245450.0,40.8402561,-73.8318162,4b,,New York
BX,2935,44,203.0,17.0,10456.0,42.0,666 EAST 170 STREET,NY,V0,11,,"COMMUNITY ACTION FORHUMAN SERVICES, INC.",1816,0,25.0,46.33,3,4920,0,,,2,1012384.0,242996.0,40.8335984,-73.8983323,3d,,New York
BX,2937,70,203.0,15.0,10456.0,42.0,687 EAST 170 STREET,NY,V0,11,,TEMPLE OF GOD,1344,0,21.0,70.5,5,5520,0,,,2,1012680.0,243000.0,40.8336084,-73.8972626,3d,,New York
BX,2673,8,203.0,17.0,10456.0,42.0,1218 TINTON AVENUE,NY,V0,11,,"HENRY, CLIFFORD SHAWN",2915,0,22.0,132.5,5,10080,0,,,2,1011959.0,241543.0,40.8296117,-73.8998741,3d,,New York
BX,3816,43,209.0,18.0,10472.0,43.0,2271 CHATTERTON AVENUE,NY,V0,11,,APONTE EDWARD,420,0,27.58,30.17,3,60,0,,,2,1026459.0,241271.0,40.8288077,-73.8474805,4b,,New York
BX,3816,42,209.0,18.0,10472.0,43.0,2269 CHATTERTON AVENUE,NY,V0,11,,BELEN RIVERA,1014,0,26.0,30.17,5,4260,0,,,2,1026433.0,241279.0,40.8288298,-73.8475744,4b,,New York
BX,3686,33,209.0,18.0,10473.0,43.0,2162 STORY AVENUE,NY,V0,11,,"MARTE SALCEDO, SANTOS",2575,0,25.0,103.0,5,8640,0,,,2,1025694.0,239930.0,40.8251307,-73.8502531,7a,,New York
BX,3441,8,209.0,18.0,10473.0,43.0,909 HARDING PARK,NY,V0,11,,"GUZMAN, JADE",3080,0,39.67,77.25,3,6000,0,,,2,1023747.0,233352.0,40.8070849,-73.8573267,7a,,New York
BX,3429,309,209.0,18.0,10473.0,43.0,400 HARDING PARK,NY,V0,11,,"LEKHRAJ, BEEJAI",1834,0,35.5,58.0,6,5244,0,,,2,1023527.0,233002.0,40.8061252,-73.8581235,7a,,New York
BX,3429,221,209.0,18.0,10473.0,43.0,500 HARDING PARK,NY,V0,11,,"JESSICA PROPERTIES, INC",1342,0,20.5,65.58,2,2280,0,,,2,1023505.0,233074.0,40.8063229,-73.8582025,7a,,New York
BX,3497,49,209.0,18.0,10473.0,43.0,433 LELAND AVENUE,NY,V0,11,,"CABAN, VICTORIA",2500,0,25.0,100.0,5,7200,0,,,2,1023097.0,235927.0,40.8141554,-73.8596598,7a,,New York
BX,3218,5,207.0,14.0,10468.0,52.0,2260 ANDREWS AVENUE NORTH,NY,V0,11,,2260 ANDREWS LLC,5000,0,50.0,100.0,5,20340,0,,,2,1009684.0,252709.0,40.8602659,-73.9080524,3c,,New York
BX,2963,4,203.0,17.0,10459.0,42.0,1408 PROSPECT AVENUE,NY,V0,11,,1434 HOLDINGS LLC,1577,0,21.17,74.5,5,7740,0,,,2,1012940.0,242536.0,40.8323341,-73.8963251,3d,,New York
BX,4647,66,212.0,12.0,10467.0,47.0,3663 WHITE PLAINS ROAD,NY,V1,11,,WHITE PLAINS ROAD HOUSING DEVELOPMENT FU ND,37288,0,201.0,185.0,5,469080,0,,,2,1021483.0,260214.0,40.8808229,-73.8653557,2b,,New York
BX,2737,61,202.0,17.0,10474.0,41.0,1102 BURNETT PLACE,NY,V1,11,,"3 ROSE REALTY,",9500,0,95.0,100.0,3,331650,0,,,2,1013739.0,236295.0,40.8152017,-73.8934652,6c,,New York
BX,3240,7,207.0,14.0,10463.0,52.0,7 KINGSBRIDGE TERRACE,NY,V0,11,X,"MUCEJANI, ARJON",10725,0,75.0,143.0,5,43560,0,,,2,1010373.0,256423.0,40.8704577,-73.9055471,3c,,New York
BX,2769,196,202.0,17.0,10474.0,41.0,559 DRAKE STREET,NY,V1,11,,"580 WHITTIER STREET, LLC, A NEW YORK LLC",9045,0,100.0,100.0,0,273600,0,,,2,1016834.0,235146.0,40.8120371,-73.8822895,6c,,New York
BX,5758,436,208.0,11.0,10463.0,50.0,300 WEST 234 STREET,NY,V0,11,,ONESIMO GUERRERO,1790,0,24.0,85.0,3,4440,0,,,2,1010241.0,261075.0,40.8832264,-73.9060064,1d,,New York
BX,2737,80,202.0,17.0,10474.0,41.0,1111 LONGWOOD AVENUE,NY,V1,11,,"3 ROSE REALTY ,",6336,0,120.22,49.18,3,217800,0,,,2,1013705.0,236221.0,40.8149987,-73.8935884,6c,,New York
BX,2769,96,202.0,17.0,10474.0,41.0,550 BRYANT AVENUE,NY,V1,11,,G M R REALTY CORP,2500,0,25.0,100.0,5,71100,0,,,2,1016204.0,235117.0,40.8119598,-73.8845655,6c,,New York
BX,3199,100,207.0,14.0,10468.0,52.0,2427 JEROME AVENUE,NY,V1,11,,"DELEONARDIS, FRANK",1933,0,19.33,100.0,5,55800,0,,,2,1011359.0,253379.0,40.8620999,-73.9019944,3c,,New York
BX,3230,33,205.0,14.0,10453.0,46.0,2009 SEDGWICK AVENUE,NY,V0,11,,SEDGWICK HOLDING I LLC,6970,0,50.0,154.19,3,41940,0,,,2,1007394.0,251814.0,40.8578157,-73.9163342,3a,,New York
BX,2771,217,202.0,17.0,10474.0,41.0,425 MANIDA STREET,NY,V1,11,,425 MANIDA LLC,5000,0,50.0,100.0,5,189450,0,,,2,1015462.0,234030.0,40.808979,-73.8872511,6c,,New York
BX,2777,449,202.0,17.0,10474.0,41.0,275 DRAKE STREET,NY,V1,11,,D&A BROTHERS,5000,0,50.0,100.0,5,189450,0,,,2,1017398.0,233125.0,40.8064879,-73.880262,6c,,New York
BX,2774,333,202.0,17.0,10474.0,41.0,1288 EAST BAY AVENUE,NY,V1,11,,331 EAST BAY LLC,2500,0,25.0,100.0,5,71100,0,,,2,1015998.0,233817.0,40.8083924,-73.8853159,6c,,New York
BX,2777,177,202.0,17.0,10474.0,41.0,1261 RYAWA AVENUE,NY,V1,11,,1261 RYAWA LLC,10000,0,100.0,100.0,3,338850,0,,,2,1015916.0,232570.0,40.80497,-73.885618,6c,,New York
BX,2777,150,202.0,17.0,10474.0,41.0,1264 VIELE AVENUE,NY,V1,11,,1264 VIELE AVE LLC,10000,0,100.0,100.0,3,61200,0,,,2,1015818.0,233065.0,40.806329,-73.8859696,6c,,New York
BX,2774,191,202.0,17.0,10474.0,41.0,323 BARRETTO STREET,NY,V1,11,,"CHESTER ENTERPRISES, LLC",10000,0,100.0,100.0,3,338850,0,,,2,1015271.0,233670.0,40.8079915,-73.8879427,6c,,New York
BX,2771,211,202.0,17.0,10474.0,41.0,437 MANIDA STREET,NY,V1,11,,437 MANIDA LLC,2700,0,27.0,100.0,5,76500,0,,,2,1015431.0,234189.0,40.8094155,-73.8873623,6c,,New York
BX,2562,40,201.0,8.0,10454.0,40.0,732 EAST 134 STREET,NY,V1,11,,"KLOCHKOFF, EUGENE",2565,0,24.0,106.86,5,68850,0,,,2,1007949.0,231432.0,40.8018715,-73.9143999,6b,,New York
BX,3448,32,209.0,18.0,10473.0,43.0,2004 GILDERSLEEVE AVENUE,NY,V0,11,,"ELAHI, MOHMOD",1500,0,15.0,100.0,5,2520,0,,,2,1025556.0,234309.0,40.8097033,-73.8507863,7a,,New York
BX,2371,46,203.0,16.0,10456.0,42.0,3413 3 AVENUE,NY,V1,11,,SHAFI IQBAL,6392,0,29.75,178.59,5,284850,0,,,2,1009887.0,241242.0,40.8287918,-73.9073624,3d,,New York
BX,2611,33,203.0,17.0,10456.0,42.0,580 EAST 168 STREET,NY,V1,11,,580 EAST 168TH STREET  LLC,2940,0,35.42,83.0,5,75600,0,,,2,1010806.0,241769.0,40.8302355,-73.9040396,3d,,New York
BX,2627,2,203.0,17.0,10456.0,42.0,892 EAGLE AVENUE,NY,V0,11,,EAGLE AVENUE DEVELOPMENT LLC,1875,0,18.75,100.0,5,5160,0,,,2,1009685.0,238867.0,40.8222737,-73.9081013,6c,,New York
BX,2996,25,203.0,17.0,10460.0,42.0,970 EAST 173 STREET,NY,V0,11,,NICKERSON TERRACE REDEV ASSOCIATES,4273,0,50.0,90.52,3,18720,0,,,2,1015676.0,243419.0,40.8347483,-73.8864341,3d,,New York
BX,3475,47,209.0,18.0,10473.0,43.0,355 NEWMAN AVENUE,NY,V0,11,,"NARKIM, INC.",4909,0,9.75,100.0,3,10440,0,,,2,1024276.0,235654.0,40.8134008,-73.8554021,7a,,New York
BX,4752,130,212.0,12.0,10469.0,47.0,3220 TIEMANN AVENUE,NY,V0,11,,TIEMANN AVE GROUP LLC,24400,0,145.21,100.02,3,152340,0,,,2,1028038.0,257859.0,40.8743291,-73.8416666,2b,,New York
BX,3475,19,209.0,18.0,10473.0,43.0,318 WHITE PLAINS ROAD,NY,V0,11,,"SIMMONS, JUSTIN",825,0,15.0,55.0,5,1542,0,,,2,1024199.0,235198.0,40.8121496,-73.855683,7a,,New York
BX,3457,58,209.0,18.0,10473.0,43.0,240 STEPHENS AVENUE,NY,V0,11,,"RORIGUEZ RORIGUEZ, PAULA",1665,0,25.0,66.58,5,2760,0,,,2,1024726.0,234786.0,40.8110164,-73.8537817,7a,,New York
BX,3511,151,209.0,18.0,10473.0,43.0,425 TURNEUR AVENUE,NY,V0,11,,"SULTANA, ZARIN LOPA",2012,0,18.58,108.25,5,8400,0,,,2,1026743.0,236500.0,40.8157113,-73.8464845,7a,,New York
BX,5130,110,212.0,11.0,10470.0,47.0,4855 BALDWIN STREET,NY,V1,11,,"4855 BALDWIN STREET INDUSTRIAL, LLC",30750,0,317.17,110.58,5,251550,0,,,2,1025205.0,270850.0,40.9099988,-73.851831,2a,,New York
BX,5799,67,208.0,11.0,10463.0,50.0,3631 JOHNSON AVENUE,NY,V0,11,,GROTE LLC,4996,0,50.0,100.0,5,32400,0,,,2,1009184.0,262589.0,40.8873849,-73.9098232,1d,,New York
BX,2352,45,204.0,8.0,10451.0,44.0,571 WALTON AVENUE,NY,V0,11,,PREGONES-TOURING PUERTO RICAN THEATRE,2406,0,25.0,96.25,5,8460,0,,,2,1004071.0,237842.0,40.8194747,-73.9283882,6a,,New York
BX,2349,46,201.0,8.0,10451.0,40.0,355 EXTERIOR STREET,NY,V1,11,,399 EXTERIOR STREET LLC,120272,0,411.51,281.35,5,3952800,0,,,2,1003161.0,236825.0,40.8166853,-73.9316788,6a,,New York
BX,3896,48,209.0,17.0,10460.0,43.0,1450 ROSEDALE AVENUE,NY,V0,11,,COLLAZO CARLOS R,2375,0,25.0,95.0,5,10320,0,,,2,1020303.0,244065.0,40.8365037,-73.8697098,3d,,New York
BX,2987,52,203.0,17.0,10459.0,42.0,1405 VYSE AVENUE,NY,V1,11,,SKMF VYSE MANAGEMENT LLC,7155,0,43.09,100.0,3,158400,0,,,2,1014642.0,241799.0,40.8303055,-73.890178,3d,,New York
BX,2980,23,203.0,17.0,10459.0,42.0,1334 SOUTHERN BOULEVARD,NY,V1,11,,B&B 2 BUILDERS LLC,5000,0,50.0,100.0,5,153450,0,,,2,1014477.0,242292.0,40.8316592,-73.890772,3d,,New York
BX,3007,3,203.0,17.0,10459.0,42.0,1410 LONGFELLOW AVENUE,NY,V0,11,,HAKMON HOLDING GROUP INC,1950,0,27.25,70.0,5,7500,0,,,2,1015297.0,241577.0,40.8296939,-73.8878122,3d,,New York
BX,5135,25,210.0,12.0,10475.0,45.0,2211 HUNTER AVENUE,NY,V0,11,,GO HUNTER LLC,4750,0,50.0,95.0,5,10560,0,,,2,1032855.0,252998.0,40.860962,-73.824284,4a,,New York
BX,4011,125,211.0,13.0,10462.0,49.0,1956 BIRCHALL AVENUE,NY,V1,11,,JIMJOR CORPORATION,4998,0,51.25,103.0,5,80550,0,,,2,1020656.0,248377.0,40.8483374,-73.8684107,3d,,New York
BX,2319,108,201.0,8.0,10451.0,40.0,2415 3 AVENUE,NY,V1,11,,BRUCKNER PARTNERS LLC,4400,0,50.0,88.0,5,266400,0,,,2,1003320.0,233862.0,40.8085524,-73.9311128,6a,,New York
BX,2320,6,201.0,8.0,10451.0,40.0,242 EAST 136 STREET,NY,V1,11,,PORSCHE REALTY LLC,2309,0,25.0,92.5,4,80550,0,,,2,1003696.0,234481.0,40.8102506,-73.9297528,6a,,New York
BX,2326,38,201.0,8.0,10451.0,40.0,2737 3 AVENUE,NY,V1,11,X,MISSIONARIES OF CHARITY,4500,0,30.0,150.0,5,110250,0,,,2,1006059.0,236050.0,40.8145515,-73.9212115,6a,,New York
BX,5490,111,210.0,13.0,10465.0,45.0,580 CLARENCE AVENUE,NY,V1,11,,"GALAXY CONSTRUCTION SERVICES, CORP",26265,0,1.0,251.82,2,143550,0,,,2,1036038.0,240877.0,40.8276753,-73.8128705,4d,,New York
BX,3273,122,207.0,15.0,10458.0,52.0,410 BEDFORD PARK BOULEVARD,NY,V1,11,,THE NEW YORK BOTANICAL GARDEN,38583,0,199.45,199.15,5,448650,0,,,2,1016397.0,255051.0,40.8666721,-73.8837728,3c,,New York
BX,4007,20,206.0,15.0,10460.0,48.0,1159 EAST TREMONT AVENUE,NY,V1,11,,"SAN OWNERS, LLC",1080,0,32.25,42.0,5,14850,0,,,2,1018822.0,245357.0,40.8400558,-73.8750552,3d,,New York
BX,4219,45,211.0,13.0,10461.0,49.0,1551 BASSETT AVENUE,NY,V1,11,,1535 STILLWELL CORP.,4850,0,49.76,97.46,5,78750,0,,,2,1028081.0,250480.0,40.8540758,-73.8415593,4a,,New York
BX,4201,44,211.0,13.0,10461.0,49.0,1824 YATES AVENUE,NY,V0,11,,"JAGINDHRALL, KUMAR",2500,0,25.0,100.0,5,7200,0,,,2,1025545.0,249509.0,40.8514229,-73.8507325,4a,,New York
BX,4221,13,211.0,13.0,10461.0,49.0,1518 RHINELANDER AVENUE,NY,V0,11,,"VILLARI, JOSEPHINE",2500,0,25.0,100.0,5,7200,0,,,2,1027648.0,251115.0,40.8558208,-73.8431204,4a,,New York
BX,2768,251,202.0,17.0,10474.0,41.0,543 MANIDA STREET,NY,V1,11,,543 MANIDA LLC,5000,0,50.0,100.0,5,189450,0,,,2,1015294.0,234870.0,40.8112851,-73.8878541,6c,,New York
BX,4614,64,212.0,12.0,10469.0,47.0,3221 BOSTON ROAD,NY,V1,11,,3229 BOSTON ROAD LLC,1586,0,25.01,68.19,5,36900,0,,,2,1024333.0,257199.0,40.8725352,-73.8550674,2b,,New York
BX,5768,857,208.0,11.0,10463.0,50.0,3631A TIBBETT AVENUE,NY,V0,11,,ZOITA ZONEA,2125,0,25.0,85.0,5,5400,0,,,2,1010944.0,261922.0,40.885549,-73.9034607,1d,,New York
BX,4025,19,211.0,13.0,10460.0,49.0,646 BAKER AVENUE,NY,V1,11,,BAKER DEVELOPMENT LLC,1700,0,52.33,42.17,3,63450,0,,,2,1021517.0,246146.0,40.8422104,-73.865311,4b,,New York
BX,4130,1,211.0,13.0,10461.0,49.0,1074 RHINELANDER AVENUE,NY,V0,11,,"RAMIREZ, ALICIA E",2250,0,25.0,90.0,3,5160,0,,,2,1024338.0,249354.0,40.8510031,-73.8550963,4a,,New York
BX,4983,65,212.0,12.0,10466.0,47.0,4057 WILDER AVENUE,NY,V0,11,,LEONARD H HUTCHINSON,2375,0,25.0,95.0,5,7380,0,,,2,1027993.0,264360.0,40.8921725,-73.8417868,2b,,New York
BX,4275,49,211.0,13.0,10461.0,49.0,1916 YATES AVENUE,NY,V0,11,,"HAXHAJ, BESAR",2500,0,25.0,100.0,5,7140,0,,,2,1025175.0,250130.0,40.8531291,-73.8520661,4a,,New York
BX,2293,77,201.0,17.0,10455.0,40.0,431 EAST 148 STREET,NY,V1,11,,"BRONXLAND REALTY, L.L.C.",2570,0,28.08,106.1,5,142200,0,,,2,1007317.0,236193.0,40.8149408,-73.9166663,6a,,New York
BX,3214,46,207.0,14.0,10468.0,52.0,2533 GRAND AVENUE,NY,V0,11,,GRAND LAND HOLDING LLC,5300,0,50.0,106.0,5,12900,0,,,2,1011526.0,254697.0,40.8657169,-73.9013853,3c,,New York
BX,4555,56,211.0,12.0,10469.0,49.0,2919 HONE AVENUE,NY,V0,11,,"MOUNT SINAI PROPERTIES, INC.",4777,0,51.21,92.9,5,16980,0,,,2,1023558.0,255705.0,40.8684381,-73.8578784,4a,,New York
BX,2711,93,202.0,17.0,10459.0,41.0,867 FOX STREET,NY,V1,11,,"FOX STREET HOLDINGS, LLC",2000,0,20.0,100.0,5,64350,0,,,2,1013145.0,237516.0,40.8185549,-73.8956059,6c,,New York
BX,4972,8,212.0,12.0,10466.0,47.0,1619 EAST 233 STREET,NY,V1,11,,1619 E. 233 ST. REALTY CORP.,3613,0,26.6,149.32,3,49500,0,,,2,1031626.0,263302.0,40.8892499,-73.8286542,2b,,New York
BX,3524,19,209.0,18.0,10473.0,43.0,514 SOUNDVIEW AVENUE,NY,V0,11,,"NAVA-NICE CONSTRUCTION COMPANY, INC.",2563,0,25.0,102.5,5,11580,0,,,2,1022967.0,236634.0,40.8160965,-73.8601254,7a,,New York
BX,4863,35,212.0,12.0,10466.0,47.0,917 EAST 227 STREET,NY,V0,11,,LE ROY WEEKS,548,0,5.0,109.58,8,305,0,,,2,1024884.0,262599.0,40.887354,-73.8530424,2b,,New York
BX,2737,38,202.0,17.0,10474.0,41.0,857 BARRY STREET,NY,V1,11,,KIMCOMATT REALTY 840 LLC,5000,0,50.0,100.0,6,186750,0,,,2,1014003.0,236416.0,40.8155329,-73.8925109,6c,,New York
BX,4855,72,212.0,11.0,10466.0,47.0,838A EAST 231 STREET,NY,V0,11,,"RUPRAM, REBEKAH",258,0,2.25,114.67,8,732,0,,,2,1024641.0,263730.0,40.8904594,-73.8539144,2b,,New York
BX,4991,15,212.0,12.0,10466.0,47.0,2235 STRANG AVENUE,NY,V0,11,,F J COMPASSO,3675,0,25.0,140.58,5,11880,0,,,2,1030058.0,264403.0,40.8922801,-73.8343177,2b,,New York
BX,5607,72,210.0,13.0,10465.0,45.0,206 HOSMER AVENUE,NY,V0,11,,204 HOSMER AVE LLC.,2500,0,25.0,100.0,5,7080,0,,,2,1032441.0,235505.0,40.8129511,-73.8259064,7a,,New York
BX,4671,100,212.0,12.0,10467.0,47.0,848A EAST 213 STREET,NY,V0,11,,VICTORIA AKUJUO,1540,0,25.0,61.58,6,5850,0,,,2,1022913.0,259042.0,40.8776,-73.8601912,2b,,New York
BX,4293,59,211.0,13.0,10462.0,49.0,2063 MATTHEWS AVENUE,NY,V0,11,,JOSE COTTO,2500,0,25.0,100.0,5,11580,0,,,2,1022076.0,249975.0,40.8527175,-73.8632691,4a,,New York
BX,4237,39,210.0,13.0,10461.0,45.0,3146 SANDS PLACE,NY,V0,11,,"LAJARA, JOHN",2500,0,25.0,100.0,5,12540,0,,,2,1031783.0,249276.0,40.850752,-73.8281859,4a,,New York
BX,2410,53,201.0,17.0,10451.0,40.0,337 EAST 150 STREET,NY,V0,11,,KEMP CHRISTINA,2960,0,25.0,118.4,5,10500,0,,,2,1006472.0,237155.0,40.8175834,-73.9197158,6a,,New York
BX,2410,14,201.0,17.0,10451.0,40.0,272 EAST 151 STREET,NY,V1,11,X,MADONNA DEL SUF RCC,23680,0,150.0,236.8,4,898200,0,,,2,1005957.0,237424.0,40.818323,-73.9215755,6a,,New York
BX,2410,72,201.0,17.0,10451.0,40.0,295 EAST 150 STREET,NY,V1,11,,MADONNA R C CHURCH,5900,0,50.0,118.0,5,258750,0,,,2,1006011.0,237311.0,40.8180127,-73.9213808,6a,,New York
BX,2410,43,201.0,17.0,10451.0,40.0,599 COURTLANDT AVENUE,NY,V1,11,,COURTLANDT DEVELOPMENT GROUP LLC,2960,0,29.5,100.0,5,64350,0,,,2,1006590.0,237225.0,40.8177752,-73.9192893,6a,,New York
BX,3762,41,209.0,18.0,10472.0,43.0,1243 ST LAWRENCE AVENUE,NY,V1,11,,APGC REALTY LLC,1544,0,30.88,50.0,5,49500,0,,,2,1020963.0,242103.0,40.8311159,-73.8673354,4b,,New York
BX,3794,61,209.0,18.0,10472.0,43.0,1983 ELLIS AVENUE,NY,V0,11,,DYEA ELLIS AVE LLC,265,0,16.0,16.5,5,120,0,,,2,1023469.0,242357.0,40.8318023,-73.8582783,4b,,New York
BX,3794,60,209.0,18.0,10472.0,43.0,1985 ELLIS AVENUE,NY,V0,11,,DYEA ELLIS AVE LLC,264,0,16.0,16.5,5,120,0,,,2,1023485.0,242360.0,40.8318104,-73.8582205,4b,,New York
BX,2676,71,201.0,17.0,10455.0,40.0,781 PROSPECT AVENUE,NY,V0,11,,WESTCHESTER PLAZA LLC,4042,0,25.0,161.67,5,8520,0,,,2,1011189.0,237426.0,40.8183141,-73.902673,6c,,New York
BX,2676,72,201.0,17.0,10455.0,40.0,779 PROSPECT AVENUE,NY,V0,11,,WESTCHESTER PLAZA LLC,4755,0,30.0,158.5,5,13080,0,,,2,1011172.0,237398.0,40.8182373,-73.9027346,6c,,New York
BX,2674,45,201.0,8.0,10455.0,40.0,587 PROSPECT AVENUE,NY,V1,11,,587 PROSPECT CORP,2000,0,20.0,100.0,5,57600,0,,,2,1010720.0,235687.0,40.8135424,-73.9043743,6c,,New York
BX,5598,63,210.0,13.0,10465.0,45.0,259 BUTTRICK AVENUE,NY,V0,11,,BUTTRICK 123 LLC,2600,0,26.0,100.0,5,3840,0,,,2,1032773.0,236274.0,40.81506,-73.8247015,7a,,New York
BX,5598,67,210.0,13.0,10465.0,45.0,257 BUTTRICK AVENUE,NY,V0,11,,BUTTRICK 123 LLC,3400,0,34.0,100.0,5,5040,0,,,2,1032786.0,236247.0,40.8149858,-73.8246547,7a,,New York
BX,3610,57,209.0,18.0,10473.0,43.0,2158 HOMER AVENUE,NY,V0,11,,"FRATICELLI, CLARA",1242,0,12.42,100.0,5,2100,0,,,2,1025939.0,238623.0,40.8215422,-73.8493759,7a,,New York
BX,3610,58,209.0,18.0,10473.0,43.0,2160 HOMER AVENUE,NY,V0,11,X,RC CH ST JOHN VIANNEY,2500,0,25.0,100.0,5,4800,0,,,2,1025958.0,238626.0,40.8215504,-73.8493073,7a,,New York
BX,3611,6,209.0,18.0,10473.0,43.0,2163 HOMER AVENUE,NY,V0,11,,"KHULDIPH, SHAMNARAINE",2250,0,25.0,90.0,5,3780,0,,,2,1025955.0,238783.0,40.8219813,-73.8493171,7a,,New York
BX,5431,48,210.0,13.0,10465.0,45.0,733 EDISON AVENUE,NY,V0,11,,PETER J PAOLUCCI,3125,0,25.0,125.0,5,6000,0,,,2,1033555.0,240743.0,40.8273218,-73.8218435,4d,,New York
BX,2661,38,203.0,17.0,10456.0,42.0,1145 TINTON AVENUE,NY,V0,11,X,NORTHESTERN CONFERENCE CORP,2500,0,25.0,100.0,5,8400,0,,,2,1011538.0,240801.0,40.8275764,-73.9013984,3d,,New York
BX,2662,27,203.0,17.0,10456.0,42.0,1175 TINTON AVENUE,NY,V0,11,X,NEIGHBORHOOD RESTORE HOUSING DEVELOPMENT  FUND CORP,2228,0,16.5,135.0,5,7500,0,,,2,1011640.0,241168.0,40.8285834,-73.9010284,3d,,New York
BX,3525,7,209.0,18.0,10473.0,43.0,1869 LACOMBE AVENUE,NY,V0,11,,CREEK CAPITAL CORP.,5000,0,50.0,100.0,5,27780,0,,,2,1023192.0,236443.0,40.8155713,-73.8593136,7a,,New York
BX,3525,27,209.0,18.0,10473.0,43.0,532 LELAND AVENUE,NY,V0,11,,"BUDHU, SHAMWATTIE",1714,0,20.0,100.0,5,7260,0,,,2,1023113.0,236744.0,40.8163978,-73.8595973,7a,,New York
BX,2662,25,203.0,17.0,10456.0,42.0,1179 TINTON AVENUE,NY,V0,11,,1177 TINTON LLC,2250,0,16.67,135.0,5,7560,0,,,2,1011649.0,241199.0,40.8286685,-73.9009957,3d,,New York
BX,2711,92,202.0,17.0,10459.0,41.0,869 FOX STREET,NY,V1,11,,"DAGBATSA, MARTHA",2000,0,20.0,100.0,5,64350,0,,,2,1013158.0,237532.0,40.8185988,-73.8955589,6c,,New York
BX,2711,94,202.0,17.0,10459.0,41.0,865 FOX STREET,NY,V1,11,,"FOX STREET HOLDINGS, LLC",3050,0,61.08,100.0,3,100350,0,,,2,1013138.0,237483.0,40.8184644,-73.8956313,6c,,New York
BX,2711,91,202.0,17.0,10459.0,41.0,871 FOX STREET,NY,V1,11,,JIMENEZ CARLOS,2000,0,20.0,100.0,5,64350,0,,,2,1013171.0,237548.0,40.8186427,-73.8955118,6c,,New York
BX,4106,50,211.0,13.0,10461.0,49.0,1626 HAIGHT AVENUE,NY,V0,11,,"ASSALONE, JOHN",5000,0,50.0,100.0,5,18360,0,,,2,1025490.0,247996.0,40.8472705,-73.8509406,4b,,New York
BX,3525,1,209.0,18.0,10473.0,43.0,1877 LACOMBE AVENUE,NY,V0,11,,"O'BRIEN, JOHN",2500,0,25.0,100.0,3,10500,0,,,2,1023304.0,236463.0,40.8156257,-73.8589089,7a,,New York
BX,2756,90,202.0,17.0,10459.0,41.0,1156 EAST 165 STRREET,NY,V1,11,,"HP WHITLOCK II HOUSING DEVELOPMENT FUND  COMPANY,",27251,0,162.03,171.01,3,868950,0,,,2,1015521.0,239844.0,40.8249365,-73.8870109,6c,,New York
BX,3527,45,209.0,18.0,10473.0,43.0,1920 RANDALL AVENUE,NY,V0,11,,BRIGLALL CHRISTENLALL,2500,0,23.42,100.0,5,11280,0,,,2,1023667.0,237174.0,40.8175755,-73.8575933,7a,,New York
BX,3527,44,209.0,18.0,10473.0,43.0,1910 RANDALL AVENUE,NY,V0,11,,ALTEO REALTY LLC,2900,0,30.58,100.0,5,13080,0,,,2,1023569.0,237154.0,40.8175211,-73.8579474,7a,,New York
BX,3526,67,209.0,18.0,10473.0,43.0,519 BOLTON AVENUE,NY,V0,11,,NY EXCLUSIVE REALTY LLC,2500,0,25.0,100.0,5,11280,0,,,2,1023493.0,236663.0,40.8161738,-73.8582249,7a,,New York
BX,4456,45,211.0,13.0,10469.0,49.0,1104 ALLERTON AVENUE,NY,V0,11,,"KM REALTY NY, L.L.C",2500,0,25.0,100.0,5,7140,0,,,2,1024250.0,254513.0,40.8651634,-73.8553836,4a,,New York
BX,2979,8,203.0,17.0,10459.0,42.0,1222 SOUTHERN BOULEVARD,NY,V1,11,X,1218 SOUTHERN BLVD LLC,3150,0,30.0,105.0,5,109350,0,,,2,1014271.0,241396.0,40.8292007,-73.8915204,3d,,New York
BX,2979,7,203.0,17.0,10459.0,42.0,1218 SOUTHERN BOULEVARD,NY,V1,11,X,1218 SOUTHERN BLVD LLC,2872,0,25.0,113.98,5,100800,0,,,2,1014276.0,241368.0,40.8291238,-73.8915025,3d,,New York
BX,3563,15,209.0,18.0,10473.0,43.0,628 BOLTON AVENUE,NY,V0,11,,NORTHEASTERN CORPORATION OF SE,2500,0,25.0,100.0,5,11280,0,,,2,1023497.0,237557.0,40.8186275,-73.8582052,7a,,New York
BX,3599,140,209.0,18.0,10473.0,43.0,1830 LAFAYETTE AVENUE,NY,V0,11,,BTJ REALTY CORPORATIO,1520,0,76.0,40.67,5,4020,0,,,2,1022343.0,238524.0,40.8212867,-73.862369,7a,,New York
BX,3563,20,209.0,18.0,10473.0,43.0,1900 SEWARD AVENUE,NY,V0,11,,NORTHEASTERN CONFERCORP,77500,0,200.0,400.0,3,475320,0,,,2,1023514.0,237757.0,40.8191764,-73.8581426,7a,,New York
BX,3526,38,209.0,18.0,10473.0,43.0,558 UNDERHILL AVENUE,NY,V0,11,,"REINOSO, FREDDY",2500,0,25.0,100.0,5,11280,0,,,2,1023329.0,237013.0,40.8171351,-73.8588153,7a,,New York
BX,2979,10,203.0,17.0,10459.0,42.0,1224 SOUTHERN BOULEVARD,NY,V1,11,X,1218 SOUTHERN BLVD LLC,3150,0,30.0,105.0,5,109350,0,,,2,1014271.0,241426.0,40.829283,-73.8915203,3d,,New York
BX,2745,30,203.0,17.0,10459.0,42.0,1175 HOE AVENUE,NY,V0,11,,"UNIQUE PEOPLE SERVICES, INC.",2500,0,25.0,100.0,5,11580,0,,,2,1014369.0,241044.0,40.8282342,-73.8911679,3d,,New York
BX,2745,44,203.0,17.0,10459.0,42.0,1143 HOE AVENUE,NY,V0,11,,JUST FUEL INC.,5025,0,50.25,100.0,5,28920,0,,,2,1014366.0,240682.0,40.8272406,-73.8911804,3d,,New York
BX,3559,34,209.0,18.0,10473.0,43.0,644 TAYLOR AVENUE,NY,V0,11,,"SHELDON, RICHARDS A",2500,0,25.0,100.0,5,11280,0,,,2,1022426.0,237622.0,40.8188106,-73.8620742,7a,,New York
BX,2718,48,202.0,17.0,10459.0,41.0,1111 FOX STREET,NY,V0,11,,"FORT APACHE RESIDENCES, LLC",12766,0,100.0,136.42,5,74280,0,,,2,1013528.0,240612.0,40.8270513,-73.8942087,3d,,New York
BX,3522,66,209.0,18.0,10473.0,43.0,525 TAYLOR AVENUE,NY,V0,11,,JULIO Y SOSA,2500,0,25.0,100.0,5,11280,0,,,2,1022464.0,236504.0,40.8157419,-73.8619433,7a,,New York
BX,3521,67,209.0,18.0,10473.0,43.0,529 BEACH AVENUE,NY,V0,11,,"GARCIA, ANGEL G",2456,0,25.0,98.25,5,7140,0,,,2,1022195.0,236534.0,40.8158254,-73.862915,7a,,New York
BX,3521,74,209.0,18.0,10473.0,43.0,511 BEACH AVENUE,NY,V0,11,,"FELIX, CHARLES A",5000,0,50.0,100.0,5,18360,0,,,2,1022228.0,236349.0,40.8153175,-73.8627968,7a,,New York
BX,2936,6,203.0,15.0,10456.0,42.0,1416 FRANKLIN AVENUE,NY,V0,11,,SIERRA PLACE LLC,10202,0,24.99,130.0,5,41880,0,,,2,1012052.0,243243.0,40.8342774,-73.899531,3d,,New York
BX,2931,60,203.0,16.0,10456.0,42.0,1393 FRANKLIN AVENUE,NY,V0,11,,BRONX-LEBANON HSPTLCNTR,1900,0,20.0,94.75,5,4800,0,,,2,1011761.0,243159.0,40.8340478,-73.900583,3d,,New York
BX,3521,19,209.0,18.0,10473.0,43.0,522A ST LAWRENCE AVENUE,NY,V0,11,,"CORONADO, RAMON  N",3100,0,4.75,100.0,8,4512,0,,,2,1022117.0,236476.0,40.8156665,-73.8631971,7a,,New York
BX,2706,12,202.0,17.0,10459.0,41.0,1120 INTERVALE AVENUE,NY,V0,11,,"KHAN, MOHAMED N",1864,0,20.0,107.09,4,6600,0,,,2,1012949.0,240438.0,40.8265756,-73.8963015,6c,,New York
BX,2679,14,203.0,17.0,10459.0,42.0,1062 UNION AVENUE,NY,V0,11,X,ST ANTHONY OF PADUA ROMAN CATHOLIC CHURC H,1523,0,17.0,89.0,5,4200,0,,,2,1011802.0,240030.0,40.8254594,-73.9004477,6c,,New York
BX,2693,34,202.0,17.0,10459.0,41.0,856 HOME STREET,NY,V0,11,,"SAINTILUS, WOOLDER",1050,0,23.17,58.25,5,3840,0,,,2,1012567.0,240887.0,40.8278092,-73.8976799,3d,,New York
BX,2700,36,202.0,17.0,10459.0,41.0,1078 HALL PLACE,NY,V0,11,,1078 HALL PLACE LLC,2474,0,30.0,48.92,4,11580,0,,,2,1012707.0,240080.0,40.8255938,-73.8971775,6c,,New York
BX,2933,41,203.0,17.0,10456.0,42.0,1355 CLINTON AVENUE,NY,V0,11,,NKLRB LLC,2175,0,24.58,87.25,5,6720,0,,,2,1011937.0,242744.0,40.8329082,-73.8999487,3d,,New York
BX,2931,20,203.0,16.0,10456.0,42.0,1342 FULTON AVENUE,NY,V0,11,X,IGLESIA NI CRISTO (CHURCH OF CHRIST),5200,0,25.0,207.58,5,21840,0,,,2,1011297.0,242842.0,40.8331791,-73.902261,3d,,New York
BX,2691,9,202.0,17.0,10459.0,41.0,1032 PROSPECT AVENUE,NY,V1,11,X,ZION PENTECOSTAL FAITH CENTER,1354,0,16.5,81.25,5,39150,0,,,2,1012128.0,239679.0,40.824495,-73.8992712,6c,,New York
BX,4202,18,211.0,13.0,10461.0,49.0,1827 TENBROECK AVENUE,NY,V0,11,,"AHMED, NASREEN",2500,0,25.0,100.0,5,7200,0,,,2,1025742.0,249881.0,40.852443,-73.8500181,4a,,New York
BX,2931,29,203.0,16.0,10456.0,42.0,1356 FULTON AVENUE,NY,V0,11,,PROMESA HOMEFIRST HOUSING DEVELOPMENT FU ND COMPANY,27486,0,131.0,207.83,5,115380,0,,,2,1011416.0,243075.0,40.8338183,-73.9018301,3d,,New York
BX,2931,56,203.0,16.0,10456.0,42.0,604 EAST 170 STREET,NY,V0,11,,ZEINALI ABE,2350,0,18.75,124.67,5,7260,0,,,2,1011703.0,243175.0,40.8340919,-73.9007925,3d,,New York
BX,2931,61,203.0,16.0,10456.0,42.0,1391 FRANKLIN AVENUE,NY,V0,11,,BRONX-LEBANON HSPTLCNTR,1895,0,20.0,94.75,5,4740,0,,,2,1011752.0,243141.0,40.8339984,-73.9006156,3d,,New York
BX,2716,33,202.0,17.0,10459.0,41.0,896 EAST 167 STREET,NY,V0,11,,896 E. 167 LLC,2271,0,25.0,90.83,5,9060,0,,,2,1013182.0,240153.0,40.8257926,-73.8954609,6c,,New York
BX,2692,42,202.0,17.0,10459.0,41.0,886 HOME STREET,NY,V1,11,,"PETERS, VAUGHN L.",1063,0,25.0,42.5,5,30600,0,,,2,1013038.0,240965.0,40.8280218,-73.8959777,3d,,New York
BX,3521,16,209.0,18.0,10473.0,43.0,516 ST LAWRENCE AVENUE,NY,V0,11,,"VEGA, KATHERINE",4600,0,23.17,100.0,5,12420,0,,,2,1022128.0,236383.0,40.8154112,-73.8631579,7a,,New York
BX,2693,8,202.0,17.0,10459.0,41.0,1196 PROSPECT AVENUE,NY,V1,11,,"1196 PROSPECT AVENUE, LLC",2117,0,30.0,66.52,4,56250,0,,,2,1012386.0,240528.0,40.8268245,-73.8983354,3d,,New York
BX,5562,61,210.0,13.0,10465.0,45.0,2886 ROOSEVELT AVENUE,NY,V1,11,,2886 ROOSEVELT LLC,5000,0,50.0,100.0,5,137700,0,,,2,1033713.0,240006.0,40.825298,-73.821278,7c,,New York
BX,2434,30,204.0,16.0,10456.0,44.0,1129 FINDLAY AVENUE,NY,V0,11,O,NYC HOUSING AUTHORITY,3801,0,38.0,100.02,5,17520,0,,,2,1008110.0,241986.0,40.8308388,-73.9137808,3b,,New York
BX,5546,3,210.0,13.0,10465.0,45.0,2806 LAFAYETTE AVENUE,NY,V0,11,,"SALEH, WILLIAM",3000,0,25.0,120.0,5,5760,0,,,2,1031824.0,240969.0,40.8279516,-73.8280966,4b,,New York
BX,2963,3,203.0,17.0,10459.0,42.0,1406 PROSPECT AVENUE,NY,V0,11,,2166 DEAN LLC,1672,0,20.75,80.58,5,6540,0,,,2,1012940.0,242515.0,40.8322764,-73.8963252,3d,,New York
BX,3597,45,209.0,18.0,10473.0,43.0,755 BEACH AVENUE,NY,V0,11,,"EDWARDS, NELLIE",2500,0,25.0,100.0,5,8400,0,,,2,1021878.0,238313.0,40.8207096,-73.8640502,7a,,New York
BX,5309,36,210.0,13.0,10461.0,45.0,1119 EDISON AVENUE,NY,V1,11,,BRUCKNER BLVD. PROPERTIES LLC,2766,0,25.67,107.75,5,90450,0,,,2,1031974.0,243192.0,40.8340522,-73.8275388,4b,,New York
BX,2971,50,203.0,17.0,10459.0,42.0,843 FREEMAN STREET,NY,V0,11,,MOORE  JAMES E,3087,0,24.42,126.42,5,1959,0,,,2,1012985.0,241952.0,40.830731,-73.896165,3d,,New York
BX,2964,18,203.0,17.0,10459.0,42.0,1393 STEBBINS AVENUE,NY,V0,11,,1393 STEBBINS AVENUECORP.,4000,0,40.0,100.0,5,18480,0,,,2,1013467.0,242758.0,40.8329417,-73.8944197,3d,,New York
BX,2314,79,201.0,8.0,10454.0,40.0,301 EAST 139 STREET,NY,V0,11,,"WOOD, ELIZABETH",2975,0,30.0,99.17,5,9240,0,,,2,1005026.0,234791.0,40.8110984,-73.9249473,6a,,New York
BX,5355,8,210.0,13.0,10461.0,45.0,1312 EDISON AVENUE,NY,V0,11,,"RADONCIC, ELVIR",2375,0,25.0,95.0,5,7740,0,,,2,1031188.0,244749.0,40.83833,-73.8303683,4b,,New York
BX,2971,41,203.0,17.0,10459.0,42.0,1315 CHISHOLM STREET,NY,V0,11,,MT CARMEL BAPTIST CHURCH,2504,0,24.5,106.03,5,11700,0,,,2,1013037.0,242024.0,40.8309284,-73.8959767,3d,,New York
BX,2283,14,201.0,8.0,10454.0,40.0,410 EAST 139 STREET,NY,V1,11,,DANIEL J MCGIVNEY,991,0,16.0,61.0,5,28800,0,,,2,1005829.0,234188.0,40.8094414,-73.9220484,6a,,New York
BX,2301,24,201.0,8.0,10454.0,40.0,247 WILLIS AVENUE,NY,V1,11,,"ESCAMILLA, CARMELITA",2500,0,25.0,100.0,5,59850,0,,,2,1005615.0,234298.0,40.8097438,-73.9228211,6a,,New York
BX,2314,66,201.0,8.0,10454.0,40.0,314 EAST 140 STREET,NY,V0,11,,ALOHA REAL ESTATE LLC,3018,0,30.0,100.58,5,9000,0,,,2,1005076.0,234881.0,40.8113453,-73.9247664,6a,,New York
BX,2315,17,201.0,8.0,10454.0,40.0,307 ALEXANDER AVENUE,NY,V0,11,C,NEW YORK PUBLIC LIBRARY,2510,0,25.0,100.42,5,9180,0,,,2,1005193.0,235012.0,40.8117046,-73.9243433,6a,,New York
BX,5437,5,210.0,13.0,10465.0,45.0,3011 SCHLEY AVENUE,NY,V0,11,,JS365 LLC,2400,0,24.0,100.0,5,6900,0,,,2,1034554.0,240115.0,40.8255925,-73.8182385,7c,,New York
BX,5606,39,210.0,13.0,10465.0,45.0,2668 SCHURZ AVENUE,NY,V1,11,,SCHURZ AVENUE BX LLC,15859,0,42.5,373.0,2,158850,0,,,2,1033175.0,235326.0,40.8124558,-73.8232561,7a,,New York
BX,5331,22,210.0,13.0,10461.0,45.0,3207 EAST TREMONT AVENUE,NY,V1,11,,M.T.S. REALTY CORPORATION,2506,0,25.0,100.25,5,62550,0,,,2,1030378.0,244077.0,40.8364898,-73.8333002,4b,,New York
BX,5309,50,210.0,13.0,10461.0,45.0,2917 BRUCKNER BOULEVARD,NY,V1,11,,"BRUCKNER BLVD. PROPERTIES, LLC",5476,0,76.5,71.58,5,67950,0,,,2,1031876.0,243070.0,40.8337179,-73.8278938,4b,,New York
BX,3974,50,210.0,18.0,10461.0,45.0,2467 WESTCHESTER AVENUE,NY,V1,11,,"J & D DONOVAN,",6144,0,50.0,123.08,5,187200,0,,,2,1027038.0,244741.0,40.8383291,-73.8453662,4b,,New York
BX,3991,28,210.0,18.0,10462.0,45.0,1660 PARKER STREET,NY,V0,11,X,"CAPILLA EVANGELICA,INC.",2375,0,25.0,95.0,5,7380,0,,,2,1025146.0,245311.0,40.8399025,-73.8522003,4b,,New York
BX,3994,13,210.0,18.0,10461.0,45.0,1622 SEDDON STREET,NY,V0,11,X,MONTEFIORE MEDICAL CENTER,2429,0,25.0,97.17,5,10080,0,,,2,1026073.0,245652.0,40.8408341,-73.848848,4b,,New York
BX,2857,22,204.0,16.0,10452.0,44.0,1448 CROMWELL AVENUE,NY,V0,11,,MASAJUAR REALTY LLC,2775,0,25.0,111.0,5,22440,0,,,2,1006788.0,246064.0,40.8420352,-73.9185442,3b,,New York
BX,2857,21,204.0,16.0,10452.0,44.0,1446 CROMWELL AVENUE,NY,V0,11,,MASAJUAR REALTY LLC,2750,0,25.0,110.0,5,22260,0,,,2,1006776.0,246043.0,40.8419776,-73.9185877,3b,,New York
BX,2855,51,204.0,16.0,10452.0,44.0,1298 INWOOD AVENUE,NY,V0,11,X,HELP INWOOD HOUSING DEVELOPMENT FUND,20000,0,100.0,200.0,4,24000,0,,,2,1006386.0,244670.0,40.8382101,-73.9200017,3b,,New York
BX,2820,47,204.0,16.0,10457.0,44.0,1537 MORRIS AVENUE,NY,V0,11,,HEPHAISTOS DEVELOPING LLC,1895,0,25.05,76.61,5,6720,0,,,2,1009180.0,246146.0,40.8422539,-73.9098989,3d,,New York
BX,2820,61,204.0,16.0,10457.0,44.0,1505 MORRIS AVENUE,NY,V0,11,,MORRIS AVENUE ASSOCIATES II LLC,3135,0,33.0,95.0,5,14460,0,,,2,1009228.0,245783.0,40.8412574,-73.9097268,3d,,New York
BX,2820,51,204.0,16.0,10457.0,44.0,1527 MORRIS AVENUE,NY,V0,11,,1527 MORRIS REALTY L.P.,2311,0,25.58,90.33,5,9240,0,,,2,1009183.0,246044.0,40.8419739,-73.9098884,3d,,New York
BX,2820,60,204.0,16.0,10457.0,44.0,1507 MORRIS AVENUE,NY,V0,11,,MORRIS AVENUE ASSOCIATES II LLC,3135,0,33.0,95.0,5,9900,0,,,2,1009222.0,245816.0,40.841348,-73.9097483,3d,,New York
BX,2820,59,204.0,16.0,10457.0,44.0,1509 MORRIS AVENUE,NY,V0,11,,MP MORRIS AVENUE PARKING LLC,3230,0,34.0,95.0,5,14160,0,,,2,1009216.0,245849.0,40.8414386,-73.9097699,3d,,New York
BX,2820,52,204.0,16.0,10457.0,44.0,1521 MORRIS AVENUE,NY,V0,11,,1527 MORRIS REALTY L.P.,2833,0,29.33,96.58,5,13080,0,,,2,1009178.0,246011.0,40.8418833,-73.9099066,3d,,New York
BX,5488,7,210.0,13.0,10465.0,45.0,3164 SCHLEY AVENUE,NY,V0,11,,BRIDGET ENDICO,2500,0,25.0,100.0,5,4800,0,,,2,1035433.0,240493.0,40.8266249,-73.8150596,4d,,New York
BX,4302,41,211.0,13.0,10462.0,49.0,2034 PAULDING AVENUE,NY,V0,11,,"BENCIVENGA , JOSEPH",2500,0,25.0,100.0,5,7080,0,,,2,1023242.0,250252.0,40.8534727,-73.8590527,4a,,New York
BX,4053,26,211.0,13.0,10462.0,49.0,1852 WALLACE AVENUE,NY,V0,11,,"VAGUEIRO, MANUEL A",1425,0,15.0,95.0,5,6180,0,,,2,1021955.0,248004.0,40.8473082,-73.8637175,4b,,New York
BX,4054,53,211.0,13.0,10462.0,49.0,1869 MATTHEWS AVENUE,NY,V0,11,,GENNARO AND ANTONIETTA CALISI IRREVOCABL E TRUST,2500,0,25.0,100.0,5,11880,0,,,2,1022239.0,248269.0,40.8480343,-73.8626895,4b,,New York
BX,4030,10,211.0,13.0,10460.0,49.0,1755 UNIONPORT ROAD,NY,V0,11,X,ST DOMINIC CHURCH,2048,0,35.5,96.5,5,8460,0,,,2,1020804.0,247020.0,40.8446123,-73.8678831,3d,,New York
BX,3188,91,205.0,14.0,10468.0,46.0,17 EAST 184 STREET,NY,V0,11,,"184 CAPITAL, LLC",1742,0,25.0,69.67,5,12240,0,,,2,1011427.0,252795.0,40.8604968,-73.9017509,3c,,New York
BX,3188,8,205.0,14.0,10468.0,46.0,2392 JEROME AVENUE,NY,V5,11,O,NYC SCHOOL CONSTRUCTION AUTHORITY,10123,0,100.0,99.75,5,235800,0,,,2,1011401.0,253007.0,40.8610787,-73.901844,3c,,New York
BX,2807,51,205.0,14.0,10453.0,46.0,2034 MORRIS AVENUE,NY,V0,11,,2034 MORRIS LLC,2500,0,25.0,100.0,5,12000,0,,,2,1010313.0,249907.0,40.8525734,-73.9057894,3c,,New York
BX,4266,31,211.0,13.0,10462.0,49.0,960 NEILL AVENUE,NY,V0,11,,"AKTHER, TAHERA",2500,0,25.0,100.0,5,7080,0,,,2,1022867.0,249430.0,40.8512182,-73.860413,4a,,New York
BX,4263,60,211.0,13.0,10462.0,49.0,1923 MULINER AVENUE,NY,V0,11,,"MAC INDOE, ROBERT",2685,0,25.0,107.42,5,7620,0,,,2,1022374.0,248886.0,40.8497272,-73.8621981,4a,,New York
BX,4269,54,211.0,13.0,10462.0,49.0,1942 PAULDING AVENUE,NY,V0,11,,"ISLAM, BAHARUL",2500,0,25.0,100.0,5,7080,0,,,2,1023654.0,249560.0,40.8515716,-73.8575675,4a,,New York
BX,4274,6,211.0,13.0,10461.0,49.0,1152 NEILL AVENUE,NY,V0,11,,"LUCAJ, ROBERT",2500,0,25.0,100.0,5,7140,0,,,2,1024733.0,250539.0,40.8542537,-73.8536613,4a,,New York
BX,4276,69,211.0,13.0,10461.0,49.0,1956 HERING AVENUE,NY,V0,11,,"RROKU, KLAUDIO",2500,0,25.0,100.0,5,4740,0,,,2,1025135.0,250706.0,40.8547102,-73.8522072,4a,,New York
BX,4131,2,211.0,13.0,10461.0,49.0,1104 RHINELANDER AVENUE,NY,V0,11,,"CHOWDHURY, SADEK S",2250,0,25.0,90.0,5,5880,0,,,2,1024583.0,249500.0,40.8514027,-73.8542098,4a,,New York
BX,4226,422,211.0,13.0,10461.0,49.0,1850 EASTCHESTER ROAD,NY,V6,11,X,ALBERT EINSTEIN COLLEGE OF MEDICINE,4156,0,51.6,89.49,3,56250,0,,,2,1027283.0,249064.0,40.8501932,-73.844453,4a,,New York
BX,4266,8,211.0,13.0,10462.0,49.0,1918 BOGART AVENUE,NY,V0,11,,"MICHILLI, SERGIO",2500,0,25.0,100.0,5,7140,0,,,2,1023098.0,248967.0,40.8499464,-73.8595807,4a,,New York
BX,4226,420,211.0,13.0,10461.0,49.0,1848 EASTCHESTER ROAD,NY,V6,11,X,ALBERT EINSTEIN COLLEGE OF MEDICINE,3519,0,51.6,76.74,5,49950,0,,,2,1027268.0,249016.0,40.8500616,-73.8445076,4a,,New York
BX,4223,24,211.0,13.0,10461.0,49.0,1680 STILLWELL AVENUE,NY,V1,11,,1680 STILLWELL AVENUE LLC,10900,0,109.0,100.0,5,132300,0,,,2,1028710.0,251157.0,40.8559308,-73.8392811,4a,,New York
BX,4327,5,211.0,13.0,10461.0,49.0,1036 ESPLANADE,NY,V0,11,,VATAJ FAMILY LLC,2847,0,27.75,102.58,5,8160,0,,,2,1023295.0,250926.0,40.8553224,-73.8588572,4a,,New York
BX,4453,43,211.0,13.0,10469.0,49.0,2443 YATES AVENUE,NY,V0,11,,"MAIETTA, DOMENICO",2500,0,25.0,100.0,5,7080,0,,,2,1024315.0,253517.0,40.8624293,-73.8551545,4a,,New York
BX,4271,52,211.0,13.0,10461.0,49.0,1932 LURTING AVENUE,NY,V0,11,,GAN ATID DBA BRONX JEWISH CENTER,2500,0,25.0,100.0,5,7140,0,,,2,1024125.0,249783.0,40.8521815,-73.8558636,4a,,New York
BX,4440,1,211.0,13.0,10467.0,49.0,817 MACE AVENUE,NY,V0,11,,"BERISHA, GJYSTE",2500,0,25.0,100.0,3,10740,0,,,2,1022200.0,253855.0,40.8633664,-73.8627989,4a,,New York
BX,4219,39,211.0,13.0,10461.0,49.0,1563 BASSETT AVENUE,NY,V1,11,,BASSETT AVE. REALTY CORP.,2366,0,24.5,96.58,5,76050,0,,,2,1028166.0,250588.0,40.8543718,-73.8412514,4a,,New York
BX,3208,6,205.0,14.0,10453.0,46.0,2212 AQUEDUCT AVENUE EAST,NY,V0,11,,AQUEDUCT PARK LLC,2891,0,25.25,114.5,5,13380,0,,,2,1009895.0,252059.0,40.8584812,-73.9072921,3c,,New York
BX,5651,60,212.0,13.0,10803.0,47.0,1460 ROOSEVELT AVENUE,NY,V0,11,,"LIPPOLIS, MICHAEL",3400,0,129.36,63.42,5,6720,0,,,2,1040865.0,261355.0,40.8838516,-73.7952559,2d,,New York
BX,3208,46,205.0,14.0,10453.0,46.0,2257 GRAND AVENUE,NY,V1,11,,2257 GRAND AVENUE LLC,5000,0,50.0,100.0,5,171900,0,,,2,1010205.0,252161.0,40.8587603,-73.9061711,3c,,New York
BX,4551,16,211.0,12.0,10467.0,49.0,2936 MATTHEWS AVENUE,NY,V0,11,,"FERMAR REALTY, LLC",5342,0,53.57,100.0,3,21660,0,,,2,1022370.0,255818.0,40.8687535,-73.8621731,4a,,New York
BX,4514,10,211.0,13.0,10467.0,49.0,2726 MATTHEWS AVENUE,NY,V9,11,,BRONXWOOD PARKING CORP,2500,0,25.0,100.0,5,60750,0,,,2,1022347.0,254967.0,40.8664179,-73.8622611,4a,,New York
BX,4550,36,211.0,12.0,10467.0,49.0,2952 MATTHEWS AVENUE,NY,V0,11,,2952 MATTHEWS AVENUE CORP,2492,0,112.16,28.0,3,10740,0,,,2,1022247.0,255938.0,40.8690834,-73.8626172,4a,,New York
BX,4104,12,211.0,13.0,10461.0,49.0,1729 LURTING AVENUE,NY,V0,11,,"DANA SPINOLA, TRUSTEE",2500,0,25.0,100.0,5,7200,0,,,2,1024723.0,248468.0,40.8485695,-73.85371,4b,,New York
BX,4199,60,210.0,13.0,10461.0,45.0,3138 ARNOW PLACE,NY,V0,11,,"KASTRAT, ANELA",2428,0,25.0,102.23,5,11580,0,,,2,1031666.0,249016.0,40.850039,-73.8286106,4a,,New York
BX,3206,43,205.0,14.0,10453.0,46.0,2138 HARRISON AVENUE,NY,V0,11,,NIETO MARIA D,2725,0,34.58,79.28,5,12720,0,,,2,1009658.0,251261.0,40.8562917,-73.9081519,3c,,New York
BX,4232,51,210.0,13.0,10461.0,45.0,1935 PILGRIM AVENUE,NY,V0,11,,ATLANTIS HOUSING LLC,2375,0,25.0,95.0,5,11100,0,,,2,1030374.0,249173.0,40.8504768,-73.8332796,4a,,New York
BX,4515,22,211.0,13.0,10469.0,49.0,2803 BOSTON ROAD,NY,V1,11,,"2803 BOSTON ROAD, LLC",18732,0,150.0,62.1,3,211050,0,,,2,1022761.0,255281.0,40.8672779,-73.8607625,4a,,New York
BX,3208,5,205.0,14.0,10453.0,46.0,2210 AQUEDUCT AVENUE EAST,NY,V0,11,,"AQUEDUCT GARDENS, LLC",3087,0,25.36,122.37,5,14400,0,,,2,1009884.0,252037.0,40.8584209,-73.907332,3c,,New York
BX,4243,42,210.0,13.0,10461.0,45.0,2881 EAST 196 STREET,NY,V0,11,,2881 EAST 196 LLC,3125,0,31.25,100.0,5,15720,0,,,2,1030777.0,250492.0,40.8540949,-73.8318138,4a,,New York
BX,4515,26,211.0,13.0,10469.0,49.0,2768 WILLIAMSBRIDGE ROAD,NY,V1,11,,2803 BOSTON ROAD LLC,2500,0,25.0,100.0,5,74250,0,,,2,1022710.0,255310.0,40.8673577,-73.8609467,4a,,New York
BX,5750,469,208.0,11.0,10463.0,50.0,726 WEST 231 STREET,NY,V0,11,,775 KAPPOCK STREET LLC,17550,0,100.0,150.0,5,94920,0,,,2,1006946.0,261361.0,40.8840204,-73.9179214,1b,,New York
BX,4554,35,211.0,12.0,10469.0,49.0,2959 PAULDING AVENUE,NY,V0,11,,2959 PAULDING AVENUE LLC,2500,0,25.0,100.0,3,11940,0,,,2,1023329.0,256021.0,40.8693065,-73.8587046,4a,,New York
BX,4575,42,212.0,12.0,10469.0,47.0,3021 COLDEN AVENUE,NY,V0,11,,"THOMPSON, CECIL ANTHONY",2500,0,25.0,100.0,5,14520,0,,,2,1023040.0,256387.0,40.8703123,-73.8597474,4a,,New York
BX,5923,231,208.0,11.0,10471.0,50.0,4540 PALISADE AVENUE,NY,V0,11,,NYC LAND LLC,10005,0,100.0,118.08,5,44700,0,,,2,1007361.0,264506.0,40.8926514,-73.9164097,1b,,New York
BX,5920,407,208.0,11.0,10471.0,50.0,680 WEST 246 STREET,NY,V0,11,X,DELAFIELD 246 CORP,422764,0,0.0,0.0,6,0,0,,,2,1007705.0,264948.0,40.8938636,-73.915164,1b,,New York
BX,4097,61,211.0,13.0,10462.0,49.0,1656 RADCLIFF AVENUE,NY,V0,11,,"PANAYOTOU, MICHAEL",2500,0,25.0,100.0,5,7200,0,,,2,1024212.0,247603.0,40.8461977,-73.8555622,4b,,New York
BX,4064,16,211.0,13.0,10461.0,49.0,1573 HONE AVENUE,NY,V0,11,,"HERNANDEZ-GARCIA, EDWIN R",2500,0,25.0,100.0,5,7200,0,,,2,1025225.0,247114.0,40.8448509,-73.8519038,4b,,New York
BX,4064,26,211.0,13.0,10461.0,49.0,1033 SACKET AVENUE,NY,V0,11,,"CARRERO, JESSICA",2516,0,25.48,103.12,5,7320,0,,,2,1025254.0,246942.0,40.8443786,-73.8518,4b,,New York
BX,4060,6,211.0,13.0,10462.0,49.0,986 PIERCE AVENUE,NY,V0,11,,BASSO MICHAEL,2500,0,25.0,100.0,5,7200,0,,,2,1024659.0,247027.0,40.8446147,-73.85395,4b,,New York
BX,5888,1556,208.0,11.0,10471.0,50.0,6661 BROADWAY,NY,V1,11,X,6661 BROADWAY BORROWER HOUSING DEVELOPME NT FUND,5471,0,95.5,58.31,3,123300,0,,,2,1012750.0,270993.0,40.9104404,-73.8968906,1c,,New York
BX,3198,12,207.0,14.0,10468.0,52.0,2306 GRAND AVENUE,NY,V0,11,,NORTH & GRAND LLC,2500,0,25.0,100.0,3,10860,0,,,2,1010634.0,252723.0,40.8603015,-73.904618,3c,,New York
BX,5873,1038,208.0,11.0,10471.0,50.0,218 FORSTER PLACE,NY,V0,11,,ALLAN I DORFMAN,3630,0,8.0,100.0,5,15300,0,,,2,1012596.0,270336.0,40.9086376,-73.8974506,1c,,New York
BX,3199,105,207.0,14.0,10468.0,52.0,2415 JEROME AVENUE,NY,V1,11,,"DELEONARDIS, FRANK",2500,0,25.0,100.0,5,86850,0,,,2,1011305.0,253268.0,40.8617954,-73.90219,3c,,New York
BX,3199,101,207.0,14.0,10468.0,52.0,2425 JEROME AVENUE,NY,V1,11,,"DELEONARDIS, FRANK",1942,0,19.57,100.03,5,56250,0,,,2,1011350.0,253363.0,40.862056,-73.902027,3c,,New York
BX,4104,38,211.0,13.0,10461.0,49.0,1730 HONE AVENUE,NY,V0,11,,GEMMA ROSE REALTY LLC,2500,0,25.0,100.0,5,7200,0,,,2,1024648.0,248395.0,40.8483695,-73.8539815,4b,,New York
BX,4383,27,211.0,13.0,10469.0,49.0,2217 SEYMOUR AVENUE,NY,V0,11,,C2618 DEVELOPMENT LLC,8133,0,81.33,100.0,5,17940,0,,,2,1026646.0,252320.0,40.8591331,-73.8467349,4a,,New York
BX,4577,4,212.0,12.0,10469.0,47.0,1011 ADEE AVENUE,NY,V0,11,,1011 & 1013 ADEE AVENUE LLC,2500,0,25.0,100.0,0,13260,0,,,2,1023517.0,256197.0,40.8697887,-73.8580238,4a,,New York
BX,3119,37,206.0,15.0,10460.0,48.0,2136 CROTONA PARKWAY,NY,V0,11,,2136 CROTONA PKY HSNG/ET,19040,0,128.75,145.67,3,104040,0,,,2,1016632.0,247761.0,40.8466624,-73.8829584,3d,,New York
BX,3122,30,206.0,15.0,10460.0,48.0,909 EAST 178 STREET,NY,V0,11,,SHK ESTATE LLC,1562,0,24.0,65.08,5,5640,0,,,2,1016476.0,246441.0,40.8430399,-73.8835285,3d,,New York
BX,4100,37,211.0,13.0,10461.0,49.0,1057 PIERCE AVENUE,NY,V0,11,,"GIANNNOTTI, GAYE",2500,0,25.0,100.0,5,7200,0,,,2,1025183.0,247524.0,40.8459764,-73.8520531,4b,,New York
BX,3123,51,206.0,15.0,10460.0,48.0,870 EAST 180 STREET,NY,V1,11,,SONID HOLDINGS LLC,5904,0,50.0,118.08,5,254700,0,,,2,1016562.0,247173.0,40.8450488,-73.8832142,3d,,New York
BX,3203,23,207.0,14.0,10468.0,52.0,2482 GRAND AVENUE,NY,V0,11,,"R.M. PROPERTY MANAGEMENT, INC.",2408,0,24.08,100.0,5,8580,0,,,2,1011349.0,254084.0,40.8640349,-73.9020277,3c,,New York
BX,3203,22,207.0,14.0,10468.0,52.0,2480 GRAND AVENUE,NY,V0,11,,"R.M. PROPERTY MANAGEMENT, INC.",2408,0,24.08,100.0,5,8580,0,,,2,1011337.0,254063.0,40.8639773,-73.9020711,3c,,New York
BX,3256,115,208.0,14.0,10463.0,50.0,2731 KINGSBRIDGE TERRACE,NY,V0,11,,2731 KINGSBRIDGE LLC,5287,0,54.42,97.17,5,11640,0,,,2,1010862.0,256903.0,40.8717737,-73.9037772,1d,,New York
BX,3253,224,208.0,14.0,10468.0,50.0,3057 SEDGWICK AVENUE,NY,V0,11,,SEDGWICK AVE NY 2 LLC,4950,0,50.0,99.0,5,19740,0,,,2,1011868.0,258631.0,40.8765134,-73.9001326,1d,,New York
BX,3256,45,208.0,14.0,10463.0,50.0,221 WEST KINGSBRIDGE RD,NY,V0,11,,L & W ROCE,4142,0,37.42,106.5,5,13680,0,,,2,1010777.0,257048.0,40.8721719,-73.9040839,1d,,New York
BX,3253,86,208.0,14.0,10463.0,50.0,2758 KINGSBRIDGE TERRACE,NY,V0,11,,YEAH BUDDY LLC,9885,0,80.17,125.0,5,24960,0,,,2,1011108.0,257202.0,40.8725936,-73.9028865,1d,,New York
BX,3257,39,208.0,14.0,10463.0,50.0,3120 HEATH AVENUE,NY,V0,11,,RM PROPERTY MANAGEMENT INC,10617,0,170.17,53.0,3,38400,0,,,2,1011735.0,259303.0,40.8783583,-73.9006107,1d,,New York
BX,3257,57,208.0,14.0,10463.0,50.0,3149 KINGSBRIDGE TERRACE,NY,V0,11,,"AKTER, MOSAMMAT S",2400,0,25.66,98.93,5,6840,0,,,2,1012085.0,259316.0,40.8783928,-73.899345,1d,,New York
BX,3258,143,208.0,11.0,10463.0,50.0,3493 CANNON PLACE,NY,V0,11,,DELUXE EQUITIES INC,1251,0,33.17,42.84,5,3306,0,,,2,1012530.0,260684.0,40.8821462,-73.8977301,1d,,New York
BX,3263,169,208.0,11.0,10463.0,50.0,3828 ORLOFF AVENUE,NY,V0,11,,"SANCHEZ, MARCUS",1906,0,25.29,79.48,5,4920,0,,,2,1012853.0,261100.0,40.8832869,-73.8965602,1d,,New York
BX,3263,195,208.0,11.0,10463.0,50.0,3904 ORLOFF AVENUE,NY,V0,11,,"LOPEZ, JOSELITO J",2417,0,36.5,88.08,3,6480,0,,,2,1013346.0,261363.0,40.8840072,-73.8947762,1d,,New York
BX,3258,142,208.0,11.0,10463.0,50.0,3491 CANNON PLACE,NY,V0,11,,DELUXE EQUITIES INC,1062,0,24.67,44.07,5,2964,0,,,2,1012547.0,260708.0,40.882212,-73.8976685,1d,,New York
BX,3258,144,208.0,11.0,10463.0,50.0,3495 CANNON PLACE,NY,V0,11,,DELUXE EQUITIES INC,1201,0,33.7,35.8,5,3192,0,,,2,1012510.0,260656.0,40.8820694,-73.8978025,1d,,New York
BX,4111,55,211.0,13.0,10461.0,49.0,1648 WILLIAMSBRIDGE ROAD,NY,V0,11,,"JEREZ, LUZ M",3038,0,25.11,122.21,5,8880,0,,,2,1025918.0,248354.0,40.8482511,-73.8493914,4b,,New York
BX,4458,67,211.0,13.0,10469.0,49.0,2541 TENBROECK AVENUE,NY,V0,11,,MOLISE MANAGEMENT LLC,2500,0,25.0,100.0,5,7140,0,,,2,1024850.0,254161.0,40.8641945,-73.8532165,4a,,New York
BX,4455,47,211.0,13.0,10469.0,49.0,2437 ESPLANADE,NY,V0,11,,THE DUNNER GROUP LLC,4396,0,31.5,148.37,5,11640,0,,,2,1024911.0,253489.0,40.8623498,-73.853,4a,,New York
BX,4112,1,211.0,13.0,10461.0,49.0,1664 YATES AVENUE,NY,V0,11,,MASTROCOLA DIANA,2300,0,27.12,100.36,3,5460,0,,,2,1025995.0,248749.0,40.8493348,-73.8491106,4a,,New York
BX,4111,41,211.0,13.0,10461.0,49.0,1149 PIERCE AVENUE,NY,V1,11,,1604 RAFFEALLA LLC,2961,0,35.0,89.3,5,64800,0,,,2,1026102.0,248062.0,40.8474487,-73.8487281,4b,,New York
BX,4449,73,211.0,13.0,10469.0,49.0,2466 WILLIAMSBRIDGE ROAD,NY,V1,11,,"AHMED, KHURSHID",2152,0,25.17,85.5,5,64350,0,,,2,1023678.0,253532.0,40.8624734,-73.8574574,4a,,New York
BX,4090,17,211.0,13.0,10461.0,49.0,1190 PIERCE AVENUE,NY,V0,11,X,ALBERT EINSTEIN COLLEGE OF MEDICINE,5777,0,57.77,100.31,5,19260,0,,,2,1026692.0,248238.0,40.847929,-73.8465945,4b,,New York
BX,4107,49,211.0,13.0,10461.0,49.0,1636 TOMLINSON AVENUE,NY,V0,11,,"CELSA, MARY ANN",2250,0,25.0,90.0,5,5640,0,,,2,1025677.0,248182.0,40.8477801,-73.8502635,4b,,New York
BX,3560,53,209.0,18.0,10473.0,43.0,629 LELAND AVENUE,NY,V0,11,,DELALUZ PEDRO,5000,0,50.0,100.0,5,30540,0,,,2,1022786.0,237673.0,40.818949,-73.8607733,7a,,New York
BX,3532,61,209.0,18.0,10473.0,43.0,591 OLMSTEAD AVENUE,NY,V0,11,,MAURICE I. CHIN,2500,0,25.0,100.0,5,11280,0,,,2,1025441.0,237177.0,40.8175757,-73.8511841,7a,,New York
BX,4267,57,211.0,13.0,10462.0,49.0,1913 COLDEN AVENUE,NY,V0,11,,KENNETH LANGAN,1700,0,17.0,100.0,5,4440,0,,,2,1023436.0,249105.0,40.8503237,-73.8583581,4a,,New York
BX,2410,67,201.0,17.0,10451.0,40.0,305 EAST 150 STREET,NY,V0,11,,"GARCIA, CHRISTOPHERHUGH",2500,0,25.0,100.0,5,9120,0,,,2,1006137.0,237258.0,40.8178669,-73.9209258,6a,,New York
BX,4985,80,212.0,12.0,10466.0,47.0,4021 HILL AVENUE,NY,V0,11,,FRANK PORTER,2375,0,25.0,95.0,5,7380,0,,,2,1028580.0,264169.0,40.8916454,-73.839665,2b,,New York
BX,4985,11,212.0,12.0,10466.0,47.0,4028 MURDOCK AVENUE,NY,V0,11,,ANTHONY GORDON,2500,0,25.0,100.0,5,8340,0,,,2,1028472.0,264190.0,40.8917035,-73.8400555,2b,,New York
BX,5007,25,212.0,11.0,10466.0,47.0,4250 BOYD AVENUE,NY,V0,11,,"GOBIN, LAUREL A",1750,0,25.0,70.0,3,4020,0,,,2,1025441.0,265474.0,40.8952424,-73.8510102,2a,,New York
BX,2766,196,202.0,17.0,10474.0,41.0,647 WHITTIER STREET,NY,V1,11,,"ANNPING GROUP, LLC",1244,0,56.0,38.42,5,35550,0,,,2,1016469.0,235814.0,40.8138719,-73.8836049,6c,,New York
BX,2655,1,201.0,17.0,10456.0,40.0,765 WESTCHESTER AVENUE,NY,V1,11,,HUNTS POINT MULTI SER.,10420,0,204.88,151.39,3,301950,1980,,,2,1010667.0,237497.0,40.8185105,-73.9045587,6c,,New York
BX,2898,13,203.0,15.0,10457.0,42.0,1720 WEBSTER AVENUE,NY,V1,11,,REALTY 1720 LLC,3048,0,25.0,122.66,5,53100,0,,,2,1011146.0,246655.0,40.8436452,-73.9027914,3d,,New York
BX,3043,23,206.0,15.0,10457.0,48.0,1949 BATHGATE AVENUE,NY,V0,11,,ROMAN CATHOLIC CHURCH OF SAINT SIMON STO CK AND SAI,2653,0,28.0,94.76,5,14100,0,,,2,1012766.0,248181.0,40.8478285,-73.8969298,,,New York
BX,3043,22,206.0,15.0,10457.0,48.0,1951 BATHGATE AVENUE,NY,V0,11,,ROMAN CATHOLIC CHURCH OF SAINT SIMON STO CK AND SAI,7581,0,94.76,94.58,5,48180,0,,,2,1012787.0,248230.0,40.8479629,-73.8968537,,,New York
BX,3731,25,209.0,18.0,10472.0,43.0,1036 LELAND AVENUE,NY,V0,11,,S.T.I. NEW YORK REALTY LLC,2642,0,26.5,100.0,5,12540,0,,,2,1022416.0,240632.0,40.8270723,-73.8620932,4b,,New York
BX,5931,600,208.0,11.0,,,5921 PALISADE AVENUE,NY,V0,11,X,THE HEBREW HOME FOR THE AGED,134922,0,337.0,385.08,5,94320,0,,,2,1008457.0,271338.0,40.9114001,-73.9124209,1a,,New York
BX,5654,1,228.0,13.0,10464.0,45.0,2521 PELHAM BAY PARK WEST,NY,V0,11,C,NYC DEPARTMENT OF PARKS AND RECREATION,101079,0,60.0,150.0,5,277680,0,,,2,1034987.0,261911.0,40.8854134,-73.816509,2d,,New York
BX,3366,57,212.0,11.0,10470.0,47.0,69 EAST 235 STREET,NY,V0,11,,"HORAN, TIMOTHY",2500,0,25.0,100.0,5,7200,0,,,2,1019086.0,266130.0,40.8970703,-73.8739931,1c,,New York
BX,4881,124,212.0,12.0,10469.0,47.0,3380 GRACE AVENUE,NY,V0,11,,"REID, GILBERT",4171,0,97.0,114.5,5,13320,0,,,2,1028852.0,259235.0,40.8781017,-73.8387141,2b,,New York
BX,3273,343,206.0,15.0,10458.0,48.0,587 EAST 191 STREET,NY,V0,11,X,FORDHAM UNIVERSITY,5465,0,34.5,158.42,5,18660,0,,,2,1016183.0,252372.0,40.8593198,-73.8845593,3c,,New York
BX,2793,22,204.0,15.0,10457.0,44.0,239 MT EDEN PARKWAY,NY,V0,11,,MOUNT EDEN DEVELOPMENT LLC,2996,0,35.25,85.0,5,24240,0,,,2,1009679.0,246487.0,40.8431884,-73.9080941,3d,,New York
BX,5412,117,210.0,13.0,10465.0,45.0,3185 GRISWOLD AVENUE,NY,V0,11,,"JUST US, LLC",2500,0,25.0,100.0,5,4800,0,,,2,1033524.0,246968.0,40.8444077,-73.8219098,4d,,New York
BX,3284,63,207.0,15.0,10458.0,52.0,358 BEDFORD PARK BLVD,NY,V1,11,,358 BEDFORD PROPERTIES LLC,2500,0,25.0,100.0,5,100800,0,,,2,1016135.0,255571.0,40.8681003,-73.8847176,3c,,New York
BX,5130,112,,,,,4616 BRADLEY STREET,NY,V1,11,,"4855 BALDWIN STREET INDUSTRIAL, LLC",4894,0,51.5,179.08,5,79200,0,,,2,1025099.0,270823.0,40.9099252,-73.8522146,2a,,New York
BX,5415,65,210.0,13.0,10465.0,45.0,1508 RESEARCH AVENUE,NY,V0,11,,JOHNSON GERTRUDE C,2500,0,25.0,100.0,5,4800,0,,,2,1034310.0,247146.0,40.8448919,-73.8190677,4d,,New York
BX,3429,49,209.0,18.0,,,112 HARDING PARK,NY,V0,11,C,NYC DEPARTMENT OF PARKS AND RECREATION,30,0,5.0,20.0,8,61,0,,,2,1023999.0,232642.0,40.805135,-73.8564206,7a,,New York
BX,4886,21,212.0,12.0,10469.0,47.0,3437 EDSON AVENUE,NY,V0,11,,ROMANO RAMON,2375,0,25.0,95.0,5,7560,0,,,2,1028672.0,259878.0,40.8798675,-73.8393607,2b,,New York
BX,3378,5,212.0,11.0,10470.0,47.0,4316 KEPLER AVENUE,NY,V0,11,,ROSE M. MAHER IRREVOCABLE TRUST,2200,0,22.0,100.0,5,5520,0,,,2,1020010.0,266817.0,40.8989522,-73.8706472,1c,,New York
BX,5263,328,212.0,12.0,10475.0,47.0,3415 WRIGHT AVENUE,NY,V0,11,,"ZLICHA, MOSHE",2100,0,21.0,100.0,0,6720,0,,,2,1030229.0,260301.0,40.8810205,-73.8337274,2b,,New York
BX,2805,63,205.0,14.0,10453.0,46.0,121 MT HOPE PLACE,NY,V0,11,,121 MOUNT HOPE LLC,3125,0,25.0,125.0,5,12720,0,,,2,1009872.0,248577.0,40.8489243,-73.9073886,3c,,New York
BX,4886,22,212.0,12.0,10469.0,47.0,3435 EDSON AVENUE,NY,V0,11,,BARRETT OWEN,2375,0,25.0,95.0,5,7560,0,,,2,1028682.0,259855.0,40.8798043,-73.8393247,2b,,New York
BX,2861,25,205.0,14.0,10453.0,46.0,8 CLIFFORD PLACE,NY,V1,11,,LL&L MANAGEMENT LLC,2500,0,25.0,100.0,5,108450,0,,,2,1008152.0,247776.0,40.8467306,-73.9136084,3b,,New York
BX,2782,13,204.0,16.0,10456.0,44.0,1316 FINDLAY AVENUE,NY,V0,11,C,NYC HOUSING PRESERVATION AND DEVELOPMENT,2485,0,24.85,100.0,5,11460,0,,,2,1009021.0,243655.0,40.8354172,-73.9104827,3d,,New York
BX,3732,64,209.0,18.0,10472.0,43.0,1047 WHITE PLAINS ROAD,NY,V0,11,,UNDERREALTY LLC,3095,0,31.17,99.3,5,12960,0,,,2,1022849.0,240703.0,40.8272653,-73.8605283,4b,,New York
BX,2669,71,203.0,17.0,10456.0,42.0,781 EAST 163 STREET,NY,V0,11,,"CACAO REALTY, INC",850,0,16.5,51.93,3,4200,0,,,2,1011126.0,239086.0,40.8228705,-73.902894,6c,,New York
BX,5890,1451,208.0,11.0,10471.0,50.0,331 WEST 263 STREET,NY,V0,11,,"GELLER, MICHAL J",1437,0,78.17,17.42,5,6060,0,,,2,1012084.0,271629.0,40.9121881,-73.8992975,1c,,New York
BX,5958,43,208.0,11.0,10471.0,50.0,755 RIVERDALE AVENUE,NY,V0,11,,SNH YONKERS PROPERTIES TRUST,14749,0,33.58,439.17,5,99780,0,,,2,1010935.0,272036.0,40.9133087,-73.9034529,1c,,New York
BX,2765,67,202.0,17.0,10474.0,41.0,621 TIFFANY STREET,NY,V1,11,,"621 TIFFANY STREET, LLC",7500,0,75.0,100.0,5,278100,0,,,2,1014410.0,235217.0,40.8122406,-73.8910459,6c,,New York
BX,3445,30,209.0,18.0,10473.0,43.0,156 SOUNDVIEW AVENUE,NY,V0,11,,"PEREZ, RAYMOND",700,0,7.0,100.0,8,978,0,,,2,1024838.0,233885.0,40.8085429,-73.8533825,7a,,New York
BX,4988,57,212.0,12.0,10466.0,47.0,4057 AMUNDSON AVENUE,NY,V0,11,,RAMDASS YOGENDER,2500,0,25.0,100.0,5,8700,0,,,2,1029234.0,264647.0,40.892954,-73.8372964,2b,,New York
BX,4986,27,212.0,12.0,10466.0,47.0,4062A HILL AVENUE,NY,V0,11,,DUYMUN MUMTAZ A,2375,0,25.0,95.0,5,7380,0,,,2,1028617.0,264597.0,40.8928199,-73.8395283,2b,,New York
BX,4027,41,211.0,13.0,10460.0,49.0,611 MEAD STREET,NY,V0,11,,F & A NEW LINE LLC,2500,0,25.0,100.0,5,10920,0,,,2,1020991.0,246197.0,40.8423526,-73.8672118,4b,,New York
BX,2365,9,203.0,17.0,10451.0,42.0,868 WASHINGTON AVENUE,NY,V1,11,C,NYC HOUSING PRESERVATION AND DEVELOPMENT,2592,0,63.43,60.26,5,146250,0,,,2,1008827.0,239104.0,40.8229266,-73.9112005,6c,,New York
BX,2455,49,204.0,16.0,10451.0,44.0,205 EAST 163 STREET,NY,V0,11,,URBYN 163 LLC,645,0,27.66,46.63,5,2400,0,,,2,1006427.0,240994.0,40.8281205,-73.9198657,3b,,New York
BX,3023,65,205.0,15.0,10458.0,46.0,333 EAST 188 STREET,NY,V0,11,,CLARA TAPIA,2198,0,24.0,91.58,5,7980,0,,,2,1013483.0,252866.0,40.8606851,-73.8943178,3c,,New York
BX,3380,12,212.0,11.0,10470.0,47.0,4424 VAN CORTLANDT PARK E,NY,V0,11,,DONALD GIACCONE,839,0,23.29,47.94,5,2100,0,,,2,1020132.0,267362.0,40.9004475,-73.870203,1c,,New York
BX,3156,7,205.0,15.0,10457.0,46.0,2064 GRAND CONCOURSE,NY,V1,11,,2064 GRAND CONCOURSE HOUSING DEVELOPMENT  FUND CORP,6854,0,68.86,99.54,5,69750,0,,,2,1011149.0,249971.0,40.8527466,-73.9027672,3c,,New York
BX,4861,65,212.0,12.0,10466.0,47.0,924A EAST 226 STREET,NY,V0,11,C,NYC DEPARTMENT OF CITYWIDE ADMINISTRATIVE SERVICES,545,0,5.0,109.0,8,305,0,,,2,1024819.0,262141.0,40.8860972,-73.8532802,2b,,New York
BX,4884,52,212.0,12.0,10469.0,47.0,3401 ELY AVENUE,NY,V0,11,,"SIMMS, ELSIE",2542,0,61.47,41.46,3,7560,0,,,2,1028436.0,259215.0,40.8780489,-73.8402185,2b,,New York
BX,2260,180,201.0,8.0,10454.0,40.0,180 EAST 132 STREET,NY,V1,11,,"82 WILLIS, LLC",29530,0,369.42,72.58,6,557550,0,,,2,1004938.0,232365.0,40.8044399,-73.9252726,6b,,New York
BX,3816,40,209.0,18.0,10472.0,43.0,2268 EAST 177 STREET,NY,V0,11,,BELEN RIVERA,240,0,34.33,24.67,5,120,0,,,2,1026391.0,241324.0,40.8289535,-73.8477259,4b,,New York
BX,3794,58,209.0,18.0,10472.0,43.0,1989 ELLIS AVENUE,NY,V0,11,,ELLIS 58 LLC,264,0,16.0,16.5,5,120,0,,,2,1023516.0,242365.0,40.831824,-73.8581084,4b,,New York
BX,2744,15,202.0,17.0,10459.0,41.0,1094 SOUTHERN BOULEVARD,NY,V4,11,C,NYC POLICE DEPARTMENT,3500,0,35.0,100.0,5,121500,0,,,2,1014263.0,240255.0,40.826069,-73.8915545,6c,,New York
BX,2678,31,203.0,17.0,10459.0,42.0,822 EAST 165 STREET,NY,V0,11,,"JASHARI, ISMET",2500,0,25.0,100.0,5,9900,0,,,2,1011716.0,239519.0,40.8240571,-73.9007605,6c,,New York
BX,2691,11,202.0,17.0,10459.0,41.0,1036 PROSPECT AVENUE,NY,V1,11,,MT CARMEL BAPTIST CHURCH,1342,0,16.5,81.33,5,15390,0,,,2,1012137.0,239711.0,40.8245828,-73.8992386,6c,,New York
BX,3918,34,209.0,17.0,10460.0,43.0,1547 ST LAWRENCE AVENUE,NY,V0,11,,1549 ST. LAWRENCE REALTY LLC,2147,0,22.6,95.0,5,9300,0,,,2,1020618.0,245122.0,40.8394036,-73.8685657,3d,,New York
BX,4131,59,211.0,13.0,10461.0,49.0,1854 HAIGHT AVENUE,NY,V0,11,,BSD HAIGHT AVE LLC,2500,0,25.0,100.0,5,7140,0,,,2,1024674.0,249369.0,40.8510427,-73.8538817,4a,,New York
BX,3526,4,209.0,18.0,10473.0,43.0,1891 LACOMBE AVENUE,NY,V0,11,,"SHAHJADA, MD",2500,0,25.0,100.0,5,11280,0,,,2,1023509.0,236502.0,40.8157318,-73.858168,7a,,New York
BX,3526,165,209.0,18.0,10473.0,43.0,525A BOLTON AVENUE,NY,V0,11,,NY EXCLUSIVE REALTY LLC,900,0,50.0,32.5,5,3780,0,,,2,1023522.0,236714.0,40.8163136,-73.8581198,7a,,New York
BX,3794,59,209.0,18.0,10472.0,43.0,1987 ELLIS AVENUE,NY,V0,11,,DYEA ELLIS AVE LLC,264,0,16.0,16.5,5,120,0,,,2,1023501.0,242363.0,40.8318186,-73.8581626,4b,,New York
BX,3320,7,207.0,14.0,10468.0,52.0,2964 JEROME AVENUE,NY,V1,11,,BEDFORD PARK REALTYCORP,976,0,12.54,93.43,5,49500,0,,,2,1014865.0,257281.0,40.8727982,-73.8893015,1d,,New York
BX,3311,117,207.0,11.0,10458.0,52.0,190 EAST 205 STREET,NY,V0,11,,190 E 205 LLC,2859,0,28.08,101.12,5,19560,0,,,2,1016163.0,258007.0,40.8747862,-73.8846047,1d,,New York
BX,3896,47,209.0,17.0,10460.0,43.0,1448 ROSEDALE AVENUE,NY,V0,11,,COLLAZO CARLOS R,2375,0,25.0,95.0,5,10320,0,,,2,1020304.0,244040.0,40.8364351,-73.8697063,3d,,New York
BX,4679,12,212.0,12.0,10467.0,47.0,853 EAST 220 STREET,NY,V0,11,,"KUMBULLAJ, KRISTIAN",2856,0,25.0,114.25,5,10740,0,,,2,1023642.0,261000.0,40.8829709,-73.8575436,2b,,New York
BX,4803,14,212.0,12.0,10469.0,47.0,2743 WICKHAM AVENUE,NY,V0,11,,"CHAUDHRY, PERVEZ",2375,0,25.0,95.0,5,4920,0,,,2,1029510.0,255003.0,40.8664829,-73.8363632,4a,,New York
BX,4848,19,212.0,12.0,10466.0,47.0,841 EAST 223 STREET,NY,V0,11,,"LUCAS, CATHERINE",2856,0,25.0,114.25,5,8100,0,,,2,1023852.0,261818.0,40.8852151,-73.8567793,2b,,New York
BX,4124,61,211.0,13.0,10462.0,49.0,1850 FOWLER AVENUE,NY,V0,11,,"GJINAJ, LAZER",2500,0,25.0,100.0,5,7140,0,,,2,1023110.0,248439.0,40.8484972,-73.8595403,4b,,New York
BX,4006,6,206.0,15.0,10460.0,48.0,1115 LEBANON STREET,NY,V1,11,,JOYCE S SAYWACK,2500,0,25.0,100.0,5,38700,0,,,2,1018628.0,245835.0,40.8413685,-73.8757539,3d,,New York
BX,2774,306,202.0,17.0,10474.0,41.0,311 COSTER STREET,NY,V1,11,,HUNTS POINT LOT LLC,5000,0,50.0,100.0,5,189450,0,,,2,1015864.0,233353.0,40.8071193,-73.8858021,6c,,New York
BX,4916,46,212.0,12.0,10466.0,47.0,2001 NEEDHAM AVENUE,NY,V0,11,C,NYC DEPARTMENT OF CITYWIDE ADMINISTRATIVE SERVICES,3300,0,36.67,100.0,5,10680,0,,,2,1028713.0,260935.0,40.8827684,-73.8392054,2b,,New York
BX,3053,14,206.0,15.0,10458.0,48.0,2307 BATHGATE AVENUE,NY,V0,11,,M & E PAYNE,2358,0,25.0,94.33,5,9540,0,,,2,1014220.0,250837.0,40.8551136,-73.8916625,3c,,New York
BX,3139,19,206.0,15.0,10460.0,48.0,2030 BOSTON ROAD,NY,V1,11,,BOSTON TREMONT HOUSING DEV. FUND CORPORA TION,13200,0,72.41,204.93,5,504900,0,,,2,1017861.0,245777.0,40.8412123,-73.8785262,3d,,New York
BX,3319,24,207.0,14.0,10468.0,52.0,21 EAST 198 STREET,NY,V0,11,,21 E 198 REALTY LLC,6480,0,51.76,133.0,5,24480,0,,,2,1014112.0,256658.0,40.8710908,-73.892027,1d,,New York
BX,4006,7,206.0,15.0,10460.0,48.0,1113 LEBANON STREET,NY,V1,11,,JOYCE S SAYWACK,2500,0,25.0,100.0,5,38700,0,,,2,1018606.0,245846.0,40.8413988,-73.8758333,3d,,New York
BX,5635,44,210.0,13.0,10464.0,45.0,505 MINNIEFORD AVENUE,NY,V0,11,,"HAXHIU, REZARTA",2500,0,25.0,100.0,5,5520,0,,,2,1042739.0,249886.0,40.8523605,-73.7885788,4c,,New York
BX,2761,126,202.0,17.0,10474.0,41.0,911 LONGFELLOW AVENUE,NY,V1,11,,TEERTS CORP,17500,0,175.0,100.0,5,650250,0,,,2,1015697.0,238155.0,40.8203001,-73.8863829,6c,,New York
BX,3267,25,208.0,14.0,10463.0,50.0,3146 ALBANY CRESCENT,NY,V1,11,,3146 LLC,2673,0,33.33,100.08,5,65700,0,,,2,1011175.0,259582.0,40.8791258,-73.9026347,1d,,New York
BX,3754,1,209.0,18.0,10472.0,43.0,1801 WATSON AVENUE,NY,V0,11,X,CHURCH OF THE BLESSED SACRAMENT,39900,0,200.0,236.0,5,255720,0,,,2,1021606.0,241063.0,40.8282587,-73.8650176,4b,,New York
BX,4831,11,212.0,11.0,10466.0,47.0,4057 WHITE PLAINS ROAD,NY,V1,11,,TENANT PROPERTY GROUP LLC,5625,0,56.25,100.0,5,139050,0,,,2,1023081.0,263620.0,40.8901644,-73.8595572,2b,,New York
BX,2624,73,201.0,17.0,10455.0,40.0,667 CAULDWELL AVENUE,NY,V0,11,C,NYC HOUSING PRESERVATION AND DEVELOPMENT,2875,0,25.0,115.0,5,9360,0,,,2,1009227.0,236991.0,40.8171259,-73.9097631,6c,,New York
BX,2525,26,204.0,16.0,10452.0,44.0,1043 OGDEN AVENUE,NY,V1,11,,OGDEN EQUITY LLC,2250,0,25.0,90.0,5,68850,0,,,2,1003905.0,243209.0,40.834206,-73.9289722,3b,,New York
BX,2370,39,203.0,16.0,10456.0,42.0,3351 3 AVENUE,NY,V9,11,,CHRISTIE CURRY AKINS,1556,0,25.33,60.87,5,42300,0,,,2,1009766.0,240580.0,40.8269751,-73.9078022,3d,,New York
BX,2517,12,204.0,16.0,10452.0,44.0,1256 NELSON AVENUE,NY,V0,11,X,CHURCH OF SACRED HEART,1824,0,18.9,98.6,5,6900,0,,,2,1005241.0,244972.0,40.8390418,-73.9241387,3b,,New York
BX,5708,95,208.0,11.0,10463.0,50.0,3117 KINGSBRIDGE AVENUE,NY,V0,11,,STAFFORD HOLDINGS LLC,7194,0,35.97,200.0,5,18000,0,,,2,1010111.0,260089.0,40.8805205,-73.9064803,1d,,New York
BX,4862,3,212.0,12.0,10466.0,47.0,4019 PAULDING AVENUE,NY,V0,11,,JAUNDOO HEMAT K,741,0,7.58,97.67,8,978,0,,,2,1025321.0,262248.0,40.8863886,-73.8514641,2b,,New York
BX,4102,125,211.0,13.0,10462.0,49.0,1009 VAN NEST AVENUE,NY,V0,11,C,NYC DEPARTMENT OF CITYWIDE ADMINISTRATIVE SERVICES,400,0,4.0,100.0,8,305,0,,,2,1024369.0,247951.0,40.8471521,-73.8549926,4b,,New York
BX,2820,56,204.0,16.0,10457.0,44.0,1515 MORRIS AVENUE,NY,V0,11,,MORRIS AVENUE ASSOCIATES II LLC,3135,0,33.0,95.0,5,13800,0,,,2,1009198.0,245946.0,40.8417049,-73.9098346,3d,,New York
BX,2952,33,206.0,15.0,10460.0,48.0,770 EAST 175 STREET,NY,V0,11,,PPG 175 STREET LLC,3510,0,25.0,140.42,5,16200,0,,,2,1014314.0,245785.0,40.841247,-73.8913454,3d,,New York
BX,2908,33,206.0,15.0,10457.0,48.0,1837 WASHINGTON AVENUE,NY,V1,11,,ANDP MANAGEMENT,2336,0,27.0,86.5,5,81450,0,,,2,1012137.0,247340.0,40.8455222,-73.8992068,3d,,New York
BX,3271,140,208.0,11.0,10463.0,50.0,3831 PUTNAM AVENUE WEST,NY,V0,11,,PUTNAM AVE WEST LLC,3137,0,26.25,119.5,3,13620,0,,,2,1012280.0,261830.0,40.8852924,-73.8986294,1d,,New York
BX,4881,86,212.0,12.0,10469.0,47.0,3326 EDSON AVENUE,NY,V0,11,,"BARROWS, CALDER",2500,0,25.0,100.0,5,8580,0,,,2,1029123.0,259225.0,40.8780729,-73.8377342,2b,,New York
BX,5000,54,212.0,11.0,10466.0,47.0,4218 BARNES AVENUE,NY,V0,11,,"GRAHAM, MICHAEL",432,0,32.25,27.17,3,60,0,,,2,1024627.0,264695.0,40.893108,-73.8539592,2b,,New York
BX,4035,27,211.0,13.0,10462.0,49.0,757 VAN NEST AVENUE,NY,V0,11,,"ROSADO, RAYMOND",2375,0,25.0,95.0,5,10320,0,,,2,1021998.0,246946.0,40.8444041,-73.8635681,4b,,New York
