borough,Tax block,Tax lot,community board,census tract 2010,cb2010,schooldist,council district,postcode,firecomp,policeprct,healtharea,sanitboro,sanitsub,address,state,zonedist1,zonedist2,zonedist3,zonedist4,overlay1,overlay2,spdist1,spdist2,spdist3,ltdheight,splitzone,bldgclass,landuse,easements,ownertype,ownername,lotarea,bldgarea,comarea,resarea,officearea,retailarea,garagearea,strgearea,factryarea,otherarea,areasource,numbldgs,numfloors,unitsres,unitstotal,lotfront,lotdepth,bldgfront,bldgdepth,ext,proxcode,irrlotcode,lottype,bsmtcode,assessland,assesstot,exempttot,yearbuilt,yearalter1,yearalter2,histdist,landmark,builtfar,residfar,commfar,facilfar,borocode,BBL,condono,tract2010,x,y,latitude,longitude,zonemap,zmcode,sanborn,taxmap,edesignum,appbbl,appdate,plutomapid,version,sanitdistrict,healthcenterdistrict,firm07_flag,pfirm15_flag,rpaddate,dcasdate,zoningdate,landmkdate,basempdate,masdate,polidate,edesigdate,geom,dcpedited,notes,bct2020,bctcb2020
MN,1262,29,105.0,96.0,1003.0,2.0,4.0,10036.0,L004,18.0,4800.0,1.0,2B,13 WEST 46 STREET,,C6-4.5,,,,,,MiD,,,,False,V1,11,0,,13 W 46 OWNER LLC,2161,0,,,,,,,,,7,0,,0,0,21.42,100.42,0,0,,0,False,5,5,1201050,1201050,0,0,0,0,,,0.0,10.0,12.0,10.0,1,1012620029,,96.0,989864.0,214918.0,40.7565749,-73.9797362,8d,,104 045,10501.0,,,,1,24v3,5.0,13.0,,,,,,,,,,,,,,1009600.0,10096002002.0
MN,1432,14,108.0,134.0,1000.0,2.0,5.0,10075.0,E044,19.0,4200.0,1.0,3A,235 EAST 77 STREET,,R8B,,,,,,,,,,False,V1,11,0,,"EAST SEVEN SEVEN, LLC",2554,0,,,,,,,,,7,1,,0,0,25.0,102.17,0,0,,0,False,5,5,465750,465750,0,0,0,0,,,0.0,4.0,0.0,4.0,1,1014320014,,134.0,996193.0,220770.0,40.7726309,-73.9568812,8c,,108S013,10510.0,,,,1,24v3,8.0,13.0,,,,,,,,,,,,,,1013400.0,10134001000.0
MN,1450,109,108.0,134.0,7000.0,2.0,5.0,10021.0,E044,19.0,4200.0,1.0,2B,EAST 75 STREET,,R8B,,,,,,,,,,False,V1,11,0,,EAST 76 ST RLTY CP,81,0,,,,,,,,,7,0,,0,0,25.0,3.75,0,0,,0,False,6,5,450,450,0,0,0,0,,,0.0,4.0,0.0,4.0,1,1014500109,,134.0,996468.0,220072.0,40.7707147,-73.9558896,9a,,108S006,10511.0,,,,1,24v3,8.0,13.0,,,,,,,,,,,,,,1013400.0,10134007001.0
MN,1431,120,108.0,134.0,2000.0,2.0,5.0,10021.0,E044,19.0,4200.0,1.0,3A,EAST 76 STREET,,R8B,,,,,,,,,,False,V1,11,0,,"242-44 EAST 77TH STREET, L.L.C.",173,0,,,,,,,,,7,0,,0,0,80.0,2.17,0,0,,0,False,6,5,2250,2250,0,0,0,0,,,0.0,4.0,0.0,4.0,1,1014310120,,134.0,996203.0,220524.0,40.7719557,-73.9568455,8c,,108S013,10510.0,,,,1,24v3,8.0,13.0,,,,,,,,,,,,,,1013400.0,10134002000.0
MN,1452,151,108.0,134.0,9000.0,2.0,5.0,10075.0,E044,19.0,4200.0,1.0,3B,SECOND AVENUE,,C1-9,,,,,,,,,,False,V1,11,0,X,UNAVAILABLE OWNER,153,0,,,,,,,,,7,0,,0,0,25.5,6.0,0,0,,0,False,6,5,0,0,0,0,0,0,,,0.0,10.0,2.0,10.0,1,1014520151,,134.0,996614.0,220612.0,40.7721966,-73.9553615,9a,,18S 014,10511.0,,,,1,24v3,8.0,13.0,,,,,,,,,,,,,,1013400.0,10134009000.0
MN,1480,116,108.0,116.0,1000.0,2.0,5.0,10065.0,L016,19.0,4400.0,1.0,1B,F D R DRIVE,,R9,,,,,,,,,,False,V1,11,0,X,THE ROCKEFELLER UNIVERSITY,56,0,,,,,,,,,7,0,,0,0,3.5,17.0,0,0,,0,False,8,5,1350,1350,1350,0,0,0,,,0.0,7.52,0.0,10.0,1,1014800116,,116.0,996839.0,216969.0,40.7621972,-73.954556,9a,,106E068,10512.0,,,,1,24v3,8.0,13.0,1.0,1.0,,,,,,,,,,,,1011600.0,10116001009.0
MN,1480,115,108.0,116.0,1000.0,2.0,5.0,10065.0,L016,19.0,4400.0,1.0,1B,F D R DRIVE,,R9,,,,,,,,,,False,V1,11,0,X,THE ROCKEFELLER UNIVERSITY,56,0,,,,,,,,,7,0,,0,0,3.5,17.0,0,0,,0,False,8,5,1350,1350,1350,0,0,0,,,0.0,7.52,0.0,10.0,1,1014800115,,116.0,996906.0,217055.0,40.7624332,-73.954314,9a,,106E068,10512.0,,,,1,24v3,8.0,13.0,1.0,1.0,,,,,,,,,,,,1011600.0,10116001009.0
MN,1435,1,108.0,110.0,6002.0,2.0,5.0,10065.0,L016,19.0,4900.0,1.0,1B,1140 2 AVENUE,,C2-8,,,,,,TA,,,,False,V1,11,0,,"1711 FIRST AVENUE, LLC",3000,0,,,,,,,,,7,0,,0,0,40.0,75.0,0,0,,0,False,3,5,434700,434700,0,0,2015,0,,,0.0,10.0,2.0,10.0,1,1014350001,,110.0,994353.0,216618.0,40.761237,-73.9635305,8c,,106E056,10511.0,,,,1,24v3,8.0,13.0,,,,,,,,,,,,,,1011000.0,10110006001.0
MN,1435,151,108.0,110.0,6002.0,2.0,5.0,10065.0,L016,19.0,4900.0,1.0,1B,1152 2 AVENUE,,C2-8,,,,,,TA,,,,False,V1,11,0,,1152 MANHATTAN LLC,1500,0,,,,,,,,,7,0,,0,0,20.0,75.0,0,0,,0,False,5,5,337500,337500,0,0,0,0,,,0.0,10.0,2.0,10.0,1,1014350151,,110.0,994407.0,216715.0,40.7615032,-73.9633354,8c,,106E056,10511.0,,,,1,24v3,8.0,13.0,,,,,,,,,,,,,,1011000.0,10110006001.0
MN,1480,110,108.0,116.0,1006.0,2.0,5.0,10065.0,L016,19.0,4400.0,1.0,1B,FDR DRIVE,,R9,,,,,,,,,,False,V1,11,0,X,THE ROCKEFELLER UNIVERSITY,3142,0,,,,,,,,,7,0,,0,0,6.0,936.0,0,0,,0,True,8,5,35550,35550,35550,0,0,0,,,0.0,7.52,0.0,10.0,1,1014800110,,116.0,997065.0,217444.0,40.7635007,-73.9537393,9a,,106E068,10512.0,,,,1,24v3,8.0,13.0,1.0,1.0,,,,,,,,,,,,1011600.0,10116001007.0
MN,1480,112,108.0,116.0,1000.0,2.0,5.0,10065.0,L016,19.0,4400.0,1.0,1B,F D R DRIVE,,R9,,,,,,,,,,False,V1,11,0,X,THE ROCKEFELLER UNIVERSITY,60,0,,,,,,,,,7,0,,0,0,3.5,17.0,0,0,,0,False,8,5,1350,1350,1350,0,0,0,,,0.0,7.52,0.0,10.0,1,1014800112,,116.0,997074.0,217295.0,40.7630917,-73.953707,9a,,106E068,10512.0,,,,1,24v3,8.0,13.0,1.0,1.0,,,,,,,,,,,,1011600.0,10116001009.0
MN,1480,118,108.0,116.0,1000.0,2.0,5.0,10065.0,L016,19.0,4400.0,1.0,1B,F D R DRIVE,,R9,,,,,,,,,,False,V1,11,0,X,THE ROCKEFELLER UNIVERSITY,56,0,,,,,,,,,7,0,,0,0,3.5,17.0,0,0,,0,False,8,5,1350,1350,1350,0,0,0,,,0.0,7.52,0.0,10.0,1,1014800118,,116.0,996706.0,216815.0,40.7617747,-73.9550364,9a,,106E068,10512.0,,,,1,24v3,8.0,13.0,1.0,1.0,,,,,,,,,,,,1011600.0,10116001009.0
MN,1480,111,108.0,116.0,1000.0,2.0,5.0,10065.0,L016,19.0,4400.0,1.0,1B,F D R DRIVE,,R9,,,,,,,,,,False,V1,11,0,X,THE ROCKEFELLER UNIVERSITY,60,0,,,,,,,,,7,0,,0,0,3.5,17.0,0,0,,0,False,8,5,1350,1350,1350,0,0,0,,,0.0,7.52,0.0,10.0,1,1014800111,,116.0,997122.0,217367.0,40.7632892,-73.9535336,9a,,106E068,10512.0,,,,1,24v3,8.0,13.0,1.0,1.0,,,,,,,,,,,,1011600.0,10116001009.0
MN,1273,9,105.0,112.01,1002.0,2.0,4.0,10019.0,E023,18.0,4800.0,1.0,2B,43 WEST 57 STREET,,C5-3,,,,,,MiD,,,,False,V1,11,0,,BOB 57 DEVELOPMENT LLC,3256,0,,,,,,,,,7,0,,0,0,32.42,100.42,0,0,,0,False,5,5,2095200,2095200,0,0,0,0,,,0.0,10.0,15.0,15.0,1,1012730009,,11201.0,990843.0,217699.0,40.7642074,-73.9761997,8c,,106W034,10502.0,E-643,,,1,24v3,5.0,13.0,,,,,,,,,,,,,,1011201.0,10112011002.0
MN,1273,7,105.0,112.01,1002.0,2.0,4.0,10019.0,E023,18.0,4800.0,1.0,2B,45 WEST 57 STREET,,C5-3,,,,,,MiD,,,,False,V1,11,0,,BOB 57 DEVELOPMENT LLC,5045,0,,,,,,,,,7,0,,0,0,50.25,100.42,0,0,,0,False,5,5,3006450,3006450,0,0,0,0,,,0.0,10.0,15.0,15.0,1,1012730007,,11201.0,990807.0,217719.0,40.7642623,-73.9763297,8c,,106W034,10502.0,E-643,,,1,24v3,5.0,13.0,,,,,,,,,,,,,,1011201.0,10112011002.0
MN,1426,120,108.0,126.0,2000.0,2.0,5.0,10021.0,L016,19.0,4200.0,1.0,2A,257 EAST 71 STREET,,C1-9,R8B,,,,,TA,,,,True,V1,11,0,,259 EAST 72 OWNER LLC,1890,0,,,,,,,,,7,1,,0,0,18.5,102.17,0,0,,0,False,5,5,477900,477900,0,0,0,0,,,0.0,10.0,2.0,10.0,1,1014260120,,126.0,995560.0,219264.0,40.7684981,-73.9591691,8c,,106E059,10510.0,,,,1,24v3,8.0,13.0,,,,,,,,,,,,,,1012602.0,10126022000.0
MN,1426,25,108.0,126.0,2000.0,2.0,5.0,10021.0,L016,19.0,4200.0,1.0,2B,1357 2 AVENUE,,R10A,,,,C1-5,,TA,,,,False,V1,11,0,,CF EAST 72 OWNER LLC,6068,0,,,,,,,,,7,0,,0,0,102.17,59.33,0,0,,0,False,3,5,895500,895500,0,0,0,0,,,0.0,10.0,0.0,10.0,1,1014260025,,126.0,995665.0,219325.0,40.7686654,-73.9587899,8c,,106E059,10510.0,,,,1,24v3,8.0,13.0,,,,,,,,,,,,,,1012602.0,10126022000.0
MN,1426,121,108.0,126.0,2000.0,2.0,5.0,10021.0,L016,19.0,4200.0,1.0,2A,259 EAST 71 STREET,,C1-9,,,,,,TA,,,,False,V1,11,0,,259 EAST 72 OWNER LLC,1890,0,,,,,,,,,7,0,,0,0,18.5,102.17,0,0,,0,False,5,5,477900,477900,0,0,0,0,,,0.0,10.0,2.0,10.0,1,1014260121,,126.0,995576.0,219254.0,40.7684707,-73.9591113,8c,,106E059,10510.0,,,,1,24v3,8.0,13.0,,,,,,,,,,,,,,1012602.0,10126022000.0
MN,1262,32,105.0,96.0,1003.0,2.0,4.0,10036.0,L004,18.0,4800.0,1.0,2B,5 WEST 46 STREET,,C5-3,,,,,,MiD,,,,False,V1,11,0,,46/47 OWNER LLC,2152,0,,,,,,,,,7,0,,0,0,21.42,100.42,0,0,,0,False,5,5,895500,895500,0,0,0,0,,,0.0,10.0,15.0,15.0,1,1012620032,,96.0,989939.0,214877.0,40.7564624,-73.9794655,8d,,104 045,10501.0,,,,1,24v3,5.0,13.0,,,,,,,,,,,,,,1009600.0,10096002002.0
MN,1262,34,105.0,96.0,1003.0,2.0,4.0,10036.0,L004,18.0,4800.0,1.0,2B,562 5 AVENUE,,C5-3,,,,,,MiD,,,,False,V1,11,0,,562 LNBL LLC,3575,42349,,,,,,,,,2,0,,0,0,27.08,100.0,0,0,,0,True,3,5,3899700,3899700,0,920,987,0,,,11.85,10.0,15.0,15.0,1,1012620034,,96.0,989991.0,214815.0,40.7562922,-73.9792779,8d,,104 045,10501.0,,,,1,24v3,5.0,13.0,,,,,,,,,,,,,,1009600.0,10096002002.0
MN,1368,143,106.0,106.01,3000.0,2.0,4.0,10022.0,E008,17.0,4900.0,1.0,3B,EAST 57 STREET,,R10,,,,,,,,,,False,V1,11,0,,KENNETH G BROWN,66,0,,,,,,,,,7,0,,0,0,2.67,20.0,0,0,,0,True,5,5,900,900,0,0,0,0,,,0.0,10.0,0.0,10.0,1,1013680143,,10601.0,994641.0,215313.0,40.7576548,-73.9624929,8d,,106E062,10507.0,,,,1,24v3,6.0,13.0,,,,,,,,,,,,,,1010601.0,10106013000.0
MN,1480,120,108.0,116.0,1000.0,2.0,5.0,10065.0,L016,19.0,4400.0,1.0,1B,F D R DRIVE,,R9,,,,,,,,,,False,V1,11,0,X,THE ROCKEFELLER UNIVERSITY,56,0,,,,,,,,,7,0,,0,0,3.5,17.0,0,0,,0,False,8,5,1350,1350,1350,0,0,0,,,0.0,7.52,0.0,10.0,1,1014800120,,116.0,996580.0,216673.0,40.7613852,-73.9554915,9a,,106E068,10512.0,,,,1,24v3,8.0,13.0,1.0,1.0,,,,,,,,,,,,1011600.0,10116001009.0
MN,1480,117,108.0,116.0,1000.0,2.0,5.0,10065.0,L016,19.0,4400.0,1.0,1B,F D R DRIVE,,R9,,,,,,,,,,False,V1,11,0,X,THE ROCKEFELLER UNIVERSITY,56,0,,,,,,,,,7,0,,0,0,3.5,17.0,0,0,,0,False,8,5,1350,1350,1350,0,0,0,,,0.0,7.52,0.0,10.0,1,1014800117,,116.0,996769.0,216890.0,40.7619805,-73.9548088,9a,,106E068,10512.0,,,,1,24v3,8.0,13.0,1.0,1.0,,,,,,,,,,,,1011600.0,10116001009.0
MN,1311,13,105.0,112.03,2002.0,2.0,4.0,10022.0,E008,18.0,4800.0,1.0,2B,126 EAST 57 STREET,,C5-2.5,C5-2,,,,,MiD,,,,True,V1,11,0,,MRR 1326 LLC,13213,0,,,,,,,,,7,1,,0,0,115.0,100.42,0,0,,0,False,5,5,7230150,7230150,0,0,0,0,,,0.0,10.0,12.0,12.0,1,1013110013,,11203.0,992623.0,216387.0,40.7606048,-73.9697757,8c,,106E044,10505.0,,1013110013.0,10/17/2022,1,24v3,5.0,13.0,,,,,,,,,,,,,,1011203.0,10112032002.0
MN,1288,69,105.0,102.0,1007.0,2.0,4.0,10022.0,E023,18.0,4800.0,1.0,2B,665 5 AVENUE,,C5-3,,,,,,MiD,,,,False,V1,11,0,,ROLEX REALTY COMPANY LLC,11050,0,,,,,,,,,7,0,,0,0,85.42,125.0,0,0,,0,True,3,5,8934750,8934750,0,0,1975,2021,,,0.0,10.0,15.0,15.0,1,1012880069,,102.0,991009.0,216200.0,40.7600929,-73.975602,8c,True,106E037,10503.0,,,,1,24v3,5.0,13.0,,,,,,,,,,,,,,1010200.0,10102002003.0
MN,1309,69,105.0,100.0,1001.0,2.0,4.0,10022.0,E008,18.0,4800.0,1.0,2B,407 PARK AVENUE,,C5-3,,,,,,MiD,,,,False,V1,11,0,,CLOVER PARK DEVELOPMENT LLC,10975,0,,,,,,,,,7,0,,0,0,75.42,108.75,0,0,,0,True,3,5,4949100,4949100,0,0,2021,0,,,0.0,10.0,15.0,15.0,1,1013090069,,100.0,992160.0,216152.0,40.7599602,-73.9714473,8d,True,106E043,10505.0,,1013090069.0,08/31/2022,1,24v3,5.0,13.0,,,,,,,,,,,,,,1010000.0,10100001001.0
MN,1402,41,108.0,120.0,1000.0,2.0,4.0,10065.0,E039,19.0,4100.0,1.0,1A,168 EAST 68 STREET,,R8B,,,,,,,,,,False,V5,11,0,X,PARK EAST SYNAGOGUE,2009,0,,,,,,,,,7,0,,0,0,20.0,100.42,0,0,,0,False,5,5,427950,427950,427950,2013,0,0,,,0.0,4.0,0.0,4.0,1,1014020041,,120.0,994466.0,218792.0,40.767204,-73.9631193,8c,,106E048,10509.0,,,,1,24v3,8.0,13.0,,,,,,,,,,,,,,1012000.0,10120001000.0
MN,1395,21,108.0,114.02,1002.0,2.0,4.0,10022.0,E039,19.0,4800.0,1.0,1A,145 EAST 60 STREET,,C5-2,,,,,,,,,,False,V1,11,0,,PARKVIEW TOWER OWNER LLC,4017,0,,,,,,,,,7,0,,0,0,40.0,100.42,0,0,,0,False,5,5,1596150,1596150,0,0,0,0,,,0.0,10.0,10.0,10.0,1,1013950021,,11402.0,993318.0,217226.0,40.7629069,-73.9672658,8c,,106E045,10509.0,,,,1,24v3,8.0,13.0,,,,,,,,,,,,,,1011402.0,10114021002.0
MN,1395,26,108.0,114.02,1002.0,2.0,4.0,10022.0,E039,19.0,4800.0,1.0,1A,155 EAST 60 STREET,,C5-2,,,,,,,,,,False,V1,11,0,,PARKVIEW TOWER OWNER LLC,8033,0,,,,,,,,,7,0,,0,0,80.0,100.42,0,0,,0,False,5,5,3578850,3578850,0,0,2014,0,,,0.0,10.0,10.0,10.0,1,1013950026,,11402.0,993424.0,217168.0,40.7627476,-73.9668832,8c,,106E045,10509.0,,,,1,24v3,8.0,13.0,,,,,,,,,,,,,,1011402.0,10114021002.0
MN,1395,24,108.0,114.02,1002.0,2.0,4.0,10022.0,E039,19.0,4800.0,1.0,1A,151 EAST 60 STREET,,C5-2,,,,,,,,,,False,V1,11,0,,PARKVIEW TOWER OWNER LLC,2008,0,,,,,,,,,7,0,,0,0,20.0,100.42,0,0,,0,False,5,5,810450,810450,0,0,0,0,,,0.0,10.0,10.0,10.0,1,1013950024,,11402.0,993362.0,217202.0,40.762841,-73.967107,8c,,106E045,10509.0,,,,1,24v3,8.0,13.0,,,,,,,,,,,,,,1011402.0,10114021002.0
MN,1395,23,108.0,114.02,1002.0,2.0,4.0,10022.0,E039,19.0,4800.0,1.0,1A,149 EAST 60 STREET,,C5-2,,,,,,,,,,False,V1,11,0,,PARKVIEW TOWER OWNER LLC,2008,0,,,,,,,,,7,0,,0,0,20.0,100.42,0,0,,0,False,5,5,1008000,1008000,0,0,0,0,,,0.0,10.0,10.0,10.0,1,1013950023,,11402.0,993344.0,217211.0,40.7628657,-73.967172,8c,,106E045,10509.0,,,,1,24v3,8.0,13.0,,,,,,,,,,,,,,1011402.0,10114021002.0
MN,1395,25,108.0,114.02,1002.0,2.0,4.0,10022.0,E039,19.0,4800.0,1.0,1A,153 EAST 60 STREET,,C5-2,,,,,,,,,,False,V1,11,0,,PARKVIEW TOWER OWNER LLC,2008,0,,,,,,,,,7,0,,0,0,20.0,100.42,0,0,,0,False,5,5,1080000,1080000,0,0,0,0,,,0.0,10.0,10.0,10.0,1,1013950025,,11402.0,993380.0,217192.0,40.7628136,-73.967042,8c,,106E045,10509.0,,,,1,24v3,8.0,13.0,,,,,,,,,,,,,,1011402.0,10114021002.0
MN,1313,63,105.0,112.03,2000.0,2.0,4.0,10022.0,E008,18.0,4800.0,1.0,2B,120 EAST 59 STREET,,C5-2.5,,,,,,MiD,,,,False,V1,11,0,,118 EAST 59TH STREET REALTY LLC,5021,0,,,,,,,,,7,0,,0,0,50.0,100.42,0,0,,0,False,5,5,2952900,2952900,0,0,0,0,,,0.0,10.0,12.0,12.0,1,1013130063,,11203.0,992827.0,217019.0,40.7623393,-73.9690385,8c,,106E045,10505.0,,,,1,24v3,5.0,13.0,,,,,,,,,,,,,,1011203.0,10112032000.0
MN,2050,158,109.0,227.0,2000.0,6.0,9.0,10030.0,L023,30.0,720.0,1.0,3B,ST NICHOLAS AVENUE,,R6A,,,,,,,,,,False,V1,11,0,,CHIN YUIEN M,990,0,,,,,,,,,7,0,,0,0,55.0,18.0,0,0,,0,False,6,5,12150,12150,0,0,0,0,,,0.0,3.0,0.0,3.0,1,1020500158,,227.0,999139.0,238927.0,40.8224624,-73.9462047,6a,,111S039,10709.0,,,,1,24v3,9.0,17.0,,,,,,,,,,,,,,1022700.0,10227002000.0
MN,2034,17,110.0,234.0,1002.0,5.0,9.0,10039.0,E069,32.0,800.0,1.0,4A,223 WEST 148 STREET,,R7-2,,,,,,,,,,False,V1,11,0,X,HARLEM CONGREGATION FOR COMMUNITY IMPROV EMENT INC,2498,0,,,,,,,,,7,0,,0,0,25.0,99.92,0,0,,0,False,5,5,193950,193950,193950,0,0,0,,,0.0,3.44,0.0,6.5,1,1020340017,,234.0,1001155.0,239608.0,40.824328,-73.938919,6a,,111N059,10709.0,,,,1,24v3,10.0,11.0,,,,,,,,,,,,,,1023400.0,10234001002.0
MN,2034,15,110.0,234.0,1002.0,5.0,9.0,10039.0,E069,32.0,800.0,1.0,4A,WEST 148 STREET,,R7-2,,,,,,,,,,False,V1,11,0,X,HARLEM CONGREGATIONS FOR COMMUNITY IMPRO VEMENT INC,2498,0,,,,,,,,,7,0,,0,0,25.0,99.92,0,0,,0,False,5,5,193950,193950,193950,0,0,0,,,0.0,3.44,0.0,6.5,1,1020340015,,234.0,1001111.0,239632.0,40.8243939,-73.9390779,6a,,111N059,10709.0,,,,1,24v3,10.0,11.0,,,,,,,,,,,,,,1023400.0,10234001002.0
MN,2050,4,109.0,227.0,2001.0,6.0,9.0,10031.0,L023,30.0,720.0,1.0,3B,287 CONVENT AVENUE,,R6A,,,,,,,,,,False,V1,11,0,X,UNITED STATES OF AMERICA,4675,0,,,,,,,,,7,1,,0,0,46.75,100.0,0,0,,0,False,5,5,401400,401400,401400,0,0,0,,,0.0,3.0,0.0,3.0,1,1020500004,,227.0,998757.0,238871.0,40.8223094,-73.947585,6a,,111S039,10709.0,,,,1,24v3,9.0,17.0,,,,,,,,,,,,,,1022700.0,10227002001.0
MN,1744,13,110.0,214.0,1000.0,5.0,9.0,10039.0,E059,32.0,800.0,1.0,4B,HARLEM RIVER DRIVE,,R7-2,,,,,,,,,,False,V1,11,0,C,NYC DEPARTMENT OF SMALL BUSINESS SERVICES,48096,0,,,,,,,,,7,0,,0,0,1367.0,30.0,0,0,,0,True,2,5,3580650,3580650,3580650,0,0,0,,,0.0,3.44,0.0,6.5,1,1017440013,,214.0,1002507.0,238639.0,40.8216656,-73.9340366,6a,,111N054,10607.0,,,,1,24v3,10.0,11.0,1.0,1.0,,,,,,,,,,t,,1021400.0,10214001000.0
MN,1373,11,108.0,238.01,1000.0,2.0,5.0,10044.0,E260,114.0,8300.0,,,MAIN STREET,,R7-2,,,,,,,,,,False,V1,11,0,,"RIVERWALK 8 AFFORDABLE, L.P.",3705,0,,,,,,,,,7,0,,0,0,101.49,107.52,0,0,,0,False,6,5,614250,614250,0,0,0,0,,,0.0,3.44,0.0,6.5,1,1013730011,,23801.0,997620.0,215627.0,40.7585126,-73.9517394,9b,,1,1.0,,1013730010.0,12/06/2023,1,24v3,,13.0,1.0,1.0,,,,,,,,,,,,1023804.0,10238042000.0
MN,1373,25,108.0,238.01,1014.0,2.0,5.0,10044.0,E260,114.0,8300.0,1.0,,WEST LOOP ROAD,,C4-5,,,,,,SRI,,,,False,V1,11,0,C,CORNELL UNIVERSITY,43277,0,,,,,,,,,7,0,,0,0,251.64,489.64,0,0,,0,True,2,5,11391300,11391300,11391300,0,0,0,,,0.0,3.44,3.4,6.5,1,1013730025,,23801.0,996266.0,214325.0,40.7549409,-73.9566291,8d,True,106E070,10507.0,,1013730020.0,08/25/2014,1,24v3,8.0,13.0,,,,,,,,,,,,,,1023804.0,10238041000.0
MN,1373,20,108.0,238.01,1016.0,2.0,5.0,10044.0,E260,114.0,8300.0,1.0,,SOUTH LOOP ROAD,,C4-5,,,,,,SRI,,,,False,V1,11,0,C,CORNELL UNIVERSITY,286626,0,,,,,,,,,7,0,,0,0,808.41,364.48,0,0,,0,True,4,5,50637150,50637150,50637150,0,0,0,,,0.0,3.44,3.4,6.5,1,1013730020,,23801.0,996134.0,213959.0,40.7539365,-73.9571062,8d,True,106E070,10507.0,,1013730020.0,08/25/2014,1,24v3,8.0,13.0,,1.0,,,,,,,,,,,,1023804.0,10238041001.0
MN,1273,10,105.0,112.01,1002.0,2.0,4.0,10019.0,E023,18.0,4800.0,1.0,2B,41 WEST 57 STREET,,C5-3,,,,,,MiD,,,,False,V1,11,0,,BOB 57 DEVELOPMENT LLC,3414,0,,,,,,,,,7,0,,0,0,34.0,100.42,0,0,,0,False,5,5,2200950,2200950,0,0,0,0,,,0.0,10.0,15.0,15.0,1,1012730010,,11201.0,990872.0,217683.0,40.7641635,-73.9760951,8c,,106W034,10502.0,E-643,,,1,24v3,5.0,13.0,,,,,,,,,,,,,,1011201.0,10112011002.0
MN,1273,65,105.0,112.01,1002.0,2.0,4.0,10019.0,E023,18.0,4800.0,1.0,2B,50 WEST 58 STREET,,C5-2.5,,,,,,MiD,,,,False,V1,11,0,,BOB 57 DEVELOPMENT LLC,7532,0,,,,,,,,,7,1,,0,0,75.0,100.42,0,0,,0,False,5,5,3857400,3857400,0,0,0,0,,,0.0,10.0,12.0,12.0,1,1012730065,,11201.0,990913.0,217780.0,40.7644297,-73.975947,8c,,106W034,10502.0,E-643,,,1,24v3,5.0,13.0,,,,,,,,,,,,,,1011201.0,10112011002.0
MN,812,45,105.0,109.0,1009.0,2.0,4.0,10018.0,E026,14.0,5200.0,1.0,1H,989 AVENUE OF THE AMERICAS,,C6-6,,,,,,MiD,,,,False,V1,11,0,,RPY 989 LLC,8041,0,,,,,,,,,7,1,,0,0,98.75,100.0,0,0,,0,True,3,5,3546000,3546000,0,0,0,0,,,0.0,10.0,15.0,15.0,1,1008120045,,109.0,987897.0,213111.0,40.7516162,-73.9868371,8d,,105N035,10305.0,,1008120042.0,04/17/2024,1,24v3,5.0,15.0,,,,,,,,,,,,,,1010900.0,10109001009.0
MN,1310,14,105.0,100.0,1000.0,2.0,4.0,10022.0,E008,18.0,4800.0,1.0,2B,656 LEXINGTON AVENUE,,C5-2.5,,,,,,MiD,,,,False,V1,11,0,,660 LEXINGTON AVENUE DEVELOPMENT LLC,4410,0,,,,,,,,,7,0,,0,0,60.42,73.0,0,0,,0,False,3,5,2380500,2380500,0,0,2023,0,,,0.0,10.0,12.0,12.0,1,1013100014,,100.0,992503.0,216117.0,40.7598638,-73.9702092,8d,,106E044,10505.0,,,,1,24v3,5.0,13.0,,,,,,,,,,,,,,1010000.0,10100001000.0
MN,1309,1,105.0,100.0,1001.0,2.0,4.0,10022.0,E008,18.0,4800.0,1.0,2B,405 PARK AVENUE,,C5-3,,,,,,MiD,,,,False,V1,11,0,,"RAR2 - 405 PARK, LLC",9037,0,,,,,,,,,7,0,,0,0,100.42,90.0,0,0,,0,False,3,5,6626250,6626250,0,0,2021,0,,,0.0,10.0,15.0,15.0,1,1013090001,,100.0,992101.0,216066.0,40.7597242,-73.9716604,8d,,106E043,10505.0,,,,1,24v3,5.0,13.0,,,,,,,,,,,,,,1010000.0,10100001001.0
MN,1273,17,105.0,112.01,1002.0,2.0,4.0,10019.0,E023,18.0,4800.0,1.0,2B,27 WEST 57 STREET,,C5-3,,,,,,MiD,,,,False,V1,11,0,,29 WEST 57TH STREET OWNER LLC,4820,0,,,,,,,,,7,1,,0,0,48.0,100.42,0,0,,0,False,5,5,3092400,3092400,0,0,0,0,,,0.0,10.0,15.0,15.0,1,1012730017,,11201.0,991028.0,217598.0,40.76393,-73.975532,8c,,106W034,10502.0,,,,1,24v3,5.0,13.0,,,,,,,,,,,,,,1011201.0,10112011002.0
MN,1273,16,105.0,112.01,1002.0,2.0,4.0,10019.0,E023,18.0,4800.0,1.0,2B,31 WEST 57 STREET,,C5-3,,,,,,MiD,,,,False,V1,11,0,,31 WEST 57TH STREET OWNER LLC,2711,0,,,,,,,,,7,1,,0,0,27.0,100.42,0,0,,0,False,5,5,1747800,1747800,0,1920,1989,0,,,0.0,10.0,15.0,15.0,1,1012730016,,11201.0,990996.0,217616.0,40.7639795,-73.9756475,8c,,106W034,10502.0,,,,1,24v3,5.0,13.0,,,,,,,,,,,,,,1011201.0,10112011002.0
MN,1272,50,105.0,112.01,1003.0,2.0,4.0,10019.0,E023,18.0,4800.0,1.0,2B,16 WEST 57 STREET,,C5-3,,,,,,MiD,,,,False,V1,11,0,,16 WEST 57TH STREET COMPANY LLC,5020,0,,,,,,,,,7,1,,0,0,50.0,100.42,0,0,,0,False,5,5,3241350,3241350,0,0,0,0,,,0.0,10.0,15.0,15.0,1,1012720050,,11201.0,991085.0,217344.0,40.7632328,-73.9753265,8c,,106W034,10502.0,,,,1,24v3,5.0,13.0,,,,,,,,,,,,,,1011201.0,10112011003.0
MN,1273,15,105.0,112.01,1002.0,2.0,4.0,10019.0,E023,18.0,4800.0,1.0,2B,33 WEST 57 STREET,,C5-3,,,,,,MiD,,,,False,V1,11,0,,VNO 33 WEST 57TH STREET LLC,2513,0,,,,,,,,,7,1,,0,0,25.0,100.42,0,0,,0,False,5,5,1620000,1620000,0,1939,1989,0,,,0.0,10.0,15.0,15.0,1,1012730015,,11201.0,990972.0,217629.0,40.7640152,-73.9757341,8c,,106W034,10502.0,,,,1,24v3,5.0,13.0,,,,,,,,,,,,,,1011201.0,10112011002.0
MN,1272,52,105.0,112.01,1003.0,2.0,4.0,10019.0,E023,18.0,4800.0,1.0,2B,20 WEST 57 STREET,,C5-3,,,,,,MiD,,,,False,V1,11,0,,20 WEST 57TH STREET REALTY LLC,5020,0,,,,,,,,,7,0,,0,0,50.0,100.42,0,0,,0,False,5,5,3221100,3221100,0,0,0,0,,,0.0,10.0,15.0,15.0,1,1012720052,,11201.0,991042.0,217368.0,40.7632987,-73.9754817,8c,,106W034,10502.0,,,,1,24v3,5.0,13.0,,,,,,,,,,,,,,1011201.0,10112011003.0
MN,1305,128,106.0,100.0,2005.0,2.0,4.0,10022.0,L002,17.0,4800.0,1.0,3A,EAST 51 STREET,,C6-4.5,,,,,,MiD,,,,False,V1,11,0,,"569 LEXINGTON OWNER, LLC",31,0,,,,,,,,,7,0,,0,0,75.0,0.42,0,0,,0,False,6,5,20700,20700,0,0,0,0,,,0.0,10.0,12.0,10.0,1,1013050128,,100.0,992200.0,214877.0,40.7564606,-73.9713044,8d,,104 050,10504.0,,1013050050.0,11/15/2004,1,24v3,6.0,13.0,,,,,,,,,,,,,,1010000.0,10100002005.0
MN,1270,44,105.0,104.0,1001.0,2.0,4.0,10019.0,E023,18.0,4800.0,1.0,2B,10 WEST 55TH STREET,,C5-P,,,,,,MiD,,,,False,V1,11,0,,10 W 55 LLC,10344,0,,,,,,,,,7,0,,0,0,23.0,100.42,0,0,,0,False,5,5,3701250,3701250,0,0,2022,0,,,0.0,8.0,8.0,8.0,1,1012700044,,104.0,990918.0,216842.0,40.7618551,-73.9759298,8c,,106W033,10501.0,,1012700044.0,10/18/2023,1,24v3,5.0,13.0,,,,,,,,,,,,,,1010400.0,10104001001.0
MN,1271,48,105.0,104.0,1000.0,2.0,4.0,10019.0,E023,18.0,4800.0,1.0,2B,WEST 56 STREET,,C5-P,,,,,,MiD,,,,False,V1,11,0,,ERDELYI BRUNHILDE,150,0,,,,,,,,,7,0,,0,0,5.42,50.0,0,0,,0,True,8,5,2250,2250,0,0,0,0,,,0.0,8.0,8.0,8.0,1,1012710048,,104.0,991009.0,217029.0,40.7623683,-73.9756012,8c,,106W034,10502.0,,,,1,24v3,5.0,13.0,,,,,,,,,,,,,,1010400.0,10104001000.0
MN,1272,23,105.0,112.01,1003.0,2.0,4.0,10019.0,E023,18.0,4800.0,1.0,2B,21 WEST 56 STREET,,C5-P,,,,,,MiD,,,,False,V1,11,0,,"NINETEEN WEST REALTY COMPANY, LLC",5020,0,,,,,,,,,7,0,,0,0,50.0,100.42,0,0,,0,False,5,5,1718100,1718100,0,0,0,0,,,0.0,8.0,8.0,8.0,1,1012720023,,11201.0,991012.0,217263.0,40.7630106,-73.9755901,8c,,106W034,10502.0,,,,1,24v3,5.0,13.0,,,,,,,,,,,,,,1011201.0,10112011003.0
MN,1289,65,105.0,102.0,1003.0,2.0,4.0,10022.0,E023,18.0,4800.0,1.0,2B,8 EAST 54 STREET,,C5-2.5,,,,,,MiD,,,,False,V1,11,0,,TISHMAN SPEYER,1500,0,,,,,,,,,7,0,,0,0,15.0,100.0,0,0,,0,False,5,5,817200,817200,0,0,0,0,,,0.0,10.0,12.0,12.0,1,1012890065,,102.0,991224.0,216369.0,40.7605566,-73.9748257,8c,,106E037,10503.0,,,,1,24v3,5.0,13.0,,,,,,,,,,,,,,1010200.0,10102002002.0
MN,1342,51,106.0,98.0,4000.0,2.0,4.0,10022.0,L002,17.0,5000.0,1.0,3A,300 EAST 50 STREET,,C1-9,R8B,,,,,,,,,True,V1,11,0,,300 EAST 50TH STREET OWNER LLC,11398,0,,,,,,,,,7,0,,0,0,113.5,100.42,0,0,,0,False,3,5,1952100,1952100,0,0,2022,0,,,0.0,10.0,2.0,10.0,1,1013420051,,98.0,993024.0,214181.0,40.7545495,-73.9683311,8d,,1,1.0,,1013420048.0,01/31/2023,1,24v3,6.0,13.0,,,,,,,,,,,,,,1009800.0,10098004000.0
MN,2063,36,109.0,231.0,3002.0,6.0,9.0,10031.0,L034,30.0,720.0,1.0,3B,773 ST NICHOLAS AVENUE,,R6A,,,,,,,,,,False,V1,11,0,,VINCENT SOLLAZZO-LAMP,2060,0,,,,,,,,,7,0,,0,0,20.42,105.42,0,0,,0,True,5,5,160200,160200,0,0,0,0,Hamilton Heights / Sugar Hill Historic District,,0.0,3.0,0.0,3.0,1,1020630036,,231.0,999901.0,240442.0,40.8266194,-73.943448,6a,True,111N050,10710.0,,,,1,24v3,9.0,17.0,,,,,,,,,,,,,,1023100.0,10231002002.0
MN,1284,21,105.0,94.0,1000.0,2.0,4.0,10017.0,L002,18.0,4800.0,1.0,2B,413 MADISON AVENUE,,C5-3,,,,,,MiD,,,,False,V1,11,0,,415 MADISON AVE LLC,11675,0,,,,,,,,,7,0,,0,0,100.0,116.67,0,0,,0,True,3,5,9971100,9971100,0,0,2016,2021,,,0.0,10.0,15.0,15.0,1,1012840021,,94.0,990883.0,214950.0,40.7566621,-73.9760581,8d,,104 047,10503.0,E-408,,,1,24v3,5.0,13.0,,,,,,,,,,,,,,1009400.0,10094002000.0
MN,705,50,104.0,99.0,1010.0,2.0,3.0,10001.0,E034,10.0,5500.0,1.0,2A,WEST 34 STREET,,C6-4,,,,,,HY,,,,False,V1,11,0,,HUDSON BOULEVARD SLIVER OWNER LLC,2176,0,,,,,,,,,7,0,,0,0,16.82,197.5,0,0,,0,True,8,5,25200,25200,0,0,0,0,,,0.0,10.0,10.0,10.0,1,1007050050,,99.0,984052.0,214244.0,40.7547268,-74.0007147,8d,,105S016,10302.0,,1007050053.0,12/14/2011,1,24v3,4.0,15.0,,,,,,,,,,,,,,1009903.0,10099032009.0
MN,2024,154,110.0,230.0,3001.0,5.0,9.0,10030.0,L028,32.0,1000.0,1.0,4A,WEST 139 STREET,,R7-2,,,,,,,,,,False,V1,11,0,,"ROBERTS, MICHELE A",1199,0,,,,,,,,,7,0,,0,0,12.0,99.92,0,0,,0,False,8,5,13500,13500,0,0,0,0,,,0.0,3.44,0.0,6.5,1,1020240154,,230.0,999767.0,237476.0,40.8184788,-73.9439391,6a,,111S025,10708.0,,,,1,24v3,10.0,11.0,,,,,,,,,,,,,,1023000.0,10230003001.0
MN,2023,55,110.0,228.0,4000.0,5.0,9.0,10030.0,L028,32.0,1000.0,1.0,3A,WEST 138 STREET,,R7-2,,,,,,,,,,False,V1,11,0,C,NYC DEPARTMENT OF CITYWIDE ADMINISTRATIVE SERVICES,1188,0,,,,,,,,,7,0,,0,0,12.0,99.0,0,0,,0,False,8,5,13500,13500,13500,0,0,0,,,0.0,3.44,0.0,6.5,1,1020230055,,228.0,999631.0,237256.0,40.8178752,-73.9444309,6a,,111S025,10708.0,,,,1,24v3,10.0,11.0,,,,,,,,,,,,t,,1022800.0,10228004000.0
MN,1960,34,110.0,221.02,2003.0,5.0,9.0,10030.0,L028,32.0,8510.0,1.0,3A,321 WEST 136 STREET,,R7-2,R8,,,,,,,,,True,V1,11,0,,GRATITUDE CAPITAL LLC,2548,0,,,,,,,,,7,2,,0,0,25.5,99.92,0,0,,0,False,5,5,270000,270000,0,0,2016,0,Dorrance Brooks Square Historic District,,0.0,3.44,0.0,6.5,1,1019600034,,22102.0,998959.0,237214.0,40.817761,-73.9468588,6a,,111S014,10706.0,,,,1,24v3,10.0,11.0,,,,,,,,,,,,,,1022102.0,10221022003.0
MN,2026,15,110.0,230.0,4001.0,5.0,9.0,10030.0,L028,32.0,1000.0,1.0,4A,225 WEST 140 STREET,,R7-2,,,,,,,,,,False,V1,11,0,X,MAXWELL DEVELOPMENT L,5562,0,,,,,,,,,7,0,,0,0,55.66,99.92,0,0,,0,False,5,5,550350,550350,550350,0,0,0,,,0.0,3.44,0.0,6.5,1,1020260015,,230.0,1000088.0,237777.0,40.8193044,-73.9427786,6a,,111S032,10708.0,,1020260015.0,01/06/2003,1,24v3,10.0,11.0,,,,,,,,,,,,,,1023000.0,10230004001.0
MN,2024,132,110.0,230.0,3001.0,5.0,9.0,10030.0,L028,32.0,1000.0,1.0,4A,7 AVENUE,,R7-2,,,,C1-4,,,,,,False,V1,11,0,,2370 ADAM CLAYTON POWELL JR. LLC,971,0,,,,,,,,,7,0,,0,0,12.5,77.67,0,0,,0,False,8,5,12150,12150,0,0,0,0,,,0.0,3.44,0.0,6.5,1,1020240132,,230.0,1000190.0,237191.0,40.8176958,-73.9424115,6a,,111S025,10708.0,,,,1,24v3,10.0,11.0,,,,,,,,,,,,,,1023000.0,10230003001.0
MN,2026,24,110.0,230.0,4001.0,5.0,9.0,10030.0,L028,32.0,1000.0,1.0,4A,207-209 WEST 140TH STREET,,R7-2,,,,,,,,,,False,V1,11,0,X,"NYC PARTNERSHIP HDFC, INC.",5596,0,,,,,,,,,7,0,,0,0,36.0,99.92,0,0,,0,False,5,5,612000,612000,612000,0,0,0,,,0.0,3.44,0.0,6.5,1,1020260024,,230.0,1000284.0,237669.0,40.8190076,-73.9420707,6a,,111S032,10708.0,,1020260024.0,02/03/2020,1,24v3,10.0,11.0,,,,,,,,,,,,,,1023000.0,10230004001.0
MN,2024,43,110.0,230.0,3001.0,5.0,9.0,10030.0,L028,32.0,1000.0,1.0,4A,WEST 139 STREET,,R7-2,,,,,,,,,,False,V1,11,0,C,"JESSIMAN-KETCHAM, KATHARINE",1199,0,,,,,,,,,7,0,,0,0,12.0,99.92,0,0,,0,False,8,5,13500,13500,0,0,0,0,,,0.0,3.44,0.0,6.5,1,1020240043,,230.0,1000021.0,237336.0,40.8180941,-73.9430217,6a,,111S025,10708.0,,,,1,24v3,10.0,11.0,,,,,,,,,,,,,,1023000.0,10230003001.0
MN,2062,2,109.0,231.0,2002.0,6.0,7.0,10031.0,L023,30.0,720.0,1.0,3B,1763 AMSTERDAM AVENUE,,R7A,,,,C1-4,,,,,,False,V1,11,0,,"EMPIRE DEVELOPMENT FUND, LLC",12467,0,,,,,,,,,7,1,,0,0,124.67,100.0,0,0,,0,False,5,5,1045800,1045800,0,0,0,0,,,0.0,4.0,0.0,4.0,1,1020620002,,231.0,999153.0,240462.0,40.8266755,-73.9461507,6a,True,111N050,10710.0,,,,1,24v3,9.0,17.0,,,,,,,,,,,,,,1023100.0,10231001002.0
MN,2011,48,110.0,232.0,2001.0,5.0,9.0,10030.0,E059,32.0,800.0,1.0,4B,126 WEST 143 STREET,,R7-2,,,,,,,,,,False,V1,11,0,X,MALCOLM X II PHASE AASC,4163,0,,,,,,,,,7,0,,0,0,41.67,99.92,0,0,,0,False,5,5,306000,306000,306000,0,0,0,,,0.0,3.44,0.0,6.5,1,1020110048,,232.0,1001209.0,237866.0,40.8195466,-73.9387283,6a,,111S042,10708.0,,,,1,24v3,10.0,11.0,,,,,,,,,,,,,,1023200.0,10232002001.0
MN,1363,64,106.0,86.03,3000.0,2.0,4.0,10022.0,E008,17.0,5000.0,1.0,3A,EAST 52 STREET,,R10,,,,,,,,,,False,V1,11,0,,BEEKMAN CAMPANILE INC,3300,0,,,,,,,,,7,0,,0,0,100.75,47.83,0,0,,0,True,3,5,1797750,1797750,0,0,0,0,,,0.0,10.0,0.0,10.0,1,1013630064,,8603.0,994460.0,213984.0,40.7540072,-73.9631483,8d,,104 055,10507.0,,,,1,24v3,6.0,13.0,1.0,1.0,,,,,,,,,,,,1008603.0,10086033000.0
MN,2067,7,109.0,235.01,4002.0,6.0,7.0,10031.0,L034,30.0,710.0,1.0,3B,475 WEST 152 STREET,,R6A,,,,,,,,,,False,V1,11,0,,475 WEST 152 LLC,1475,0,,,,,,,,,7,0,,0,0,32.17,77.92,0,0,,0,True,6,5,54000,54000,0,0,0,0,,,0.0,3.0,0.0,3.0,1,1020670007,,23501.0,999873.0,241525.0,40.8295919,-73.9435467,3b,,111N064,10710.0,,,,1,24v3,9.0,17.0,,,,,,,,,,,,,,1023501.0,10235013002.0
MN,859,4,105.0,74.0,3002.0,2.0,2.0,10016.0,E001,14.0,5200.0,1.0,1A,273 5 AVENUE,,C5-2,,,,,,,,,,False,V1,11,0,,"PREMIER 273 FIFTH, LLC",2600,0,,,,,,,,,7,0,,0,0,26.0,100.0,0,0,,0,False,5,5,1166400,1166400,0,0,0,0,,,0.0,10.0,10.0,10.0,1,1008590004,,74.0,988037.0,210865.0,40.7454515,-73.986333,8d,,104 017,10306.0,,,,1,24v3,5.0,15.0,,,,,,,,,,,,,,1007400.0,10074003001.0
MN,831,1,105.0,76.0,2002.0,2.0,3.0,10001.0,E001,14.0,5200.0,1.0,1A,836 AVENUE OF THE AMER,,C6-4X,,,,,,,,,,False,V1,11,0,,"K.C. 836, LLC",996,0,,,,,,,,,7,0,,0,0,24.67,40.33,0,0,,0,False,3,5,691650,691650,0,0,0,0,,,0.0,10.0,10.0,10.0,1,1008310001,,76.0,987082.0,211307.0,40.746665,-73.9897794,8d,,104 015,10306.0,,,,1,24v3,5.0,15.0,,,,,,,,,,,,,,1007600.0,10076002002.0
MN,2177,255,112.0,265.0,3000.0,6.0,10.0,10033.0,E093,34.0,300.0,1.0,2B,CABRINI BOULEVARD,,R7-2,,,,,,,,,,False,V1,11,0,X,PORT AUTHORITY OF NY AND NJ,54400,0,,,,,,,,,7,0,,0,0,200.0,272.0,0,0,,0,False,3,5,4885650,4885650,4885650,0,0,0,,,0.0,3.44,0.0,6.5,1,1021770255,,265.0,1000490.0,249011.0,40.8501377,-73.941299,3a,,112 014,10803.0,,,,1,24v3,12.0,17.0,,,,,,,,,,,,,,1026500.0,10265003000.0
MN,2139,80,112.0,255.0,1010.0,6.0,10.0,10032.0,E067,33.0,8700.0,1.0,1B,WEST 168 STREET,,R8,,,,,,,,,,False,V6,11,0,X,TRUSTEES OF COLUMBIA UNIVERSITY,8550,0,,,,,,,,,7,0,,0,0,41.08,34.0,0,0,,0,True,5,5,1278450,1278450,1278450,0,0,0,,,0.0,6.02,0.0,6.5,1,1021390080,,255.0,999952.0,246121.0,40.8422065,-73.9432504,3b,,111N090,10802.0,,,,1,24v3,12.0,17.0,,,,,,,,,,,,,,1025500.0,10255001007.0
MN,2111,37,112.0,243.01,1000.0,6.0,10.0,10032.0,E084,33.0,500.0,1.0,1A,455 WEST 164 STREET,,R7-2,,,,,,,,,,False,V1,11,0,,445 W 164 LLC,3275,0,,,,,,,,,7,0,,0,0,25.0,142.42,0,0,,0,True,5,5,254250,254250,0,0,0,0,,,0.0,3.44,0.0,6.5,1,1021110037,,24301.0,1001496.0,244242.0,40.8370463,-73.937675,3b,,111N085,10801.0,,,,1,24v3,12.0,17.0,,,,,,,,,,,,,,1024301.0,10243011000.0
MN,919,35,106.0,78.0,1000.0,2.0,4.0,10016.0,E021,17.0,5000.0,1.0,2B,246 EAST 39 STREET,,C1-9,,,,,,,,,,False,V9,11,0,,242 REALTY LLC,2469,0,,,,,,,,,7,1,,0,0,25.0,98.75,0,0,,0,False,5,5,363600,363600,0,0,0,0,,,0.0,10.0,2.0,10.0,1,1009190035,,78.0,991402.0,211766.0,40.7479224,-73.9741881,8d,,104 033,10308.0,,,,1,24v3,6.0,13.0,,,,,,,,,,,,,,1007800.0,10078001000.0
MN,970,2,106.0,86.01,1003.0,2.0,4.0,10017.0,E021,17.0,5000.0,1.0,2B,EAST 40 STREET,,C5-2,,,,,,,,,,False,V1,11,0,,"708 FIRST REALTY COMPANY,LLC",82497,0,,,,,,,,,7,2,,0,0,422.1,197.5,0,0,,0,True,3,5,45311400,45311400,0,0,0,0,,,0.0,10.0,10.0,10.0,1,1009700002,,8601.0,992633.0,211615.0,40.7475069,-73.9697456,8d,,104 037,10310.0,R-156,,,1,24v3,6.0,13.0,,1.0,,,,,,,,,,,,1008601.0,10086013004.0
MN,2120,62,112.0,245.0,4001.0,6.0,10.0,10032.0,E084,33.0,500.0,1.0,1A,565 WEST 161 STREET,,R7-2,,,,,,,,,,False,V1,11,0,,SJM HOLDINGS 565 LLC,1890,0,,,,,,,,,7,0,,0,0,18.92,99.92,0,0,,0,False,5,5,146700,146700,0,0,0,0,,,0.0,3.44,0.0,6.5,1,1021200062,,245.0,1000319.0,243978.0,40.8363239,-73.9419292,3b,,111N083,10801.0,,,,1,24v3,12.0,17.0,,,,,,,,,,,,,,1024500.0,10245004001.0
MN,970,1,106.0,86.01,1003.0,2.0,4.0,10016.0,E021,17.0,5000.0,1.0,2B,666 1 AVENUE,,C5-2,,,,,,,,,,False,V1,11,3,,"700 FIRST REALTY COMPANY, LLC",193528,0,,,,,,,,,7,0,,0,0,515.0,336.86,0,0,,0,True,3,0,101485350,101485350,0,0,0,0,,,0.0,10.0,10.0,10.0,1,1009700001,,8601.0,992449.0,211320.0,40.7466973,-73.97041,8d,,104 037,10310.0,R-156,,,1,24v3,6.0,13.0,,1.0,,,,,,,,,,,,1008601.0,10086013004.0
MN,2170,31,112.0,279.0,4000.0,6.0,10.0,10033.0,E093,34.0,221.0,1.0,3A,663 WEST 187 STREET,,R7-2,,,,,,,,,,False,V1,11,0,,187 STREET MAZAL LLC,1582,0,,,,,,,,,7,1,,0,0,16.67,94.92,0,0,,0,False,5,5,153900,153900,0,0,0,0,,,0.0,3.44,0.0,6.5,1,1021700031,,279.0,1002840.0,250452.0,40.8540882,-73.9328007,3a,,112 038,10803.0,,,,1,24v3,12.0,17.0,,,,,,,,,,,,,,1027900.0,10279004000.0
MN,2170,27,112.0,279.0,4000.0,6.0,10.0,10033.0,E093,34.0,221.0,1.0,3A,655 WEST 187 STREET,,R7-2,,,,,,,,,,False,V1,11,0,,187 STREET MAZAL LLC,1582,0,,,,,,,,,7,0,,0,0,16.67,94.92,0,0,,0,False,5,5,153900,153900,0,0,0,0,,,0.0,3.44,0.0,6.5,1,1021700027,,279.0,1002899.0,250420.0,40.8540002,-73.9325875,3a,,112 038,10803.0,,,,1,24v3,12.0,17.0,,,,,,,,,,,,,,1027900.0,10279004000.0
MN,2123,36,112.0,251.0,1008.0,6.0,10.0,10032.0,E067,33.0,400.0,1.0,1A,506 WEST 166 STREET,,R7-2,,,,,,,,,,False,V1,11,0,,TRUSTEES OF COLUMBIA UNIVERSITY,2625,0,,,,,,,,,7,0,,0,0,25.0,107.83,0,0,,0,False,5,5,203850,203850,0,0,0,0,,,0.0,3.44,0.0,6.5,1,1021230036,,251.0,1001257.0,244847.0,40.8387073,-73.9385372,3b,,111N093,10801.0,,,,1,24v3,12.0,17.0,,,,,,,,,,,,,,1025100.0,10251001007.0
MN,2130,58,112.0,261.0,7001.0,6.0,10.0,10032.0,E067,33.0,400.0,1.0,2A,525 WEST 173 STREET,,R7-2,,,,,,,,,,False,V1,11,0,,"CITIMORTGAGE, INC.",1875,0,,,,,,,,,7,0,,0,0,18.75,100.0,0,0,,0,False,5,5,230400,230400,0,0,0,0,,,0.0,3.44,0.0,6.5,1,1021300058,,261.0,1002107.0,246608.0,40.8435391,-73.9354606,3b,,112 008,10801.0,,,,1,24v3,12.0,17.0,,,,,,,,,,,,,,1026100.0,10261007002.0
MN,2180,75,112.0,273.0,4000.0,6.0,10.0,10033.0,E093,34.0,222.0,1.0,3B,BENNETT AVENUE,,R7-2,,,,,,,,,,False,V1,11,0,,BENNETT ROCK LLC,4858,0,,,,,,,,,4,0,,0,0,50.0,161.83,0,0,,0,True,4,5,411750,411750,0,0,0,0,,,0.0,3.44,0.0,6.5,1,1021800075,,273.0,1001774.0,249396.0,40.851192,-73.9366569,3a,,112 017,10803.0,,1021800075.0,07/23/2014,1,24v3,12.0,17.0,,,,,,,,,,,,,,1027300.0,10273004000.0
MN,2215,173,208.0,309.0,4000.0,10.0,10.0,10463.0,E081,50.0,110.0,2.0,2A,TERRACE VIEW AVENUE,,M1-1,,,,,,,,,,False,V1,11,0,,7-15 TERRACE VIEW AVENUE LLC,8175,0,,,,,,,,,7,0,,0,0,108.0,70.0,0,0,,0,True,5,5,479700,479700,0,0,0,0,,,0.0,0.0,1.0,2.4,1,1022150173,,309.0,1008985.0,259200.0,40.8780837,-73.9105555,1d,,112 082,10804.0,E-659,1022150173.0,05/13/2004,1,24v3,8.0,17.0,,,,,,,,,,,,,,1030900.0,10309005000.0
MN,2128,48,112.0,253.0,1001.0,6.0,10.0,10032.0,E067,33.0,400.0,1.0,2A,2238A AMSTERDAM AVENUE,,R7-2,,,,,,,,,,False,V1,11,0,,"NEW YORK HE TRADING CO., LLC",2500,0,,,,,,,,,7,1,,0,0,25.0,100.0,0,0,,0,False,5,5,189000,189000,0,0,0,0,,,0.0,3.44,0.0,6.5,1,1021280048,,253.0,1002045.0,246084.0,40.842101,-73.9356861,3b,,112 007,10801.0,,,,1,24v3,12.0,17.0,,,,,,,,,,,,,,1025300.0,10253001001.0
MN,2069,28,109.0,235.01,1001.0,6.0,9.0,10032.0,L034,30.0,710.0,1.0,3B,89 ST NICHOLAS PLACE,,R8A,,,,,,,,,,False,V1,11,0,,GETTY PETROLEUM CORP,12,0,,,,,,,,,7,0,,0,0,1.92,9.75,0,0,,0,True,8,5,1170,1170,0,0,0,0,,,0.0,6.02,0.0,6.5,1,1020690028,,23501.0,1000503.0,241927.0,40.8306942,-73.9412692,3b,,111N064,10710.0,,,,1,24v3,9.0,17.0,,,,,,,,,,,,,,1023501.0,10235011000.0
MN,2179,474,112.0,275.0,1004.0,6.0,10.0,10033.0,E093,34.0,8700.0,1.0,2B,CHITTENDEN AVENUE,,R7-2,,,,,,,,,,False,V1,11,0,,BLOCK 2179 LOT 474 LLC,11000,0,,,,,,,,,7,0,,0,0,121.08,85.0,0,0,,0,True,5,5,983250,983250,0,0,0,0,,,0.0,3.44,0.0,6.5,1,1021790474,,275.0,1001382.0,251249.0,40.8562787,-73.9380691,3a,,112 021,10803.0,,,,1,24v3,12.0,17.0,,,,,,,,,,,,,,1027500.0,10275001006.0
MN,2179,243,112.0,275.0,1001.0,6.0,10.0,10033.0,E093,34.0,8700.0,1.0,2B,RIVERSIDE DRIVE,,R7-2,,,,,,,,,,False,V1,11,0,,"RIEDER RUBIN, ANNETTE",3990,0,,,,,,,,,7,0,,0,0,50.95,79.32,0,0,,0,True,5,5,204300,204300,0,0,0,0,,,0.0,3.44,0.0,6.5,1,1021790243,,275.0,1000980.0,250810.0,40.8550745,-73.9395234,3a,,112 021,10803.0,,,,1,24v3,12.0,17.0,,,,,,,,,,,,,,1027500.0,10275001005.0
MN,2140,85,112.0,255.0,1006.0,6.0,10.0,10032.0,E067,33.0,8700.0,1.0,1B,RIVERSIDE DRIVE,,R8,,,,,,,,,,False,V1,11,0,X,PORT AUTHORITY OF NY AND NJ,15875,0,,,,,,,,,7,0,,0,0,60.58,364.67,0,0,,0,True,5,5,2490300,2490300,2490300,0,0,0,,,0.0,6.02,0.0,6.5,1,1021400085,,255.0,999541.0,246423.0,40.8430361,-73.9447352,3b,,111N089,10802.0,,,,1,24v3,12.0,17.0,,,,,,,,,,,,,,1025500.0,10255001003.0
MN,1347,22,106.0,108.0,5000.0,2.0,4.0,10022.0,E008,17.0,4900.0,1.0,3B,349 EAST 54 STREET,,R8B,,,,,,,,,,False,V1,11,0,,LAWRENCE YASUYO,2010,0,,,,,,,,,7,1,,0,0,20.0,100.5,0,0,,0,False,5,5,369900,369900,0,0,0,0,,,0.0,4.0,0.0,4.0,1,1013470022,,108.0,994031.0,214995.0,40.7567827,-73.9646952,8d,,106E052,10507.0,,,,1,24v3,6.0,13.0,,,,,,,,,,,,,,1010801.0,10108013000.0
MN,2106,400,112.0,311.0,1007.0,6.0,10.0,10033.0,E067,33.0,8600.0,1.0,2A,AMSTERDAM AVENUE,,R7-2,PARK,,,,,,,,,True,V7,11,0,X,PORT AUTHORITY OF NY AND NJ,450,0,,,,,,,,,7,0,,0,0,86.42,33.83,0,0,,0,True,5,5,450,450,450,0,0,0,,,0.0,3.44,0.0,6.5,1,1021060400,,311.0,1003020.0,247554.0,40.8461337,-73.9321582,3b,,112 083,10801.0,,,,1,24v3,12.0,17.0,,,,,,,,,,,,,,1031100.0,10311001009.0
MN,2120,58,112.0,245.0,4001.0,6.0,10.0,10032.0,E084,33.0,500.0,1.0,1A,557 WEST 161 STREET,,R7-2,,,,,,,,,,False,V1,11,0,,557 WEST 161ST STREET LLC,1799,0,,,,,,,,,7,0,,0,0,18.0,99.92,0,0,,0,False,5,5,248850,248850,0,0,0,0,,,0.0,3.44,0.0,6.5,1,1021200058,,245.0,1000382.0,243943.0,40.8362277,-73.9417016,3b,,111N083,10801.0,,,,1,24v3,12.0,17.0,,,,,,,,,,,,,,1024500.0,10245004001.0
MN,2108,71,112.0,239.0,2001.0,6.0,10.0,10032.0,E084,33.0,710.0,1.0,1A,467 WEST 157 STREET,,R7-2,,,,,,,,,,False,V1,11,0,,"467 WEST 157 HOLDING, LLC",4996,0,,,,,,,,,7,0,,0,0,50.0,99.92,0,0,,0,False,5,5,369000,369000,0,0,0,0,,,0.0,3.44,0.0,6.5,1,1021080071,,239.0,1000481.0,242702.0,40.8328214,-73.9413468,3b,,111N072,10801.0,,,,1,24v3,12.0,17.0,,,,,,,,,,,,,,1023900.0,10239002001.0
MN,2134,41,112.0,241.0,2001.0,6.0,7.0,10032.0,L034,33.0,610.0,1.0,1B,WEST 156 STREET,,R8,,,,,,,,,,False,V1,11,0,,HISPANIC SO OF AMER,4996,0,,,,,,,,,7,0,,0,0,50.0,99.92,0,0,,0,False,5,5,645300,645300,593875,0,0,0,,,0.0,6.02,0.0,6.5,1,1021340041,,241.0,998967.0,243062.0,40.8338121,-73.9468171,3b,,111N070,10802.0,,,,1,24v3,12.0,17.0,,,,,,,,,,,,,,1024100.0,10241002001.0
MN,2064,34,109.0,231.0,3001.0,6.0,9.0,10031.0,L034,30.0,720.0,1.0,3B,793 ST NICHOLAS AVENUE,,R7A,,,,,,,,,,False,V1,11,0,,FLORENCE WHEELER,1000,0,,,,,,,,,7,0,,0,0,25.5,42.0,0,0,,0,True,5,5,113400,113400,0,0,0,0,,,0.0,4.0,0.0,4.0,1,1020640034,,231.0,1000000.0,240645.0,40.8271764,-73.9430898,3b,,111N057,10710.0,,,,1,24v3,9.0,17.0,,,,,,,,,,,,,,1023100.0,10231002001.0
MN,941,9,106.0,78.0,5001.0,2.0,4.0,10016.0,L007,17.0,5000.0,1.0,2B,2 AVENUE,,C1-9,R8,,,,,,,,,True,V1,11,0,X,MTA - BRIDGES AND TUNNELS,8097,0,,,,,,,,,7,0,,0,0,41.0,197.5,0,0,,0,False,5,5,1251000,1251000,1251000,0,0,0,,,0.0,10.0,2.0,10.0,1,1009410009,,78.0,991308.0,210877.0,40.7454824,-73.9745283,8d,,104 024,10309.0,,,,1,24v3,6.0,13.0,,,,,,,,,,,,t,,1007800.0,10078005001.0
MN,2121,59,112.0,243.01,3001.0,6.0,10.0,10032.0,E084,33.0,500.0,1.0,1A,WEST 163 STREET,,R7-2,,,,C1-4,,,,,,False,V1,11,0,,EMS GARDEN APARTMENTS LLC,200,0,,,,,,,,,7,1,,0,0,10.0,20.0,0,0,,0,False,8,5,2250,2250,0,0,0,0,,,0.0,3.44,0.0,6.5,1,1021210059,,24301.0,1000931.0,244192.0,40.8369101,-73.939717,3b,,111N084,10801.0,,,,1,24v3,12.0,17.0,,,,,,,,,,,,,,1024301.0,10243013001.0
MN,2121,1,112.0,243.01,3002.0,6.0,10.0,10032.0,E084,33.0,500.0,1.0,1A,1040 ST NICHOLAS AVENUE,,R7-2,,,,C1-4,,,,,,False,V1,11,0,,"CATS 1040 ST. NICHOLAS AVENUE, LLC",10560,0,,,,,,,,,7,0,,0,0,208.58,164.5,0,0,,0,False,1,5,826200,826200,0,0,0,0,,,0.0,3.44,0.0,6.5,1,1021210001,,24301.0,1000926.0,244049.0,40.8365177,-73.9397354,3b,,111N084,10801.0,,,,1,24v3,12.0,17.0,,,,,,,,,,,,,,1024301.0,10243013002.0
MN,2039,63,110.0,236.0,1001.0,5.0,9.0,10039.0,E069,32.0,800.0,1.0,4A,2902 FREDRICK DOUGLASS BL,,R7-2,,,,C1-4,,,,,,False,V1,11,0,,"2902 FREDERICK DOUGLAS BLVD. HOLDING, LL C.",4000,0,,,,,,,,,7,0,,0,0,40.0,100.0,0,0,,0,False,5,5,293850,293850,0,0,0,0,,,0.0,3.44,0.0,6.5,1,1020390063,,236.0,1001511.0,241001.0,40.8281507,-73.9376291,3b,,111N066,10709.0,,,,1,24v3,10.0,11.0,,,,,,,,,,,,,,1023600.0,10236001001.0
MN,2067,149,109.0,235.01,4002.0,6.0,7.0,10031.0,L034,30.0,710.0,1.0,3B,WEST 153 STREET,,R6A,,,,,,,,,,False,V1,11,0,C,NYC DEPARTMENT OF CITYWIDE ADMINISTRATIVE SERVICES,20,0,,,,,,,,,7,0,,0,0,7.83,2.5,0,0,,0,True,8,5,900,900,900,0,0,0,,,0.0,3.0,0.0,3.0,1,1020670149,,23501.0,1000130.0,241538.0,40.8296272,-73.942618,3b,,111N064,10710.0,,,,1,24v3,9.0,17.0,,,,,,,,,,,,t,,1023501.0,10235013002.0
MN,2107,2,112.0,239.0,1002.0,6.0,10.0,10032.0,E084,33.0,710.0,1.0,1A,WEST 155 STREET,,R7-2,,,,C2-4,,,,,,False,V1,11,0,C,NYC DEPARTMENT OF ENVIRONMENTAL PROTECTION,15032,0,,,,,,,,,7,0,,0,0,50.0,419.67,0,0,,0,True,5,5,1119150,1119150,1119150,0,0,0,,,0.0,3.44,0.0,6.5,1,1021070002,,239.0,1000647.0,242132.0,40.8312566,-73.9407483,3b,,111N072,10801.0,,,,1,24v3,12.0,17.0,,,,,,,,,,,,t,,1023900.0,10239001002.0
MN,2110,55,112.0,243.01,2000.0,6.0,10.0,10032.0,E084,33.0,500.0,1.0,1A,WEST 162 STREET,,R7-2,,,,,,,,,,False,V1,11,0,,LEX162 INC.,2306,0,,,,,,,,,7,0,,0,0,3.5,112.5,0,0,,0,False,5,5,179100,179100,0,0,0,0,,,0.0,3.44,0.0,6.5,1,1021100055,,24301.0,1001123.0,243760.0,40.8357241,-73.9390242,3b,,111N077,10801.0,,1021100055.0,07/22/2015,1,24v3,12.0,17.0,,,,,,,,,,,,,,1024301.0,10243012000.0
MN,2136,49,112.0,247.0,2000.0,6.0,7.0,10032.0,E084,33.0,500.0,1.0,1B,FT WASHINGTON AVENUE,,R8,,,,,,,,,,False,V1,11,0,,DONALD E FITZPATRICK,1,0,,,,,,,,,7,0,,0,0,1.83,1.58,0,0,,0,True,8,5,450,450,0,0,0,0,,,0.0,6.02,0.0,6.5,1,1021360049,,247.0,999562.0,243718.0,40.8356116,-73.9446654,3b,,111N077,10802.0,,,,1,24v3,12.0,17.0,,,,,,,,,,,,,,1024700.0,10247002000.0
MN,2101,63,109.0,233.0,1003.0,6.0,7.0,10031.0,L023,30.0,620.0,1.0,3A,WEST 145 STREET,,R8,,,,,,,,,,False,V1,11,0,X,AMTRAK HEADQUARTERS,5444,0,,,,,,,,,7,0,,0,0,38.0,66.0,0,0,,0,False,5,5,236700,236700,236700,0,0,0,,,0.0,6.02,0.0,6.5,1,1021010063,,233.0,997362.0,240712.0,40.8273646,-73.9526217,3b,,111S035,10710.0,,,,1,24v3,9.0,17.0,,,,,,,,,,,,,,1023300.0,10233001003.0
MN,2174,114,112.0,285.0,4000.0,6.0,10.0,10040.0,L036,34.0,221.0,1.0,3B,ELLWOOD STREET,,R7-2,,,,,,,,,,False,V1,11,0,,ELWOOD RD. CORPORATION,1000,0,,,,,,,,,7,0,,0,0,10.0,100.0,0,0,,0,False,8,5,11700,11700,0,0,0,0,,,0.0,3.44,0.0,6.5,1,1021740114,,285.0,1004040.0,253080.0,40.8612986,-73.9284552,3a,,112 046,10803.0,,,,1,24v3,12.0,17.0,,,,,,,,,,,,,,1028500.0,10285004000.0
MN,2174,97,112.0,285.0,4000.0,6.0,10.0,10040.0,L036,34.0,221.0,1.0,3B,NAGLE AVENUE,,R7-2,,,,,,,,,,False,V1,11,0,,NAGLE AVE DNB LLC,2800,0,,,,,,,,,7,0,,0,0,70.0,40.0,0,0,,0,False,6,5,129150,129150,0,0,0,0,,,0.0,3.44,0.0,6.5,1,1021740097,,285.0,1004119.0,252928.0,40.8608813,-73.9281701,3a,,112 046,10803.0,,,,1,24v3,12.0,17.0,,,,,,,,,,,,,,1028500.0,10285004000.0
MN,2156,75,112.0,269.0,1001.0,6.0,10.0,10033.0,L045,34.0,210.0,1.0,3A,528 WEST 187 STREET,,R7-2,,,,,,,,,,False,V1,11,0,,YESHIVA UNIVERSITY,1444,0,,,,,,,,,0,1,,0,0,19.25,75.0,0,0,,0,False,5,5,202500,202500,0,0,0,0,,,0.0,3.44,0.0,6.5,1,1021560075,,269.0,1003797.0,249736.0,40.8521209,-73.9293435,3a,,112 025,10803.0,,,,1,24v3,12.0,17.0,,,,,,,,,,,,,,1026900.0,10269001002.0
MN,2179,154,112.0,273.0,3000.0,6.0,10.0,10033.0,E093,34.0,222.0,1.0,2B,205 CABRINI BOULEVARD,,R7-2,,,,,,,,,,False,V1,11,0,,GOLD CHIP VENTURES LLC,5258,0,,,,,,,,,7,0,,0,0,68.67,88.0,0,0,,0,False,5,5,690750,690750,0,0,0,0,,,0.0,3.44,0.0,6.5,1,1021790154,,273.0,1001222.0,250526.0,40.8542946,-73.9386493,3a,,112 016,10803.0,,1021790153.0,02/14/2024,1,24v3,12.0,17.0,,,,,,,,,,,,,,1027300.0,10273003000.0
MN,2179,152,112.0,273.0,3000.0,6.0,10.0,10033.0,E093,34.0,222.0,1.0,2B,CABRINI BOULEVARD,,R7-2,,,,,,,,,,False,V1,11,0,,"MAZZELLA, MATTHEW",642,0,,,,,,,,,7,0,,0,0,7.12,90.12,0,0,,0,False,8,5,7200,7200,0,0,0,0,,,0.0,3.44,0.0,6.5,1,1021790152,,273.0,1001208.0,250492.0,40.8542013,-73.9387,3a,,112 016,10803.0,,1021790153.0,10/27/2005,1,24v3,12.0,17.0,,,,,,,,,,,,,,1027300.0,10273003000.0
MN,2238,35,112.0,295.0,3001.0,6.0,10.0,10034.0,E095,34.0,120.0,1.0,4B,4849 BROADWAY,,R7-2,,,,C2-4,,IN,,,,False,V1,11,0,,RITA S SKLAR,15000,0,,,,,,,,,7,0,,0,0,100.0,150.0,0,0,,0,False,5,5,1431900,1431900,0,0,0,0,,,0.0,3.44,0.0,6.5,1,1022380035,,295.0,1005109.0,255108.0,40.8668624,-73.9245842,3a,,112 057,10804.0,,,,1,24v3,12.0,17.0,,,,,,,,,,,,,,1029500.0,10295003001.0
MN,394,5,103.0,28.0,2001.0,1.0,2.0,10009.0,L011,9.0,6300.0,1.0,4A,183 AVENUE B,,R7A,,,,C1-5,,,,,,False,V1,11,0,,TOMPKINS 183 LLC,1779,0,,,,,,,,,7,0,,0,0,17.17,93.0,0,0,,0,True,5,5,379800,379800,0,0,0,0,,,0.0,4.0,0.0,4.0,1,1003940005,,28.0,990069.0,204382.0,40.7276561,-73.9790053,12c,,102 030,10203.0,,,,1,24v3,3.0,14.0,,1.0,,,,,,,,,,,,1002800.0,10028002001.0
MN,384,21,103.0,22.02,1002.0,1.0,2.0,10009.0,L018,9.0,7600.0,1.0,3A,EAST 2 STREET,,R8A,,,,,,,,,,False,V1,11,0,,ALTADINO 1 LLC,3989,0,,,,,,,,,7,0,,0,0,50.0,80.08,0,0,,0,True,5,5,1994400,1994400,0,0,0,0,,,0.0,6.02,0.0,6.5,1,1003840021,,2202.0,989129.0,202088.0,40.7213602,-73.9823985,12c,,102 005,10203.0,E-216,,,1,24v3,3.0,14.0,,,,,,,,,,,,,,1002202.0,10022021002.0
MN,374,34,103.0,26.01,1001.0,1.0,2.0,10009.0,E028,9.0,6700.0,1.0,3A,55 AVENUE D,,R8A,,,,C1-5,,,,,,False,V1,11,0,,"RASH, LLC.",3294,0,,,,,,,,,7,0,,0,0,41.17,80.0,0,0,,0,False,3,5,248850,248850,0,0,0,0,,,0.0,6.02,0.0,6.5,1,1003740034,,2601.0,990437.0,202272.0,40.7218644,-73.9776796,12c,,102 014,10202.0,E-216,,,1,24v3,3.0,14.0,,,,,,,,,,,,,,1002601.0,10026011001.0
MN,374,36,103.0,26.01,1001.0,1.0,2.0,10009.0,E028,9.0,6700.0,1.0,3A,53 AVENUE D,,R8A,,,,C1-5,,,,,,False,V1,11,0,,"RASH, LLC",1760,0,,,,,,,,,7,0,,0,0,22.0,80.0,0,0,,0,False,5,5,132750,132750,0,0,0,0,,,0.0,6.02,0.0,6.5,1,1003740036,,2601.0,990421.0,202245.0,40.7217903,-73.9777373,12c,,102 014,10202.0,,,,1,24v3,3.0,14.0,,,,,,,,,,,,,,1002601.0,10026011001.0
MN,336,25,103.0,12.0,1008.0,1.0,1.0,10002.0,L018,7.0,7600.0,1.0,2B,31 BIALYSTOKER PLACE,,R8,,,,,,,,,,False,V1,11,0,,UNAVAILABLE OWNER,4731,0,,,,,,,,,7,0,,0,0,63.08,75.0,0,0,,0,False,3,5,1354500,1354500,0,0,0,0,,,0.0,6.02,0.0,6.5,1,1003360025,,12.0,989006.0,200261.0,40.7163456,-73.9828435,12c,,101N081,10201.0,,,,1,24v3,3.0,14.0,,,,,,,,,,,,,,1001200.0,10012001009.0
MN,384,40,103.0,22.02,1002.0,1.0,2.0,10009.0,L018,9.0,7600.0,1.0,3A,EAST HOUSTON STREET,,R8A,,,,,,,,,,False,V1,11,0,,PACO EAST HOUSTON LLC,471,0,,,,,,,,,7,0,,0,0,7.85,120.38,0,0,,0,True,8,5,2250,2250,0,0,0,0,,,0.0,6.02,0.0,6.5,1,1003840040,,2202.0,989098.0,202053.0,40.7212642,-73.9825103,12c,,102 005,10203.0,,1003840004.0,08/20/2007,1,24v3,3.0,14.0,,,,,,,,,,,,,,1002202.0,10022021002.0
MN,372,64,103.0,22.02,1000.0,1.0,2.0,10009.0,E028,9.0,7600.0,1.0,3A,270 EAST 2 STREET,,R8A,,,,,,,,,,False,V1,11,0,,FREEDOM VILLAGE HOUSING DEVELOPMENT FUND  CORPORATI,8162,0,,,,,,,,,7,0,,0,0,77.0,105.92,0,0,,0,False,5,5,4447350,4447350,0,0,2019,0,,,0.0,6.02,0.0,6.5,1,1003720064,,2202.0,989693.0,201946.0,40.7209701,-73.9803639,12c,,102 014,10202.0,,,,1,24v3,3.0,14.0,,,,,,,,,,,,,,1002202.0,10022021000.0
MN,784,6,105.0,109.0,1005.0,2.0,3.0,10001.0,E026,14.0,5200.0,1.0,1H,267 WEST 34 STREET,,C6-4M,,,,,,,,,,False,V1,11,0,,CANING RLTY CORP,1644,0,,,,,,,,,7,1,,0,0,21.67,78.0,0,0,,0,False,5,5,922050,922050,0,0,0,0,,,0.0,10.0,10.0,10.0,1,1007840006,,109.0,986208.0,213337.0,40.7522371,-73.992933,8d,,105N033,10304.0,,,,1,24v3,5.0,15.0,,,,,,,,,,,,,,1010900.0,10109001005.0
MN,293,30,103.0,16.0,3003.0,2.0,1.0,10002.0,L006,5.0,7400.0,1.0,1A,6 1/2 ELDRIDGE STREET,,C6-1G,,,,,,,,,,False,V1,11,0,,DAI FUNG RLTY CORP,131,0,,,,,,,,,7,0,,0,0,3.0,43.67,0,0,,0,False,8,5,900,900,0,0,0,0,,,0.0,3.44,6.0,4.8,1,1002930030,,16.0,986011.0,199614.0,40.7145708,-73.9936476,12d,,101S030,10107.0,,,,1,24v3,3.0,14.0,,,,,,,,,,,,,,1001600.0,10016003003.0
MN,544,68,102.0,57.0,2004.0,2.0,2.0,10003.0,E033,9.0,5700.0,1.0,2A,35 EAST 4 STREET,,M1-5/R7X,,,,,,SNX,,,,False,V1,11,0,M,10-12 COOPER SQUAREINC,9835,0,,,,,,,,,7,0,,0,0,75.0,132.25,0,0,,0,True,5,5,3719250,3719250,3719250,0,0,0,,,0.0,5.0,5.0,5.0,1,1005440068,,57.0,986433.0,204386.0,40.7276687,-73.9921238,12c,,103 024,10207.0,,,,1,24v3,2.0,15.0,,,,,,,,,,,,,,1005700.0,10057002008.0
MN,240,6,103.0,25.0,3000.0,2.0,1.0,10038.0,E009,5.0,7800.0,1.0,1A,SOUTH STREET,,C2-8,,,,,,,,,,False,V9,11,0,C,NYC DEPARTMENT OF SMALL BUSINESS SERVICES,924750,0,,,,,,,,,7,0,,0,0,1938.17,540.0,0,0,,0,True,5,5,71091000,71091000,71091000,0,0,0,,,0.0,10.0,2.0,10.0,1,1002400006,,25.0,985706.0,197428.0,40.7085709,-73.9947483,12d,,101N105,10106.0,,,,1,24v3,3.0,14.0,1.0,1.0,,,,,,,,,,t,,1002500.0,10025003000.0
MN,764,120,104.0,81.0,6000.0,2.0,3.0,10011.0,L012,10.0,5600.0,1.0,1A,WEST 14 STREET,,R8B,,,,,,,,,,False,V1,11,0,,WALTER E SCHMIDT,100,0,,,,,,,,,7,0,,0,0,3.5,28.25,0,0,,0,False,6,5,450,450,0,0,0,0,,,0.0,4.0,0.0,4.0,1,1007640120,,81.0,983988.0,208737.0,40.7396114,-74.0009455,8d,,103 032,10304.0,,,,1,24v3,4.0,15.0,,,,,,,,,,,,,,1008100.0,10081006000.0
MN,281,36,103.0,8.0,1000.0,2.0,1.0,10002.0,E009,5.0,7800.0,1.0,1A,MARKET STREET,,C6-1G,,,,,,,,,,False,V1,11,0,,BING KING REALTY CORP,8,0,,,,,,,,,7,0,,0,0,4.48,1.27,0,0,,0,True,5,5,1755,1755,0,0,0,0,,,0.0,3.44,6.0,4.8,1,1002810036,,8.0,985680.0,199395.0,40.7139698,-73.9948417,12d,,101S029,10107.0,,,,1,24v3,3.0,14.0,,,,,,,,,,,,,,1000800.0,10008001000.0
MN,162,41,103.0,29.0,3003.0,2.0,1.0,10038.0,E009,5.0,7700.0,1.0,1A,6 CHATHAM SQUARE,,C6-1G,C6-1,,,,,TA,,,,True,V1,11,0,,H W C C REALTY CORP,3190,14500,5450.0,9050.0,2725.0,2725.0,0.0,0.0,0.0,0.0,2,0,,4,7,24.08,135.83,0,0,N,3,True,5,2,342450,342450,0,1913,0,0,,,4.55,3.44,6.0,4.8,1,1001620041,,29.0,984712.0,199407.0,40.7140028,-73.9983335,12d,,101S032,10105.0,,,,1,24v3,3.0,15.0,,,,,,,,,,,,,,1002902.0,10029022003.0
MN,764,75,104.0,81.0,6000.0,2.0,3.0,10011.0,L012,10.0,5600.0,1.0,1A,92 8 AVENUE,,C1-6A,,,,,,,,,,False,V1,11,0,,GO 8TH AVENUE LLC,2407,0,,,,,,,,,4,0,,0,0,25.75,93.5,0,0,,0,False,5,5,344700,344700,0,0,0,0,,,0.0,4.0,2.0,4.0,1,1007640075,,81.0,983715.0,208887.0,40.7400231,-74.0019306,8b,,103 032,10304.0,,,,1,24v3,4.0,15.0,,,,,,,,,,,,,,1008100.0,10081006000.0
MN,475,61,102.0,47.0,2010.0,2.0,1.0,10013.0,E055,1.0,6800.0,1.0,1A,72 GRAND STREET,,M1-5/R7X,,,,,,SNX,,,,False,V1,11,0,,72 GRAND PARTNERS,2500,0,,,,,,,,,7,1,,0,0,25.0,100.0,0,0,,0,False,3,5,1062000,1062000,0,0,0,0,,,0.0,5.0,5.0,5.0,1,1004750061,,47.0,983496.0,202360.0,40.7221081,-74.0027202,12a,,101N070,10206.0,E-619,,,1,24v3,2.0,15.0,1.0,1.0,,,,,,,,,,,,1004700.0,10047002007.0
MN,593,48,102.0,71.0,5001.0,2.0,3.0,10014.0,E024,6.0,6100.0,1.0,2B,14 GAY STREET,,R6,,,,,,,,,,False,V1,11,0,,GAY STREET REVIVAL INITIATIVE 1 LLC,990,0,,,,,,,,,7,1,,0,0,22.0,45.0,0,0,,0,False,5,5,122400,122400,0,0,1987,0,Greenwich Village Historic District,,0.0,2.43,0.0,4.8,1,1005930048,,71.0,984096.0,206564.0,40.7336471,-74.0005557,12c,,103 017,10208.0,,,,1,24v3,2.0,15.0,,,,,,,,,,,,,,1007100.0,10071005001.0
MN,818,56,105.0,54.0,1005.0,2.0,3.0,10011.0,L003,13.0,5700.0,1.0,1B,8 WEST 17 STREET,,C6-4A,,,,,,,,,,False,V1,11,0,,10 WEST 17TH STREET FEE LLC,4140,0,,,,,,,,,7,0,,0,0,45.0,92.0,0,0,,0,False,5,5,1887750,1887750,0,0,0,0,Ladies' Mile Historic District,,0.0,10.0,10.0,10.0,1,1008180056,,54.0,986151.0,208175.0,40.7380687,-73.9931402,8d,,102 033,10306.0,E-131,,,1,24v3,5.0,15.0,,,,,,,,,,,,,,1005400.0,10054001005.0
MN,410,13,103.0,18.0,3002.0,1.0,1.0,10002.0,L018,7.0,7400.0,1.0,2A,89 RIVINGTON STREET,,C4-4A,,,,,,,,,,False,V1,11,0,,FIRST ROUMANIAN AMER CNG,7653,0,,,,,,,,,7,1,,0,0,76.0,100.0,0,0,,0,True,5,5,1989900,1989900,0,0,2006,0,,,0.0,4.0,4.0,4.0,1,1004100013,,18.0,987345.0,201593.0,40.7200024,-73.9888347,12c,,101N079,10204.0,E-216,1004100013.0,12/20/1986,1,24v3,3.0,14.0,,,,,,,,,,,,,,1001800.0,10018003002.0
MN,2215,235,208.0,309.0,4001.0,10.0,10.0,10463.0,E081,50.0,110.0,2.0,2A,106 TERRACE VIEW AVENUE,,R5,,,,,,,,,,False,V1,11,0,,TERRACE DEVELOPERS LLC,2267,0,,,,,,,,,7,0,,0,0,25.67,93.41,0,0,,0,True,5,5,243450,243450,0,0,0,0,,,0.0,1.25,0.0,2.0,1,1022150235,,309.0,1008443.0,258648.0,40.8765701,-73.9125174,1b,,112 079,10804.0,,1022150235.0,10/18/2022,1,24v3,8.0,17.0,,,,,,,,,,,,,,1030900.0,10309005001.0
MN,2215,234,208.0,309.0,4001.0,10.0,10.0,10463.0,E081,50.0,110.0,2.0,2A,108 TERRACE VIEW AVENUE,,R5,,,,,,,,,,False,V1,11,0,,TERRACE DEVELOPERS LLC,2098,0,,,,,,,,,7,0,,0,0,26.16,87.63,0,0,,0,False,0,5,188550,188550,0,0,0,0,,,0.0,1.25,0.0,2.0,1,1022150234,,309.0,1008428.0,258627.0,40.8765125,-73.9125717,1b,,1,1.0,,1022150235.0,10/18/2022,1,24v3,8.0,17.0,,,,,,,,,,,,,,1030900.0,10309005001.0
MN,309,27,103.0,16.0,4001.0,2.0,1.0,10002.0,E015,7.0,7400.0,1.0,2B,39 LUDLOW STREET,,C6-2,,,,,,,,,,False,V5,11,0,C,NYC DEPARTMENT OF EDUCATION,2195,0,,,,,,,,,7,0,,0,0,25.08,87.5,0,0,,0,False,5,5,1127700,1127700,1127700,0,0,0,,,0.0,6.02,6.0,6.5,1,1003090027,,16.0,986864.0,200236.0,40.7162779,-73.9905704,12c,,101N051,10107.0,,,,1,24v3,3.0,14.0,,,,,,,,,,,,,,1001600.0,10016004001.0
MN,426,35,103.0,36.01,3002.0,1.0,1.0,10002.0,L020,5.0,6500.0,1.0,2A,183 CHRYSTIE STREET,,C6-3A,,,,,,,,,,False,V1,11,0,,185 CHRYSTIE STREET LLC,4875,0,,,,,,,,,7,0,,0,0,50.0,99.33,0,0,,0,True,5,5,501750,501750,0,0,2004,0,,,0.0,7.52,6.0,7.5,1,1004260035,,3601.0,986369.0,202220.0,40.7217236,-73.9923554,12c,,102 001,10204.0,E-216,,,1,24v3,3.0,14.0,,,,,,,,,,,,,,1003601.0,10036013002.0
MN,784,5,105.0,109.0,1005.0,2.0,3.0,10001.0,E026,14.0,5200.0,1.0,1H,488 8 AVENUE,,C6-4M,M1-6,,,,,GC,,,,True,V1,11,0,,488 EIGHTH AVENUE OWNER LLC,2368,0,,,,,,,,,7,0,,0,0,23.67,100.0,0,0,,0,False,5,5,851850,851850,0,0,0,0,,,0.0,10.0,10.0,10.0,1,1007840005,,109.0,986214.0,213395.0,40.7523963,-73.9929114,8d,,105N033,10304.0,,,,1,24v3,5.0,15.0,,,,,,,,,,,,,,1010900.0,10109001005.0
MN,1069,30,104.0,117.0,1012.0,2.0,3.0,10018.0,E034,10.0,4500.0,1.0,2A,11 AVENUE,,C6-4,,,,,,HY,,,,False,V1,11,0,,UNAVAILABLE OWNER,50007,0,,,,,,,,,7,0,,0,0,270.83,119.58,0,0,,0,True,5,5,15875550,15875550,0,0,0,0,,,0.0,10.0,10.0,10.0,1,1010690030,,117.0,984860.0,215924.0,40.7593379,-73.9977981,8d,,105N039,10405.0,,1010690001.0,12/11/2017,1,24v3,4.0,15.0,,,,,,,,,,,,,,1011700.0,10117001002.0
MN,1074,63,104.0,129.0,2001.0,2.0,3.0,10036.0,E054,18.0,4500.0,1.0,3B,616 11 AVENUE,,R8,R8A,,,C2-5,,CL,,,,True,V1,11,0,,ELEVEN W46 REALTY LLC,27019,14460,14460.0,0.0,0.0,0.0,0.0,14460.0,0.0,0.0,7,1,,0,0,119.0,200.0,0,0,,0,True,5,0,562500,2125800,0,0,2024,2024,,,0.54,6.02,0.0,6.5,1,1010740063,,129.0,985301.0,217206.0,40.7628566,-73.996206,8c,,105N040,10405.0,E-268,,,1,24v3,4.0,15.0,,,,,,,,,,,,,,1012901.0,10129012001.0
MN,282,34,103.0,8.0,6006.0,2.0,1.0,10002.0,E009,5.0,7800.0,1.0,1A,85 EAST BROADWAY,,C6-1G,,,,,,,,,,False,V9,11,0,C,NYC DEPARTMENT OF TRANSPORTATION,54,0,,,,,,,,,7,0,,0,0,5.57,18.42,0,0,,0,True,8,5,1350,1350,1350,0,0,0,,,0.0,3.44,6.0,4.8,1,1002820034,,8.0,985948.0,199272.0,40.7136321,-73.993875,12d,,101N054,10107.0,,,,1,24v3,3.0,14.0,,,,,,,,,,,,t,,1000800.0,10008006002.0
MN,804,171,105.0,95.0,1001.0,2.0,3.0,10001.0,E001,13.0,5200.0,1.0,1A,WEST 29 STREET,,M1-6,,,,,,,,,,False,V1,11,0,,BRO PLUS LLC,99,0,,,,,,,,,7,0,,0,0,2.0,98.75,0,0,,0,True,8,5,1350,1350,0,0,0,0,,,0.0,0.0,10.0,10.0,1,1008040171,,95.0,986313.0,211612.0,40.7475023,-73.9925546,8d,,105S023,10305.0,,,,1,24v3,5.0,15.0,,,,,,,,,,,,,,1009500.0,10095001001.0
MN,1095,39,104.0,129.0,1003.0,2.0,3.0,10036.0,E054,18.0,4500.0,1.0,3B,608 WEST 48 STREET,,M2-4,,,,,,CL,,,,False,V1,11,0,,MANHATTAN WEST 48 LLC,2510,4920,4920.0,0.0,0.0,0.0,0.0,0.0,0.0,4920.0,7,1,,0,0,25.0,100.42,0,0,,3,False,5,0,225900,367200,0,0,2023,0,,,1.96,0.0,5.0,0.0,1,1010950039,,129.0,985260.0,217885.0,40.7647203,-73.9963539,8c,,105N049,10405.0,,,,1,24v3,4.0,15.0,,,,,,,,,,,,,,1012902.0,10129022002.0
MN,349,33,103.0,30.01,4000.0,1.0,1.0,10002.0,L018,7.0,6600.0,1.0,2A,156 RIVINGTON STREET,,R7A,,,,C1-5,,,,,,False,V1,11,0,X,"ABC NO RIO, INC.",2300,0,,,,,,,,,7,0,,0,0,23.0,100.0,0,0,,0,False,5,5,588150,588150,588150,0,0,0,,,0.0,4.0,0.0,4.0,1,1003490033,,3001.0,988312.0,201367.0,40.7193817,-73.9853463,12c,,102 004,10201.0,,,,1,24v3,3.0,14.0,,,,,,,,,,,,,,1003001.0,10030014000.0
MN,447,32,103.0,38.0,5000.0,1.0,2.0,10003.0,E028,9.0,6500.0,1.0,3B,89 1 AVENUE,,R7A,,,,C2-5,,,,,,False,V1,11,0,,89 FIRST AVENUE LLC,2425,0,,,,,,,,,7,0,,0,0,24.25,100.0,0,0,,0,False,5,5,667800,667800,0,0,0,0,,,0.0,4.0,0.0,4.0,1,1004470032,,38.0,987927.0,203852.0,40.7262025,-73.9867339,12c,,102 019,10205.0,E-216,,,1,24v3,3.0,14.0,,,,,,,,,,,,,,1003800.0,10038005000.0
MN,273,29,103.0,6.0,1002.0,2.0,1.0,10002.0,E015,7.0,7800.0,1.0,1B,140 HENRY STREET,,R7-2,,,,,,,,,,False,V1,11,0,,RUI FEN XIA,2383,0,,,,,,,,,7,0,,0,0,23.83,100.0,0,0,,0,False,5,5,521550,521550,0,0,0,0,,,0.0,3.44,0.0,6.5,1,1002730029,,6.0,986871.0,199088.0,40.7131269,-73.9905456,12d,,101N054,10107.0,,,,1,24v3,3.0,14.0,,,,,,,,,,,,,,1000600.0,10006001002.0
MN,542,6,102.0,65.0,3000.0,2.0,2.0,10014.0,L009,6.0,5700.0,1.0,2A,6 AVENUE,,R7-2,,,,C1-5,,,,,,False,V1,11,1,,290 TENANTS CORP.,12,0,,,,,,,,,7,0,,0,0,5.67,3.92,0,0,,0,True,8,0,900,900,0,0,0,0,,,0.0,3.44,0.0,6.5,1,1005420006,,65.0,983767.0,205296.0,40.7301667,-74.0017427,12a,,103 006,10207.0,,,,1,24v3,2.0,15.0,,,,,,,,,,,,,,1006500.0,10065003001.0
MN,209,21,102.0,45.0,1010.0,2.0,1.0,10013.0,E055,5.0,6800.0,1.0,1F,126 LAFAYETTE STREET,,M1-5/R10,,,,,,SNX,,,,False,V1,11,0,,YEE TAI ENTERPRISESCORP,6295,18705,18705.0,0.0,12470.0,6235.0,0.0,0.0,0.0,0.0,2,0,,0,5,74.5,89.0,0,0,N,3,True,5,0,305550,305550,0,1915,0,0,,,2.97,10.0,5.0,10.0,1,1002090021,,45.0,984133.0,201208.0,40.7189462,-74.0004221,12c,,101N047,10105.0,E-619,,,1,24v3,2.0,15.0,,,,,,,,,,,,,,1004500.0,10045001010.0
MN,1077,29,104.0,129.0,1007.0,2.0,3.0,10036.0,E054,18.0,4500.0,1.0,3B,509 WEST 48 STREET,,R8,,,,C2-5,,CL,,,,False,V1,11,1,C,ACTORS HK HOUSING DEVELOPMENT FUND CORPO RATION,21924,0,,,,,,,,,7,0,,0,0,100.0,200.83,0,0,,0,True,3,0,8719650,8719650,0,0,2023,0,,,0.0,6.02,0.0,6.5,1,1010770029,,129.0,986137.0,217643.0,40.7640559,-73.9931881,8c,,105N051,10405.0,,1010770029.0,01/22/2024,1,24v3,4.0,15.0,,,,,,,,,,,,,,1012902.0,10129021002.0
MN,831,30,105.0,76.0,2005.0,2.0,3.0,10001.0,E001,14.0,5200.0,1.0,1A,3 WEST 29 STREET,,M1-6,,,,,,,,,,False,V1,11,0,,HFZ KIK 30TH STREET OWNER LLC,7357,0,,,,,,,,,7,0,,0,0,74.5,98.75,0,0,,0,False,5,5,3512250,3512250,0,0,0,0,,,0.0,0.0,10.0,10.0,1,1008310030,,76.0,987726.0,210994.0,40.7458057,-73.9874554,8d,,104 015,10306.0,,,,1,24v3,5.0,15.0,,,,,,,,,,,,,,1007600.0,10076002005.0
MN,831,48,105.0,76.0,2005.0,2.0,3.0,10001.0,E001,14.0,5200.0,1.0,1A,8 WEST 30 STREET,,M1-6,,,,,,,,,,False,V1,11,0,,HFZ KIK 30TH STREET OWNER LLC,9875,0,,,,,,,,,7,0,,0,0,100.0,98.75,0,0,,0,False,5,5,4714650,4714650,0,0,0,0,,,0.0,0.0,10.0,10.0,1,1008310048,,76.0,987764.0,211090.0,40.7460691,-73.9873182,8d,,104 015,10306.0,,,,1,24v3,5.0,15.0,,,,,,,,,,,,,,1007600.0,10076002005.0
MN,286,35,103.0,2.01,1000.0,1.0,1.0,10002.0,E015,7.0,8000.0,1.0,1B,225 EAST BROADWAY,,R7-2,,,,,,,,,,False,V1,11,0,X,YOUNG ISRAEL SYNAGOGUE,8375,0,,,,,,,,,7,1,,0,0,94.33,90.0,0,0,,0,True,5,5,2271600,2271600,2271600,0,0,0,,,0.0,3.44,0.0,6.5,1,1002860035,,201.0,987928.0,199448.0,40.7141146,-73.9867327,12d,,101N058,10107.0,,,,1,24v3,3.0,14.0,,,,,,,,,,,,,,1000201.0,10002011000.0
MN,1637,25,111.0,172.0,5000.0,4.0,8.0,10029.0,E091,23.0,2500.0,1.0,1A,159 EAST 109 STREET,,R7A,,,,,,,,,,False,V1,11,0,,CARITAS DEVELOPMENT L,2523,0,,,,,,,,,7,0,,0,0,25.0,100.92,0,0,,0,False,5,5,259200,259200,0,0,0,0,,,0.0,4.0,0.0,4.0,1,1016370025,,172.0,999685.0,228618.0,40.7941661,-73.9442557,6b,,108N063,10603.0,E-422,,,1,24v3,11.0,12.0,,,,,,,,,,,,,,1017200.0,10172005000.0
MN,1637,24,111.0,172.0,5000.0,4.0,8.0,10029.0,E091,23.0,2500.0,1.0,1A,157 EAST 109 STREET,,R7D,R7A,,,C1-5,,EHC,,,,True,V1,11,0,,CARITAS DEVELOPMENT L,2523,0,,,,,,,,,7,0,,0,0,25.0,100.92,0,0,,0,False,5,5,256500,256500,0,0,0,0,,,0.0,4.2,0.0,4.2,1,1016370024,,172.0,999663.0,228631.0,40.7942019,-73.9443351,6b,,108N063,10603.0,E-422,,,1,24v3,11.0,12.0,,,,,,,,,,,,,,1017200.0,10172005000.0
MN,1675,1,111.0,164.0,1000.0,4.0,8.0,10029.0,L043,23.0,2600.0,1.0,1B,2000 2 AVENUE,,R8A,,,,C1-5,,,,,,False,V1,11,0,,NAB 2000 REALTY LLC,1896,0,,,,,,,,,7,1,,0,0,25.42,74.58,0,0,,0,False,3,5,274950,274950,0,0,2018,0,,,0.0,6.02,0.0,6.5,1,1016750001,,164.0,999893.0,226618.0,40.7886763,-73.9435091,6b,,108N054,10605.0,,,,1,24v3,11.0,12.0,1.0,1.0,,,,,,,,,,,,1016400.0,10164001000.0
MN,344,157,103.0,22.01,2001.0,1.0,1.0,10002.0,L018,7.0,7600.0,1.0,2A,ATTORNEY STREET,,R7A,,,,,,,,,,False,V1,11,0,,139 ATTORNEY STREET LLC,1390,0,,,,,,,,,7,0,,0,0,18.75,74.92,0,0,,0,True,5,5,490050,490050,0,0,0,0,,,0.0,4.0,0.0,4.0,1,1003440157,,2201.0,988690.0,201516.0,40.7197904,-73.9839826,12c,,102 005,10201.0,E-216,,,1,24v3,3.0,14.0,,,,,,,,,,,,,,1002201.0,10022012001.0
MN,344,158,103.0,22.01,2001.0,1.0,1.0,10002.0,L018,7.0,7600.0,1.0,2A,ATTORNEY STREET,,R7A,,,,,,,,,,False,V1,11,0,C,NYC DEPARTMENT OF PARKS AND RECREATION,1405,0,,,,,,,,,7,0,,0,0,18.75,74.92,0,0,,0,False,5,5,495000,495000,495000,0,0,0,,,0.0,4.0,0.0,4.0,1,1003440158,,2201.0,988683.0,201499.0,40.7197438,-73.9840079,12c,,102 005,10201.0,,,,1,24v3,3.0,14.0,,,,,,,,,,,,t,,1002201.0,10022012001.0
MN,1533,28,108.0,146.02,1000.0,2.0,5.0,10128.0,L013,19.0,3700.0,1.0,5B,1695 2ND AVENUE,,C2-8,,,,,,,,,,False,V1,11,0,,ALCHEMY-ABR UES LLC,6057,24525,3000.0,21525.0,0.0,3000.0,0.0,0.0,0.0,0.0,7,0,,0,0,75.71,80.0,0,0,,3,False,5,2,544950,4482450,0,0,2024,0,,,4.05,10.0,2.0,10.0,1,1015330028,,14602.0,997767.0,223142.0,40.7791391,-73.9511936,9a,,108S025,10514.0,,1015330027.0,10/18/2023,1,24v3,8.0,13.0,,,,,,,,,,,,,,1014602.0,10146021000.0
MN,1483,120,108.0,124.0,7002.0,2.0,5.0,10021.0,L016,19.0,4300.0,1.0,2B,FDR DRIVE,,R9,,,,,,,,,,False,V1,11,0,,NY SOCIETY FOR THE RELIEF OF THE RUPTURE D & CRIPPL,47,0,,,,,,,,,7,0,,0,0,13.01,3.58,0,0,,0,False,0,5,4050,4050,0,0,0,0,,,0.0,7.52,0.0,10.0,1,1014830120,,124.0,997617.0,218087.0,40.7652647,-73.9517453,9a,,1,1.0,,,,1,24v3,8.0,13.0,1.0,1.0,,,,,,,,,,,,1012400.0,10124007002.0
MN,1483,113,108.0,124.0,7001.0,2.0,5.0,10021.0,L016,19.0,4300.0,1.0,2B,FDR DRIVE,,R9,,,,,,,,,,False,V1,11,0,,NY SOCIETY FOR THE RELIEF OF THE RUPTURE D & CRIPPL,17,0,,,,,,,,,7,0,,0,0,5.5,3.0,0,0,,0,False,0,5,1755,1755,0,0,0,0,,,0.0,7.52,0.0,10.0,1,1014830113,,124.0,997534.0,218144.0,40.7654213,-73.9520448,9a,,1,1.0,,,,1,24v3,8.0,13.0,1.0,1.0,,,,,,,,,,,,1012400.0,10124007001.0
MN,1483,122,108.0,124.0,7002.0,2.0,5.0,10021.0,L016,19.0,4300.0,1.0,2B,FDR DRIVE,,R9,,,,,,,,,,False,V1,11,0,,NY SOCIETY FOR THE RELIEF OF THE RUPTURE D & CRIPPL,73,0,,,,,,,,,7,0,,0,0,20.38,3.58,0,0,,0,False,0,5,5850,5850,0,0,0,0,,,0.0,7.52,0.0,10.0,1,1014830122,,124.0,997643.0,218125.0,40.765369,-73.9516514,9a,,1,1.0,,,,1,24v3,8.0,13.0,1.0,1.0,,,,,,,,,,,,1012400.0,10124007002.0
MN,1629,57,111.0,166.0,4001.0,4.0,8.0,10029.0,E053,23.0,2810.0,1.0,1A,1602 LEXINGTON AVENUE,,R7-2,,,,C1-5,,,,,,False,V1,11,0,,K1600 LEXINGTON LLC,1243,0,,,,,,,,,7,0,,0,0,16.58,75.0,0,0,,0,False,5,5,177300,177300,0,0,0,0,,,0.0,3.44,0.0,6.5,1,1016290057,,166.0,998485.0,226913.0,40.7894884,-73.9485931,6b,,108S046,10603.0,,,,1,24v3,11.0,12.0,,,,,,,,,,,,,,1016600.0,10166004001.0
MN,1629,16,111.0,166.0,4001.0,4.0,8.0,10029.0,E053,23.0,2810.0,1.0,1A,1600 LEXINGTON AVENUE,,R7-2,,,,C1-5,,,,,,False,V1,11,0,,K1600 LEXINGTON LLC,1243,0,,,,,,,,,7,0,,0,0,16.58,75.0,0,0,,0,False,5,5,177300,177300,0,0,0,0,,,0.0,3.44,0.0,6.5,1,1016290016,,166.0,998477.0,226898.0,40.7894472,-73.9486221,6b,,108S046,10603.0,,,,1,24v3,11.0,12.0,,,,,,,,,,,,,,1016600.0,10166004001.0
MN,1583,114,108.0,144.02,4003.0,2.0,5.0,10028.0,L013,19.0,3800.0,1.0,4B,HENDERSON PLACE,,R8B,,,,,,,,,,False,V1,11,0,,TAFFNER DONALD J,94,0,,,,,,,,,7,0,,0,0,10.0,56.0,0,0,,0,True,8,5,1350,1350,0,0,0,0,,,0.0,4.0,0.0,4.0,1,1015830114,,14402.0,999486.0,221753.0,40.7753239,-73.9449899,9a,,108S028,10516.0,,,,1,24v3,8.0,13.0,,,,,,,,,,,,,,1014402.0,10144024000.0
MN,1628,57,111.0,166.0,6000.0,4.0,8.0,10029.0,E053,23.0,2810.0,1.0,1A,1578 LEXINGTON AVENUE,,R7-2,,,,C1-5,,,,,,False,V1,11,0,,LEXINGTON TWO HOLDINGS LLC,19605,0,,,,,,,,,7,0,,0,0,48.5,75.42,0,0,,0,False,5,5,394200,394200,0,0,1989,2020,,,0.0,3.44,0.0,6.5,1,1016280057,,166.0,998327.0,226751.0,40.789044,-73.9491641,6b,,108S046,10603.0,,1016280057.0,02/29/2024,1,24v3,11.0,12.0,,,,,,,,,,,,,,1016600.0,10166006000.0
MN,1645,32,111.0,182.0,3001.0,4.0,8.0,10035.0,L026,25.0,2000.0,1.0,2A,183 EAST 117 STREET,,R7A,,,,,,,,,,False,V1,11,0,,CITY LIGHTS PROPERTIES LLC,1529,0,,,,,,,,,7,0,,0,0,19.0,90.0,0,0,,0,True,5,5,173250,173250,0,0,0,0,,,0.0,4.0,0.0,4.0,1,1016450032,,182.0,1000878.0,230386.0,40.7990167,-73.9399427,6b,,108N074,10603.0,,,,1,24v3,11.0,12.0,,,,,,,,,,,,,,1018200.0,10182003001.0
MN,1644,42,111.0,182.0,3002.0,4.0,8.0,10035.0,L026,25.0,2000.0,1.0,2A,180 EAST 117 STREET,,R7A,,,,,,,,,,False,V1,11,0,,ROBERT ANAZAGASTI JR,1802,0,,,,,,,,,7,0,,0,0,25.0,72.08,0,0,,0,False,5,5,166950,166950,0,0,0,0,,,0.0,4.0,0.0,4.0,1,1016440042,,182.0,1000798.0,230278.0,40.7987204,-73.9402319,6b,,108N073,10603.0,,,,1,24v3,11.0,12.0,,,,,,,,,,,,,,1018200.0,10182003002.0
MN,2078,55,109.0,233.0,3001.0,6.0,7.0,10031.0,L023,30.0,620.0,1.0,3A,538 WEST 147 STREET,,R7A,,,,,,,,,,False,V1,11,0,,553 WEST 146TH STREET LLC,4992,0,,,,,,,,,7,0,,0,0,50.0,99.1,0,0,,0,False,5,5,428400,428400,0,0,0,0,,,0.0,4.0,0.0,4.0,1,1020780055,,233.0,998426.0,240641.0,40.827168,-73.9487772,3b,,111N 48,10710.0,E-284,1020780001.0,05/11/2004,1,24v3,9.0,17.0,,,,,,,,,,,,,,1023300.0,10233003001.0
MN,1676,35,111.0,170.0,3001.0,4.0,8.0,10029.0,L043,23.0,2600.0,1.0,1B,336 EAST 105 STREET,,R7A,,,,,,,,,,False,V1,11,0,,105 REALTY 2018 LLC,3784,0,,,,,,,,,7,0,,0,0,37.5,100.92,0,0,,0,False,5,5,391050,391050,0,0,0,0,,,0.0,4.0,0.0,4.0,1,1016760035,,170.0,1000441.0,226775.0,40.7891063,-73.9415298,6b,,108N058,10605.0,,,,1,24v3,11.0,12.0,1.0,1.0,,,,,,,,,,,,1017000.0,10170003001.0
MN,2045,14,110.0,259.0,1004.0,5.0,9.0,10039.0,E069,32.0,8510.0,1.0,4A,2737 8 AVENUE,,C4-4D,,,,,,,,,,False,V1,11,0,,2737 TRADING,3488,0,,,,,,,,,7,0,,1,1,31.0,112.5,0,0,,0,False,3,5,344250,344250,0,0,0,0,,,0.0,6.02,3.4,6.5,1,1020450014,,259.0,1000347.0,239320.0,40.823539,-73.9418392,6a,,111N051,10709.0,,,,1,24v3,10.0,11.0,,,,,,,,,,,,,,1025900.0,10259001004.0
MN,2034,16,110.0,234.0,1002.0,5.0,9.0,10039.0,E069,32.0,800.0,1.0,4A,WEST 148 STREET,,R7-2,,,,,,,,,,False,V1,11,0,X,HARLEM CONGREGATIONS FOR COMMUN ITY IMRO VEMENT INC,2498,0,,,,,,,,,7,0,,0,0,25.0,99.92,0,0,,0,False,5,5,193950,193950,193950,0,0,0,,,0.0,3.44,0.0,6.5,1,1020340016,,234.0,1001134.0,239620.0,40.8243609,-73.9389949,6a,,111N059,10709.0,,,,1,24v3,10.0,11.0,,,,,,,,,,,,,,1023400.0,10234001002.0
MN,2046,127,110.0,235.02,1003.0,5.0,9.0,10039.0,E069,32.0,8510.0,1.0,4A,303 WEST 151 STREET,,R7-2,,,,C1-4,,,,,,False,V1,11,0,X,HARLEM URBAN DEV CORP,1948,0,,,,,,,,,7,0,,0,0,19.5,99.92,0,0,,0,False,5,5,239400,239400,239400,0,0,0,,,0.0,3.44,0.0,6.5,1,1020460127,,23502.0,1001005.0,240582.0,40.8270016,-73.9394586,3b,,111N066,10709.0,,,,1,24v3,10.0,11.0,,,,,,,,,,,,,,1023502.0,10235021003.0
MN,2047,10,110.0,235.02,1001.0,5.0,9.0,10039.0,E069,32.0,8510.0,1.0,4A,8 AVENUE,,R7-2,,,,C1-4,,,,,,False,V1,11,0,,BETHANY II HOUSING DEVELOPMENT FUND CORP .,2500,0,,,,,,,,,7,0,,0,0,25.08,100.0,0,0,,0,True,5,5,190800,190800,177444,0,0,0,,,0.0,3.44,0.0,6.5,1,1020470010,,23502.0,1001315.0,241051.0,40.8282883,-73.9383372,3b,,111N066,10709.0,,,,1,24v3,10.0,11.0,,,,,,,,,,,,,,1023502.0,10235021001.0
MN,1526,108,108.0,138.0,3000.0,2.0,5.0,10075.0,E022,19.0,3700.0,1.0,3A,215A EAST 80 STREET,,R8B,,,,,,,,,,False,V1,11,0,X,UNAVAILABLE OWNER,35,0,,,,,,,,,7,0,,0,0,21.33,1.67,0,0,,0,False,6,5,0,0,0,0,0,0,,,0.0,4.0,0.0,4.0,1,1015260108,,138.0,996416.0,221672.0,40.7751063,-73.9560744,9a,,18S 017,10514.0,,,,1,24v3,8.0,13.0,,,,,,,,,,,,,,1013800.0,10138003001.0
MN,1213,128,107.0,169.0,4001.0,3.0,6.0,10024.0,E074,20.0,3500.0,1.0,3A,103 WEST 82 STREET,,C1-8A,,,,,,EC-2,,,,False,V1,11,0,,103-105 WEST 82ND ST,1283,0,,,,,,,,,7,0,,0,0,50.0,258.0,0,0,,0,False,5,5,210150,210150,0,0,0,0,,,0.0,7.52,2.0,7.5,1,1012130128,,169.0,991346.0,224969.0,40.7841613,-73.9743763,5d,,107S012,10408.0,,,,1,24v3,7.0,16.0,,,,,,,,,,,,,,1016900.0,10169004001.0
MN,1232,14,107.0,171.0,1001.0,3.0,6.0,10024.0,E074,20.0,3400.0,1.0,3B,2326 BROADWAY,,R8B,C4-6A,,,C2-5,,EC-3,,,,True,V1,11,0,,211 WEST 84TH ST OWNER LLC,22102,0,,,,,,,,,7,0,,0,0,81.0,102.17,0,0,,0,True,3,5,5361300,5361300,0,0,2022,2023,,,0.0,4.0,0.0,4.0,1,1012320014,,171.0,990668.0,225989.0,40.7869614,-73.9768236,5d,,107S019,10409.0,,,,1,24v3,7.0,16.0,,,,,,,,,,,,,,1017100.0,10171001001.0
MN,1218,129,107.0,173.0,2000.0,3.0,6.0,10024.0,E074,24.0,3220.0,1.0,3A,WEST 87 STREET,,R7-2,C1-9,,,,,,,,,True,V1,11,0,,110W88 TOWNHOUSE LLC,1253,0,,,,,,,,,7,0,,0,0,16.0,100.71,0,0,,0,True,5,5,553950,553950,0,0,0,0,,,0.0,3.44,0.0,6.5,1,1012180129,,173.0,992049.0,226310.0,40.7878413,-73.9718362,5d,,107S022,10409.0,,1012180029.0,01/03/2013,1,24v3,7.0,16.0,,,,,,,,,,,,,,1017300.0,10173002000.0
MN,1635,48,111.0,172.0,4000.0,4.0,8.0,10029.0,E091,23.0,2500.0,1.0,1A,156 EAST 108 STREET,,R7A,R7D,,,C1-5,,EHC,,,,True,V1,11,0,,"152-156 REALTY ASSOCIATES,",3718,0,,,,,,,,,7,0,,0,0,17.0,100.92,0,0,,0,False,5,5,401400,401400,0,0,0,0,,,0.0,4.0,0.0,4.0,1,1016350048,,172.0,999464.0,228252.0,40.793162,-73.9450547,6b,,108N052,10603.0,E-422,1016350049.0,12/10/2003,1,24v3,11.0,12.0,1.0,1.0,,,,,,,,,,,,1017200.0,10172004000.0
MN,1635,149,111.0,172.0,4000.0,4.0,8.0,10029.0,E091,23.0,2500.0,1.0,1A,1733 LEXINGTON AVENUE,,R7D,,,,C1-5,,EHC,,,,False,V1,11,0,,108 LEXINGTON OPERATING LLC,1143,0,,,,,,,,,7,0,,0,0,17.58,65.0,0,0,,0,False,3,5,134100,134100,0,0,0,0,,,0.0,4.2,0.0,4.2,1,1016350149,,172.0,999431.0,228327.0,40.7933679,-73.9451737,6b,,108N052,10603.0,E-422,,,1,24v3,11.0,12.0,1.0,1.0,,,,,,,,,,,,1017200.0,10172004000.0
MN,1631,133,111.0,166.0,1001.0,4.0,8.0,10029.0,E053,23.0,2810.0,1.0,1A,169 EAST 103 STREET,,R8A,,,,C1-5,,,,,,False,V1,11,0,,PEOPLE'S BAPTIST CHRUCH,1782,0,,,,,,,,,7,0,,0,0,35.0,50.92,0,0,,0,False,5,5,275400,275400,0,0,0,0,,,0.0,6.02,0.0,6.5,1,1016310133,,166.0,999089.0,227079.0,40.789943,-73.9464116,6b,,108N051,10603.0,,,,1,24v3,11.0,12.0,,,,,,,,,,,,,,1016600.0,10166001001.0
MN,1629,59,111.0,166.0,4001.0,4.0,8.0,10029.0,E053,23.0,2810.0,1.0,1A,1612 LEXINGTON AVENUE,,R7-2,,,,C1-5,,,,,,False,V1,11,0,C,NYC HOUSING PRESERVATION AND DEVELOPMENT,1350,0,,,,,,,,,7,0,,0,0,18.0,75.0,0,0,,0,False,3,5,172800,172800,172800,0,0,0,,,0.0,3.44,0.0,6.5,1,1016290059,,166.0,998526.0,226987.0,40.7896914,-73.9484449,6b,,108S046,10603.0,,,,1,24v3,11.0,12.0,,,,,,,,,,,,t,,1016600.0,10166004001.0
MN,1548,23,108.0,146.01,2000.0,2.0,5.0,10028.0,L013,19.0,3700.0,1.0,4B,1637 FIRST AVENUE,,C2-8A,,,,,,,,,,False,V1,11,0,,350 EAST 86 LLC,26575,0,,,,,,,,,7,0,,0,0,25.0,75.0,0,0,,0,False,3,5,4802850,4802850,0,0,0,0,,,0.0,10.0,2.0,10.0,1,1015480023,,14601.0,998081.0,222263.0,40.776726,-73.9500617,9a,,108S026,10515.0,,1015480023.0,03/08/2022,1,24v3,8.0,13.0,,,,,,,,,,,,,,1014601.0,10146012000.0
MN,1631,30,111.0,166.0,1001.0,4.0,8.0,10029.0,E053,23.0,2810.0,1.0,1A,163 EAST 103 STREET,,R7B,,,,,,,,,,False,V1,11,0,,PEOPLES BAPTIST CHRCH IN,3028,0,,,,,,,,,7,2,,0,0,30.0,100.92,0,0,,0,False,5,5,226350,226350,0,0,0,0,,,0.0,3.0,0.0,3.0,1,1016310030,,166.0,999029.0,227140.0,40.7901106,-73.9466281,6b,,108N051,10603.0,,,,1,24v3,11.0,12.0,1.0,1.0,,,,,,,,,,,,1016600.0,10166001001.0
MN,1072,135,104.0,129.0,2010.0,2.0,3.0,10036.0,E054,18.0,4500.0,1.0,3B,605 10 AVENUE,,R8,,,,C2-5,,CL,,,,False,V1,11,0,,ALONZO RUDOLPH B,1600,0,,,,,,,,,7,0,,0,0,25.0,63.75,0,0,,0,False,5,5,484650,484650,0,0,0,0,,,0.0,6.02,0.0,6.5,1,1010720135,,129.0,985663.0,216482.0,40.7608694,-73.9948994,8c,,105N040,10405.0,,,,1,24v3,4.0,15.0,,,,,,,,,,,,,,1012901.0,10129012004.0
MN,1042,24,104.0,133.0,2000.0,2.0,3.0,10019.0,E040,18.0,4700.0,1.0,3A,WEST 51 STREET,,R8,,,,,,CL,,,,False,V8,11,0,X,UNITED STATES POSTAL SERVICE,4183,0,,,,,,,,,7,0,,0,0,41.67,100.42,0,0,,0,False,5,5,1102050,1102050,1102050,0,0,0,,,0.0,6.02,0.0,6.5,1,1010420024,,133.0,988042.0,217421.0,40.763446,-73.9863113,8c,,105N056,10403.0,,,,1,24v3,4.0,15.0,,,,,,,,,,,,,,1013300.0,10133002000.0
MN,1041,39,104.0,133.0,1000.0,2.0,3.0,10019.0,E054,18.0,4700.0,1.0,3A,WEST 51 STREET,,R8,,,,,,CL,,,,False,V1,11,0,,BLOCK 138 CORP,100,0,,,,,,,,,7,0,,0,0,0.5,100.42,0,0,,0,True,8,5,1350,1350,0,0,0,0,,,0.0,6.02,0.0,6.5,1,1010410039,,133.0,987987.0,217272.0,40.7630371,-73.9865099,8c,,105N056,10403.0,,,,1,24v3,4.0,15.0,,,,,,,,,,,,,,1013300.0,10133001000.0
MN,1042,53,104.0,133.0,2000.0,2.0,3.0,10019.0,E040,18.0,4700.0,1.0,3A,WEST 52 STREET,,R8,,,,,,CL,,,,False,V1,11,0,,352-52 REALTY LLC,2510,0,,,,,,,,,7,1,,0,0,20.0,100.5,0,0,N,0,False,5,0,653850,653850,0,0,0,0,,,0.0,6.02,0.0,6.5,1,1010420053,,133.0,987820.0,217659.0,40.7640993,-73.9871126,8c,,105N056,10403.0,,1010420012.0,09/13/1991,1,24v3,4.0,15.0,,,,,,,,,,,,,,1013300.0,10133002000.0
MN,2045,90,110.0,259.0,1000.0,5.0,9.0,10039.0,E069,32.0,8510.0,1.0,4A,2805 FREDRICK DOUGLASS BL,,R7-2,,,,C1-4,,,,,,False,V1,11,0,,FDB GROUP LLC,1993,0,,,,,,,,,7,0,,0,0,24.92,80.0,0,0,,0,False,5,5,202050,202050,0,0,0,0,,,0.0,3.44,0.0,6.5,1,1020450090,,259.0,1000792.0,240091.0,40.8256543,-73.9402294,6a,,111N058,10709.0,,,,1,24v3,10.0,11.0,,,,,,,,,,,,,,1025900.0,10259001000.0
MN,2064,149,109.0,231.0,3001.0,6.0,9.0,10031.0,L034,30.0,720.0,1.0,3B,449 CONVENT AVENUE,,R7A,,,,,,,,,,False,V1,11,0,X,CREATIVE LOFTS LLC,1503,0,,,,,,,,,7,1,,0,0,18.0,83.5,0,0,,0,False,5,5,130950,130950,130950,0,0,0,,,0.0,4.0,0.0,4.0,1,1020640149,,231.0,999782.0,240733.0,40.8274183,-73.9438773,3b,,111N057,10710.0,,,,1,24v3,9.0,17.0,,,,,,,,,,,,,,1023100.0,10231002001.0
MN,1171,11,107.0,159.0,3002.0,3.0,6.0,10069.0,L035,20.0,3900.0,1.0,1B,WEST 70 STREET,,R10,,,,C2-5,,,,,,False,V1,11,0,C,CITY OF NEW YORK,20514,0,,,,,,,,,7,0,,0,0,80.25,256.0,0,0,,0,True,5,5,450,450,450,0,0,0,,,0.0,10.0,0.0,10.0,1,1011710011,,159.0,987652.0,223431.0,40.779942,-73.9877161,8c,,16W 006,10407.0,,1011710010.0,04/19/2002,1,24v3,7.0,15.0,,,,,,,,,,,,t,,1015900.0,10159003003.0
MN,1171,12,107.0,159.0,3001.0,3.0,6.0,10069.0,L035,20.0,3900.0,1.0,1B,WEST 70 STREET,,R10,,,,,,,,,,False,V1,11,0,C,CITY OF NEW YORK,38150,0,,,,,,,,,7,0,,0,0,81.0,281.25,0,0,,0,True,5,5,900,900,900,0,0,0,,,0.0,10.0,0.0,10.0,1,1011710012,,159.0,987583.0,223303.0,40.7795907,-73.9879653,8c,,16W 006,10407.0,,1011710010.0,04/19/2002,1,24v3,7.0,15.0,,,,,,,,,,,,t,,1015900.0,10159003002.0
MN,1262,35,105.0,96.0,1003.0,2.0,4.0,10036.0,L004,18.0,4800.0,1.0,2B,564 5 AVENUE,,C5-3,,,,,,MiD,,,,False,V1,11,0,,46/47 OWNER LLC,4882,0,,,,,,,,,7,0,,0,0,52.67,100.0,0,0,,0,True,5,5,3367350,3367350,0,0,0,0,,,0.0,10.0,15.0,15.0,1,1012620035,,96.0,990023.0,214838.0,40.7563553,-73.9791623,8d,,104 045,10501.0,,,,1,24v3,5.0,13.0,,,,,,,,,,,,,,1009600.0,10096002002.0
MN,1262,38,105.0,96.0,1003.0,2.0,4.0,10036.0,L004,18.0,4800.0,1.0,2B,572 5 AVENUE,,C5-3,,,,,,MiD,,,,False,V1,11,0,,46/47 OWNER LLC,2500,0,,,,,,,,,7,0,,0,0,25.0,100.0,0,0,,0,False,5,5,1736550,1736550,0,0,0,0,,,0.0,10.0,15.0,15.0,1,1012620038,,96.0,990043.0,214891.0,40.7565007,-73.9790901,8d,,104 045,10501.0,,,,1,24v3,5.0,13.0,,,,,,,,,,,,,,1009600.0,10096002002.0
MN,1262,37,105.0,96.0,1003.0,2.0,4.0,10036.0,L004,18.0,4800.0,1.0,2B,570 5 AVENUE,,C5-3,,,,,,MiD,,,,False,V1,11,0,,46/47 OWNER LLC,2080,0,,,,,,,,,7,0,,0,0,20.67,100.0,0,0,,0,False,5,5,1444950,1444950,0,0,0,0,,,0.0,10.0,15.0,15.0,1,1012620037,,96.0,990033.0,214872.0,40.7564486,-73.9791262,8d,,104 045,10501.0,,,,1,24v3,5.0,13.0,,,,,,,,,,,,,,1009600.0,10096002002.0
MN,1262,33,105.0,96.0,1003.0,2.0,4.0,10036.0,L004,18.0,4800.0,1.0,2B,3 WEST 46 STREET,,C5-3,,,,,,MiD,,,,False,V1,11,0,,"46/47 OWNER LLC, A DELAWARE LLC",2152,0,,,,,,,,,7,0,,0,0,21.42,100.42,0,0,,0,False,5,5,1494900,1494900,0,0,0,0,,,0.0,10.0,15.0,15.0,1,1012620033,,96.0,989958.0,214866.0,40.7564322,-73.9793969,8d,,104 045,10501.0,,,,1,24v3,5.0,13.0,,,,,,,,,,,,,,1009600.0,10096002002.0
MN,1262,22,105.0,96.0,1003.0,2.0,4.0,10036.0,L004,18.0,4800.0,1.0,2B,WEST 46 STREET,,C6-4.5,,,,,,MiD,,,,False,V1,11,0,,PHAETON REALTY CORP,40,0,,,,,,,,,7,0,,0,0,1.0,39.5,0,0,,0,False,8,5,1350,1350,0,0,0,0,,,0.0,10.0,12.0,10.0,1,1012620022,,96.0,989697.0,215046.0,40.7569264,-73.9803389,8d,,104 045,10501.0,,,,1,24v3,5.0,13.0,,,,,,,,,,,,,,1009600.0,10096002002.0
MN,1151,12,107.0,147.0,1001.0,3.0,6.0,10019.0,E040,20.0,3900.0,1.0,1B,537 WEST 59 STREET,,C6-2,,,,,,,,,,False,V1,11,0,X,W59TH SHELTER HOUSING DEVELOPMENT FUND C ORPORATION,7560,0,,,,,,,,,7,0,,0,0,75.0,100.67,0,0,,0,False,5,5,1035450,1035450,1035450,0,2022,2023,,,0.0,6.02,6.0,6.5,1,1011510012,,147.0,987249.0,220289.0,40.7713182,-73.9891727,8c,,106W009,10407.0,E-125,,,1,24v3,7.0,15.0,,,,,,,,,,,,,,1014700.0,10147003000.0
MN,1132,22,107.0,145.0,1000.0,3.0,6.0,10023.0,E040,20.0,4600.0,1.0,1A,156 WEST 61 STREET,,C4-7,,,,,,L,,,,False,V1,11,0,X,FORDHAM UNIVERSITY,10801,0,,,,,,,,,7,0,,0,0,131.42,108.33,0,0,,0,True,3,5,10511100,10511100,10511100,0,0,0,,,0.0,10.0,10.0,10.0,1,1011320022,,145.0,987986.0,220298.0,40.7713426,-73.9865119,8c,,106W019,10406.0,,1011320020.0,09/21/2011,1,24v3,7.0,15.0,,,,,,,,,,,,,,1014500.0,10145001000.0
MN,1026,21,105.0,137.0,3003.0,2.0,6.0,10019.0,E023,18.0,4700.0,1.0,2A,1708 BROADWAY,,C6-7,C6-6,,,,,MiD,,,,True,V1,11,0,,BROADWAY PT 1710 LLC,8848,0,,,,,,,,,7,0,,0,0,129.5,86.67,0,0,,0,True,3,5,1552500,9364950,0,0,2021,2024,,,0.0,10.0,15.0,15.0,1,1010260021,,137.0,989210.0,217685.0,40.76417,-73.9820948,8c,,106W029,10402.0,,,,1,24v3,5.0,15.0,,,,,,,,,,,,,,1013700.0,10137006003.0
MN,1231,12,107.0,171.0,3002.0,3.0,6.0,10024.0,E074,20.0,3400.0,1.0,3B,WEST 84 STREET,,R10A,,,,,,,,,,False,V1,11,0,,2307 HOLDINGS LLC,410,0,,,,,,,,,7,0,,0,0,26.33,16.0,0,0,,0,True,6,5,17550,17550,0,0,0,0,,,0.0,10.0,0.0,10.0,1,1012310012,,171.0,990209.0,225997.0,40.7869837,-73.9784811,5d,,107S014,10409.0,,,,1,24v3,7.0,16.0,,,,,,,,,,,,,,1017100.0,10171003002.0
MN,1042,52,104.0,133.0,2000.0,2.0,3.0,10019.0,E040,18.0,4700.0,1.0,3A,350 WEST 52 STREET,,R8,,,,,,CL,,,,False,V1,11,0,,350 WEST 52 LLC,2510,0,,,,,,,,,7,1,,0,0,25.0,100.42,0,0,,0,False,5,5,773550,773550,0,0,0,0,,,0.0,6.02,0.0,6.5,1,1010420052,,133.0,987842.0,217647.0,40.7640664,-73.9870332,8c,,105N056,10403.0,,,,1,24v3,4.0,15.0,,,,,,,,,,,,,,1013300.0,10133002000.0
MN,812,167,105.0,109.0,1008.0,2.0,3.0,10018.0,E026,14.0,5200.0,1.0,1A,WEST 37 STREET,,M1-6,,,,,,GC,,,,False,V1,11,0,,UNAVAILABLE OWNER,98,0,,,,,,,,,7,0,,0,0,1.0,98.0,0,0,,0,False,8,5,450,450,0,0,0,0,,,0.0,0.0,10.0,10.0,1,1008120167,,109.0,987387.0,213401.0,40.7524124,-73.9886777,8d,,105N035,10305.0,,,,1,24v3,5.0,15.0,,,,,,,,,,,,,,1010900.0,10109001008.0
MN,1095,11,104.0,129.0,1003.0,2.0,3.0,10036.0,E054,18.0,4500.0,1.0,3B,620 JOE DIMAGGIO HIGHWAY,,M2-4,,,,,,CL,,,,False,V1,11,0,,"VGLP PROPERTIES, LLC",22150,0,,,,,,,,,7,0,,0,0,200.83,116.83,0,0,,0,True,3,5,2925000,2925000,0,0,2023,2023,,,0.0,0.0,5.0,0.0,1,1010950011,,129.0,984943.0,218001.0,40.7650387,-73.9974983,8c,,105N049,10405.0,,,,1,24v3,4.0,15.0,,,,,,,,,,,,,,1012902.0,10129022002.0
MN,1069,1,104.0,117.0,1012.0,2.0,3.0,10018.0,E034,10.0,4500.0,1.0,2B,514 11 AVENUE,,C6-4,,,,,,HY,,,,False,V1,11,0,,SILVERSTEIN MB  LLC,41849,0,,,,,,,,,7,0,,0,0,436.7,197.6,0,0,,0,True,3,5,19929150,19929150,0,0,0,0,,,0.0,10.0,10.0,10.0,1,1010690001,,117.0,984653.0,216029.0,40.7596261,-73.9985453,8d,,105N039,10405.0,E-137,1010690001.0,12/11/2017,1,24v3,4.0,15.0,,,,,,,,,,,,,,1011700.0,10117001002.0
MN,665,11,104.0,99.0,1000.0,2.0,3.0,10018.0,E034,10.0,5500.0,1.0,2B,12 AVENUE,,M2-3,,,,,,,,,,False,V1,11,1,,JMB PROPERTY LLC,43954,0,,,,,,,,,7,3,,0,0,132.5,150.0,0,0,,0,True,5,0,1598850,1598850,0,0,0,0,,,0.0,0.0,2.0,0.0,1,1006650011,,99.0,983178.0,216006.0,40.7595629,-74.0038696,8b,,105S066,10301.0,,1006650011.0,03/20/2000,1,24v3,4.0,15.0,1.0,1.0,,,,,,,,,,,,1009903.0,10099032000.0
MN,665,111,104.0,99.0,1000.0,2.0,3.0,10018.0,E034,10.0,5500.0,1.0,2B,12 AVENUE,,M2-3,,,,,,,,,,False,V1,11,0,X,PALATINE REALTY CORP.,4510,0,,,,,,,,,7,0,,0,0,132.5,36.0,0,0,,0,True,2,5,0,0,0,0,0,0,,,0.0,0.0,2.0,0.0,1,1006650111,,99.0,983328.0,215920.0,40.7593269,-74.0033281,8b,,15S 066,10301.0,,1006650011.0,03/20/2000,1,24v3,4.0,15.0,1.0,1.0,,,,,,,,,,,,1009903.0,10099032001.0
MN,1262,31,105.0,96.0,1003.0,2.0,4.0,10036.0,L004,18.0,4800.0,1.0,2B,7 WEST 46 STREET,,C6-4.5,C5-3,,,,,MiD,,,,True,V1,11,0,,7 WEST 46TH OWNER LLC,2152,0,,,,,,,,,7,0,,0,0,21.42,100.42,0,0,,0,False,5,5,1196100,1196100,0,0,0,0,,,0.0,10.0,12.0,10.0,1,1012620031,,96.0,989920.0,214887.0,40.7564898,-73.9795341,8d,,104 045,10501.0,,,,1,24v3,5.0,13.0,,,,,,,,,,,,,,1009600.0,10096002002.0
MN,911,29,106.0,70.0,2001.0,2.0,2.0,10016.0,L007,17.0,5800.0,1.0,2A,543 2 AVENUE,,C1-8A,,,,,,,,,,False,V1,11,0,,543 2ND REALTY LLC,1540,0,,,,,,,,,7,2,,0,0,20.0,77.0,0,0,,0,False,3,5,406350,406350,0,0,0,0,,,0.0,7.52,2.0,7.5,1,1009110029,,70.0,990366.0,209779.0,40.7424693,-73.9779289,8d,,104 021,10308.0,,,,1,24v3,6.0,14.0,,,,,,,,,,,,,,1007002.0,10070023001.0
MN,1347,21,106.0,108.0,5000.0,2.0,4.0,10022.0,E008,17.0,4900.0,1.0,3B,347 EAST 54 STREET,,R8B,,,,,,,,,,False,V1,11,0,,"AURORA DEL MAR, LLC",2008,0,,,,,,,,,7,0,,0,0,20.0,100.42,0,0,,0,False,5,5,614250,614250,0,0,2020,0,,,0.0,4.0,0.0,4.0,1,1013470021,,108.0,994013.0,215004.0,40.7568074,-73.9647602,8d,,106E052,10507.0,,,,1,24v3,6.0,13.0,,,,,,,,,,,,,,1010801.0,10108013000.0
MN,695,3,104.0,99.0,1041.0,2.0,3.0,10011.0,E003,10.0,5500.0,1.0,2B,186 11 AVENUE,,C6-3,,,,,,WCh,,,,False,V1,11,0,,NICK & DUKE,4937,0,,,,,,,,,7,0,,0,0,4938.0,100.0,0,0,,0,True,5,5,1539450,1539450,0,0,0,0,,,0.0,7.52,6.0,10.0,1,1006950003,,99.0,982453.0,212177.0,40.7490532,-74.0064856,8b,,105S003,10301.0,E-142,1006950003.0,10/17/2012,1,24v3,4.0,15.0,,1.0,,,,,,,,,,,,1009901.0,10099011002.0
MN,220,14,101.0,33.0,3006.0,2.0,1.0,10013.0,L008,1.0,7700.0,1.0,3A,63 VARICK STREET,,C6-2A,,,,,,TMU,,,,False,V1,11,0,C,NYC DEPARTMENT OF TRANSPORTATION,11053,0,,,,,,,,,7,0,,0,0,175.0,62.25,0,0,,0,True,3,5,2106450,2106450,2106450,0,0,0,,,0.0,6.02,6.0,6.5,1,1002200014,,33.0,982402.0,202378.0,40.7221573,-74.0066669,12a,,101N042,10105.0,,,,1,24v3,1.0,15.0,,1.0,,,,,,,,,,t,,1003300.0,10033002001.0
MN,226,24,102.0,37.0,1016.0,2.0,1.0,10013.0,L008,1.0,6800.0,1.0,1B,CANAL STREET,,M1-6,,,,,,HSQ,,,,False,V1,11,0,X,PORT AUTHORITY OF NY AND NJ,3595,0,,,,,,,,,7,0,,0,0,77.0,22.58,0,0,,0,True,3,5,684450,684450,684450,0,0,0,,,0.0,0.0,10.0,10.0,1,1002260024,,37.0,982142.0,202960.0,40.7237547,-74.0076051,12a,,101N042,10105.0,,,,1,24v3,2.0,15.0,1.0,1.0,,,,,,,,,,t,,1003700.0,10037001017.0
MN,225,118,101.0,39.0,1021.0,2.0,1.0,10013.0,L008,1.0,7700.0,1.0,3B,CANAL STREET,,C6-2A,,,,,,TMU,,,,False,V1,11,0,X,UNAVAILABLE OWNER,105,0,,,,,,,,,7,0,,0,0,23.67,7.83,0,0,,0,True,3,5,900,900,900,0,0,0,,,0.0,6.02,6.0,6.5,1,1002250118,,39.0,981999.0,202927.0,40.7236641,-74.008121,12a,,101N040,10105.0,,,,1,24v3,1.0,15.0,,1.0,,,,,,,,,,,,1003900.0,10039001005.0
MN,708,149,104.0,99.0,1007.0,2.0,3.0,10018.0,E034,10.0,5500.0,1.0,2A,WEST 36TH STREET,,C6-2,PARK,,,,,HY,,,,True,V1,11,0,C,NYC DEPARTMENT OF PARKS AND RECREATION,1729,0,,,,,,,,,7,0,,0,0,15.06,197.5,0,0,,0,False,0,5,163350,163350,163350,0,0,0,,,0.0,6.02,6.0,6.5,1,1007080149,,99.0,984442.0,214949.0,40.7566618,-73.999307,8d,,1,1.0,,1007080049.0,02/15/2023,1,24v3,4.0,15.0,,,,,,,,,,,,t,,1009903.0,10099032015.0
MN,700,36,104.0,99.0,1028.0,2.0,3.0,10001.0,E034,10.0,5500.0,1.0,2B,327 10 AVENUE,,C6-4,,,,,,WCh,,,,False,V1,11,0,,"PETER J. FILIBERTO, TRUSTEE",2470,0,,,,,,,,,7,1,,0,0,24.67,100.0,0,0,,0,False,3,5,1777050,1777050,0,0,0,0,,,0.0,10.0,10.0,10.0,1,1007000036,,99.0,983746.0,213060.0,40.751477,-74.0018191,8b,,105S015,10301.0,E-142,,,1,24v3,4.0,15.0,,,,,,,,,,,,,,1009902.0,10099021002.0
MN,699,37,104.0,99.0,1029.0,2.0,3.0,10001.0,E003,10.0,5500.0,1.0,2B,311 10 AVENUE,,C6-3,,,,,,WCh,,,,False,V1,11,0,,"311 10TH AVENUE ASSOCIATES, LLC",2467,0,,,,,,,,,7,1,,0,0,24.67,100.0,0,0,,0,False,3,5,210150,210150,0,0,0,0,,,0.0,7.52,6.0,10.0,1,1006990037,,99.0,983621.0,212836.0,40.7508621,-74.0022702,8b,,105S004,10301.0,,,,1,24v3,4.0,15.0,,,,,,,,,,,,,,1009902.0,10099021003.0
MN,738,60,104.0,83.0,2001.0,2.0,3.0,10011.0,L012,10.0,5600.0,1.0,1A,336 WEST 15 STREET,,R8B,,,,,,,,,,False,V1,11,0,,336 WEST 15TH STREET LLC,1528,0,,,,,,,,,7,0,,0,0,18.75,81.5,0,0,,0,False,5,5,317250,317250,0,0,0,0,,,0.0,4.0,0.0,4.0,1,1007380060,,83.0,983254.0,209201.0,40.7408849,-74.0035942,8b,,103 036,10303.0,,,,1,24v3,4.0,15.0,,,,,,,,,,,,,,1008300.0,10083002001.0
MN,53,12,101.0,13.0,1014.0,2.0,1.0,10006.0,E010,1.0,7700.0,1.0,1A,111 WASHINGTON STREET,,C6-9,,,,,,LM,,,,False,V1,11,0,,"CARLISLE NEW YORK APARTMENTS, LLC",11255,0,,,,,,,,,7,0,,0,0,136.92,98.25,0,0,,0,True,3,5,8145450,8145450,0,0,0,0,,,0.0,10.0,15.0,15.0,1,1000530012,,13.0,980389.0,197506.0,40.7087842,-74.0139263,12b,,101S009,10101.0,,,,1,24v3,1.0,15.0,1.0,1.0,,,,,,,,,,,,1001300.0,10013001001.0
MN,176,118,101.0,33.0,2008.0,2.0,1.0,10013.0,E007,1.0,7700.0,1.0,3A,WEST BROADWAY,,C6-4,,,,,,,,,,False,V1,11,0,X,UNAVAILABLE OWNER,40,0,,,,,,,,,7,0,,0,0,0.08,50.0,0,0,,0,False,8,5,0,0,0,0,0,0,,,0.0,10.0,10.0,10.0,1,1001760118,,33.0,982286.0,200846.0,40.7179523,-74.007085,12a,,101S036,10105.0,,,,1,24v3,1.0,15.0,,,,,,,,,,,,,,1003300.0,10033001008.0
MN,52,16,101.0,13.0,1001.0,2.0,1.0,10006.0,E010,1.0,7700.0,1.0,1A,112 LIBERTY STREET,,C5-5,,,,,,LM,,,,False,V1,11,0,,HW LIBERTY LLC,6100,0,,,,,,,,,7,1,,0,0,48.15,113.08,0,0,,0,True,4,5,1638000,1638000,0,0,0,0,,,0.0,10.0,15.0,15.0,1,1000520016,,13.0,980896.0,197801.0,40.7095941,-74.0120978,12b,,1,1.0,,1000521001.0,03/17/2020,1,24v3,1.0,15.0,,,,,,,,,,,,,,1001300.0,10013004002.0
MN,482,9,102.0,45.0,1001.0,2.0,1.0,10012.0,E055,5.0,6800.0,1.0,1A,57 CROSBY STREET,,M1-5/R7D,,,,,,SNX,,,,False,V1,11,0,,"AKASA HOLDINGS, LLC",2508,0,,,,,,,,,7,0,,0,0,25.0,100.0,0,0,,0,True,5,5,775800,775800,0,0,0,0,,,0.0,0.0,5.0,6.5,1,1004820009,,45.0,984761.0,202353.0,40.7220889,-73.9981565,12c,,101N073,10206.0,E-619,,,1,24v3,2.0,15.0,,,,,,,,,,,,,,1004500.0,10045001001.0
MN,2030,38,110.0,232.0,4001.0,5.0,9.0,10039.0,E069,32.0,800.0,1.0,4A,210 WEST 145 STREET,,R7-2,,,,C2-4,,,,,,False,V1,11,0,,GOSPEL SPREADING CHUR,12490,0,,,,,,,,,7,1,,0,0,125.0,99.92,0,0,,0,False,5,5,1058400,1058400,0,0,0,0,,,0.0,3.44,0.0,6.5,1,1020300038,,232.0,1000857.0,238651.0,40.8217018,-73.9399981,6a,,111S041,10708.0,,,,1,24v3,10.0,11.0,,,,,,,,,,,,,,1023200.0,10232004001.0
MN,476,56,102.0,47.0,2003.0,2.0,1.0,10013.0,L008,1.0,6800.0,1.0,1A,30 THOMPSON STREET,,M1-5/R10,,,,,,SNX,,,,False,V1,11,0,,30 THOMPSON VENTURES LLC,2726,0,,,,,,,,,7,0,,0,0,29.0,94.0,0,0,,0,False,5,5,175500,175500,0,0,0,0,,,0.0,10.0,5.0,10.0,1,1004760056,,47.0,983155.0,202664.0,40.7229425,-74.0039504,12a,,101N069,10206.0,E-619,,,1,24v3,2.0,15.0,1.0,1.0,,,,,,,,,,,,1004700.0,10047002002.0
MN,476,57,102.0,47.0,2003.0,2.0,1.0,10013.0,L008,1.0,6800.0,1.0,1A,32 THOMPSON STREET,,M1-5/R10,,,,,,SNX,,,,False,V1,11,0,,THOMPSON VENTURES LLC,2700,0,,,,,,,,,7,0,,0,0,28.5,94.75,0,0,,0,False,5,5,180900,180900,0,0,0,0,,,0.0,10.0,5.0,10.0,1,1004760057,,47.0,983171.0,202689.0,40.7230111,-74.0038927,12a,,101N069,10206.0,E-619,,,1,24v3,2.0,15.0,1.0,1.0,,,,,,,,,,,,1004700.0,10047002002.0
MN,595,9,101.0,39.0,1002.0,2.0,1.0,10013.0,L008,1.0,7700.0,1.0,3B,536I CANAL STREET,,C6-2A,,,,,,TMU,,,,False,V1,11,0,,290 WEST VE LLC,538,0,,,,,,,,,7,0,,0,0,24.0,22.0,0,0,,0,True,6,5,45000,45000,0,0,0,0,,,0.0,6.02,6.0,6.5,1,1005950009,,39.0,981304.0,203344.0,40.7248085,-74.0106286,12a,,101N063,10208.0,E-257,,,1,24v3,1.0,15.0,1.0,1.0,,,,,,,,,,,,1003900.0,10039001002.0
MN,162,43,103.0,29.0,3004.0,2.0,1.0,10013.0,E009,5.0,7700.0,1.0,1A,2 DOYERS STREET,,C6-1,,,,,,,,,,False,V1,11,0,X,HARRY&JANE FISCHEL FOUND,328,0,,,,,,,,,7,0,,0,0,9.5,39.0,0,0,,0,True,8,5,0,0,0,0,0,0,,,0.0,3.44,6.0,6.5,1,1001620043,,29.0,984855.0,199540.0,40.7143679,-73.9978176,12d,,101S032,10105.0,,,,1,24v3,3.0,15.0,,,,,,,,,,,,,,1002902.0,10029022004.0
MN,702,175,104.0,99.0,1014.0,2.0,3.0,10001.0,E034,10.0,5500.0,1.0,2B,530 WEST 33 STREET,,C6-4,,,,,,HY,,,,False,V1,11,0,X,UNAVAILABLE OWNER,148065,0,,,,,,,,,7,3,,0,0,206.0,267.0,0,0,,0,True,3,5,0,0,0,0,0,0,,,0.0,10.0,10.0,10.0,1,1007020175,,99.0,983687.0,213962.0,40.7539527,-74.0020321,8b,True,105S015,10302.0,,1007020175.0,04/19/2017,1,24v3,4.0,15.0,1.0,1.0,,,,,,,,,,,,1009903.0,10099032017.0
MN,833,45,105.0,76.0,1005.0,2.0,3.0,10001.0,L024,14.0,5200.0,1.0,1A,316 5 AVENUE,,C5-2,,,,,,,,,,False,V1,11,0,,"5TH AVE GATEWAY LAND, LLC",4938,0,,,,,,,,,7,0,,0,0,49.38,100.0,0,0,,0,False,3,5,1381950,1381950,0,0,0,0,,,0.0,10.0,10.0,10.0,1,1008330045,,76.0,988155.0,211486.0,40.7471559,-73.9859068,8d,,104 016,10306.0,,1008330045.0,11/09/2016,1,24v3,5.0,15.0,,,,,,,,,,,,,,1007600.0,10076001004.0
MN,863,1,105.0,74.0,1002.0,2.0,4.0,10016.0,L024,14.0,5200.0,1.0,1A,335 5 AVENUE,,C5-2,,,,,,,,,,False,V1,11,0,,J.P.K. ASSOCIATES LLC,5628,0,,,,,,,,,7,0,,0,0,59.25,95.0,0,0,,0,False,3,5,2720250,2720250,0,0,0,0,,,0.0,10.0,10.0,10.0,1,1008630001,,74.0,988501.0,211716.0,40.747787,-73.984658,8d,,104 018,10306.0,,,,1,24v3,5.0,15.0,,,,,,,,,,,,,,1007400.0,10074005001.0
MN,517,14,102.0,49.0,3001.0,2.0,1.0,10012.0,L020,1.0,6800.0,1.0,1A,109 WEST HOUSTON STREET,,R7-2,,,,,,,,,,False,V1,11,0,X,CHURCH OF ST ANTHONY PADUA,2498,0,,,,,,,,,7,0,,0,0,125.33,19.92,0,0,,0,True,3,5,725850,725850,725850,0,0,0,,,0.0,3.44,0.0,6.5,1,1005170014,,49.0,983897.0,204275.0,40.7273643,-74.0012736,12a,,101N071,10206.0,,,,1,24v3,2.0,15.0,,,,,,,,,,,,,,1004900.0,10049003001.0
MN,735,60,104.0,111.0,3002.0,2.0,3.0,10018.0,L021,10.0,5500.0,1.0,2A,438 WEST 38 STREET,,R8A,,,,C2-5,,HY,,,,False,V1,11,0,,LOCKWOOD LTD,2913,0,,,,,,,,,7,1,,0,0,29.5,98.75,0,0,,0,False,5,5,893700,893700,0,0,0,0,,,0.0,6.02,0.0,6.5,1,1007350060,,111.0,985249.0,214879.0,40.7564696,-73.9963941,8d,,105S030,10302.0,E-137,,,1,24v3,4.0,15.0,,,,,,,,,,,,,,1011100.0,10111003003.0
MN,735,59,104.0,111.0,3002.0,2.0,3.0,10018.0,L021,10.0,5500.0,1.0,2A,436 WEST 38 STREET,,R8A,,,,C2-5,,HY,,,,False,V1,11,0,,LOCKWOOD LTD,2468,0,,,,,,,,,7,1,,0,0,25.0,98.75,0,0,,0,False,5,5,536850,536850,0,0,0,0,,,0.0,6.02,0.0,6.5,1,1007350059,,111.0,985273.0,214866.0,40.7564339,-73.9963075,8d,,105S030,10302.0,E-137,,,1,24v3,4.0,15.0,,,,,,,,,,,,,,1011100.0,10111003003.0
MN,734,10,104.0,111.0,3003.0,2.0,3.0,10018.0,L021,10.0,5500.0,1.0,2A,439 WEST 36 STREET,,R8A,,,,C2-5,,HY,,,,False,V1,11,0,,ZDJ 36 LLC,7406,0,,,,,,,,,7,1,,0,0,75.0,98.75,0,0,,0,False,5,5,424800,424800,0,0,2022,2023,,,0.0,6.02,0.0,6.5,1,1007340010,,111.0,985034.0,214588.0,40.7556709,-73.9971702,8d,,105S029,10302.0,E-137,,,1,24v3,4.0,15.0,,,,,,,,,,,,,,1011100.0,10111003004.0
MN,553,44,102.0,63.0,5001.0,2.0,2.0,10011.0,E033,6.0,5700.0,1.0,2A,127 WAVERLY PLACE,,C4-5,,,,,,LC,,,,False,V1,11,0,,378 SIXTH LLC,51,0,,,,,,,,,7,0,,0,0,0.05,50.92,0,0,,0,True,8,5,1170,1170,0,0,0,0,,,0.0,3.44,3.4,6.5,1,1005530044,,63.0,984367.0,206277.0,40.7328593,-73.9995778,12c,,103 018,10207.0,,,,1,24v3,2.0,15.0,,,,,,,,,,,,,,1006300.0,10063005001.0
MN,444,1,103.0,36.02,1000.0,1.0,2.0,10003.0,E028,9.0,6500.0,1.0,3B,42 SECOND AVENUE,,C6-2A,,,,,,,,,,False,V1,11,0,,SECOND AND SECOND PROPERTY LLC,14019,0,,,,,,,,,7,0,,0,0,161.92,100.0,0,0,,0,True,3,5,1629900,1629900,0,0,1943,0,,,0.0,6.02,6.0,6.5,1,1004440001,,3602.0,987062.0,203444.0,40.725083,-73.9898548,12c,,102 010,10205.0,,1004440001.0,04/27/2021,1,24v3,3.0,14.0,,,,,,,,,,,,,,1003602.0,10036021000.0
MN,884,39,106.0,72.0,4002.0,2.0,2.0,10016.0,E016,13.0,5300.0,1.0,2A,EAST 28 STREET,,C2-8,,,,,,,,,,False,V1,11,0,,157-161 EAST 28TH STREET LLC,250,0,,,,,,,,,7,0,,0,0,25.0,10.0,0,0,,0,False,3,5,390600,390600,0,0,2018,0,,,0.0,10.0,2.0,10.0,1,1008840039,,72.0,989528.0,209658.0,40.7421378,-73.9809531,8d,,104 019,10307.0,,1008840039.0,04/24/2019,1,24v3,6.0,14.0,,,,,,,,,,,,,,1007200.0,10072004002.0
MN,509,22,102.0,43.0,1002.0,2.0,1.0,10012.0,L020,5.0,6800.0,1.0,1G,49 EAST HOUSTON STREET,,C6-3,,,,,,LI,,,,False,V1,11,0,,49 EAST HOUSTON LLC,2025,0,,,,,,,,,7,0,,0,0,23.5,86.42,0,0,,0,False,5,5,731700,731700,0,0,0,0,,,0.0,7.52,6.0,10.0,1,1005090022,,43.0,985714.0,203255.0,40.7245646,-73.9947182,12c,,101N076,10206.0,,,,1,24v3,2.0,15.0,,,,,,,,,,,,,,1004300.0,10043001002.0
MN,464,31,103.0,38.0,1000.0,1.0,2.0,10003.0,E033,9.0,6500.0,1.0,4B,236 EAST 9 STREET,,R8B,,,,,,,,,,False,V1,11,0,,DROBENKO BROS RLTY INC,1160,0,,,,,,,,,7,1,,0,0,10.0,56.0,0,0,,0,True,5,5,296100,296100,0,0,0,0,,,0.0,4.0,0.0,4.0,1,1004640031,,38.0,987581.0,204985.0,40.7293125,-73.9879816,12c,,102 018,10205.0,E-216,,,1,24v3,3.0,14.0,,,,,,,,,,,,,,1003800.0,10038001000.0
MN,487,29,102.0,47.0,1003.0,2.0,1.0,10012.0,L008,1.0,6800.0,1.0,1A,144 SPRING STREET,,M1-5/R7X,,,,,,SNX,,,,False,V1,11,0,,144 SPRING STREET LLC,1600,0,,,,,,,,,7,0,,0,0,20.0,80.0,0,0,,0,False,3,5,554850,554850,0,0,0,0,,,0.0,5.0,5.0,5.0,1,1004870029,,47.0,983874.0,203072.0,40.7240624,-74.0013565,12a,,101N069,10206.0,E-619,,,1,24v3,2.0,15.0,,,,,,,,,,,,,,1004700.0,10047001003.0
MN,694,40,104.0,99.0,1035.0,2.0,3.0,10011.0,E003,10.0,5500.0,1.0,2B,512 WEST 23 STREET,,C6-3A,M1-5,,,,,WCh,,,,True,V4,11,1,P,NEW YORK CENTRAL LINES,12097,0,,,,,,,,,7,1,,0,0,57.5,197.5,0,0,,0,True,5,0,3516300,3516300,0,0,0,0,,,0.0,7.52,6.0,7.5,1,1006940040,,99.0,982868.0,211637.0,40.7475711,-74.0049877,8b,,105S003,10301.0,E-142,,,1,24v3,4.0,15.0,1.0,1.0,,,,,,,,,,,,1009901.0,10099011003.0
MN,609,12,102.0,71.0,1000.0,2.0,3.0,10011.0,Q018,6.0,6100.0,1.0,3B,152 WEST 14 STREET,,C6-2A,C6-3A,,,,,,,,,True,V1,11,0,,152 W 14 REALTY LLC,2581,0,,,,,,,,,7,1,,0,0,25.0,103.25,0,0,,0,False,5,5,1008000,1008000,0,0,0,0,,,0.0,6.02,6.0,6.5,1,1006090012,,71.0,984431.0,208185.0,40.7380963,-73.9993469,8d,,103 027,10209.0,,,,1,24v3,2.0,15.0,,,,,,,,,,,,,,1007100.0,10071001000.0
MN,279,70,103.0,27.0,1003.0,2.0,1.0,10038.0,E009,5.0,7800.0,1.0,1A,OLIVER STREET,,C6-1G,,,,,,,,,,False,V9,11,0,,RED DOOR KIOSK INC.,198,0,,,,,,,,,7,1,,0,0,4.62,42.92,0,0,,0,False,5,5,900,900,0,0,0,0,,,0.0,3.44,6.0,4.8,1,1002790070,,27.0,984831.0,199068.0,40.7130724,-73.9979042,12d,,101S029,10107.0,,,,1,24v3,3.0,14.0,,,,,,,,,,,,,,1002700.0,10027001001.0
MN,279,72,103.0,27.0,1003.0,2.0,1.0,10038.0,E009,5.0,7800.0,1.0,1A,OLIVER STREET,,C6-1G,,,,,,,,,,False,V1,11,0,,RED DOOR KIOSK INC.,115,0,,,,,,,,,7,0,,0,0,4.62,24.79,0,0,,0,False,8,5,2250,2250,0,0,0,0,,,0.0,3.44,6.0,4.8,1,1002790072,,27.0,984865.0,199074.0,40.7130888,-73.9977816,12d,,101S029,10107.0,,,,1,24v3,3.0,14.0,,,,,,,,,,,,,,1002700.0,10027001001.0
MN,630,137,102.0,75.0,3004.0,2.0,3.0,10014.0,L005,6.0,6400.0,1.0,2B,GREENWICH STREET,,R6,,,,,,,,,,False,V1,11,0,X,"HINSCH, JONATHAN ADAM PARK",3402,0,,,,,,,,,7,1,,0,0,20.0,82.92,0,0,,0,True,8,5,0,0,0,0,0,0,Greenwich Village Historic District,,0.0,2.43,0.0,4.8,1,1006300137,,75.0,982299.0,206458.0,40.7333559,-74.0070397,12a,,103 012,10210.0,,,,1,24v3,2.0,15.0,,,,,,,,,,,,,,1007500.0,10075003004.0
MN,602,86,102.0,69.0,1007.0,2.0,3.0,10014.0,E024,6.0,6400.0,1.0,2B,GREENWICH STREET,,M1-5/R7X,,,,,,MX-6,,,,False,V1,11,0,,UNAVAILABLE OWNER,2525,0,,,,,,,,,7,0,,0,0,0.0,0.0,0,0,,0,False,0,5,503550,503550,0,0,0,0,,,0.0,5.0,5.0,5.0,1,1006020086,,69.0,982166.0,205525.0,40.730795,-74.0075193,12a,,103 001,10208.0,R-141,1006020085.0,10/25/2017,1,24v3,2.0,15.0,,,,,,,,,,,,,,1006900.0,10069001004.0
MN,603,53,102.0,69.0,1006.0,2.0,3.0,10014.0,E024,6.0,6400.0,1.0,2B,639 GREENWICH STREET,,M1-5,,,,,,,,,,False,V1,11,0,O,NYC SCHOOL CONSTRUCTION AUTHORITY,8166,0,,,,,,,,,7,1,,0,0,75.25,105.75,0,0,,0,False,3,5,3090600,3090600,3090600,0,0,0,,,0.0,0.0,5.0,6.5,1,1006030053,,69.0,982157.0,205806.0,40.7315663,-74.0075519,12a,,103 002,10208.0,,,,1,24v3,2.0,15.0,,,,,,,,,,,,t,,1006900.0,10069001003.0
MN,641,5,102.0,79.0,2000.0,2.0,3.0,10014.0,L005,6.0,6100.0,1.0,3B,497 WEST STREET,,C1-7A,,,,,,,,,,False,V1,11,0,,134 JANE STREET LLC,10255,0,,,,,,,,,7,1,,0,0,146.5,70.0,0,0,,0,False,3,5,741150,741150,0,0,0,0,,,0.0,6.02,2.0,6.5,1,1006410005,,79.0,981665.0,208146.0,40.7379889,-74.009328,8b,,103 014,10210.0,,,,1,24v3,2.0,15.0,1.0,1.0,,,,,,,,,,,,1007900.0,10079002000.0
MN,662,7,104.0,99.0,1020.0,2.0,3.0,10011.0,E003,10.0,5500.0,1.0,1B,MARGINAL STREET,,M2-3,,,,,,,,,,False,V1,11,0,X,NYS DEPARTMENT OF TRANSPORTATION,319775,0,,,,,,,,,7,0,,0,0,391.67,824.17,0,0,,0,False,2,5,1546200,1546200,1546200,0,0,0,,,0.0,0.0,2.0,0.0,1,1006620007,,99.0,981356.0,210540.0,40.7445597,-74.0104441,8b,,103 052,10301.0,,,,1,24v3,4.0,15.0,1.0,1.0,,,,,,,,,,t,,1009901.0,10099012002.0
MN,605,44,102.0,73.0,3002.0,2.0,3.0,10014.0,E024,6.0,6400.0,1.0,2B,465 HUDSON STREET,,R6,,,,,,,,,,False,V1,11,0,X,THE BOARD OF MANAGERS OF THE DIOCESAN MI SSIONARY ETC.,6880,0,,,,,,,,,7,0,,0,0,79.92,86.0,0,0,,0,True,3,5,1571850,1571850,1571850,0,0,0,,,0.0,2.43,0.0,4.8,1,1006050044,,73.0,982336.0,205926.0,40.7318957,-74.0069061,12a,,103 002,10208.0,,,,1,24v3,2.0,15.0,,,,,,,,,,,,,,1007300.0,10073003002.0
MN,686,29,104.0,99.0,1027.0,2.0,3.0,10011.0,E003,10.0,5500.0,1.0,1B,65 11 AVENUE,,M1-5,,,,,,,,,,False,V9,11,0,X,NYS DEPARTMENT OF TRANSPORTATION,24700,0,,,,,,,,,7,0,,0,0,206.5,79.67,0,0,,0,True,3,5,6383700,6383700,6383700,0,0,0,,,0.0,0.0,5.0,6.5,1,1006860029,,99.0,981952.0,209860.0,40.7426935,-74.0082929,8b,,103 043,10301.0,,,,1,24v3,4.0,15.0,1.0,1.0,,,,,,,,,,t,,1009901.0,10099012014.0
MN,715,3,104.0,83.0,3000.0,2.0,3.0,10011.0,E003,10.0,5600.0,1.0,1B,118 TENTH AVENUE,,C6-3,,,,,,WCh,,,,False,V1,11,0,,B&R TENTH AVENUE LLC,12172,0,,,,,,,,,7,0,,0,0,124.0,100.0,0,0,,0,False,5,5,1906650,1906650,0,0,0,0,,,0.0,7.52,6.0,10.0,1,1007150003,,83.0,982501.0,210408.0,40.7441977,-74.0063119,8b,,103 041,10302.0,E-142,1007150002.0,08/27/2021,1,24v3,4.0,15.0,,1.0,,,,,,,,,,,,1008300.0,10083003000.0
MN,645,21,102.0,79.0,1007.0,2.0,3.0,10014.0,L005,6.0,6100.0,1.0,3B,51 LITTLE WEST 12 ST,,M1-5,,,,,,,,,,False,V1,11,0,,LITTLE W 12TH ST INC.,2581,0,,,,,,,,,7,0,,0,0,25.0,103.25,0,0,,0,False,5,5,564750,564750,0,0,0,0,,,0.0,0.0,5.0,6.5,1,1006450021,,79.0,981954.0,209132.0,40.7406953,-74.0082855,8b,,103 039,10210.0,,,,1,24v3,2.0,15.0,,1.0,,,,,,,,,,,,1007900.0,10079001010.0
MN,757,20,104.0,103.0,1000.0,2.0,3.0,10001.0,L021,14.0,5500.0,1.0,2A,321 WEST 33 STREET,,C6-4,,,,,,HY,,,,False,V1,11,0,,BPREP 33/34 PARCEL LLC,2624,0,,,,,,,,,7,1,,0,0,33.33,78.75,0,0,,0,False,5,5,1456650,1456650,0,0,0,0,,,0.0,10.0,10.0,10.0,1,1007570020,,103.0,985650.0,213310.0,40.7521631,-73.994947,8d,,105S020,10304.0,E-32,,,1,24v3,4.0,15.0,,,,,,,,,,,,,,1010300.0,10103002000.0
MN,735,25,104.0,111.0,3000.0,2.0,3.0,10018.0,L021,10.0,5500.0,1.0,2A,9 AVENUE,,C1-7A,,,,,,HY,,,,False,V1,11,0,,ZDJ HUDSON YARDS LLC,8559,0,,,,,,,,,7,0,,0,0,74.08,109.76,0,0,,0,True,3,5,2434500,2434500,0,0,0,0,,,0.0,6.02,2.0,6.5,1,1007350025,,111.0,985594.0,214553.0,40.7555748,-73.9951489,8d,,105S030,10302.0,E-137,1007350025.0,02/12/2024,1,24v3,4.0,15.0,,,,,,,,,,,,,,1011100.0,10111003000.0
MN,759,41,104.0,111.0,1002.0,2.0,3.0,10018.0,L021,14.0,5500.0,1.0,2A,8 AVENUE,,M1-6,,,,,,GC,,,,False,V1,11,0,,GORE INC C/O WOLFE R,40,0,,,,,,,,,7,0,,0,0,0.5,80.0,0,0,,0,False,8,5,450,450,0,0,0,0,,,0.0,0.0,10.0,10.0,1,1007590041,,111.0,986167.0,213701.0,40.7532362,-73.9930809,8d,,105N031,10304.0,,,,1,24v3,4.0,15.0,,,,,,,,,,,,,,1011100.0,10111001002.0
MN,784,17,105.0,109.0,1005.0,2.0,3.0,10001.0,E026,14.0,5200.0,1.0,1H,245 WEST 34 STREET,,C6-4M,,,,,,,,,,False,V1,11,0,,HW W 34TH ST LLC,4509,0,,,,,,,,,7,0,,0,0,45.66,98.75,0,0,,0,False,5,5,2502900,2502900,0,0,0,0,,,0.0,10.0,10.0,10.0,1,1007840017,,109.0,986422.0,213232.0,40.7519488,-73.9921607,8d,,105N033,10304.0,,1007840017.0,04/03/2017,1,24v3,5.0,15.0,,,,,,,,,,,,,,1010900.0,10109001005.0
MN,784,1,105.0,109.0,1005.0,2.0,3.0,10001.0,E026,14.0,5200.0,1.0,1H,480 8 AVENUE,,C6-4M,,,,,,,,,,False,V1,11,0,,VORNADO NEW YORK RRONE,3505,0,,,,,,,,,7,1,,0,0,58.42,60.0,0,0,,0,False,3,5,2062350,2062350,0,0,0,0,,,0.0,10.0,10.0,10.0,1,1007840001,,109.0,986166.0,213348.0,40.7522673,-73.9930846,8d,,105N033,10304.0,,,,1,24v3,5.0,15.0,,,,,,,,,,,,,,1010900.0,10109001005.0
MN,784,7,105.0,109.0,1005.0,2.0,3.0,10001.0,E026,14.0,5200.0,1.0,1H,265 WEST 34 STREET,,C6-4M,,,,,,,,,,False,V1,11,0,,265 WEST 34TH STREET OWNER LLC,1690,0,,,,,,,,,7,1,,0,0,21.67,78.0,0,0,,0,False,5,5,1092600,1092600,0,0,0,0,,,0.0,10.0,10.0,10.0,1,1007840007,,109.0,986227.0,213327.0,40.7522096,-73.9928645,8d,,105N033,10304.0,,,,1,24v3,5.0,15.0,,,,,,,,,,,,,,1010900.0,10109001005.0
MN,784,4,105.0,109.0,1005.0,2.0,3.0,10001.0,E026,14.0,5200.0,1.0,1H,486 8 AVENUE,,C6-4M,,,,,,,,,,False,V1,11,0,,486 8TH AVENUE OWNER LLC,1178,0,,,,,,,,,7,1,,0,0,19.64,60.0,0,0,,0,True,5,5,424350,424350,0,0,0,0,,,0.0,10.0,10.0,10.0,1,1007840004,,109.0,986187.0,213385.0,40.7523688,-73.9930088,8d,,105N033,10304.0,,,,1,24v3,5.0,15.0,,,,,,,,,,,,,,1010900.0,10109001005.0
MN,882,126,106.0,68.0,6001.0,2.0,2.0,10016.0,E016,13.0,5300.0,1.0,1B,LEXINGTON AVENUE,,C6-2A,R8B,,,,,,,,,True,V1,11,0,,DR NAGEL,63,0,,,,,,,,,7,0,,0,0,3.33,19.0,0,0,,0,False,6,5,450,450,0,0,0,0,,,0.0,6.02,6.0,6.5,1,1008820126,,68.0,989038.0,209429.0,40.7415095,-73.9827215,8d,,104 006,10307.0,,,,1,24v3,6.0,14.0,,,,,,,,,,,,,,1006800.0,10068006001.0
MN,884,18,105.0,72.0,3002.0,2.0,2.0,10016.0,E016,13.0,5300.0,1.0,1B,122 LEXINGTON AVENUE,,C6-2A,,,,,,,,,,False,V1,11,0,,120 LEXINGTON AVE. CORP.,1517,0,,,,,,,,,7,0,,0,0,19.33,78.5,0,0,,0,False,5,5,558450,558450,0,0,0,0,,,0.0,6.02,6.0,6.5,1,1008840018,,72.0,989072.0,209931.0,40.7428874,-73.9825985,8d,,104 019,10307.0,,,,1,24v3,5.0,14.0,,,,,,,,,,,,,,1007200.0,10072003002.0
MN,884,19,105.0,72.0,3002.0,2.0,2.0,10016.0,E016,13.0,5300.0,1.0,1B,124 LEXINGTON AVENUE,,C6-2A,,,,,,,,,,False,V1,11,0,,120 LEXINGTON AVE. CORP.,1540,0,,,,,,,,,7,0,,0,0,19.5,78.5,0,0,,0,False,5,5,558450,558450,0,0,0,0,,,0.0,6.02,6.0,6.5,1,1008840019,,72.0,989081.0,209948.0,40.742934,-73.982566,8d,,104 019,10307.0,,,,1,24v3,5.0,14.0,,,,,,,,,,,,,,1007200.0,10072003002.0
MN,477,57,102.0,37.0,3011.0,2.0,1.0,10013.0,L008,1.0,6800.0,1.0,1B,6 AVENUE,,M1-6,,,,,,HSQ,,,,False,V1,11,0,,ARTHUR BLASOF,253,0,,,,,,,,,7,0,,0,0,3.75,67.58,0,0,,0,True,8,5,2250,2250,0,0,0,0,,,0.0,0.0,10.0,10.0,1,1004770057,,37.0,982866.0,203043.0,40.7239827,-74.0049931,12a,,101N067,10206.0,E-288,,,1,24v3,2.0,15.0,,,,,,,,,,,,,,1003700.0,10037003013.0
MN,831,49,105.0,76.0,2005.0,2.0,3.0,10001.0,E001,14.0,5200.0,1.0,1A,16 WEST 30 STREET,,M1-6,,,,,,,,,,False,V1,11,0,,HFZ KIK 30TH STREET OWNER LLC,2666,0,,,,,,,,,7,0,,0,0,27.0,98.75,0,0,,0,False,5,5,1027350,1027350,0,0,0,0,,,0.0,0.0,10.0,10.0,1,1008310049,,76.0,987708.0,211120.0,40.7461515,-73.9875202,8d,,104 015,10306.0,,,,1,24v3,5.0,15.0,,,,,,,,,,,,,,1007600.0,10076002005.0
MN,581,45,102.0,67.0,4006.0,2.0,3.0,10014.0,E024,6.0,6400.0,1.0,1B,388 HUDSON STREET,,M1-5,,,,,,,,,,False,V9,11,0,C,NYC DEPARTMENT OF ENVIRONMENTAL PROTECTION,25000,0,,,,,,,,,7,1,,0,0,200.0,125.0,0,0,,0,False,3,5,8634150,8634150,8634150,0,0,0,,,0.0,0.0,5.0,6.5,1,1005810045,,67.0,982405.0,204906.0,40.7290961,-74.0066568,12a,,103 003,10208.0,,,,1,24v3,2.0,15.0,,,,,,,,,,,,t,,1006700.0,10067004006.0
MN,732,50,104.0,111.0,2005.0,2.0,3.0,10001.0,L021,10.0,5500.0,1.0,2A,WEST 35 STREET,,R8A,,,,C2-5,,HY,,,,False,V1,11,0,,419 WEST 34TH STREET DII LLC,4937,0,,,,,,,,,7,0,,0,0,50.0,98.75,0,0,,0,True,5,5,1456200,1456200,0,0,0,0,,,0.0,6.02,0.0,6.5,1,1007320050,,111.0,985130.0,214064.0,40.7542327,-73.9968237,8d,,105S029,10302.0,E-137,,,1,24v3,4.0,15.0,,,,,,,,,,,,,,1011100.0,10111002005.0
MN,731,22,104.0,103.0,1001.0,2.0,3.0,10001.0,L021,10.0,5500.0,1.0,2B,431 WEST 33 STREET,,C6-4,,,,,,HY,,,,False,V1,11,0,X,PORT AUTHORITY OF NY AND NJ,7406,0,,,,,,,,,7,1,,0,0,75.0,98.75,0,0,,0,False,5,5,1665450,1665450,1665450,0,2018,0,,,0.0,10.0,10.0,10.0,1,1007310022,,103.0,984772.0,213808.0,40.75353,-73.9981159,8d,,105S018,10302.0,E-137,,,1,24v3,4.0,15.0,,,,,,,,,,,,,,1010300.0,10103001000.0
MN,731,40,104.0,103.0,1001.0,2.0,3.0,10001.0,L021,10.0,5500.0,1.0,2B,413 9TH AVENUE,,C6-4,,,,,,HY,,,,False,V1,11,0,,ROMEO-KILO CORP,9480,0,,,,,,,,,7,0,,0,0,98.75,100.0,0,0,,0,True,5,5,186750,186750,0,0,2022,2023,,,0.0,10.0,10.0,10.0,1,1007310040,,103.0,985101.0,213646.0,40.7530854,-73.9969285,8d,,105S018,10302.0,E-137,1007310040.0,02/24/2023,1,24v3,4.0,15.0,,,,,,,,,,,,,,1010300.0,10103001000.0
MN,731,164,104.0,103.0,1001.0,2.0,3.0,10001.0,L021,10.0,5500.0,1.0,2B,WEST 34 STREET,,C6-4,,,,,,HY,,,,False,V1,11,0,C,NYC DEPARTMENT OF CITYWIDE ADMINISTRATIVE SERVICES,25,0,,,,,,,,,7,0,,0,0,0.25,98.75,0,0,,0,True,8,5,1350,1350,1350,0,0,0,,,0.0,10.0,10.0,10.0,1,1007310164,,103.0,984851.0,213880.0,40.7537277,-73.9978308,8d,,105S018,10302.0,,,,1,24v3,4.0,15.0,,,,,,,,,,,,t,,1010300.0,10103001000.0
MN,455,52,103.0,40.0,6000.0,1.0,2.0,10003.0,E005,9.0,6200.0,1.0,4B,327 EAST 13 STREET,,C1-6A,,,,,,,,,,False,V1,11,0,,"NYEEI HOUSING COMPANY, INC.",14255,0,,,,,,,,,7,1,,0,0,138.0,103.25,0,0,,0,False,5,5,5190300,5190300,0,0,0,0,,,0.0,4.0,2.0,4.0,1,1004550052,,40.0,988616.0,205747.0,40.7314035,-73.9842468,12c,,102 027,10205.0,,,,1,24v3,3.0,14.0,,,,,,,,,,,,,,1004001.0,10040012000.0
MN,434,48,103.0,32.0,2000.0,1.0,2.0,10009.0,L011,9.0,6600.0,1.0,3B,419 EAST 6 STREET,,R8B,,,,,,,,,,False,V1,11,0,,"BFAB, LLC",1703,0,,,,,,,,,7,0,,0,0,18.75,90.83,0,0,,0,False,5,5,468900,468900,0,0,0,0,,,0.0,4.0,0.0,4.0,1,1004340048,,32.0,988366.0,203852.0,40.7262024,-73.98515,12c,,102 020,10205.0,E-216,,,1,24v3,3.0,14.0,,,,,,,,,,,,,,1003200.0,10032002000.0
MN,489,25,102.0,47.0,1001.0,2.0,1.0,10012.0,L008,1.0,6800.0,1.0,1A,83 THOMPSON STREET,,R7-2,,,,C1-5,,,,,,False,V1,11,0,,SPRING STREET OWNER LLC,4535,0,,,,,,,,,7,0,,0,0,66.92,100.0,0,0,,0,True,3,5,1134321,1134321,0,0,0,0,Sullivan-Thompson Historic District,,0.0,3.44,0.0,6.5,1,1004890025,,47.0,983439.0,203345.0,40.7248117,-74.0029259,12a,,101N069,10206.0,,1004890022.0,05/03/2024,1,24v3,2.0,15.0,,,,,,,,,,,,,,1004700.0,10047001001.0
MN,609,39,102.0,71.0,1000.0,2.0,3.0,10011.0,Q018,6.0,6100.0,1.0,3B,525 AVENUE OF THE AMERICAS,,C6-3A,C6-2A,,,,,,,,,True,V1,11,0,,525 6TH AVE LLC,12900,0,,,,,,,,,7,0,,0,0,125.0,106.5,0,0,,0,False,5,5,3146850,3146850,0,0,0,0,,,0.0,7.52,6.0,7.5,1,1006090039,,71.0,984979.0,207883.0,40.7372674,-73.9973694,12c,,103 027,10209.0,,1006090035.0,11/04/2022,1,24v3,2.0,15.0,,,,,,,,,,,,,,1007100.0,10071001000.0
MN,707,13,104.0,99.0,1039.0,2.0,3.0,10001.0,E034,10.0,5500.0,1.0,2A,537 WEST 35 STREET,,C6-4,,,,,,HY,,,,False,V1,11,0,X,NYS CONVENTION CENTER DEVELOPMENT CORPORATION,945,0,,,,,,,,,7,1,,0,0,99.38,15.13,0,0,,0,False,3,5,156600,156600,156600,0,0,0,,,0.0,10.0,10.0,10.0,1,1007070013,,99.0,984142.0,214800.0,40.7562528,-74.0003898,8d,,105S027,10302.0,E-137,1007070013.0,03/07/2012,1,24v3,4.0,15.0,,,,,,,,,,,,t,,1009903.0,10099032016.0
MN,863,128,105.0,74.0,2000.0,2.0,4.0,10016.0,L007,14.0,5200.0,1.0,1A,EAST 33 STREET,,C5-2,,,,,,,,,,False,V1,11,0,,MARK T FISHMAN,50,0,,,,,,,,,7,0,,0,0,0.5,98.75,0,0,,0,True,8,5,1350,1350,0,0,0,0,,,0.0,10.0,10.0,10.0,1,1008630128,,74.0,989015.0,211454.0,40.7470676,-73.9828031,8d,,104 018,10306.0,,,,1,24v3,5.0,15.0,,,,,,,,,,,,,,1007400.0,10074001000.0
MN,864,59,106.0,74.0,1000.0,2.0,4.0,10016.0,L007,17.0,5200.0,1.0,2B,EAST 35 STREET,,R9X,,,,,,,,,,False,V1,11,0,,JOHN M ANDERSON&KAREN FULBRIGHT-ANDERSON  REV TRUST,45,0,,,,,,,,,7,0,,0,0,0.33,98.75,0,0,,0,True,8,5,1350,1350,0,0,0,0,,,0.0,9.0,0.0,9.0,1,1008640059,,74.0,989206.0,211807.0,40.7480364,-73.9821135,8d,,104 029,10306.0,,,,1,24v3,6.0,15.0,,,,,,,,,,,,,,1007400.0,10074004000.0
MN,539,70,102.0,65.0,5000.0,2.0,2.0,10012.0,L009,6.0,5700.0,1.0,2A,THOMPSON STREET,,R7-2,,,,C1-5,,,,,,False,V1,11,0,,UNAVAILABLE OWNER,25,0,,,,,,,,,7,0,,0,0,0.92,25.0,0,0,,0,True,8,5,1170,1170,0,0,0,0,,,0.0,3.44,0.0,6.5,1,1005390070,,65.0,984549.0,205053.0,40.7294998,-73.9989212,12c,,103 007,10207.0,,,,1,24v3,2.0,15.0,,,,,,,,,,,,,,1006500.0,10065005000.0
MN,866,71,105.0,82.0,2001.0,2.0,4.0,10016.0,E065,14.0,5200.0,1.0,2B,6 EAST 37 STREET,,C5-2,,,,,,,,,,False,V1,11,0,,9 EAST 36TH,4938,0,,,,,,,,,7,0,,0,0,50.0,98.75,0,0,,0,False,5,5,2538000,2538000,0,0,0,0,,,0.0,10.0,10.0,10.0,1,1008660071,,82.0,989074.0,212469.0,40.7498535,-73.9825895,8d,,104 029,10306.0,,,,1,24v3,5.0,15.0,,,,,,,,,,,,,,1008200.0,10082002006.0
MN,763,46,104.0,115.0,1002.0,2.0,3.0,10018.0,L021,14.0,4500.0,1.0,2A,308 WEST 40 STREET,,C6-4,,,,,,HY,,,,False,V1,11,0,,308 REALTY HOLDING LLC,2469,0,,,,,,,,,7,1,,0,0,25.0,98.75,0,0,,0,False,5,5,561150,561150,0,0,0,0,,,0.0,10.0,10.0,10.0,1,1007630046,,115.0,986572.0,214735.0,40.7560741,-73.9916188,8d,,105N032,10304.0,E-137,,,1,24v3,4.0,15.0,,,,,,,,,,,,,,1011500.0,10115001002.0
MN,763,17,104.0,115.0,1002.0,2.0,3.0,10018.0,L021,14.0,4500.0,1.0,2A,335 WEST 39 STREET,,C6-4,,,,,,HY,,,,False,V1,11,0,,"335 WEST 39TH STREETREALTY COMPANY,",2475,0,,,,,,,,,7,1,,0,0,25.0,98.75,0,0,,0,False,5,5,137700,137700,0,0,0,0,,,0.0,10.0,10.0,10.0,1,1007630017,,115.0,986259.0,214794.0,40.7562361,-73.9927485,8d,,105N032,10304.0,E-137,,,1,24v3,4.0,15.0,,,,,,,,,,,,,,1011500.0,10115001002.0
MN,708,1,104.0,99.0,1006.0,2.0,3.0,10018.0,E034,10.0,5500.0,1.0,2B,438 11 AVENUE,,C6-4,,,,,,HY,,,,False,V1,11,2,,"438-444 ELEVENTH AVENUE, LLC",40809,0,,,,,,,,,7,0,,0,0,98.75,283.01,0,0,,0,True,3,0,10208700,10208700,0,0,0,0,,,0.0,10.0,10.0,10.0,1,1007080001,,99.0,984205.0,215085.0,40.7570351,-74.0001624,8d,,105S027,10302.0,E-137,1007080001.0,09/15/2017,1,24v3,4.0,15.0,,,,,,,,,,,,,,1009903.0,10099032012.0
MN,707,1,104.0,99.0,1005.0,2.0,3.0,10018.0,E034,10.0,5500.0,1.0,2B,418 11 AVENUE,,C6-4,,,,,,HY,,,,False,V1,11,2,X,NEW YORK CONVENTION CENTER,49375,0,,,,,,,,,7,1,,0,0,197.5,250.0,0,0,,0,False,3,0,21676500,21676500,21676500,0,0,0,,,0.0,10.0,10.0,10.0,1,1007070001,,99.0,984048.0,214899.0,40.7565246,-74.0007291,8d,True,105S027,10302.0,E-137,,,1,24v3,4.0,15.0,,,,,,,,,,,,,,1009903.0,10099032011.0
MN,831,29,105.0,76.0,2005.0,2.0,3.0,10001.0,E001,14.0,5200.0,1.0,1A,9 WEST 29 STREET,,M1-6,,,,,,,,,,False,V1,11,0,,HFZ KIK 30TH STREET OWNER LLC,2765,0,,,,,,,,,7,1,,0,0,28.0,98.75,0,0,,0,False,5,5,1169550,1169550,0,0,0,0,,,0.0,0.0,10.0,10.0,1,1008310029,,76.0,987681.0,211019.0,40.7458743,-73.9876177,8d,,104 015,10306.0,,,,1,24v3,5.0,15.0,,,,,,,,,,,,,,1007600.0,10076002005.0
MN,834,68,105.0,76.0,1004.0,2.0,4.0,10001.0,L024,14.0,5200.0,1.0,1A,WEST 33 STREET,,C6-6,C6-4,,,,,MiD,,,,True,V1,11,0,,LOT 68 WEST 33 STREET LLC,890,0,,,,,,,,,7,0,,0,0,26.01,67.98,0,0,,0,True,5,5,598050,598050,0,0,0,0,,,0.0,10.0,15.0,15.0,1,1008340068,,76.0,987763.0,211938.0,40.7483967,-73.9873213,8d,,104 016,10306.0,,1008340069.0,11/10/2015,1,24v3,5.0,15.0,,,,,,,,,,,,,,1007600.0,10076001003.0
MN,831,28,105.0,76.0,2005.0,2.0,3.0,10001.0,E001,14.0,5200.0,1.0,1A,11 WEST 29 STREET,,M1-6,,,,,,,,,,False,V1,11,0,,HFZ KIK 30TH STREET OWNER LLC,2469,0,,,,,,,,,7,1,,0,0,25.0,98.75,0,0,,0,False,5,5,2073150,2073150,0,0,0,0,,,0.0,0.0,10.0,10.0,1,1008310028,,76.0,987658.0,211031.0,40.7459072,-73.9877007,8d,,104 015,10306.0,,,,1,24v3,5.0,15.0,,,,,,,,,,,,,,1007600.0,10076002005.0
MN,571,27,102.0,61.0,1000.0,2.0,2.0,10003.0,L003,6.0,5700.0,1.0,3A,126 REAR UNIVERSITY PLACE,,C6-1,,,,,,,,,,False,V1,11,0,,THE NEW SCHOOL,546,0,,,,,,,,,7,0,,0,0,25.0,21.83,0,0,,0,False,5,5,13500,13500,0,0,0,0,,,0.0,3.44,6.0,6.5,1,1005710027,,61.0,986323.0,207068.0,40.7350302,-73.9925199,12c,,103 022,10207.0,,,,1,24v3,2.0,15.0,,,,,,,,,,,,,,1006100.0,10061001000.0
MN,2215,680,207.0,309.0,1004.0,10.0,10.0,10463.0,E081,52.0,110.0,2.0,1A,HARLEM RIVER DRIVE,,M1-1,,,,,,,,,,False,V1,11,0,C,NYC DEPARTMENT OF CITYWIDE ADMINISTRATIVE SERVICES,5971,0,,,,,,,,,7,0,,0,0,500.0,78.0,0,0,,0,True,2,5,346050,346050,346050,0,0,0,,,0.0,0.0,1.0,2.4,1,1022150680,,309.0,1009410.0,257061.0,40.8722116,-73.9090267,1d,,112 081,10804.0,,,,1,24v3,7.0,17.0,1.0,1.0,,,,,,,,,,t,,1030900.0,10309001000.0
MN,2189,25,112.0,299.0,2006.0,6.0,10.0,10034.0,L036,34.0,110.0,1.0,4A,WEST 215 STREET,,M1-1,,,,,,,,,,False,V1,11,0,C,NYC DEPARTMENT OF SMALL BUSINESS SERVICES,4297,0,,,,,,,,,7,0,,0,0,69.5,100.25,0,0,N,0,True,9,0,42750,42750,42750,0,0,0,,,0.0,0.0,1.0,2.4,1,1021890025,,299.0,1008643.0,255453.0,40.8678003,-73.9118058,3c,True,112 061,10804.0,,,,1,24v3,12.0,17.0,1.0,1.0,,,,,,,,,,t,,1029900.0,10299002006.0
MN,2215,65,208.0,309.0,4002.0,10.0,10.0,10463.0,E081,50.0,110.0,2.0,2A,170 WEST 225 STREET,,R7-1,,,,,,,,,,False,V1,11,0,,168 W. 225TH LLC,24550,0,,,,,,,,,7,0,,0,0,189.47,100.0,0,0,,0,False,5,5,2406150,2406150,0,0,0,0,,,0.0,3.44,0.0,4.8,1,1022150065,,309.0,1008283.0,258297.0,40.8756072,-73.9130972,1b,,112 079,10804.0,,1022150062.0,02/24/2023,1,24v3,8.0,17.0,,,,,,,,,,,,,,1030900.0,10309005000.0
MN,2214,1,112.0,307.0,1000.0,6.0,10.0,10034.0,E095,34.0,110.0,1.0,4A,5094 BROADWAY,,C6-2,M1-5,,,,,IN,,,,True,V1,11,0,,THE TRUSTEES OF COLUMBIA UNIV. IN THE CI TY OF NY,17655,0,,,,,,,,,7,0,,0,0,129.5,141.92,0,0,,0,True,3,5,186300,186300,0,0,1965,0,,,0.0,6.02,6.0,6.5,1,1022140001,,307.0,1008193.0,256697.0,40.8712159,-73.9134284,1b,True,112 068,10804.0,E-459,,,1,24v3,12.0,17.0,,,,,,,,,,,,,,1030700.0,10307001000.0
MN,572,41,102.0,63.0,4000.0,2.0,2.0,10011.0,E033,6.0,5700.0,1.0,3A,14 5 AVENUE,,R10,,,,,,,,,,False,V1,11,0,,FIFTH AVENUE OWNERS GROUP LLC,5255,0,,,,,,,,,7,0,,0,0,52.5,100.0,0,0,,0,False,5,5,760500,760500,0,0,1984,0,Greenwich Village Historic District,,0.0,10.0,0.0,10.0,1,1005720041,,63.0,985229.0,206202.0,40.7326534,-73.9964676,12c,,103 019,10207.0,,,,1,24v3,2.0,15.0,,,,,,,,,,,,,,1006300.0,10063004000.0
MN,944,9,106.0,78.0,7001.0,2.0,4.0,10016.0,E021,17.0,5000.0,1.0,2B,EAST 38 STREET,,C1-9,,,,,,,,,,False,V9,11,0,X,MTA - BRIDGES AND TUNNELS,8200,0,,,,,,,,,7,0,,0,0,41.58,197.5,0,0,,0,True,5,5,2277900,2277900,2277900,0,0,0,,,0.0,10.0,2.0,10.0,1,1009440009,,78.0,991741.0,211522.0,40.7472524,-73.9729649,8d,,104 035,10309.0,,,,1,24v3,6.0,13.0,,,,,,,,,,,,t,,1007800.0,10078007001.0
MN,920,28,106.0,88.0,2001.0,2.0,4.0,10016.0,E021,17.0,5000.0,1.0,2B,729 2ND AVENUE,,C1-9,,,,,,,,,,False,V1,11,0,,NEW SECOND AVENUE OWNER LLC,10763,0,,,,,,,,,7,0,,0,0,123.44,105.0,0,0,,0,False,3,5,2245500,2245500,0,0,0,0,,,0.0,10.0,2.0,10.0,1,1009200028,,88.0,991532.0,211889.0,40.7482599,-73.9737188,8d,,104 033,10308.0,,1009200028.0,07/06/2023,1,24v3,6.0,13.0,,,,,,,,,,,,,,1008800.0,10088002001.0
MN,944,53,106.0,78.0,7001.0,2.0,4.0,10016.0,E021,17.0,5000.0,1.0,2B,EAST 39 STREET,,C1-9,,,,,,,,,,False,V1,11,0,,ARCHSTONE EAST 39TH STREET LAND LLC,467,0,,,,,,,,,7,0,,0,0,10.5,44.5,0,0,,0,True,8,5,2250,2250,0,0,0,0,,,0.0,10.0,2.0,10.0,1,1009440053,,78.0,991589.0,211696.0,40.7477301,-73.9735133,8d,,104 035,10309.0,,1009440045.0,11/08/2001,1,24v3,6.0,13.0,,,,,,,,,,,,,,1007800.0,10078007001.0
MN,919,12,106.0,78.0,1000.0,2.0,4.0,10016.0,E021,17.0,5000.0,1.0,2B,EAST 38 STREET,,C1-9,,,,,,,,,,False,V9,11,0,X,MTA - BRIDGES AND TUNNELS,8596,0,,,,,,,,,7,0,,0,0,42.83,197.5,0,0,,0,True,4,5,2535750,2535750,2535750,0,0,0,,,0.0,10.0,2.0,10.0,1,1009190012,,78.0,991123.0,211864.0,40.7481916,-73.9751949,8d,,104 033,10308.0,,,,1,24v3,6.0,13.0,,,,,,,,,,,,t,,1007800.0,10078001000.0
MN,917,32,106.0,78.0,2005.0,2.0,4.0,10016.0,L007,17.0,5000.0,1.0,2B,2 AVENUE,,C1-9,,,,,,,,,,False,V9,11,0,,S & M ENTERPRISES,2247,0,,,,,,,,,7,0,,0,0,6.75,333.0,0,0,,0,True,8,5,25200,25200,0,0,0,0,,,0.0,10.0,2.0,10.0,1,1009170032,,78.0,990963.0,211361.0,40.7468111,-73.9757729,8d,,104 022,10308.0,,1009170034.0,12/20/1986,1,24v3,6.0,13.0,,,,,,,,,,,,,,1007800.0,10078002003.0
MN,632,1,102.0,75.0,1000.0,2.0,3.0,10014.0,L005,6.0,6400.0,1.0,2K,685 WASHINGTON STREET,,C1-6A,,,,,,,,,,False,V1,11,0,,"WASHINGTON 685,",2217,0,,,,,,,,,7,0,,0,0,51.0,61.17,0,0,,0,True,3,5,627750,627750,0,0,0,0,,,0.0,4.0,2.0,4.0,1,1006320001,,75.0,981959.0,206786.0,40.7342561,-74.0082666,12a,,103 011,10210.0,,,,1,24v3,2.0,15.0,,,,,,,,,,,,,,1007500.0,10075001000.0
MN,735,35,104.0,111.0,3000.0,2.0,3.0,10018.0,L021,10.0,5500.0,1.0,2A,9 AVENUE,,C1-7A,,,,,,HY,,,,False,V1,11,0,,ZDJ HUDSON YARDS LLC,7922,0,,,,,,,,,7,1,,0,0,74.08,93.83,0,0,,0,True,0,5,2253150,2253150,0,0,2023,0,,,0.0,6.02,2.0,6.5,1,1007350035,,111.0,985658.0,214660.0,40.7558685,-73.9949179,8d,,105S030,10302.0,E-137,1007350030.0,02/12/2024,1,24v3,4.0,15.0,,,,,,,,,,,,,,1011100.0,10111003000.0
MN,515,14,102.0,49.0,1000.0,2.0,1.0,10012.0,L020,1.0,6800.0,1.0,1A,477 WEST BROADWAY,,M1-5/R7X,,,,,,SNX,,,,False,V1,11,0,,BLDG 03 LLC,925,0,,,,,,,,,7,0,,0,0,18.5,50.0,0,0,,0,False,5,5,236250,236250,0,0,0,0,,,0.0,5.0,5.0,5.0,1,1005150014,,49.0,984283.0,204019.0,40.7266617,-73.9998809,12c,,101N071,10206.0,,,,1,24v3,2.0,15.0,,,,,,,,,,,,,,1004900.0,10049001000.0
MN,709,14,104.0,99.0,1004.0,2.0,3.0,10018.0,E034,10.0,5500.0,1.0,2A,545 WEST 37 STREET,,C6-4,,,,,,HY,,,,False,V1,11,0,,PANORAMIC HUDSON LLC,17281,0,,,,,,,,,7,0,,0,0,75.0,98.75,0,0,,0,False,5,5,6558300,6558300,0,0,0,0,,,0.0,10.0,10.0,10.0,1,1007090014,,99.0,984404.0,215299.0,40.7576225,-73.9994441,8d,,105S028,10302.0,E-137,1007090014.0,09/09/2016,1,24v3,4.0,15.0,,,,,,,,,,,,,,1009903.0,10099032013.0
MN,641,1,102.0,79.0,2000.0,2.0,3.0,10014.0,L005,6.0,6100.0,1.0,3B,489 WEST STREET,,C1-7A,,,,,,,,,,False,V1,11,0,,489 WEST STREET PARTNERS LLC,1826,0,,,,,,,,,7,1,,0,0,22.58,80.0,0,0,,0,False,3,5,591300,591300,0,0,0,0,,,0.0,6.02,2.0,6.5,1,1006410001,,79.0,981626.0,208029.0,40.7376678,-74.0094687,12a,,103 014,10210.0,,,,1,24v3,2.0,15.0,1.0,1.0,,,,,,,,,,,,1007900.0,10079002000.0
MN,407,39,103.0,34.0,1000.0,1.0,2.0,10009.0,L011,9.0,6200.0,1.0,4A,543 EAST 13 STREET,,C1-6A,,,,,,,,,,False,V1,11,0,,DORA COLLAZO PLAZA IMITED PARTNERSHIP,2581,0,,,,,,,,,7,0,,0,0,25.0,103.25,0,0,,0,False,5,5,678150,678150,0,0,0,0,,,0.0,4.0,2.0,4.0,1,1004070039,,34.0,990117.0,204915.0,40.729119,-73.9788317,12c,,102 029,10203.0,,,,1,24v3,3.0,14.0,,,,,,,,,,,,,,1003400.0,10034001000.0
MN,1262,30,105.0,96.0,1003.0,2.0,4.0,10036.0,L004,18.0,4800.0,1.0,2B,11 WEST 46 STREET,,C6-4.5,,,,,,MiD,,,,False,V1,11,0,,46/47 OWNER LLC,2151,0,,,,,,,,,7,0,,0,0,21.42,100.42,0,0,,0,False,5,5,1195650,1195650,0,0,0,0,,,0.0,10.0,12.0,10.0,1,1012620030,,96.0,989883.0,214908.0,40.7565475,-73.9796676,8d,,104 045,10501.0,,,,1,24v3,5.0,13.0,,,,,,,,,,,,,,1009600.0,10096002002.0
MN,1262,130,105.0,96.0,1003.0,2.0,4.0,10036.0,L004,18.0,4800.0,1.0,2B,9 WEST 46 STREET,,C6-4.5,,,,,,MiD,,,,False,V1,11,0,,9 WEST 46TH OWNER LLC,2151,0,,,,,,,,,7,0,,0,0,21.42,100.42,0,0,,0,False,5,5,1195650,1195650,0,0,0,0,,,0.0,10.0,12.0,10.0,1,1012620130,,96.0,989902.0,214897.0,40.7565173,-73.979599,8d,,100 000,10501.0,,,,1,24v3,5.0,13.0,,,,,,,,,,,,,,1009600.0,10096002002.0
MN,1262,45,105.0,96.0,1003.0,2.0,4.0,10036.0,L004,18.0,4800.0,1.0,2B,10 WEST 47 STREET,,C6-4.5,,,,,,MiD,,,,False,V1,11,0,,46/47 OWNER LLC,6451,0,,,,,,,,,7,0,,0,0,64.25,100.42,0,0,,0,False,5,5,6412500,6412500,0,0,2020,0,,,0.0,10.0,12.0,10.0,1,1012620045,,96.0,989913.0,215008.0,40.7568219,-73.9795592,8d,,104 045,10501.0,,,,1,24v3,5.0,13.0,,,,,,,,,,,,,,1009600.0,10096002002.0
MN,92,10,101.0,15.01,1007.0,2.0,1.0,10038.0,E006,1.0,7700.0,1.0,1B,57 ANN STREET,,C6-4,,,,,,LM,,,,False,V1,11,0,,57 ANN ST RLTY ASSOCS,10925,0,,,,,,,,,7,0,,0,0,53.42,115.5,0,0,,0,True,5,5,1134450,1134450,0,0,0,0,,,0.0,10.0,10.0,10.0,1,1000920010,,1501.0,982469.0,198098.0,40.7104098,-74.0064241,12b,,101S021,10103.0,,,,1,24v3,1.0,15.0,,,,,,,,,,,,,,1001501.0,10015011011.0
MN,30,4,101.0,9.0,1012.0,2.0,1.0,10004.0,L015,1.0,7700.0,1.0,1B,78 PEARL STREET,,C5-5,,,,,,LM,,,,False,V1,11,0,,SHAA ASSOCIATES LLC,2291,0,,,,,,,,,7,1,,0,0,29.5,77.67,0,0,,0,False,5,5,2676150,2676150,0,0,0,0,,,0.0,10.0,15.0,15.0,1,1000300004,,9.0,981405.0,195674.0,40.7037562,-74.0102609,12b,,101S002,10101.0,,,,1,24v3,1.0,15.0,1.0,1.0,,,,,,,,,,,,1000900.0,10009001013.0
MN,25,7,101.0,9.0,1000.0,2.0,1.0,10004.0,L015,1.0,7700.0,1.0,1B,43 BROAD STREET,,C5-5,,,,,,LM,,,,False,V1,11,0,,MADISON 45 BROAD DEVELOPMENT LLC,13202,0,,,,,,,,,7,0,,0,0,63.44,128.12,0,0,,0,True,5,5,15075000,15075000,0,2012,0,0,,,0.0,10.0,15.0,15.0,1,1000250007,,9.0,981208.0,196324.0,40.7055402,-74.0109717,12b,,101S005,10101.0,,1000250007.0,04/25/2013,1,24v3,1.0,15.0,,1.0,,,,,,,,,,,,1000900.0,10009001001.0
MN,751,20,104.0,97.0,1002.0,2.0,3.0,10001.0,L024,10.0,5500.0,1.0,2A,341 8TH AVENUE,,C4-5,,,,,,,,,,False,V1,11,0,,MUTUAL REDEVELOPMENT HOUSES INC,40261,0,,,,,,,,,7,0,,0,0,163.0,247.0,0,0,,0,False,0,5,690300,690300,0,0,0,0,,,0.0,3.44,3.4,6.5,1,1007510020,,97.0,984966.0,211686.0,40.7477057,-73.9974159,8d,,1,1.0,,1007510001.0,10/18/2022,1,24v3,4.0,15.0,,,,,,,,,,,,,,1009700.0,10097001002.0
MN,774,173,104.0,91.0,2002.0,2.0,3.0,10001.0,E001,10.0,5200.0,1.0,2A,WEST 25 STREET,,R8A,,,,,,,,,,False,V1,11,0,,"CHABAD YOUNG PROFESSIONALS, INC.",161,0,,,,,,,,,7,0,,0,0,15.0,10.75,0,0,,0,False,6,5,900,900,0,0,0,0,,,0.0,6.02,0.0,6.5,1,1007740173,,91.0,985111.0,211022.0,40.7458831,-73.9968927,8d,,105S009,10304.0,,,,1,24v3,4.0,15.0,,,,,,,,,,,,,,1009100.0,10091001000.0
MN,171,5,101.0,31.0,1009.0,2.0,1.0,10013.0,L001,5.0,7700.0,1.0,3B,358 BROADWAY,,C6-4A,,,,,,,,,,False,V1,11,0,,FRANKLIN BROADWAY HOLDINGS LLC,9555,48180,20880.0,27300.0,8595.0,12285.0,0.0,0.0,0.0,0.0,2,0,,12,20,28.0,175.0,0,0,N,0,True,5,2,603000,603000,0,1900,0,0,,,5.04,10.0,10.0,10.0,1,1001710005,,31.0,983366.0,200513.0,40.7170385,-74.0031889,12a,,101S034,10105.0,,,,1,24v3,1.0,15.0,,,,,,,,,,,,,,1003100.0,10031001008.0
MN,98,1,101.0,15.01,3011.0,2.0,1.0,10038.0,E006,1.0,7700.0,1.0,1B,304 PEARL STREET,,C6-2A,,,,,,LM,,,,False,V1,11,0,,"250 SEAPORT DISTRICT, LLC",47880,0,,,,,,,,,7,0,,0,0,333.0,190.42,0,0,,0,True,1,5,8274150,8274150,0,0,0,0,,,0.0,6.02,6.0,6.5,1,1000980001,,1501.0,983507.0,197296.0,40.7082086,-74.0026799,12b,,101S023,10103.0,E-621,,,1,24v3,1.0,15.0,1.0,1.0,,,,,,,,,,,,1001501.0,10015013005.0
MN,95,35,101.0,15.01,3017.0,2.0,1.0,10038.0,E006,1.0,7700.0,1.0,1B,50-58 CLIFF STREET,,C6-4,,,,,,LM,,,,False,V1,11,0,,SMH DEVELOPMENT LLC,6172,0,,,,,,,,,7,0,,0,0,82.13,77.25,0,0,,0,True,3,5,1205100,1205100,0,0,0,0,,,0.0,10.0,10.0,10.0,1,1000950035,,1501.0,983132.0,197409.0,40.7085187,-74.0040325,12b,,1,1.0,,1000950027.0,04/26/2022,1,24v3,1.0,15.0,,,,,,,,,,,,,,1001501.0,10015013016.0
MN,377,71,103.0,26.02,1001.0,1.0,2.0,10009.0,L011,9.0,6700.0,1.0,4A,EAST 7 STREET,,R7A,,,,C1-5,,,,,,False,V1,11,0,,7C GARDEN CORP,882,0,,,,,,,,,7,0,,0,0,17.75,48.75,0,0,,0,True,5,5,246150,246150,0,0,0,0,,,0.0,4.0,0.0,4.0,1,1003770071,,2602.0,990208.0,203085.0,40.7240961,-73.978505,12c,,102 023,10202.0,,,,1,24v3,3.0,14.0,,1.0,,,,,,,,,,,,1002602.0,10026021001.0
MN,73,28,103.0,25.0,1.0,,1.0,10002.0,,,,,,MARGINAL STREET,,C2-8,C4-6,,,,,LM,,,,True,V1,11,0,C,NYC DEPARTMENT OF SMALL BUSINESS SERVICES,9650,0,,,,,,,,,7,0,,0,0,183.5,52.75,0,0,,0,False,5,5,2366100,2366100,2366100,0,0,0,,,0.0,10.0,2.0,10.0,1,1000730028,,25.0,984495.0,197214.0,40.7079836,-73.9991163,12d,,101N104,10102.0,,,,1,24v3,,,1.0,1.0,,,,,,,,,,t,,1002500.0,10025000001.0
MN,226,21,102.0,37.0,1016.0,2.0,1.0,10013.0,L008,1.0,6800.0,1.0,1B,CANAL STREET,,M1-6,,,,,,HSQ,,,,False,V1,11,0,,NEW REMAINDERMAN 1 HUDSON SQUARE LLC,861,0,,,,,,,,,7,0,,0,0,23.17,71.08,0,0,,0,True,5,5,162000,162000,0,0,0,0,,,0.0,0.0,10.0,10.0,1,1002260021,,37.0,982172.0,202930.0,40.7236724,-74.0074969,12a,,101N042,10105.0,,,,1,24v3,2.0,15.0,1.0,1.0,,,,,,,,,,,,1003700.0,10037001017.0
MN,637,21,102.0,75.0,1001.0,2.0,3.0,10014.0,L005,6.0,6400.0,1.0,2K,156 PERRY STREET,,R6A,C1-6A,,,C1-5,,,,,,True,V1,11,0,,156 PERRY STREET PARTNERS LLC,6426,0,,,,,,,,,7,0,,0,0,20.0,79.67,0,0,,0,True,5,5,4421700,4421700,0,0,0,0,,,0.0,3.0,0.0,3.0,1,1006370021,,75.0,981752.0,206886.0,40.7345305,-74.0090136,12a,,103 011,10210.0,,1006370021.0,07/28/2017,1,24v3,2.0,15.0,,,,,,,,,,,,,,1007500.0,10075001001.0
MN,1483,121,108.0,124.0,7002.0,2.0,5.0,10021.0,L016,19.0,4300.0,1.0,2B,FDR DRIVE,,R9,,,,,,,,,,False,V1,11,0,,NY SOCIETY FOR THE RELIEF OF THE RUPTURE D & CRIPPL,57,0,,,,,,,,,7,0,,0,0,15.93,3.58,0,0,,0,False,0,5,4500,4500,0,0,0,0,,,0.0,7.52,0.0,10.0,1,1014830121,,124.0,997629.0,218103.0,40.7653086,-73.951702,9a,,1,1.0,,,,1,24v3,8.0,13.0,1.0,1.0,,,,,,,,,,,,1012400.0,10124007002.0
MN,1480,113,108.0,116.0,1000.0,2.0,5.0,10065.0,L016,19.0,4400.0,1.0,1B,F D R DRIVE,,R9,,,,,,,,,,False,V1,11,0,X,THE ROCKEFELLER UNIVERSITY,56,0,,,,,,,,,7,0,,0,0,3.5,17.0,0,0,,0,False,8,5,1350,1350,1350,0,0,0,,,0.0,7.52,0.0,10.0,1,1014800113,,116.0,997018.0,217211.0,40.7628612,-73.9539094,9a,,106E068,10512.0,,,,1,24v3,8.0,13.0,1.0,1.0,,,,,,,,,,,,1011600.0,10116001009.0
MN,1480,114,108.0,116.0,1000.0,2.0,5.0,10065.0,L016,19.0,4400.0,1.0,1B,F D R DRIVE,,R9,,,,,,,,,,False,V1,11,0,X,THE ROCKEFELLER UNIVERSITY,56,0,,,,,,,,,7,0,,0,0,3.5,17.0,0,0,,0,False,8,5,1350,1350,1350,0,0,0,,,0.0,7.52,0.0,10.0,1,1014800114,,116.0,996964.0,217132.0,40.7626444,-73.9541044,9a,,106E068,10512.0,,,,1,24v3,8.0,13.0,1.0,1.0,,,,,,,,,,,,1011600.0,10116001009.0
MN,1483,123,108.0,124.0,7002.0,2.0,5.0,10021.0,L016,19.0,4300.0,1.0,2B,FDR DRIVE,,R9,,,,,,,,,,False,V1,11,0,,NY SOCIETY FOR THE RELIEF OF THE RUPTURE D & CRIPPL,47,0,,,,,,,,,7,0,,0,0,13.01,3.58,0,0,,0,False,0,5,4050,4050,0,0,0,0,,,0.0,7.52,0.0,10.0,1,1014830123,,124.0,997656.0,218143.0,40.7654184,-73.9516044,9a,,1,1.0,,,,1,24v3,8.0,13.0,1.0,1.0,,,,,,,,,,,,1012400.0,10124007002.0
MN,1483,111,108.0,124.0,7001.0,2.0,5.0,10021.0,L016,19.0,4300.0,1.0,2B,FDR DRIVE,,R9,,,,,,,,,,False,V1,11,0,,NY SOCIETY FOR THE RELIEF OF THE RUPTURE D & CRIPPL,13,0,,,,,,,,,7,0,,0,0,5.5,2.5,0,0,,0,True,0,5,1170,1170,0,0,0,0,,,0.0,7.52,0.0,10.0,1,1014830111,,124.0,997563.0,218187.0,40.7655393,-73.9519401,9a,,1,1.0,,,,1,24v3,8.0,13.0,1.0,1.0,,,,,,,,,,,,1012400.0,10124007001.0
MN,1480,119,108.0,116.0,1000.0,2.0,5.0,10065.0,L016,19.0,4400.0,1.0,1B,F D R DRIVE,,R9,,,,,,,,,,False,V1,11,0,X,THE ROCKEFELLER UNIVERSITY,56,0,,,,,,,,,7,0,,0,0,3.5,17.0,0,0,,0,False,8,5,1350,1350,1350,0,0,0,,,0.0,7.52,0.0,10.0,1,1014800119,,116.0,996643.0,216745.0,40.7615827,-73.9552639,9a,,106E068,10512.0,,,,1,24v3,8.0,13.0,1.0,1.0,,,,,,,,,,,,1011600.0,10116001009.0
MN,1483,110,108.0,124.0,7001.0,2.0,5.0,10021.0,L016,19.0,4300.0,1.0,2B,FDR DRIVE,,R9,,,,,,,,,,False,V1,11,0,,NY SOCIETY FOR THE RELIEF OF THE RUPTURE D & CRIPPL,10,0,,,,,,,,,7,0,,0,0,3.51,2.94,0,0,,0,True,0,5,1170,1170,0,0,0,0,,,0.0,7.52,0.0,10.0,1,1014830110,,124.0,997579.0,218208.0,40.7655969,-73.9518823,9a,,1,1.0,,,,1,24v3,8.0,13.0,1.0,1.0,,,,,,,,,,,,1012400.0,10124007001.0
MN,1483,112,108.0,124.0,7001.0,2.0,5.0,10021.0,L016,19.0,4300.0,1.0,2B,FDR DRIVE,,R9,,,,,,,,,,False,V1,11,0,,NY SOCIETY FOR THE RELIEF OF THE RUPTURE D & CRIPPL,13,0,,,,,,,,,7,0,,0,0,5.5,2.5,0,0,,0,True,0,5,1170,1170,0,0,0,0,,,0.0,7.52,0.0,10.0,1,1014830112,,124.0,997549.0,218165.0,40.7654789,-73.9519906,9a,,1,1.0,,,,1,24v3,8.0,13.0,1.0,1.0,,,,,,,,,,,,1012400.0,10124007001.0
MN,479,50,102.0,41.0,1002.0,2.0,1.0,10012.0,L006,5.0,6800.0,1.0,1A,BROOME STREET,,C6-2G,,,,,,LI,,,,False,V1,11,0,C,NYC DEPARTMENT OF CITYWIDE ADMINISTRATIVE SERVICES,55,0,,,,,,,,,7,0,,0,0,0.5,103.0,0,0,,0,True,8,5,450,450,450,0,0,0,,,0.0,6.02,6.0,6.5,1,1004790050,,41.0,985541.0,201647.0,40.720151,-73.9953427,12c,,101N074,10206.0,,,,1,24v3,2.0,15.0,,,,,,,,,,,,t,,1004100.0,10041001005.0
MN,923,35,106.0,48.0,6001.0,2.0,2.0,10003.0,E005,13.0,5900.0,1.0,1A,305 FIRST AVENUE,,C1-8A,,,,,,,,,,False,V1,11,0,,305 FIRST AVE OWNER LLC,7360,0,,,,,,,,,7,0,,0,0,92.0,80.0,0,0,,0,False,3,5,2283300,2283300,0,0,0,0,,,0.0,7.52,2.0,7.5,1,1009230035,,48.0,989470.0,206616.0,40.7337883,-73.9811648,12c,,102 037,10309.0,,1009230035.0,11/20/2020,1,24v3,6.0,14.0,,,,,,,,,,,,,,1004800.0,10048006001.0
MN,124,9,101.0,21.0,1007.0,2.0,1.0,10007.0,L010,1.0,7700.0,1.0,1A,21 PARK PLACE,,C6-4,,,,,,LM,,,,False,V1,11,0,,"21 PARK PLACE, NY L.P.",1917,0,,,,,,,,,7,0,,0,0,25.33,76.0,0,0,,0,True,5,5,1311750,1311750,0,0,0,0,,,0.0,10.0,10.0,10.0,1,1001240009,,21.0,981861.0,199123.0,40.713223,-74.0086175,12b,,101S018,10104.0,,,,1,24v3,1.0,15.0,,,,,,,,,,,,,,1002100.0,10021002001.0
MN,79,6,101.0,15.02,1000.0,2.0,1.0,10038.0,E006,1.0,7700.0,1.0,1B,75 NASSAU STREET,,C5-5,,,,,,LM,,,,False,V1,11,0,,"LEXIN NASSAU PARTNERS, LLC",5240,0,,,,,,,,,7,0,,0,0,51.67,105.95,0,0,,0,True,5,5,2790450,2790450,0,0,0,0,,,0.0,10.0,15.0,15.0,1,1000790006,,1502.0,981923.0,197902.0,40.7098717,-74.0083935,12b,,101S011,10102.0,,,,1,24v3,1.0,15.0,,,,,,,,,,,,,,1001502.0,10015021000.0
MN,79,4,101.0,15.02,1000.0,2.0,1.0,10038.0,E006,1.0,7700.0,1.0,1B,79 NASSAU STREET,,C5-5,,,,,,LM,,,,False,V1,11,0,,"LEXIN NASSAU PARTNERS, LLC",5320,0,,,,,,,,,7,0,,0,0,51.25,105.95,0,0,,0,True,5,5,2747700,2747700,0,0,0,0,,,0.0,10.0,15.0,15.0,1,1000790004,,1502.0,981951.0,197943.0,40.7099842,-74.0082925,12b,,101S011,10102.0,,,,1,24v3,1.0,15.0,,,,,,,,,,,,,,1001502.0,10015021000.0
MN,79,3,101.0,15.02,1000.0,2.0,1.0,10038.0,E006,1.0,7700.0,1.0,1B,83 NASSAU STREET,,C5-5,,,,,,LM,,,,False,V1,11,0,,"LEXIN NASSAU PARTNERS, LLC",2625,0,,,,,,,,,7,0,,0,0,25.0,109.73,0,0,,0,True,5,5,3388500,3388500,0,0,0,0,,,0.0,10.0,15.0,15.0,1,1000790003,,1502.0,981972.0,197974.0,40.7100693,-74.0082167,12b,,101S011,10102.0,,,,1,24v3,1.0,15.0,,,,,,,,,,,,,,1001502.0,10015021000.0
MN,79,27,101.0,15.02,1000.0,2.0,1.0,10038.0,E006,1.0,7700.0,1.0,1B,140 FULTON STREET,,C5-5,,,,,,LM,,,,False,V1,11,0,,140 FULTON ASSOCIATES LLC,5612,0,,,,,,,,,7,0,,0,0,25.17,108.0,0,0,,0,True,5,5,4156650,4156650,0,0,0,0,,,0.0,10.0,15.0,15.0,1,1000790027,,1502.0,981903.0,198066.0,40.7103218,-74.0084657,12b,,101S011,10102.0,,1000790026.0,02/24/2020,1,24v3,1.0,15.0,,,,,,,,,,,,,,1001502.0,10015021000.0
MN,830,69,105.0,76.0,2003.0,2.0,3.0,10001.0,E001,13.0,5200.0,1.0,1A,36 WEST 29 STREET,,M1-6,,,,,,,,,,False,V1,11,0,,40 WEST 29 LLC,6419,0,,,,,,,,,7,0,,0,0,65.0,98.75,0,0,,0,False,5,5,1878300,1878300,0,0,0,0,,,0.0,0.0,10.0,10.0,1,1008300069,,76.0,987199.0,211106.0,40.7461133,-73.9893572,8d,,104 015,10306.0,,,,1,24v3,5.0,15.0,,,,,,,,,,,,,,1007600.0,10076002003.0
MN,64,106,101.0,15.02,1008.0,2.0,1.0,10038.0,E004,1.0,7700.0,1.0,1B,LIBERTY PLACE,,C5-5,,,,,,LM,,,,False,V1,11,0,C,NYC TRANSIT AUTHORITY,66,0,,,,,,,,,7,0,,0,0,3.5,19.27,0,0,,0,True,8,5,1350,1350,1350,0,0,0,,,0.0,10.0,15.0,15.0,1,1000640106,,1502.0,981668.0,197590.0,40.7090152,-74.0093131,12b,,101S011,10102.0,,,,1,24v3,1.0,15.0,,,,,,,,,,,,t,,1001502.0,10015021004.0
MN,64,21,101.0,15.02,1009.0,2.0,1.0,10038.0,E004,1.0,7700.0,1.0,1B,10 MAIDEN LANE,,C5-5,,,,,,LM,,,,False,V1,11,0,,"10-12 MLANE, LLC",3241,0,,,,,,,,,7,1,,0,0,45.42,88.0,0,0,,0,True,5,5,1498950,1498950,0,0,0,0,,,0.0,10.0,15.0,15.0,1,1000640021,,1502.0,981622.0,197709.0,40.7093419,-74.0094791,12b,,101S011,10102.0,,,,1,24v3,1.0,15.0,,,,,,,,,,,,,,1001502.0,10015021002.0
MN,528,186,102.0,67.0,2002.0,2.0,3.0,10014.0,E024,6.0,6400.0,1.0,1B,49 DOWNING STREET,,R6,,,,,,,,,,False,V1,11,0,,UNAVAILABLE OWNER,40,0,,,,,,,,,7,0,,0,0,8.8,10.0,0,0,,0,True,8,5,1170,1170,0,0,0,0,,,0.0,2.43,0.0,4.8,1,1005280186,,67.0,983060.0,204946.0,40.729206,-74.0042936,12a,,103 003,10206.0,,1005280086.0,01/02/2001,1,24v3,2.0,15.0,,,,,,,,,,,,,,1006700.0,10067002002.0
MN,171,7,101.0,31.0,1009.0,2.0,1.0,10013.0,L001,5.0,7700.0,1.0,3B,360 BROADWAY,,C6-4A,,,,,,,,,,False,V1,11,0,,65 FRANKLIN LLC,6443,0,,,,,,,,,7,1,,0,0,56.0,115.08,0,0,,0,True,3,5,3432600,3432600,0,0,2019,0,,,0.0,10.0,10.0,10.0,1,1001710007,,31.0,983323.0,200567.0,40.7171867,-74.003344,12a,,101S034,10105.0,,,,1,24v3,1.0,15.0,,,,,,,,,,,,,,1003100.0,10031001008.0
MN,174,135,101.0,33.0,1005.0,2.0,1.0,10013.0,L001,1.0,7700.0,1.0,3B,BROADWAY,,C6-2A,,,,,,,,,,False,V1,11,0,,353-357 BROADWAY LLC,161,0,,,,,,,,,7,0,,0,0,3.0,66.0,0,0,,0,True,6,5,450,450,0,0,0,0,,,0.0,6.02,6.0,6.5,1,1001740135,,33.0,983009.0,200664.0,40.7174529,-74.0044768,12a,,101S033,10105.0,,1001740034.0,11/19/2015,1,24v3,1.0,15.0,,,,,,,,,,,,,,1003300.0,10033004005.0
MN,996,49,105.0,119.0,1004.0,2.0,4.0,10036.0,E026,14.0,5200.0,1.0,2A,136 WEST 44 STREET,,C6-5.5,,,,,,MiD,,,,False,V1,11,0,,136 W44TH ST MIRROR LLC,3515,0,,,,,,,,,7,0,,0,0,35.0,100.42,0,0,,0,False,5,5,1892250,1892250,0,0,0,0,,,0.0,10.0,12.0,12.0,1,1009960049,,119.0,988472.0,214914.0,40.7565647,-73.9847606,8d,,105N048,10401.0,,,,1,24v3,5.0,15.0,,,,,,,,,,,,,,1011900.0,10119001003.0
MN,1262,39,105.0,96.0,1003.0,2.0,4.0,10036.0,L004,18.0,4800.0,1.0,2B,574 5 AVENUE,,C5-3,,,,,,MiD,,,,False,V1,11,0,,46/47 OWNER LLC,2500,0,,,,,,,,,7,0,,0,0,25.0,100.0,0,0,,0,False,5,5,1736550,1736550,0,0,0,0,,,0.0,10.0,15.0,15.0,1,1012620039,,96.0,990056.0,214914.0,40.7565638,-73.9790432,8d,,104 045,10501.0,,,,1,24v3,5.0,13.0,,,,,,,,,,,,,,1009600.0,10096002002.0
MN,1262,42,105.0,96.0,1003.0,2.0,4.0,10036.0,L004,18.0,4800.0,1.0,2B,2 WEST 47 STREET,,C5-3,C6-4.5,,,,,MiD,,,,True,V1,11,0,,"46/47 OWNER LLC, A DELAWARE LLC",8610,0,,,,,,,,,7,0,,0,0,85.75,100.42,0,0,,0,False,5,5,4598100,4598100,0,0,2020,0,,,0.0,10.0,15.0,15.0,1,1012620042,,96.0,989979.0,214971.0,40.7567203,-73.979321,8d,,104 045,10501.0,,,,1,24v3,5.0,13.0,,,,,,,,,,,,,,1009600.0,10096002002.0
MN,800,9,104.0,91.0,1002.0,2.0,3.0,10011.0,E001,13.0,5200.0,1.0,2A,157 WEST 24 STREET,,M1-6,,,,,,,,,,False,V1,11,0,,157 WEST 24TH STREET LODGING LLC,2057,0,,,,,,,,,7,1,,0,0,20.83,98.75,0,0,,0,False,5,5,1032300,1032300,0,0,0,0,,,0.0,0.0,10.0,10.0,1,1008000009,,91.0,985787.0,210594.0,40.7447083,-73.9944532,8d,,105S011,10305.0,,,,1,24v3,4.0,15.0,,,,,,,,,,,,,,1009100.0,10091005002.0
MN,1260,4,105.0,96.0,1005.0,2.0,4.0,10036.0,E065,14.0,4800.0,1.0,2B,1150 AVENUE OF THE AMERICAS,,C6-6,,,,,,MiD,,,,False,V1,11,0,,MONEAL 1150 OWNER LLC,7375,49552,,,,,,,,,2,1,,0,0,60.42,125.0,0,0,,0,True,5,5,5126400,5126400,0,914,0,0,,,6.72,10.0,15.0,15.0,1,1012600004,,96.0,989076.0,214825.0,40.7563201,-73.9825805,8d,,104 040,10501.0,,,,1,24v3,5.0,13.0,,,,,,,,,,,,,,1009600.0,10096001001.0
MN,1260,45,105.0,96.0,1005.0,2.0,4.0,10036.0,E065,14.0,4800.0,1.0,2B,8 WEST 45TH STREET,,C6-4.5,,,,,,MiD,,,,False,V1,11,0,,8-16 WEST 45TH STREET LLC,9239,0,,,,,,,,,7,0,,0,0,92.0,100.42,0,0,,0,False,5,5,1877850,1877850,0,0,2021,0,,,0.0,10.0,12.0,10.0,1,1012600045,,96.0,989659.0,214554.0,40.755576,-73.9804764,8d,,104 040,10501.0,,1012600045.0,07/06/2023,1,24v3,5.0,13.0,,,,,,,,,,,,,,1009600.0,10096001001.0
MN,1676,48,111.0,170.0,3001.0,4.0,8.0,10029.0,L043,23.0,2600.0,1.0,1B,304 EAST 105 STREET,,R7A,,,,,,,,,,False,V1,11,0,,304 E 105 ST LLC,2523,0,,,,,,,,,7,0,,0,0,25.0,100.92,0,0,,0,False,5,5,234450,234450,0,0,0,0,,,0.0,4.0,0.0,4.0,1,1016760048,,170.0,1000157.0,226933.0,40.7895404,-73.942555,6b,,108N058,10605.0,,,,1,24v3,11.0,12.0,1.0,1.0,,,,,,,,,,,,1017000.0,10170003001.0
MN,1675,9,111.0,164.0,1000.0,4.0,8.0,10029.0,L043,23.0,2600.0,1.0,1B,311 EAST 103 STREET,,R7A,,,,,,,,,,False,V1,11,0,X,EXODUS SCHOOL,2523,0,,,,,,,,,7,1,,0,0,25.0,100.92,0,0,,0,False,5,5,234450,234450,234450,0,0,0,,,0.0,4.0,0.0,4.0,1,1016750009,,164.0,1000069.0,226564.0,40.7885278,-73.9428737,6b,,108N054,10605.0,,,,1,24v3,11.0,12.0,1.0,1.0,,,,,,,,,,,,1016400.0,10164001000.0
MN,1622,35,111.0,184.0,1004.0,5.0,9.0,10035.0,L026,25.0,2000.0,1.0,2A,1644 PARK AVENUE,,R9,,,,C2-5,,EHC,,,,False,V1,11,0,,SPANISH CHRISTIAN CHURCH,2273,0,,,,,,,,,7,1,,0,0,25.25,90.0,0,0,,0,False,5,5,362250,362250,0,0,0,0,,,0.0,7.52,0.0,10.0,1,1016220035,,184.0,999921.0,230645.0,40.7997293,-73.9433986,6b,,108N071,10603.0,E-422,,,1,24v3,11.0,12.0,,,,,,,,,,,,,,1018400.0,10184005002.0
MN,1635,49,111.0,172.0,4000.0,4.0,8.0,10029.0,E091,23.0,2500.0,1.0,1A,152 EAST 108 STREET,,R7D,,,,C1-5,,EHC,,,,False,V1,11,0,,"152-156 REALTY ASSOCIATES,",1430,0,,,,,,,,,7,0,,0,0,22.75,73.5,0,0,,0,True,5,5,170550,170550,0,0,0,0,,,0.0,4.2,0.0,4.2,1,1016350049,,172.0,999458.0,228284.0,40.7932498,-73.9450763,6b,,108N052,10603.0,E-422,1016350049.0,12/10/2003,1,24v3,11.0,12.0,1.0,1.0,,,,,,,,,,,,1017200.0,10172004000.0
MN,1635,150,111.0,172.0,4000.0,4.0,8.0,10029.0,E091,23.0,2500.0,1.0,1A,1731 LEXINGTON AVENUE,,R7D,,,,C1-5,,EHC,,,,False,V1,11,0,,108 LEXINGTON OPERATING LLC,1083,0,,,,,,,,,7,1,,0,0,16.67,65.0,0,0,,0,False,5,5,105300,105300,0,0,0,0,,,0.0,4.2,0.0,4.2,1,1016350150,,172.0,999422.0,228312.0,40.7933267,-73.9452062,6b,,108N052,10603.0,E-422,,,1,24v3,11.0,12.0,1.0,1.0,,,,,,,,,,,,1017200.0,10172004000.0
MN,1682,3,111.0,180.0,2001.0,4.0,8.0,10029.0,E091,23.0,2100.0,1.0,2B,2150 2 AVENUE,,R9A,,,,C2-5,,EHC,TA,,,True,V1,11,0,,HARLEM VISTA LLC,2500,0,,,,,,,,,7,0,,0,0,25.0,100.0,0,0,,0,False,5,5,491400,491400,0,0,0,0,,,0.0,7.52,0.0,7.5,1,1016820003,,180.0,1000839.0,228296.0,40.7932803,-73.9400887,6b,,108N066,10605.0,E-422,,,1,24v3,11.0,12.0,,,,,,,,,,,,,,1018000.0,10180001001.0
MN,1631,32,111.0,166.0,1001.0,4.0,8.0,10029.0,E053,23.0,2810.0,1.0,1A,167 EAST 103 STREET,,R7B,,,,,,,,,,False,V1,11,0,,PEOPLES BAPTIST CHRCH IN,2523,0,,,,,,,,,7,0,,0,0,25.0,100.92,0,0,,0,False,5,5,194400,194400,0,0,0,0,,,0.0,3.0,0.0,3.0,1,1016310032,,166.0,999075.0,227115.0,40.7900419,-73.946462,6b,,108N051,10603.0,,,,1,24v3,11.0,12.0,1.0,1.0,,,,,,,,,,,,1016600.0,10166001001.0
MN,1655,121,111.0,170.0,2000.0,4.0,8.0,10029.0,E091,23.0,2600.0,1.0,1B,2 AVENUE,,R9A,,,,C2-5,,EHC,TA,,,True,V1,11,0,,KAMELA PROPERTIES CORP,2354,0,,,,,,,,,7,0,,0,0,24.42,94.0,0,0,,0,True,3,5,53045,53045,0,0,0,0,,,0.0,7.52,0.0,7.5,1,1016550121,,170.0,999990.0,227163.0,40.790172,-73.9431576,6b,,1,1.0,,1016550022.0,08/24/2023,1,24v3,11.0,12.0,1.0,1.0,,,,,,,,,,,,1017000.0,10170002000.0
MN,1655,19,111.0,170.0,2000.0,4.0,8.0,10029.0,E091,23.0,2600.0,1.0,1B,249 EAST 105 STREET,,R7A,,,,,,,,,,False,V1,11,0,,BFC 105TH STREET LLC,1640,0,,,,,,,,,7,0,,0,0,16.25,100.92,0,0,,0,False,5,5,191700,191700,0,0,0,0,,,0.0,4.0,0.0,4.0,1,1016550019,,170.0,999935.0,227237.0,40.7903752,-73.943356,6b,,108N057,10604.0,,,,1,24v3,11.0,12.0,1.0,1.0,,,,,,,,,,,,1017000.0,10170002000.0
MN,1637,22,111.0,172.0,5000.0,4.0,8.0,10029.0,E091,23.0,2500.0,1.0,1A,153 EAST 109 STREET,,R7D,,,,C1-5,,EHC,,,,False,V1,11,0,,CARITAS DEVELOPMENT L,2523,0,,,,,,,,,7,0,,0,0,25.0,100.92,0,0,,0,False,5,5,256500,256500,0,0,0,0,,,0.0,4.2,0.0,4.2,1,1016370022,,172.0,999619.0,228655.0,40.7942678,-73.9444939,6b,,108N063,10603.0,E-422,,,1,24v3,11.0,12.0,,,,,,,,,,,,,,1017200.0,10172005000.0
MN,1674,104,111.0,164.0,1001.0,4.0,8.0,10029.0,L043,23.0,2600.0,1.0,1B,303 EAST 102 STREET,,R8A,,,,C1-5,,,,,,False,V1,11,0,C,NYC HOUSING PRESERVATION AND DEVELOPMENT,1898,0,,,,,,,,,7,1,,0,0,25.0,75.92,0,0,,0,False,5,5,264600,264600,264600,0,0,0,,,0.0,6.02,0.0,6.5,1,1016740104,,164.0,999824.0,226387.0,40.7880424,-73.9437588,6b,,108N054,10605.0,,,,1,24v3,11.0,12.0,1.0,1.0,,,,,,,,,,t,,1016400.0,10164001001.0
MN,1643,33,111.0,182.0,3003.0,4.0,8.0,10029.0,L026,25.0,2000.0,1.0,2A,2102 3 AVENUE,,C4-6,,,,,,EHC,,,,False,V1,11,0,,"STARWOOD GROUP,",3420,0,,,,,,,,,7,0,,0,0,47.67,71.75,0,0,,0,False,3,5,80100,80100,0,0,1985,0,,,0.0,10.0,3.4,10.0,1,1016430033,,182.0,1000673.0,229836.0,40.7975074,-73.9406845,6b,,108N073,10603.0,E-422,,,1,24v3,11.0,12.0,,,,,,,,,,,,,,1018200.0,10182003004.0
MN,1819,100,111.0,240.0,3.0,,8.0,,,,,,,F D R DRIVE,,M3-1,,,,,,,,,,False,V8,11,1,X,OGS BUREAU OF LAND MANAGEMENT,84000,0,,,,,,,,,7,0,,0,0,40.0,2100.0,0,0,,0,True,5,0,5080950,5080950,5080950,0,0,0,,,0.0,0.0,2.0,0.0,1,1018190100,,240.0,1008485.0,227580.0,40.7912974,-73.9124778,6b,True,199 999,10611.0,,,,1,24v3,,,1.0,1.0,,,,,,,,,,,,1024000.0,10240000003.0
MN,1183,134,107.0,159.0,2002.0,3.0,6.0,10023.0,L035,20.0,3900.0,1.0,1B,WEST END AVENUE,,R10A,,,,,,,,,,False,V1,11,0,,"ROMAW, ALAN",100,0,,,,,,,,,7,0,,0,0,1.0,100.0,0,0,,0,True,8,5,1350,1350,0,0,0,0,,,0.0,10.0,0.0,10.0,1,1011830134,,159.0,988434.0,223319.0,40.7796343,-73.9848926,8c,,106W013,10407.0,,,,1,24v3,7.0,15.0,,,,,,,,,,,,,,1015900.0,10159002002.0
MN,1265,40,105.0,104.0,1006.0,2.0,4.0,10020.0,L004,18.0,4800.0,1.0,2B,WEST 49 STREET,,C5-2.5,,,,,,MiD,,,,False,V1,11,0,X,"RCPI LANDMARK PROPERTIES,",12050,0,,,,,,,,,7,0,,0,0,60.0,200.83,0,0,,0,False,5,5,0,0,0,0,0,0,,INDIVIDUAL LANDMARK,0.0,10.0,12.0,12.0,1,1012650040,,104.0,990152.0,215712.0,40.7587541,-73.9786959,8d,,104 046,10501.0,,1012650001.0,12/30/1988,1,24v3,5.0,13.0,,,,,,,,,,,,,,1010400.0,10104001006.0
MN,1162,57,107.0,159.0,7000.0,3.0,6.0,10023.0,L035,20.0,3900.0,1.0,1B,256 WEST 71 STREET,,R8B,,,,,,,,,,False,V1,11,0,C,NYC DEPARTMENT OF PARKS AND RECREATION,1674,0,,,,,,,,,7,0,,0,0,16.67,100.42,0,0,,0,False,5,5,343800,343800,343800,0,0,0,,,0.0,4.0,0.0,4.0,1,1011620057,,159.0,988585.0,222948.0,40.7786159,-73.9843476,8c,,106W014,10407.0,,,,1,24v3,7.0,15.0,,,,,,,,,,,,t,,1015900.0,10159007000.0
MN,1171,128,107.0,155.0,1003.0,3.0,6.0,10069.0,L035,20.0,3900.0,1.0,1B,RIVERSIDE BOULEVARD,,R10,,,,,,,,,,False,V1,11,0,C,NYC DEPARTMENT OF TRANSPORTATION,36798,0,,,,,,,,,7,0,,0,0,323.0,265.0,0,0,,0,True,4,5,450,450,450,0,0,0,,,0.0,10.0,0.0,10.0,1,1011710128,,155.0,987490.0,222861.0,40.7783776,-73.9883013,8c,,16W 006,10407.0,,1011710129.0,04/23/2013,1,24v3,7.0,15.0,,,,,,,,,,,,t,,1015502.0,10155021003.0
MN,676,1,104.0,99.0,1012.0,2.0,3.0,10001.0,E034,10.0,5500.0,1.0,2B,WEST 30 STREET,,C6-4,,,,,,HY,,,,False,V1,11,0,,WRY TENANT LLC,147064,0,,,,,,,,,7,3,,0,0,800.0,196.65,0,0,,0,True,5,5,25475400,25475400,0,0,0,0,,,0.0,10.0,10.0,10.0,1,1006760001,,99.0,982844.0,214035.0,40.754153,-74.0050748,8b,,105S014,10301.0,R-230,,,1,24v3,4.0,15.0,1.0,1.0,,,,,,,,,,,,1009903.0,10099032005.0
MN,676,5,104.0,99.0,1013.0,2.0,3.0,10001.0,E034,10.0,5500.0,1.0,2B,WEST 33 STREET,,C6-4,,,,,,HY,,,,False,V1,11,0,X,MTA - LIRR,424528,0,,,,,,,,,7,2,,0,0,800.0,538.26,0,0,,0,True,5,5,0,0,0,0,0,0,,,0.0,10.0,10.0,10.0,1,1006760005,,99.0,983031.0,214336.0,40.7549792,-74.0043999,8b,,105S014,10301.0,R-230,,,1,24v3,4.0,15.0,1.0,1.0,,,,,,,,,,t,,1009903.0,10099032004.0
MN,728,69,104.0,103.0,1008.0,2.0,3.0,10001.0,L021,10.0,5500.0,1.0,2A,358 10 AVENUE,,C6-4,,,,,,HY,,,,False,V1,11,0,,MCCOURT PARTNERS LLC,25775,0,,,,,,,,,7,0,,0,0,98.75,100.0,0,0,,0,False,3,5,17405100,17405100,0,0,0,0,,,0.0,10.0,10.0,10.0,1,1007280069,,103.0,984177.0,213332.0,40.7522236,-74.0002635,8d,,105S017,10302.0,E-137,1007280067.0,03/18/2008,1,24v3,4.0,15.0,,,,,,,,,,,,,,1010300.0,10103001004.0
MN,1272,69,105.0,112.01,1003.0,2.0,4.0,10019.0,E023,18.0,4800.0,1.0,2B,54 WEST 57 STREET,,C5-3,,,,,,MiD,,,,False,V1,11,0,,5657 REALTY CORP,2513,0,,,,,,,,,7,0,,0,0,25.0,100.42,0,0,,0,False,5,5,1868850,1868850,0,0,0,0,,,0.0,10.0,15.0,15.0,1,1012720069,,11201.0,990682.0,217568.0,40.763848,-73.9767811,8c,,106W034,10502.0,,,,1,24v3,5.0,13.0,,,,,,,,,,,,,,1011201.0,10112011003.0
MN,1272,7,105.0,112.01,1003.0,2.0,4.0,10019.0,E023,18.0,4800.0,1.0,2B,57 WEST 56 STREET,,C5-P,,,,,,MiD,,,,False,V1,11,0,,5657 REALTY CORP,2510,0,,,,,,,,,7,0,,0,0,25.0,100.42,0,0,,0,False,5,5,1020600,1020600,0,0,0,0,,,0.0,8.0,8.0,8.0,1,1012720007,,11201.0,990652.0,217463.0,40.7635598,-73.9768895,8c,,106W034,10502.0,,,,1,24v3,5.0,13.0,,,,,,,,,,,,,,1011201.0,10112011003.0
MN,1272,5,105.0,112.01,1003.0,2.0,4.0,10019.0,E023,18.0,4800.0,1.0,2B,61 WEST 56 STREET,,C6-6,,,,,,MiD,,,,False,V1,11,0,,"5657 REALTY CORP.,",4600,0,,,,,,,,,7,0,,0,0,46.0,100.42,0,0,,0,False,5,5,3405600,3405600,0,0,0,0,,,0.0,10.0,15.0,15.0,1,1012720005,,11201.0,990621.0,217480.0,40.7636065,-73.9770014,8c,,106W034,10502.0,,,,1,24v3,5.0,13.0,,,,,,,,,,,,,,1011201.0,10112011003.0
MN,1272,70,105.0,112.01,1003.0,2.0,4.0,10019.0,E023,18.0,4800.0,1.0,2B,56 WEST 57 STREET,,C5-3,,,,,,MiD,,,,False,V1,11,0,,5657 REALTY CORP.,2500,0,,,,,,,,,7,1,,0,0,25.0,100.42,0,0,,0,False,5,5,1859400,1859400,0,0,0,0,,,0.0,10.0,15.0,15.0,1,1012720070,,11201.0,990661.0,217579.0,40.7638782,-73.9768569,8c,,106W034,10502.0,,,,1,24v3,5.0,13.0,,,,,,,,,,,,,,1011201.0,10112011003.0
MN,1026,29,105.0,137.0,3003.0,2.0,6.0,10019.0,E023,18.0,4700.0,1.0,2A,842 SEVENTH AVENUE,,C6-6,,,,,,MiD,,,,False,V1,11,0,,201 W 54 LLC,7542,0,,,,,,,,,7,0,,0,0,75.42,100.0,0,0,,0,False,3,5,4399650,4399650,0,0,2023,0,,,0.0,10.0,15.0,15.0,1,1010260029,,137.0,989338.0,217581.0,40.7638845,-73.9816328,8c,,106W029,10402.0,,1010260029.0,08/19/2021,1,24v3,5.0,15.0,,,,,,,,,,,,,,1013700.0,10137006003.0
MN,2170,26,112.0,279.0,4000.0,6.0,10.0,10033.0,E093,34.0,221.0,1.0,3A,653 WEST 187 STREET,,R7-2,,,,,,,,,,False,V1,11,0,,653 WEST 187 LLC,1582,0,,,,,,,,,7,0,,0,0,16.67,94.92,0,0,,0,False,5,5,153900,153900,0,0,0,0,,,0.0,3.44,0.0,6.5,1,1021700026,,279.0,1002914.0,250412.0,40.8539782,-73.9325333,3a,,112 038,10803.0,,,,1,24v3,12.0,17.0,,,,,,,,,,,,,,1027900.0,10279004000.0
MN,2170,28,112.0,279.0,4000.0,6.0,10.0,10033.0,E093,34.0,221.0,1.0,3A,657 WEST 187 STREET,,R7-2,,,,,,,,,,False,V1,11,0,,187 STREET MAZAL LLC,1582,0,,,,,,,,,7,0,,0,0,16.67,94.92,0,0,,0,False,5,5,153900,153900,0,0,0,0,,,0.0,3.44,0.0,6.5,1,1021700028,,279.0,1002885.0,250428.0,40.8540222,-73.9326381,3a,,112 038,10803.0,,,,1,24v3,12.0,17.0,,,,,,,,,,,,,,1027900.0,10279004000.0
MN,2170,383,112.0,279.0,4000.0,6.0,10.0,10040.0,E093,34.0,221.0,1.0,3A,WADSWORTH TERRACE,,R7-2,,,,,,,,,,False,V1,11,0,,COZY TERRACE LLC,13000,0,,,,,,,,,7,0,,0,0,260.0,50.0,0,0,,0,False,5,5,1241550,1241550,0,0,0,0,,,0.0,3.44,0.0,6.5,1,1021700383,,279.0,1002927.0,250752.0,40.8549114,-73.9324854,3a,,112 024,10803.0,,,,1,24v3,12.0,17.0,,,,,,,,,,,,,,1027900.0,10279004000.0
MN,2170,29,112.0,279.0,4000.0,6.0,10.0,10033.0,E093,34.0,221.0,1.0,3A,659 WEST 187 STREET,,R7-2,,,,,,,,,,False,V1,11,0,,187 STREET MAZAL LLC,1582,0,,,,,,,,,7,1,,0,0,16.67,94.92,0,0,,0,False,5,5,153900,153900,0,0,0,0,,,0.0,3.44,0.0,6.5,1,1021700029,,279.0,1002871.0,250435.0,40.8540415,-73.9326887,3a,,112 038,10803.0,,,,1,24v3,12.0,17.0,,,,,,,,,,,,,,1027900.0,10279004000.0
MN,2154,18,112.0,269.0,4001.0,6.0,10.0,10033.0,L045,34.0,210.0,1.0,2A,552 WEST 182 STREET,,R7-2,,,,,,,,,,False,V1,11,0,,KASSAB OF W 182 LLC,1260,0,,,,,,,,,7,1,,0,0,18.0,70.0,0,0,,0,False,5,5,54900,54900,0,0,0,0,,,0.0,3.44,0.0,6.5,1,1021540018,,269.0,1002989.0,248691.0,40.8492544,-73.932267,3a,,112 020,10803.0,,,,1,24v3,12.0,17.0,,,,,,,,,,,,,,1026900.0,10269004001.0
MN,1171,64,107.0,151.0,4003.0,3.0,6.0,10069.0,L035,20.0,3900.0,1.0,1B,WEST END AVENUE,,C4-2F,,,,,,,,,,False,V1,11,0,,BROADCOM WEST,7050,0,,,,,,,,,7,0,,0,0,187.83,0.0,0,0,,0,True,5,5,72000,72000,0,0,0,0,,,0.0,6.02,3.4,6.5,1,1011710064,,151.0,987158.0,221613.0,40.7749523,-73.9895006,8c,,16W 004,10407.0,,1011710063.0,12/29/2006,1,24v3,7.0,15.0,,,,,,,,,,,,,,1015102.0,10151022000.0
MN,1171,69,107.0,151.0,4004.0,3.0,6.0,10069.0,L035,20.0,3900.0,1.0,1B,WEST 63 STREET,,C4-2F,,,,,,,,,,False,V1,11,0,C,CITY OF NEW YORK/DOT,7050,0,,,,,,,,,7,0,,0,0,187.83,0.0,0,0,,0,False,5,5,68850,68850,68850,0,0,0,,,0.0,6.02,3.4,6.5,1,1011710069,,151.0,987194.0,221562.0,40.7748123,-73.9893707,8c,,16W 004,10407.0,,1011710063.0,12/29/2006,1,24v3,7.0,15.0,,,,,,,,,,,,,,1015102.0,10151022000.0
MN,1171,73,107.0,151.0,4003.0,3.0,6.0,10069.0,L035,20.0,3900.0,1.0,1B,WEST 63 STREET,,C4-7,,,,,,,,,,False,V1,11,0,C,NYC DEPARTMENT OF TRANSPORTATION,3500,0,,,,,,,,,7,0,,0,0,40.72,0.0,0,0,,0,True,5,5,88200,88200,88200,0,0,0,,,0.0,10.0,10.0,10.0,1,1011710073,,151.0,987119.0,221392.0,40.7743457,-73.9896415,8c,,16W 004,10407.0,,1011710063.0,12/29/2006,1,24v3,7.0,15.0,,,,,,,,,,,,t,,1015102.0,10151022004.0
MN,1216,165,107.0,169.0,3000.0,3.0,6.0,10024.0,E074,20.0,3500.0,1.0,3A,WEST 86 STREET,,R8B,R10A,,,,,,,,,True,V1,11,0,,UNAVAILABLE OWNER,140,0,,,,,,,,,7,0,,0,0,4.67,30.0,0,0,,0,False,5,5,450,450,0,0,0,0,,,0.0,4.0,0.0,4.0,1,1012160165,,169.0,991688.0,225790.0,40.7864144,-73.9731404,5d,,107S021,10408.0,,,,1,24v3,7.0,16.0,,,,,,,,,,,,,,1016900.0,10169003000.0
MN,2240,27,112.0,295.0,4001.0,6.0,10.0,10034.0,E095,34.0,120.0,1.0,4B,COOPER STREET,,R7A,,,,,,,,,,False,V1,11,0,,"COOPER DEVELOPMENT,",5000,0,,,,,,,,,7,0,,0,0,50.0,100.0,0,0,,0,False,5,5,483750,483750,0,0,0,0,,,0.0,4.0,0.0,4.0,1,1022400027,,295.0,1005671.0,255679.0,40.8684283,-73.9225505,3a,,112 057,10804.0,,,,1,24v3,12.0,17.0,,,,,,,,,,,,,,1029500.0,10295004001.0
MN,2240,25,112.0,295.0,4001.0,6.0,10.0,10034.0,E095,34.0,120.0,1.0,4B,COOPER STREET,,R7A,,,,,,,,,,False,V1,11,0,,60 COOPER ST CORP,5000,0,,,,,,,,,7,0,,0,0,50.0,100.0,0,0,,0,False,5,5,458550,458550,0,0,0,0,,,0.0,4.0,0.0,4.0,1,1022400025,,295.0,1005716.0,255700.0,40.8684858,-73.9223877,3a,,112 057,10804.0,,,,1,24v3,12.0,17.0,,,,,,,,,,,,,,1029500.0,10295004001.0
MN,1171,251,107.0,151.0,4000.0,3.0,6.0,10023.0,L035,20.0,3900.0,1.0,1B,RIVERSIDE BOULEVARD,,R10,C4-7,,,,,,,,,True,V1,11,0,,SENIOR LIVING OPTIONS INC,27566,0,,,,,,,,,7,0,,0,0,66.0,425.5,0,0,,0,True,3,5,18,18,0,0,0,0,,,0.0,10.0,0.0,10.0,1,1011710251,,151.0,986660.0,221122.0,40.7736034,-73.9913001,8c,,,,,1011710001.0,02/25/2021,1,24v3,7.0,15.0,1.0,,,,,,,,,,,,,1015102.0,10151022002.0
MN,1171,273,107.0,151.0,4000.0,3.0,6.0,10069.0,L035,20.0,3900.0,1.0,1B,RIVERSIDE BOULEVARD,,C4-7,,,,,,,,,,False,V1,11,0,,SENIOR LIVING OPTIONS INC,17966,0,,,,,,,,,7,0,,0,0,183.33,248.03,0,0,,0,True,0,5,12,12,0,0,0,0,,,0.0,10.0,10.0,10.0,1,1011710273,,151.0,987034.0,221200.0,40.7738186,-73.9899482,8c,,,,,1011710001.0,02/25/2021,1,24v3,7.0,15.0,,,,,,,,,,,,,,1015102.0,10151022003.0
MN,1171,9,107.0,155.0,2001.0,3.0,6.0,10069.0,L035,20.0,3900.0,1.0,1B,MILLER HIGHWAY,,R10,PARK,,,,,,,,,True,V1,11,0,C,NYC DEPARTMENT OF PARKS AND RECREATION,16917,0,,,,,,,,,7,0,,0,0,199.0,105.0,0,0,,0,True,5,5,8695800,8695800,8695800,0,0,0,,,0.0,10.0,0.0,10.0,1,1011710009,,155.0,987308.0,222670.0,40.7778534,-73.9889586,8c,,106W004,10407.0,,1011710001.0,07/23/2007,1,24v3,7.0,15.0,,,,,,,,,,,,t,,1015502.0,10155022002.0
MN,1171,61,107.0,151.0,4003.0,3.0,6.0,10069.0,L035,20.0,3900.0,1.0,1B,WEST END AVENUE,,C4-2F,C4-7,,,,,,,,,True,V1,11,0,,125 WEST END ASSOCIATES LLC,48580,0,,,,,,,,,7,0,,0,0,304.5,144.11,0,0,,0,True,5,5,11532150,11532150,0,0,0,0,,,0.0,6.02,3.4,6.5,1,1011710061,,151.0,987353.0,221800.0,40.7754655,-73.9887965,8c,,16W 004,10407.0,,1011710062.0,07/22/1998,1,24v3,7.0,15.0,,,,,,,,,,,,,,1015102.0,10151021000.0
MN,1171,162,107.0,151.0,4003.0,3.0,6.0,10069.0,L035,20.0,3900.0,1.0,1B,101 WEST END AVENUE,,C4-7,C4-2F,,,,,,,,,True,V1,11,0,C,NYC DEPARTMENT OF TRANSPORTATION,10984,0,,,,,,,,,7,0,,0,0,29.0,376.0,0,0,,0,False,4,5,900,900,900,0,0,0,,,0.0,10.0,10.0,10.0,1,1011710162,,151.0,987345.0,221654.0,40.7750648,-73.9888254,8c,,16W 004,10407.0,,1011710062.0,07/22/1998,1,24v3,7.0,15.0,,,,,,,,,,,,t,,1015102.0,10151021000.0
MN,1299,37,106.0,92.0,1015.0,2.0,4.0,10017.0,E021,17.0,4800.0,1.0,2B,710 3 AVENUE,,C5-3,,,,,,MiD,,,,False,V1,11,0,,710 THIRD AVENUE PARTNERS LLC,2375,0,,,,,,,,,7,0,,0,0,25.0,95.0,0,0,,0,False,5,5,2008350,2008350,0,0,2015,0,,,0.0,10.0,15.0,15.0,1,1012990037,,92.0,991577.0,213447.0,40.7525362,-73.9735547,8d,,104 044,10504.0,,,,1,24v3,6.0,13.0,,,,,,,,,,,,,,1009200.0,10092001001.0
MN,1020,59,105.0,125.0,2000.0,2.0,3.0,10019.0,L004,18.0,4700.0,1.0,2A,244 WEST 49 STREET,,C6-5,C6-4,,,,,MiD,,,,True,V1,11,0,,GORJIAN REALTY LLC,8034,0,,,,,,,,,7,0,,0,0,80.0,100.42,0,0,,0,False,5,5,1702350,1702350,0,0,2022,0,,,0.0,10.0,10.0,10.0,1,1010200059,,125.0,988081.0,216620.0,40.7612474,-73.986171,8c,,105N057,10402.0,,,,1,24v3,5.0,15.0,,,,,,,,,,,,,,1012500.0,10125003000.0
MN,2174,160,112.0,285.0,1000.0,6.0,10.0,10040.0,L036,34.0,221.0,1.0,3B,DYCKMAN STREET,,C4-4,,,,,,IN,,,,False,V1,11,0,,114-118 DYCKMAN REALTY LLC,400,0,,,,,,,,,7,0,,0,0,4.0,100.0,0,0,,0,False,8,5,2250,2250,0,0,0,0,,,0.0,3.44,3.4,6.5,1,1021740160,,285.0,1004868.0,253369.0,40.86209,-73.9254609,3a,,112 046,10803.0,,,,1,24v3,12.0,17.0,,,,,,,,,,,,,,1028500.0,10285001000.0
MN,2174,159,112.0,285.0,1000.0,6.0,10.0,10040.0,L036,34.0,221.0,1.0,3B,DYCKMAN STREET,,C4-4,,,,,,IN,,,,False,V1,11,0,,"ALDEBOT, LUZ",400,0,,,,,,,,,7,0,,0,0,4.0,100.0,0,0,,0,False,8,5,2250,2250,0,0,0,0,,,0.0,3.44,3.4,6.5,1,1021740159,,285.0,1004866.0,253373.0,40.862101,-73.9254682,3a,,112 046,10803.0,,,,1,24v3,12.0,17.0,,,,,,,,,,,,,,1028500.0,10285001000.0
MN,1083,10,104.0,135.0,1010.0,2.0,6.0,10019.0,E040,18.0,4500.0,1.0,3B,539 WEST 54 STREET,,R8,,,,,,CL,,,,False,V1,11,0,,539 WEST 54TH STREET LLC,12552,0,,,,,,,,,7,0,,0,0,125.0,100.42,0,0,,0,False,5,5,1714050,1714050,0,0,2021,2024,,,0.0,6.02,0.0,6.5,1,1010830010,,135.0,986577.0,219125.0,40.7681235,-73.9915992,8c,,106W007,10405.0,,,,1,24v3,4.0,15.0,,,,,,,,,,,,,,1013502.0,10135021001.0
MN,2180,87,112.0,271.0,4002.0,6.0,10.0,10033.0,E093,34.0,210.0,1.0,3B,4261 BROADWAY,,C4-4,R7-2,C8-3,,C1-4,,,,,,True,V1,11,0,,BLDG MECOX LLC,22100,0,,,,,,,,,7,0,,0,0,150.42,141.0,0,0,,0,True,3,5,1650150,1650150,0,0,0,0,,,0.0,3.44,3.4,6.5,1,1021800087,,271.0,1001962.0,249180.0,40.8505987,-73.9359779,3a,,112 017,10803.0,,,,1,24v3,12.0,17.0,,,,,,,,,,,,,,1027100.0,10271004002.0
MN,2156,19,112.0,269.0,2001.0,6.0,10.0,10033.0,L045,34.0,210.0,1.0,3A,2506 AMSTERDAM AVENUE,,R7-2,,,,,,,,,,False,V1,11,0,X,YESHIVA UNIVERSITY,2500,0,,,,,,,,,7,0,,0,0,25.0,100.0,0,0,,0,False,5,5,189000,189000,189000,0,0,0,,,0.0,3.44,0.0,6.5,1,1021560019,,269.0,1003700.0,249076.0,40.8503096,-73.929696,3a,,112 025,10803.0,,,,1,24v3,12.0,17.0,,,,,,,,,,,,,,1026900.0,10269002003.0
MN,2170,400,112.0,279.0,6000.0,6.0,10.0,10040.0,E093,34.0,221.0,1.0,3A,44 FAIRVIEW AVENUE,,R7-2,,,,,,,,,,False,V1,11,1,,4452 BROADWAY OWNER LLC,16217,0,,,,,,,,,7,0,,0,0,202.42,132.0,0,0,,0,True,5,0,1083150,1083150,0,0,0,0,,,0.0,3.44,0.0,6.5,1,1021700400,,279.0,1003075.0,251298.0,40.8564097,-73.9319489,3a,,112 038,10803.0,,,,1,24v3,12.0,17.0,,,,,,,,,,,,,,1027900.0,10279006000.0
MN,2170,30,112.0,279.0,4000.0,6.0,10.0,10033.0,E093,34.0,221.0,1.0,3A,661 WEST 187 STREET,,R7-2,,,,,,,,,,False,V1,11,0,,187 STREET MAZAL LLC,1582,0,,,,,,,,,7,1,,0,0,16.67,94.92,0,0,,0,False,5,5,153900,153900,0,0,0,0,,,0.0,3.44,0.0,6.5,1,1021700030,,279.0,1002856.0,250444.0,40.8540662,-73.9327429,3a,,112 038,10803.0,,,,1,24v3,12.0,17.0,,,,,,,,,,,,,,1027900.0,10279004000.0
MN,2170,32,112.0,279.0,4000.0,6.0,10.0,10040.0,E093,34.0,221.0,1.0,3A,667 WEST 187 STREET,,R7-2,,,,,,,,,,False,V1,11,0,,187 STREET MAZAL LLC,4496,0,,,,,,,,,7,0,,0,0,50.0,89.92,0,0,,0,False,5,5,432900,432900,0,0,0,0,,,0.0,3.44,0.0,6.5,1,1021700032,,279.0,1002810.0,250466.0,40.8541267,-73.9329091,3a,,112 038,10803.0,,,,1,24v3,12.0,17.0,,,,,,,,,,,,,,1027900.0,10279004000.0
MN,2184,100,112.0,299.0,2019.0,6.0,10.0,10040.0,L036,34.0,110.0,1.0,4A,WEST 201 ST,,M3-1,,,,,,IN,,,,False,V1,11,0,,DSBS,15170,0,,,,,,,,,7,0,,0,0,60.41,272.02,0,0,,0,True,5,5,932400,932400,0,0,0,0,,,0.0,0.0,2.0,0.0,1,1021840100,,299.0,1006572.0,252491.0,40.859676,-73.9193035,3a,,1,1.0,,,,1,24v3,12.0,17.0,1.0,1.0,,,,,,,,,,,,1029900.0,10299003011.0
MN,2164,52,112.0,271.0,3002.0,6.0,10.0,10033.0,E093,34.0,210.0,1.0,3B,206 WADSWORTH AVENUE,,R7-2,,,,,,,,,,False,V1,11,0,,CAERUS WADSWORTH 184 LLC,14988,0,,,,,,,,,7,0,,0,0,99.92,150.0,0,0,,0,False,5,5,1319400,1319400,0,0,0,0,,,0.0,3.44,0.0,6.5,1,1021640052,,271.0,1002464.0,249536.0,40.8515748,-73.9341624,3a,,112 023,10803.0,,,,1,24v3,12.0,17.0,,,,,,,,,,,,,,1027100.0,10271003002.0
MN,2180,93,112.0,271.0,4002.0,6.0,10.0,10033.0,E093,34.0,210.0,1.0,3B,4271 BROADWAY,,C8-3,R7-2,,,,,,,,,True,V1,11,0,,BLDG MECOX LLC,3250,0,,,,,,,,,7,0,,0,0,31.58,110.25,0,0,,0,True,5,5,232650,232650,0,0,0,0,,,0.0,0.0,2.0,6.5,1,1021800093,,271.0,1002013.0,249263.0,40.8508264,-73.9357933,3a,,112 017,10803.0,,,,1,24v3,12.0,17.0,,,,,,,,,,,,,,1027100.0,10271004002.0
MN,2200,15,112.0,299.0,2016.0,6.0,10.0,10034.0,L036,34.0,110.0,1.0,4A,416 WEST 204 STREET,,R7A,,,,C2-4,,IN,,,,False,V1,11,0,,"CONSOLIDATED EDISON CO.OF N.Y.,INC.",14988,0,,,,,,,,,7,0,,0,0,150.0,99.92,0,0,,0,False,5,5,1476900,1476900,0,0,0,0,,,0.0,4.0,0.0,4.0,1,1022000015,,299.0,1006578.0,253287.0,40.8618607,-73.9192791,3a,,112 052,10804.0,E-459,,,1,24v3,12.0,17.0,,,,,,,,,,,,,,1029900.0,10299003004.0
MN,2185,10,112.0,299.0,2015.0,6.0,10.0,10034.0,L036,34.0,110.0,1.0,4A,WEST 204 STREET,,M2-4,,,,,,IN,,,,False,V1,11,0,C,NYC DEPARTMENT OF SMALL BUSINESS SERVICES,35865,0,,,,,,,,,7,0,,0,0,138.0,203.0,0,0,,0,True,2,5,4070250,4070250,4070250,0,0,0,,,0.0,0.0,5.0,0.0,1,1021850010,,299.0,1007024.0,252994.0,40.8610554,-73.9176677,3a,,112 052,10804.0,,,,1,24v3,12.0,17.0,1.0,1.0,,,,,,,,,,t,,1029900.0,10299003007.0
MN,2149,8,112.0,267.0,1002.0,6.0,10.0,10033.0,L045,34.0,210.0,1.0,2A,2461 AMSTERDAM AVENUE,,R7-2,,,,C2-4,,,,,,False,V1,11,0,,2461 AMSTERDAM I LLC,3550,0,,,,,,,,,7,0,,0,0,36.0,100.0,0,0,,0,True,5,5,262800,262800,0,0,0,0,,,0.0,3.44,0.0,6.5,1,1021490008,,267.0,1003599.0,248490.0,40.8487014,-73.9300628,3b,,112 032,10803.0,,,,1,24v3,12.0,17.0,,,,,,,,,,,,,,1026700.0,10267001005.0
MN,2156,142,112.0,269.0,2000.0,6.0,10.0,10033.0,L045,34.0,210.0,1.0,3A,6 WASHINGTON TERRACE,,R7-2,,,,,,,,,,False,V1,11,0,,YESHIVA UNIVERSITY,1109,0,,,,,,,,,7,0,,0,0,17.75,62.5,0,0,,0,False,5,5,158400,158400,0,0,0,0,,,0.0,3.44,0.0,6.5,1,1021560142,,269.0,1003695.0,249471.0,40.8513938,-73.9297129,3a,,112 025,10803.0,,,,1,24v3,12.0,17.0,,,,,,,,,,,,,,1026900.0,10269002001.0
MN,2170,355,112.0,279.0,6000.0,6.0,10.0,10040.0,E093,34.0,221.0,1.0,3A,WADSWORTH TERRACE,,R7-2,,,,,,,,,,False,V1,11,0,,"SMITH, JOE",170,0,,,,,,,,,7,0,,0,0,2.42,84.58,0,0,,0,True,8,5,2250,2250,0,0,0,0,,,0.0,3.44,0.0,6.5,1,1021700355,,279.0,1003608.0,251529.0,40.8570426,-73.9300215,3a,,112 038,10803.0,,,,1,24v3,12.0,17.0,,,,,,,,,,,,,,1027900.0,10279006000.0
MN,2156,41,112.0,269.0,2000.0,6.0,10.0,10033.0,L045,34.0,210.0,1.0,3A,2 WASHINGTON TERRACE,,R7-2,,,,,,,,,,False,V1,11,0,,CFIP CORP,1109,0,,,,,,,,,7,0,,0,0,17.75,62.5,0,0,,0,False,3,5,181350,181350,0,0,0,0,,,0.0,3.44,0.0,6.5,1,1021560041,,269.0,1003713.0,249502.0,40.8514788,-73.9296478,3a,,112 025,10803.0,,,,1,24v3,12.0,17.0,,,,,,,,,,,,,,1026900.0,10269002001.0
MN,2237,16,112.0,295.0,2001.0,6.0,10.0,10034.0,E095,34.0,120.0,1.0,4B,CUMMING STREET,,R7A,,,,,,,,,,False,V1,11,0,,INWOOD HT EQUITIES LLC,18102,0,,,,,,,,,7,1,,0,0,157.5,120.0,0,0,,0,True,3,5,558900,558900,0,0,0,0,,,0.0,4.0,0.0,4.0,1,1022370016,,295.0,1004489.0,255023.0,40.8666306,-73.9268261,3a,,1,1.0,,1022370018.0,12/13/2019,1,24v3,12.0,17.0,,,,,,,,,,,,,,1029500.0,10295002001.0
MN,1784,25,111.0,194.0,2001.0,4.0,8.0,10035.0,E035,25.0,1700.0,1.0,2B,2331 2 AVENUE,,R9A,,,,C2-5,,EHC,TA,,,True,V1,11,0,X,PECORA GROUP DEVELOPMENT LLC,2071,0,,,,,,,,,7,0,,0,0,25.25,82.0,0,0,,0,False,5,5,314550,314550,314550,0,0,0,,,0.0,7.52,0.0,7.5,1,1017840025,,194.0,1001863.0,230526.0,40.799399,-73.9363847,6b,,108N075,10610.0,E-422,,,1,24v3,11.0,12.0,,,,,,,,,,,,,,1019400.0,10194002001.0
MN,1667,29,111.0,188.0,4001.0,4.0,8.0,10035.0,L026,25.0,2100.0,1.0,2B,238 EAST 118 STREET,,R7A,,,,,,,,,,False,V1,11,0,,"DEAN GROUP,",5046,0,,,,,,,,,7,0,,0,0,50.0,100.92,0,0,,0,False,5,5,528300,528300,0,0,0,0,,,0.0,4.0,0.0,4.0,1,1016670029,,188.0,1001542.0,230148.0,40.7983621,-73.9375451,6b,,108N075,10604.0,,,,1,24v3,11.0,12.0,,,,,,,,,,,,,,1018800.0,10188004001.0
MN,1784,9,111.0,194.0,2001.0,4.0,8.0,10035.0,E035,25.0,1700.0,1.0,2B,217 EAST 119 STREET,,R7A,,,,,,,,,,False,V1,11,0,,B&D EAST 119 STREET REALTY LLC,5046,0,,,,,,,,,7,1,,0,0,50.0,100.92,0,0,,0,False,5,5,544500,544500,0,0,0,0,,,0.0,4.0,0.0,4.0,1,1017840009,,194.0,1001525.0,230638.0,40.7997071,-73.9376052,6b,,108N075,10610.0,,,,1,24v3,11.0,12.0,,,,,,,,,,,,,,1019400.0,10194002001.0
MN,1689,130,111.0,188.0,1001.0,4.0,8.0,10035.0,L026,25.0,2100.0,1.0,2B,312 EAST 118 STREET,,R7X,R7B,,,C1-5,,,,,,True,V1,11,0,,BRIJA FRANK,832,0,,,,,,,,,7,0,,0,0,16.5,50.42,0,0,,0,False,5,5,135900,135900,0,0,0,0,,,0.0,5.0,0.0,5.0,1,1016890130,,188.0,1002247.0,229786.0,40.7973671,-73.9349997,6b,,108N076,10605.0,,,,1,24v3,11.0,12.0,1.0,1.0,,,,,,,,,,,,1018800.0,10188001001.0
MN,1689,129,111.0,188.0,1001.0,4.0,8.0,10035.0,L026,25.0,2100.0,1.0,2B,314 EAST 118 STREET,,R7X,,,,C1-5,,,,,,False,V1,11,0,,"BRIJA, ISA",832,0,,,,,,,,,7,0,,0,0,16.5,50.42,0,0,,0,False,5,5,135900,135900,0,0,0,0,,,0.0,5.0,0.0,5.0,1,1016890129,,188.0,1002261.0,229778.0,40.7973452,-73.9349492,6b,,108N076,10605.0,,,,1,24v3,11.0,12.0,1.0,1.0,,,,,,,,,,,,1018800.0,10188001001.0
MN,1711,125,111.0,178.0,1001.0,4.0,8.0,10035.0,L026,25.0,2100.0,1.0,2B,EAST 118 STREET,,R7B,,,,,,,,,,False,V1,11,0,,UPPER E SIDE COM DEV CRP,456,0,,,,,,,,,7,0,,0,0,20.25,22.5,0,0,,0,False,5,5,900,900,0,0,0,0,,,0.0,3.0,0.0,3.0,1,1017110125,,178.0,1002778.0,229414.0,40.796345,-73.9330829,6b,,108N077,10606.0,,,,1,24v3,11.0,12.0,1.0,,,,,,,,,,,,,1017800.0,10178001001.0
MN,1815,13,111.0,178.0,3001.0,4.0,8.0,10035.0,L026,25.0,2100.0,1.0,2B,521 EAST 118 STREET,,R7B,,,,,,,,,,False,V1,11,0,,TIAGO PARKING HOLDINGS LLC,2061,0,,,,,,,,,7,1,,0,0,20.42,100.92,0,0,,0,False,5,5,164700,164700,0,0,0,0,,,0.0,3.0,0.0,3.0,1,1018150013,,178.0,1003370.0,229317.0,40.7960775,-73.9309451,6b,,108N086,10611.0,,,,1,24v3,11.0,12.0,1.0,1.0,,,,,,,,,,,,1017800.0,10178003000.0
MN,448,5,103.0,38.0,6000.0,1.0,2.0,10003.0,E028,9.0,6500.0,1.0,3B,112 2 AVENUE,,R7A,R8B,,,C2-5,,,,,,True,V1,11,0,,"THE MINISTER, ELDERS, AND DEACONS OF THE  REFORMED",6500,0,,,,,,,,,7,1,,0,0,52.0,125.0,0,0,,0,False,5,5,634500,634500,0,0,0,0,East Village / Lower East Side Historic District,,0.0,4.0,0.0,4.0,1,1004480005,,38.0,987600.0,204376.0,40.7276409,-73.9879134,12c,,102 019,10205.0,,,,1,24v3,3.0,14.0,,,,,,,,,,,,,,1003800.0,10038006000.0
MN,463,33,103.0,38.0,1002.0,1.0,2.0,10003.0,E033,9.0,6500.0,1.0,4B,123 2 AVENUE,,R7A,,,,C1-5,,,,,,False,V1,11,0,,"123 SECOND AVE, CORP.",2500,0,,,,,,,,,7,0,,0,0,25.0,100.0,0,0,,0,False,5,5,656550,656550,0,0,0,0,East Village / Lower East Side Historic District,,0.0,4.0,0.0,4.0,1,1004630033,,38.0,987503.0,204629.0,40.7283354,-73.9882632,12c,,102 018,10205.0,,,,1,24v3,3.0,14.0,,,,,,,,,,,,,,1003800.0,10038001001.0
MN,1666,23,111.0,188.0,3000.0,4.0,8.0,10035.0,L026,25.0,2100.0,1.0,2B,2269 2 AVENUE,,R9A,,,,C2-5,,EHC,TA,,,True,V1,11,0,X,EL CEMI HOUSING DEVELOPMENT FUND CORP,1800,0,,,,,,,,,7,0,,0,0,20.0,90.0,0,0,,0,False,5,5,369000,369000,369000,0,0,0,,,0.0,7.52,0.0,7.5,1,1016660023,,188.0,1001465.0,229821.0,40.7974648,-73.937824,6b,,108N075,10604.0,E-422,,,1,24v3,11.0,12.0,,,,,,,,,,,,,,1018800.0,10188003000.0
MN,1667,120,111.0,188.0,4001.0,4.0,8.0,10035.0,L026,25.0,2100.0,1.0,2B,247 EAST 117 STREET,,R9A,R7A,,,C2-5,,EHC,TA,,,True,V1,11,0,,247 E 117 STREET LLC,4162,0,,,,,,,,,7,0,,0,0,55.0,75.67,0,0,,0,False,5,5,769950,769950,0,0,0,0,,,0.0,7.52,0.0,7.5,1,1016670120,,188.0,1001531.0,230021.0,40.7980136,-73.9375851,6b,,108N075,10604.0,E-422,1016670120.0,07/15/2014,1,24v3,11.0,12.0,,,,,,,,,,,,,,1018800.0,10188004001.0
MN,240,30,103.0,25.0,3000.0,2.0,1.0,10038.0,E009,5.0,7800.0,1.0,1A,SOUTH STREET,,C2-8,,,,,,,,,,False,V9,11,0,C,NYC DEPARTMENT OF SMALL BUSINESS SERVICES,8225,0,,,,,,,,,7,0,,0,0,150.83,55.0,0,0,,0,False,5,5,2016900,2016900,2016900,0,0,0,,,0.0,10.0,2.0,10.0,1,1002400030,,25.0,984705.0,197367.0,40.7084035,-73.9983589,12d,,101N105,10106.0,,,,1,24v3,3.0,14.0,1.0,1.0,,,,,,,,,,t,,1002500.0,10025003000.0
MN,275,2,103.0,8.0,6011.0,2.0,1.0,10002.0,E009,5.0,7800.0,1.0,1A,127 MADISON STREET,,R7-2,,,,,,,,,,False,V1,11,0,C,NYC DEPARTMENT OF TRANSPORTATION,116,0,,,,,,,,,7,0,,0,0,8.67,30.0,0,0,,0,True,8,5,2250,2250,2250,0,0,0,,,0.0,3.44,0.0,6.5,1,1002750002,,8.0,985953.0,198845.0,40.7124601,-73.9938571,12d,,101N054,10107.0,,,,1,24v3,3.0,14.0,,,,,,,,,,,,t,,1000800.0,10008006006.0
MN,2024,122,110.0,230.0,3001.0,5.0,9.0,10030.0,L028,32.0,1000.0,1.0,4A,WEST 138 STREET,,R7-2,,,,,,,,,,False,V1,11,0,,"JOHN, AMANDA",1199,0,,,,,,,,,7,0,,0,0,12.0,99.92,0,0,,0,False,8,5,13500,13500,0,0,0,0,,,0.0,3.44,0.0,6.5,1,1020240122,,230.0,999983.0,237241.0,40.8178334,-73.9431592,6a,,111S025,10708.0,,,,1,24v3,10.0,11.0,,,,,,,,,,,,,,1023000.0,10230003001.0
MN,2023,43,110.0,228.0,4000.0,5.0,9.0,10030.0,L028,32.0,1000.0,1.0,3A,WEST 138 STREET,,R7-2,,,,,,,,,,False,V1,11,0,,"PICKENS, JAMES E",1199,0,,,,,,,,,7,0,,0,0,12.0,99.92,0,0,,0,False,8,5,6300,6300,0,0,0,0,,,0.0,3.44,0.0,6.5,1,1020230043,,228.0,999896.0,237110.0,40.817474,-73.9434738,6a,,111S025,10708.0,,,,1,24v3,10.0,11.0,,,,,,,,,,,,,,1022800.0,10228004000.0
MN,1995,40,109.0,211.0,2000.0,5.0,7.0,10027.0,E047,26.0,1400.0,1.0,2A,614 WEST 125 STREET,,R8,,,,C2-4,,,,,,False,V1,11,0,X,THE TRUSTEES OF COLUMBIA UNIVERSITY IN T HE CITY OF,13975,0,,,,,,,,,7,0,,0,0,125.67,150.0,0,0,,0,True,5,5,465750,465750,465750,0,0,0,,,0.0,6.02,0.0,6.5,1,1019950040,,211.0,995535.0,236624.0,40.8161467,-73.9592302,5c,,107N092,10707.0,,,,1,24v3,9.0,16.0,,,,,,,,,,,,,,1021100.0,10211002000.0
MN,1998,29,109.0,219.0,1008.0,5.0,7.0,10027.0,E080,26.0,1100.0,1.0,2A,3259 BROADWAY,,C6-1,,,,,,MMU,,,,False,V1,11,0,X,TRUSTEES OF COLUMBIA UNIVERSITY IN THE C ITY OF NEW,19983,0,,,,,,,,,7,1,,0,0,199.83,100.0,0,0,,0,False,3,5,2291850,2291850,2291850,0,0,0,,,0.0,3.44,6.0,6.5,1,1019980029,,219.0,996125.0,237311.0,40.8180315,-73.9570974,5c,,111S002,10707.0,E-188,,,1,24v3,9.0,16.0,,,,,,,,,,,,,,1021900.0,10219001005.0
MN,1984,50,109.0,219.0,4001.0,5.0,7.0,10027.0,E037,26.0,1100.0,1.0,2B,WEST 126 STREET,,R7-2,,,,C2-4,,,,,,False,V1,11,0,C,NYC DEPARTMENT OF CITYWIDE ADMINISTRATIVE SERVICES,3306,0,,,,,,,,,7,0,,0,0,57.33,117.42,0,0,,0,True,5,5,303750,303750,303750,0,0,0,,,0.0,3.44,0.0,6.5,1,1019840050,,219.0,996180.0,236512.0,40.8158384,-73.9569001,5c,,111S003,10707.0,,,,1,24v3,9.0,16.0,,,,,,,,,,,,t,,1021900.0,10219004001.0
MN,1622,36,111.0,184.0,1004.0,5.0,9.0,10035.0,L026,25.0,2000.0,1.0,2A,1646 PARK AVENUE,,R9,,,,C2-5,,EHC,,,,False,V1,11,0,,"MURAMATSU, KAORU DEMLER",2272,0,,,,,,,,,7,1,,0,0,25.25,90.0,0,0,,0,False,5,5,72000,72000,0,0,0,0,,,0.0,7.52,0.0,10.0,1,1016220036,,184.0,999933.0,230668.0,40.7997924,-73.9433552,6b,,108N071,10603.0,E-422,,,1,24v3,11.0,12.0,,,,,,,,,,,,,,1018400.0,10184005002.0
MN,1852,40,107.0,185.0,2000.0,3.0,7.0,10025.0,L022,24.0,3210.0,1.0,5A,WEST 97 STREET,,R7-2,,,,,,,,,,False,V1,11,0,,PWV OWNER LLC,29824,0,,,,,,,,,7,0,,0,0,165.0,180.75,0,0,,0,False,5,5,6680700,6680700,0,0,0,0,,,0.0,3.44,0.0,6.5,1,1018520040,,185.0,993336.0,229174.0,40.795701,-73.9671847,5d,,107S037,10703.0,,1018520005.0,03/21/2011,1,24v3,7.0,16.0,,,,,,,,,,,,,,1018500.0,10185002000.0
MN,1852,9,107.0,185.0,2000.0,3.0,7.0,10025.0,L022,24.0,3210.0,1.0,4A,WEST 97 STREET,,R7-2,,,,,,,,,,False,V1,11,0,,CF PWV LLC,58575,0,,,,,,,,,7,0,,0,0,312.0,165.0,0,0,,0,True,5,5,13121550,13121550,0,0,0,0,,,0.0,3.44,0.0,6.5,1,1018520009,,185.0,993259.0,228928.0,40.7950259,-73.9674631,5d,,107S037,10703.0,,1018520005.0,12/10/2012,1,24v3,7.0,16.0,,,,,,,,,,,,,,1018500.0,10185002000.0
MN,440,4,103.0,34.0,4001.0,1.0,2.0,10009.0,L011,9.0,6200.0,1.0,4B,206 GARAGE 1 AVENUE,,R7A,,,,C1-5,,,,,,False,V1,11,0,,407 CONDOMINIUM C/O K,592,0,,,,,,,,,7,1,,0,0,0.0,0.0,0,0,,0,True,6,5,149400,149400,0,0,0,0,,,0.0,4.0,0.0,4.0,1,1004400004,,34.0,988988.0,205284.0,40.7301325,-73.9829049,12c,,102 028,10205.0,,1004400005.0,03/07/2001,1,24v3,3.0,14.0,,,,,,,,,,,,,,1003400.0,10034004001.0
MN,389,16,103.0,26.02,2002.0,1.0,2.0,10009.0,L011,9.0,6700.0,1.0,4A,EAST 7 STREET,,R8B,,,,,,,,,,False,V1,11,0,,196 EAST 7TH STREET LLC,2275,0,,,,,,,,,7,0,,0,0,25.0,90.83,0,0,,0,True,5,5,831150,831150,0,0,0,0,,,0.0,4.0,0.0,4.0,1,1003890016,,2602.0,989648.0,203249.0,40.7245466,-73.9805252,12c,,102 022,10203.0,,,,1,24v3,3.0,14.0,,1.0,,,,,,,,,,,,1002602.0,10026022000.0
MN,1865,10,109.0,197.01,1002.0,3.0,7.0,10025.0,E047,26.0,2320.0,1.0,1B,AMSTERDAM AVENUE,,R7-2,,,,,,,,,,False,V1,11,0,X,THE CATHEDRAL CHURCH OF ST. JOHN THE DIV INE,7000,0,,,,,,,,,7,0,,0,0,294.83,0.0,0,0,,0,True,6,5,1422000,1422000,1422000,0,0,0,,,0.0,3.44,0.0,6.5,1,1018650010,,19701.0,994787.0,232253.0,40.8041504,-73.9619394,5d,,107N054,10703.0,,1018650001.0,04/21/2006,1,24v3,9.0,16.0,,,,,,,,,,,,,,1019701.0,10197011002.0
MN,1996,56,109.0,219.0,1010.0,5.0,7.0,10027.0,E037,26.0,1100.0,1.0,2A,651 WEST 125 STREET,,C6-1,,,,,,MMU,,,,False,V1,11,0,X,THE TRUSTEES OF COLUMBIA UNIVERSITY,13492,0,,,,,,,,,7,1,,0,0,111.58,120.92,0,0,,0,False,5,5,1908900,1908900,1908900,0,0,0,,,0.0,3.44,6.0,6.5,1,1019960056,,219.0,995419.0,237167.0,40.8176372,-73.9596483,5c,,107N092,10707.0,E-188,,,1,24v3,9.0,16.0,,,,,,,,,,,,,,1021900.0,10219001011.0
MN,1998,3,109.0,219.0,1008.0,5.0,7.0,10027.0,E080,26.0,1100.0,1.0,2A,2307 JOE DIMAGGIO HIGHWAY,,C6-1,,,,,,MMU,,,,False,V1,11,0,X,TRUSTEES OF COLUMBIA UNIVERSITY IN THE C ITY OF NEW,6992,0,,,,,,,,,7,0,,0,0,69.92,100.0,0,0,,0,False,5,5,989100,989100,989100,0,0,0,,,0.0,3.44,6.0,6.5,1,1019980003,,219.0,995513.0,237610.0,40.818853,-73.959308,5c,,111S002,10707.0,R-226,,,1,24v3,9.0,16.0,,,,,,,,,,,,,,1021900.0,10219001005.0
MN,1998,1,109.0,219.0,1008.0,5.0,7.0,10027.0,E080,26.0,1100.0,1.0,2A,2301 JOE DIMAGGIO HIGHWAY,,C6-1,,,,,,MMU,,,,False,V1,11,0,X,TRUSTEES OF COLUMBIA UNIVERSITY IN THE C ITY OF NEW,3000,0,,,,,,,,,7,1,,0,0,30.0,100.0,0,0,,0,False,3,5,298800,298800,298800,0,0,0,,,0.0,3.44,6.0,6.5,1,1019980001,,219.0,995489.0,237567.0,40.818735,-73.9593948,5c,,111S002,10707.0,R-145,,,1,24v3,9.0,16.0,,,,,,,,,,,,,,1021900.0,10219001005.0
MN,1996,14,109.0,219.0,1010.0,5.0,7.0,10027.0,E037,26.0,1100.0,1.0,2A,637 WEST 125 STREET,,C6-1,,,,,,MMU,,,,False,V1,11,0,,THE TRUSTEES OF COLUMBIA UNIVERSITY,23707,0,,,,,,,,,7,0,,0,0,166.73,195.2,0,0,,0,False,4,5,3324600,3324600,3191616,0,0,0,,,0.0,3.44,6.0,6.5,1,1019960014,,219.0,995516.0,237077.0,40.8173901,-73.959298,5c,,107N092,10707.0,R-144,1019960014.0,07/15/2015,1,24v3,9.0,16.0,,,,,,,,,,,,,,1021900.0,10219001011.0
MN,1994,59,109.0,211.0,1009.0,5.0,7.0,10027.0,E047,26.0,1400.0,1.0,2A,179 CLAREMONT AVENUE,,R8,,,,,,,,,,False,V1,11,0,,TRUSTEES OF COLUMBIA UNIVERSITY,2500,0,,,,,,,,,7,0,,0,0,25.0,100.0,0,0,,0,False,5,5,382050,382050,0,0,0,0,,,0.0,6.02,0.0,6.5,1,1019940059,,211.0,995075.0,235993.0,40.8144153,-73.960893,5c,,107N078,10707.0,,,,1,24v3,9.0,16.0,,,,,,,,,,,,,,1021100.0,10211001006.0
MN,1807,5,111.0,192.0,1005.0,4.0,8.0,10035.0,E035,25.0,1700.0,1.0,2B,EAST 119 STREET,,R7-2,,,,,,,,,,False,V1,11,0,,"MALU PROPERTIES, INC.",8569,0,,,,,,,,,7,2,,0,0,85.0,100.92,0,0,,0,True,5,5,768150,768150,0,0,0,0,,,0.0,3.44,0.0,6.5,1,1018070005,,192.0,1002723.0,229975.0,40.7978849,-73.93328,6b,,108N085,10611.0,E-114,,,1,24v3,11.0,12.0,,1.0,,,,,,,,,,,,1019200.0,10192001004.0
MN,1754,141,111.0,206.0,2002.0,5.0,9.0,10037.0,L030,25.0,1600.0,1.0,3A,68 EAST 130 STREET,,R7B,,,,,,,,,,False,V1,11,0,,"MS II TP4 HOUSING DEVELOPMENT FUND COMPA NY, INC.",1665,0,,,,,,,,,7,0,,0,0,16.67,99.92,0,0,,0,False,5,5,153900,153900,0,0,0,0,,,0.0,3.0,0.0,3.0,1,1017540141,,206.0,1001567.0,233760.0,40.808276,-73.9374455,6a,,108N088,10608.0,,,,1,24v3,11.0,11.0,,,,,,,,,,,,,,1020600.0,10206002002.0
MN,1754,142,111.0,206.0,2002.0,5.0,9.0,10037.0,L030,25.0,1600.0,1.0,3A,64 EAST 130 STREET,,R7B,,,,,,,,,,False,V1,11,0,,"MS II TP4 HOUSING DEVELOPMENT FUND COMPA NY, INC.",1665,0,,,,,,,,,7,0,,0,0,16.67,99.92,0,0,,0,False,5,5,153900,153900,0,0,0,0,,,0.0,3.0,0.0,3.0,1,1017540142,,206.0,1001537.0,233776.0,40.80832,-73.9375538,6a,,108N088,10608.0,,,,1,24v3,11.0,11.0,,,,,,,,,,,,,,1020600.0,10206002002.0
MN,2071,53,109.0,225.0,3002.0,6.0,7.0,10031.0,E080,30.0,900.0,1.0,2B,HAMILTON PLACE,,R7A,,,,,,,,,,False,V1,11,0,,"ROGERS, MATT C/DEPRA FERNANDES THE ROGERS FERNANDES FAMILY TRUST ET AL",1040,0,,,,,,,,,7,0,,0,0,17.67,61.67,0,0,,0,True,5,5,117900,117900,0,0,0,0,,,0.0,4.0,0.0,4.0,1,1020710053,,225.0,997603.0,238981.0,40.8226131,-73.9517543,6a,,111S031,10710.0,,,,1,24v3,9.0,17.0,,,,,,,,,,,,,,1022500.0,10225003002.0
MN,1957,27,109.0,217.03,1002.0,5.0,9.0,10027.0,E080,26.0,900.0,1.0,2B,ST NICHOLAS AVENUE,,R7-2,,,,,,,,,,False,V5,11,0,X,NY STATE DORM AUTH,6919,0,,,,,,,,,7,0,,0,0,58.0,122.0,0,0,,0,True,6,5,792450,792450,792450,0,0,0,,,0.0,3.44,0.0,6.5,1,1019570027,,21703.0,997621.0,236962.0,40.8170715,-73.9516933,6a,,111S023,10706.0,,,,1,24v3,9.0,17.0,,,,,,,,,,,,,,1021703.0,10217031006.0
MN,1959,53,110.0,221.02,2006.0,5.0,9.0,10030.0,L028,32.0,8510.0,1.0,3A,316 WEST 135 STREET,,C4-6,R8,,,C1-4,,,,,,True,V1,11,0,,MT ARARAT BAPTIST CH,2068,0,,,,,,,,,7,1,,0,0,24.83,99.92,0,0,,0,True,5,5,147150,147150,0,0,2018,0,,,0.0,10.0,3.4,10.0,1,1019590053,,22102.0,998748.0,236813.0,40.8166607,-73.947622,6a,,111S014,10706.0,,,,1,24v3,10.0,11.0,,,,,,,,,,,,,,1022102.0,10221022006.0
MN,1830,56,110.0,218.0,3001.0,3.0,9.0,10026.0,L040,28.0,1900.0,1.0,1A,270 WEST 115 STREET,,R7A,,,,,,,,,,False,V1,11,0,O,NYC HOUSING AUTHORITY,2523,0,,,,,,,,,7,0,,0,0,25.0,100.92,0,0,,0,False,5,5,234450,234450,234450,0,0,0,,,0.0,4.0,0.0,4.0,1,1018300056,,218.0,996661.0,231908.0,40.8032011,-73.9551709,6b,,107N058,10701.0,,,,1,24v3,10.0,11.0,,,,,,,,,,,,,,1021800.0,10218003001.0
MN,885,6,105.0,72.0,3001.0,2.0,2.0,10016.0,E016,14.0,5300.0,1.0,1A,103 EAST 29 STREET,,C6-4A,,,,,,,,,,False,V1,11,0,,"MONTANA REAL ESTATE, INC.",3761,0,,,,,,,,,7,0,,0,0,45.0,98.75,0,0,,0,True,5,5,945000,945000,0,0,1985,0,,,0.0,10.0,10.0,10.0,1,1008850006,,72.0,988956.0,210304.0,40.7439112,-73.9830169,8d,,104 019,10307.0,,,,1,24v3,5.0,14.0,,,,,,,,,,,,,,1007200.0,10072003001.0
MN,1967,5,109.0,213.03,2003.0,5.0,7.0,10027.0,E037,26.0,1100.0,1.0,2B,WEST 126 STREET,,M1-5/R7-2,,,,,,MX-15,,,,False,V1,11,0,,FACTORY ACQUISITION LLC,1608,0,,,,,,,,,7,0,,0,0,29.75,61.92,0,0,,0,True,4,5,315000,315000,0,0,0,0,,,0.0,3.44,5.0,6.5,1,1019670005,,21303.0,996823.0,235524.0,40.8131258,-73.954579,6a,,107N095,10707.0,,1019670006.0,10/24/2014,1,24v3,9.0,16.0,,,,,,,,,,,,,,1021303.0,10213032003.0
MN,1969,104,109.0,213.03,2000.0,5.0,7.0,10027.0,E037,26.0,1100.0,1.0,2B,AMSTERDAM AVENUE,,R7A,,,,C1-4,,,,,,False,V1,11,0,,"AMSTERDAM CONVENT REALTY ASSOCIATES, LIM ITED",342,0,,,,,,,,,7,0,,0,0,19.08,36.17,0,0,,0,True,6,5,450,450,0,0,0,0,,,0.0,4.0,0.0,4.0,1,1019690104,,21303.0,996885.0,236287.0,40.8152199,-73.9543536,6a,,107N096,10707.0,,,,1,24v3,9.0,16.0,,,,,,,,,,,,,,1021303.0,10213032000.0
MN,884,59,106.0,72.0,4002.0,2.0,2.0,10016.0,E016,13.0,5300.0,1.0,2A,132 EAST 29 STREET,,C6-2A,,,,,,,,,,False,V1,11,0,,WEXINGTON ROSEHILL LLC,1975,0,,,,,,,,,7,1,,0,0,20.0,98.75,0,0,,0,False,5,5,414450,414450,0,0,0,0,,,0.0,6.02,6.0,6.5,1,1008840059,,72.0,989308.0,209936.0,40.7429009,-73.9817468,8d,,104 019,10307.0,,,,1,24v3,6.0,14.0,,,,,,,,,,,,,,1007200.0,10072004002.0
MN,1847,33,110.0,197.02,1002.0,3.0,9.0,10026.0,E047,28.0,8520.0,1.0,1A,WEST 113 STREET,,R7A,,,,,,,,,,False,V1,11,0,,YAKUT LLC,1682,0,,,,,,,,,7,0,,0,0,16.67,100.92,0,0,,0,False,5,5,303750,303750,0,0,0,0,,,0.0,4.0,0.0,4.0,1,1018470033,,19702.0,995950.0,231703.0,40.8026394,-73.9577394,5d,,107N069,10702.0,,,,1,24v3,10.0,11.0,,,,,,,,,,,,,,1019702.0,10197021002.0
MN,1828,10,110.0,216.0,4001.0,3.0,9.0,10026.0,E047,28.0,2400.0,1.0,1A,255 WEST 112 STREET,,R7A,,,,,,,,,,False,V1,11,0,C,NYC DEPARTMENT OF EDUCATION,12312,0,,,,,,,,,7,0,,0,0,122.0,100.92,0,0,,0,False,5,5,1163700,1163700,1163700,0,0,0,,,0.0,4.0,0.0,4.0,1,1018280010,,216.0,996418.0,231326.0,40.801604,-73.9560497,6b,,107N057,10701.0,,,,1,24v3,10.0,11.0,,,,,,,,,,,,t,,1021600.0,10216004001.0
MN,1829,111,110.0,216.0,4000.0,3.0,9.0,10026.0,L040,28.0,2400.0,1.0,1A,261 WEST 113 STREET,,R7A,,,,,,,,,,False,V1,11,0,O,NYC HOUSING AUTHORITY,1817,0,,,,,,,,,7,0,,0,0,18.0,100.92,0,0,,0,False,5,5,168750,168750,168750,0,0,0,,,0.0,4.0,0.0,4.0,1,1018290111,,216.0,996533.0,231561.0,40.8022488,-73.9556339,6b,,107N058,10701.0,,,,1,24v3,10.0,11.0,,,,,,,,,,,,,,1021600.0,10216004000.0
MN,1976,19,109.0,203.0,1000.0,3.0,7.0,10027.0,E047,26.0,1800.0,1.0,1A,517 WEST 121 STREET,,R8,,,,,,,,,,False,V1,11,0,X,TEACHERS COLLEGE COLUMBIA UNIVERITY,12000,0,,,,,,,,,7,1,,0,0,50.0,191.83,0,0,,0,True,5,5,1780650,1780650,1780650,0,0,0,,,0.0,6.02,0.0,6.5,1,1019760019,,203.0,995398.0,234696.0,40.810855,-73.9597283,5c,,107N079,10707.0,,,,1,24v3,9.0,16.0,,,,,,,,,,,,,,1020300.0,10203001005.0
MN,2101,130,109.0,223.01,3003.0,6.0,7.0,10027.0,E080,30.0,900.0,1.0,2A,WEST 155 STREET,,M1-1,,,,,,,,,,False,V9,11,0,C,NYC DEPARTMENT OF ENVIRONMENTAL PROTECTION,1870,0,,,,,,,,,7,0,,0,0,60.5,137.0,0,0,,0,True,5,5,450,450,450,0,0,0,,,0.0,0.0,1.0,2.4,1,1021010130,,22301.0,996086.0,239009.0,40.8226921,-73.9572353,5c,,111S019,10710.0,,,,1,24v3,9.0,17.0,,1.0,,,,,,,,,,t,,1022301.0,10223013002.0
MN,2001,2,109.0,223.02,1000.0,5.0,7.0,10031.0,E080,30.0,900.0,1.0,2Q,RIVERSIDE DRIVE,,C6-2,,,,,,MMU,,,,False,V1,11,0,C,NYC DEPARTMENT OF CITYWIDE ADMINISTRATIVE SERVICES,666,0,,,,,,,,,7,0,,0,0,9.25,75.0,0,0,,0,True,8,5,7650,7650,7650,0,0,0,,,0.0,6.02,6.0,6.5,1,1020010002,,22302.0,995880.0,238283.0,40.8206997,-73.9579809,5c,,111S011,10707.0,,,,1,24v3,9.0,17.0,,,,,,,,,,,,t,,1022302.0,10223022000.0
MN,1952,41,110.0,257.0,1000.0,5.0,9.0,10027.0,E037,28.0,8520.0,1.0,1A,WEST 126 STREET,,C4-4D,,,,,,125th,,,,False,V1,11,0,,313-315 WEST 125TH STREET L.L.C.,4162,0,,,,,,,,,7,0,,0,0,46.33,89.83,0,0,,0,False,5,5,903150,903150,0,0,0,0,,,0.0,6.02,3.4,6.5,1,1019520041,,257.0,997623.0,234761.0,40.8110304,-73.9516905,6a,,107N097,10706.0,E-201,,,1,24v3,10.0,11.0,,,,,,,,,,,,,,1025700.0,10257001000.0
MN,1953,123,110.0,215.0,1002.0,5.0,9.0,10027.0,E037,28.0,8520.0,1.0,1A,WEST 126 STREET,,R8,R7-2,,,,,,,,,True,V1,11,0,,319 W 126 LLC,1665,0,,,,,,,,,7,0,,0,0,16.67,99.92,0,0,,0,False,5,5,287100,287100,0,0,0,0,,,0.0,6.02,0.0,6.5,1,1019530123,,215.0,997691.0,234899.0,40.811409,-73.9514445,6a,,107N097,10706.0,,,,1,24v3,10.0,11.0,,,,,,,,,,,,,,1021500.0,10215001002.0
MN,1950,128,110.0,257.0,1002.0,5.0,9.0,10027.0,L040,28.0,8520.0,1.0,1A,WEST 123 STREET,,C4-4D,,,,,,,,,,False,V1,11,0,,"258 SAINT NICHOLAS AVENUE,",836,0,,,,,,,,,7,0,,0,0,16.67,50.17,0,0,,0,False,5,5,187650,187650,0,0,0,0,,,0.0,6.02,3.4,6.5,1,1019500128,,257.0,997405.0,234087.0,40.8091807,-73.9524793,6a,,107N084,10706.0,,,,1,24v3,10.0,11.0,,,,,,,,,,,,,,1025700.0,10257001002.0
MN,1958,58,110.0,215.0,2001.0,5.0,9.0,10027.0,E037,32.0,8520.0,1.0,3A,ST NICHOLAS AVENUE,,R8,,,,,,,,,,False,V1,11,0,X,"HP GENESIS Y15 HOUSING DEVELOPMENT FUND  CO., INC.",3063,0,,,,,,,,,7,0,,0,0,24.5,125.0,0,0,,0,False,5,5,435600,435600,435600,0,0,0,,,0.0,6.02,0.0,6.5,1,1019580058,,215.0,998390.0,236014.0,40.8144683,-73.9489171,6a,,111S005,10706.0,,,,1,24v3,10.0,11.0,,,,,,,,,,,,,,1021500.0,10215002001.0
MN,1831,63,110.0,218.0,3000.0,3.0,9.0,10026.0,L040,28.0,1900.0,1.0,1A,2140 FREDRICK DOUGLASS BL,,R8A,,,,C1-4,,,,,,False,V1,11,0,,BATIA REALTY CORP,2546,0,,,,,,,,,7,0,,0,0,25.46,100.0,0,0,,0,False,5,5,324900,324900,0,0,0,0,,,0.0,6.02,0.0,6.5,1,1018310063,,218.0,996637.0,232204.0,40.8040135,-73.9552571,6b,,107N058,10701.0,,,,1,24v3,10.0,11.0,,,,,,,,,,,,,,1021800.0,10218003000.0
MN,1998,38,109.0,219.0,1008.0,5.0,7.0,10027.0,E080,26.0,1100.0,1.0,2A,602 WEST 132 STREET,,C6-1,,,,,,MMU,,,,False,V1,11,0,,TRUSTEES OF COLUMBIA UNIVERSITY IN THE C ITY OF NEW,4996,0,,,,,,,,,7,1,,0,0,50.0,99.92,0,0,,0,False,5,5,181800,181800,0,0,0,0,,,0.0,3.44,6.0,6.5,1,1019980038,,219.0,996082.0,237391.0,40.8182512,-73.9572526,5c,,111S002,10707.0,E-188,,,1,24v3,9.0,16.0,,,,,,,,,,,,,,1021900.0,10219001005.0
MN,1683,50,111.0,180.0,2000.0,4.0,8.0,10029.0,L026,23.0,2100.0,1.0,2B,2174 2 AVENUE,,R9A,,,,C2-5,,EHC,,,,False,V1,11,0,,"COAKLEY, SEAN P.",1875,0,,,,,,,,,7,0,,0,0,25.0,75.0,0,0,,0,False,5,5,325350,325350,0,0,0,0,,,0.0,7.52,0.0,7.5,1,1016830050,,180.0,1001004.0,228618.0,40.7941637,-73.939492,6b,,108N066,10605.0,E-422,,,1,24v3,11.0,12.0,,,,,,,,,,,,,,1018000.0,10180001000.0
MN,1896,38,109.0,205.0,3000.0,3.0,7.0,10025.0,E047,26.0,8800.0,1.0,1A,WEST 114 STREET,,R8,,,,,,,,,,False,V1,11,0,X,ST. HILDA'S AND ST. HUGH'S SCHOOL,1542,0,,,,,,,,,7,0,,0,0,22.0,70.11,0,0,,0,False,5,5,430650,430650,430650,0,0,0,,,0.0,6.02,0.0,6.5,1,1018960038,,205.0,993713.0,233559.0,40.8077363,-73.9658169,5c,,107N063,10703.0,,1018960009.0,01/07/1993,1,24v3,9.0,16.0,,,,,,,,,,,,,,1020500.0,10205003001.0
MN,1927,3,110.0,220.0,5000.0,3.0,9.0,10027.0,L040,28.0,1500.0,1.0,1A,2262 8 AVENUE,,R8A,,,,C2-4,,,,,,False,V1,11,0,,"SUN STAR REAL ESTATE DEVELOPMENT 2021B, LLC",2400,0,,,,,,,,,7,1,,0,0,24.25,100.0,0,0,,0,True,5,5,354600,354600,0,0,0,0,,,0.0,6.02,0.0,6.5,1,1019270003,,220.0,997381.0,233549.0,40.8077041,-73.952567,6a,,107N072,10705.0,,,,1,24v3,10.0,11.0,,,,,,,,,,,,,,1022000.0,10220005000.0
MN,1944,42,110.0,201.02,1000.0,3.0,9.0,10026.0,L040,28.0,8520.0,1.0,1A,314 WEST 118 STREET,,R7A,,,,,,,,,,False,V1,11,0,,2173 EQUITIES LLC,2018,0,,,,,,,,,7,1,,0,0,20.0,100.92,0,0,,0,False,5,5,187200,187200,0,0,0,0,,,0.0,4.0,0.0,4.0,1,1019440042,,20102.0,996585.0,232893.0,40.8059047,-73.9554436,6a,,107N070,10706.0,E-120,,,1,24v3,10.0,11.0,,,,,,,,,,,,,,1020102.0,10201021000.0
MN,1947,41,110.0,257.0,2004.0,3.0,9.0,10027.0,L040,28.0,8520.0,1.0,1A,310 WEST 121 STREET,,R7A,,,,,,,,,,False,V1,11,0,,MLMG ASSOCIATES LLC,2725,0,,,,,,,,,7,0,,0,0,27.0,100.92,0,0,,0,False,5,5,223200,223200,0,0,0,0,,,0.0,4.0,0.0,4.0,1,1019470041,,257.0,996967.0,233580.0,40.8077898,-73.9540625,6a,,107N083,10706.0,,,,1,24v3,10.0,11.0,,,,,,,,,,,,,,1025700.0,10257002003.0
MN,1912,61,110.0,224.0,2000.0,5.0,9.0,10027.0,L030,32.0,1200.0,1.0,3B,2159 ADAM C POWELL BLVD,,R7-2,,,,C1-4,,,,,,False,V1,11,0,,FAMOUS INDUSTRIES INC,2319,0,,,,,,,,,7,0,,0,0,30.92,75.0,0,0,,0,False,3,5,243450,243450,0,0,0,0,,,0.0,3.44,0.0,6.5,1,1019120061,,224.0,999017.0,234617.0,40.8106329,-73.946655,6a,,107N088,10704.0,,,,1,24v3,10.0,11.0,,,,,,,,,,,,,,1022400.0,10224002000.0
MN,1845,50,107.0,193.0,1001.0,3.0,7.0,10025.0,E076,24.0,2320.0,1.0,5A,CATHEDRAL PARKWAY,,C1-9,,,,,,,,,,False,V1,11,0,,UNAVAILABLE OWNER,1548,0,,,,,,,,,7,0,,0,0,192.0,15.0,0,0,,0,True,8,5,900,900,0,0,0,0,,,0.0,10.0,2.0,10.0,1,1018450050,,193.0,995619.0,230992.0,40.8006883,-73.9589362,5d,,107S055,10702.0,,,,1,24v3,7.0,16.0,,,,,,,,,,,,,,1019300.0,10193001001.0
MN,1955,7,110.0,215.0,1000.0,5.0,9.0,10027.0,E037,32.0,8520.0,1.0,3A,305 WEST 128 STREET,,R8,R8A,,,C2-4,,,,,,True,V1,11,0,,ORANGE BRICK GARAGECORP,9992,0,,,,,,,,,7,0,,0,0,50.0,199.84,0,0,,0,True,4,5,1248750,1248750,0,0,0,0,,,0.0,6.02,0.0,6.5,1,1019550007,,215.0,998076.0,235342.0,40.8126243,-73.9500528,6a,,107N098,10706.0,E-394,1019550007.0,01/27/2016,1,24v3,10.0,11.0,,,,,,,,,,,,,,1021500.0,10215001000.0
MN,1831,2,110.0,218.0,3000.0,3.0,9.0,10026.0,L040,28.0,1900.0,1.0,1A,2136 FREDERICK DOUGLASS BOULEVARD,,R8A,,,,C1-4,,,,,,False,V1,11,0,,"2136 FREDERICK DOUGLASS BOULEVARD, LLC",10000,0,,,,,,,,,7,3,,0,0,100.0,100.0,0,0,,0,False,5,5,319050,319050,0,0,0,0,,,0.0,6.02,0.0,6.5,1,1018310002,,218.0,996588.0,232116.0,40.8037721,-73.9554342,6b,,107N058,10701.0,,1018310002.0,08/09/2024,1,24v3,10.0,11.0,,,,,,,,,,,,,,1021800.0,10218003000.0
MN,1943,127,110.0,201.02,1001.0,3.0,9.0,10026.0,L040,28.0,8520.0,1.0,1A,WEST 116 STREET,,R7A,,,,C1-4,,,,,,False,V1,11,0,,"SINGLETON, MARCHALLJR",2,0,,,,,,,,,7,0,,0,0,3.14,1.42,0,0,,0,False,8,5,1305,1305,0,0,0,0,,,0.0,4.0,0.0,4.0,1,1019430127,,20102.0,996502.0,232581.0,40.8050485,-73.955744,6a,,107N070,10706.0,,,,1,24v3,10.0,11.0,,,,,,,,,,,,,,1020102.0,10201021001.0
MN,1944,5,110.0,201.02,4000.0,3.0,9.0,10026.0,L040,28.0,8520.0,1.0,1A,WEST 117 STREET,,R7A,,,,,,,,,,False,V1,11,0,X,"MORNINGSIDE PARC HOMEOWNERS ASSOCIATION,  INC",2523,0,,,,,,,,,7,0,,0,0,25.0,100.92,0,0,,0,False,5,5,0,0,0,0,0,0,,,0.0,4.0,0.0,4.0,1,1019440005,,20102.0,996136.0,233025.0,40.8062676,-73.9570653,5c,,107N070,10706.0,,,,1,24v3,10.0,11.0,,,,,,,,,,,,,,1020102.0,10201024000.0
MN,2050,164,109.0,227.0,2000.0,6.0,9.0,10031.0,L023,30.0,720.0,1.0,3B,ST NICHOLAS AVENUE,,R6A,,,,,,,,,,False,V1,11,0,,"O'BRYAN, CHARLES ELLIOTT",2001,0,,,,,,,,,7,0,,0,0,86.92,25.5,0,0,,0,True,6,5,22050,22050,0,0,0,0,,,0.0,3.0,0.0,3.0,1,1020500164,,227.0,999091.0,238850.0,40.8222512,-73.9463783,6a,,111S039,10709.0,,,,1,24v3,9.0,17.0,,,,,,,,,,,,,,1022700.0,10227002000.0
MN,1895,68,109.0,199.0,1000.0,3.0,7.0,10025.0,E047,26.0,2310.0,1.0,1A,618 WEST 114 STREET,,R8,,,,,,,,,,False,V1,11,0,,TRUSTEES OF COLUMBIA UNIVERSITY,2523,0,,,,,,,,,7,0,,0,0,25.0,100.92,0,0,,0,False,5,5,652950,652950,0,0,0,0,,,0.0,6.02,0.0,6.5,1,1018950068,,199.0,993669.0,233268.0,40.8069376,-73.9659763,5c,,107N063,10703.0,,,,1,24v3,9.0,16.0,,,,,,,,,,,,,,1019900.0,10199001000.0
MN,2089,14,109.0,229.0,5005.0,6.0,7.0,10031.0,L023,30.0,620.0,1.0,3A,RIVERSIDE DRIVE,,R6A,,,,,,,,,,False,V1,11,0,,SOMA 142 LLC,1680,0,,,,,,,,,7,0,,0,0,91.42,41.92,0,0,,0,True,5,5,141300,141300,0,0,0,0,,,0.0,3.0,0.0,3.0,1,1020890014,,229.0,997151.0,239969.0,40.8253256,-73.9533855,6a,,111S036,10710.0,,,,1,24v3,9.0,17.0,,,,,,,,,,,,,,1022900.0,10229005004.0
MN,1940,126,110.0,228.0,3001.0,5.0,9.0,10030.0,L028,32.0,1000.0,1.0,3A,209 WEST 134 STREET,,R7-2,,,,,,,,,,False,V1,11,0,,ABYSSINIAN CULTURAL BUILDING CORP,1699,0,,,,,,,,,7,0,,0,0,17.0,99.92,0,0,,0,False,5,5,238500,238500,0,0,0,0,,,0.0,3.44,0.0,6.5,1,1019400126,,228.0,999559.0,236240.0,40.8150867,-73.9446933,6a,,111S015,10705.0,,,,1,24v3,10.0,11.0,,,,,,,,,,,,,,1022800.0,10228003001.0
MN,1940,8,110.0,228.0,3001.0,5.0,9.0,10030.0,L028,32.0,1000.0,1.0,3A,261 WEST 134 STREET,,R7-2,,,,,,,,,,False,V4,11,0,C,NYC POLICE DEPARTMENT,4696,0,,,,,,,,,7,0,,0,0,47.0,99.92,0,0,,0,False,5,5,381600,381600,381600,0,0,0,,,0.0,3.44,0.0,6.5,1,1019400008,,228.0,999168.0,236457.0,40.8156829,-73.9461054,6a,,111S015,10705.0,,,,1,24v3,10.0,11.0,,,,,,,,,,,,t,,1022800.0,10228003001.0
MN,1969,6,109.0,213.03,2000.0,5.0,7.0,10027.0,E037,26.0,1100.0,1.0,2B,487 WEST 129 STREET,,R7A,,,,,,,,,,False,V1,11,0,,487 W 129TH ST PERMANENT HOUSING DEV FUN D CORP,9878,0,,,,,,,,,7,1,,0,0,97.5,99.92,0,0,,0,True,0,5,2338650,2338650,0,0,0,0,,,0.0,4.0,0.0,4.0,1,1019690006,,21303.0,996986.0,236237.0,40.8150825,-73.9539888,6a,,17N 096,10707.0,R-158,1019690006.0,08/20/2024,1,24v3,9.0,16.0,,,,,,,,,,,,,,1021303.0,10213032000.0
MN,1967,89,109.0,213.03,2002.0,5.0,7.0,10027.0,E037,26.0,1100.0,1.0,2B,460 WEST 128 STREET,,M1-5/R7-2,,,,,,MX-15,,,,False,V1,11,0,,J128 LLC,24366,0,,,,,,,,,7,0,,0,0,200.33,99.0,0,0,,0,True,5,5,1696050,1696050,0,0,0,0,,,0.0,3.44,5.0,6.5,1,1019670089,,21303.0,996850.0,235776.0,40.8138174,-73.954481,6a,,107N095,10707.0,E-284,,,1,24v3,9.0,16.0,,,,,,,,,,,,,,1021303.0,10213032002.0
MN,1969,78,109.0,213.03,2000.0,5.0,7.0,10027.0,E037,26.0,1100.0,1.0,2B,498 WEST 130 STREET,,R7A,,,,C1-4,,,,,,False,V1,11,0,,"130 LENOX, INC.",1246,0,,,,,,,,,7,0,,0,0,25.0,49.83,0,0,,0,False,5,5,141300,141300,0,0,0,0,,,0.0,4.0,0.0,4.0,1,1019690078,,21303.0,996925.0,236361.0,40.8154229,-73.9542089,6a,,107N096,10707.0,,,,1,24v3,9.0,16.0,,,,,,,,,,,,,,1021303.0,10213032000.0
MN,1950,55,109.0,209.01,1004.0,5.0,9.0,10027.0,L040,26.0,1400.0,1.0,1B,4 HANCOCK PLACE,,C4-4D,R7B,,,,,,,,,True,V1,11,0,,"FAISON, GEORGE",3051,0,,,,,,,,,7,0,,0,0,39.42,83.58,0,0,,0,True,5,5,216900,216900,0,0,0,0,,,0.0,6.02,3.4,6.5,1,1019500055,,20901.0,997048.0,234405.0,40.8100541,-73.9537683,6a,,107N084,10706.0,,,,1,24v3,9.0,16.0,,,,,,,,,,,,,,1020901.0,10209011004.0
MN,1996,61,109.0,219.0,1010.0,5.0,7.0,10027.0,E037,26.0,1100.0,1.0,2A,663 WEST 125 STREET,,C6-1,,,,,,MMU,,,,False,V1,11,0,X,THE TRUSTEES OF COLUMBIA UNIVERSITY,5025,0,,,,,,,,,7,1,,0,0,139.42,71.25,0,0,,0,True,3,5,760050,760050,760050,0,0,0,,,0.0,3.44,6.0,6.5,1,1019960061,,219.0,995343.0,237237.0,40.8178294,-73.9599228,5c,,107N092,10707.0,E-188,,,1,24v3,9.0,16.0,,,,,,,,,,,,,,1021900.0,10219001011.0
MN,1220,49,107.0,173.0,3000.0,3.0,6.0,10024.0,L022,24.0,3220.0,1.0,3A,136 WEST 90 STREET,,R7-2,,,,,,,,,,False,V1,11,0,C,NYC DEPARTMENT OF PARKS AND RECREATION,10070,0,,,,,,,,,7,0,,0,0,100.0,100.0,0,0,,0,False,5,5,1028250,1028250,1028250,0,0,0,,,0.0,3.44,0.0,6.5,1,1012200049,,173.0,991996.0,226920.0,40.7895157,-73.9720269,5d,,107S022,10409.0,,1012200019.0,12/24/1988,1,24v3,7.0,16.0,,,,,,,,,,,,t,,1017300.0,10173003000.0
MN,1754,67,111.0,206.0,1002.0,5.0,9.0,10037.0,L030,25.0,1600.0,1.0,3A,6 EAST 130 STREET,,R7B,,,,,,,,,,False,V1,11,0,,PHILADELPHIA COMM. SE,1665,0,,,,,,,,,7,1,,0,0,16.67,99.92,0,0,,0,False,5,5,154350,154350,0,0,0,0,,,0.0,3.0,0.0,3.0,1,1017540067,,206.0,1001012.0,234069.0,40.8091252,-73.9394495,6a,,108N088,10608.0,,,,1,24v3,11.0,11.0,,,,,,,,,,,,,,1020600.0,10206001002.0
MN,1754,61,111.0,206.0,1002.0,5.0,9.0,10037.0,L030,25.0,1600.0,1.0,3A,24 EAST 130 STREET,,R7B,,,,,,,,,,False,V1,11,0,,PHILADEPHIA COMMUNITY,1665,0,,,,,,,,,7,0,,0,0,16.67,99.92,0,0,,0,False,5,5,154350,154350,0,0,0,0,,,0.0,3.0,0.0,3.0,1,1017540061,,206.0,1001142.0,233995.0,40.8089219,-73.9389801,6a,,108N088,10608.0,,,,1,24v3,11.0,11.0,,,,,,,,,,,,,,1020600.0,10206001002.0
MN,1753,108,111.0,206.0,1003.0,5.0,9.0,10035.0,L030,25.0,1600.0,1.0,3A,13 EAST 128 STREET,,R7B,,,,,,,,,,False,V1,11,0,,128 STREET DEVELOPERS LLC,1932,0,,,,,,,,,7,1,,0,0,19.33,99.92,0,0,,0,False,5,5,134100,134100,0,0,0,0,,,0.0,3.0,0.0,3.0,1,1017530108,,206.0,1000886.0,233724.0,40.8081785,-73.9399055,6a,,108N087,10608.0,,,,1,24v3,11.0,11.0,,,,,,,,,,,,,,1020600.0,10206001003.0
MN,1754,167,111.0,206.0,1002.0,5.0,9.0,10037.0,L030,25.0,1600.0,1.0,3A,4 EAST 130 STREET,,R7B,,,,,,,,,,False,V1,11,0,,PHILADELPHIA COMM. SE,1665,0,,,,,,,,,7,1,,0,0,16.67,99.92,0,0,,0,False,5,5,154350,154350,0,0,0,0,,,0.0,3.0,0.0,3.0,1,1017540167,,206.0,1000996.0,234077.0,40.8091472,-73.9395073,6a,,108N088,10608.0,,,,1,24v3,11.0,11.0,,,,,,,,,,,,,,1020600.0,10206001002.0
MN,1122,37,107.0,153.0,5000.0,3.0,6.0,10023.0,L035,20.0,4000.0,1.0,1A,8 WEST 70 STREET,,R8B,R10A,,,,,,,,,True,V1,11,0,X,TRUST CONG SHEARITH I,6427,0,,,,,,,,,7,1,,0,0,64.0,100.42,0,0,,0,False,3,5,1484550,1484550,1484550,0,2013,2015,Upper West Side / Central Park West Historic District,,0.0,4.0,0.0,4.0,1,1011220037,,153.0,990442.0,221620.0,40.7749698,-73.9776437,8c,,106W026,10406.0,,,,1,24v3,7.0,15.0,,,,,,,,,,,,,,1015301.0,10153012000.0
MN,1966,141,109.0,209.01,1000.0,5.0,7.0,10027.0,E037,26.0,1400.0,1.0,2B,461 WEST 125 STREET,,R7A,,,,C2-4,,125th,,,,False,V1,11,0,,TSTY 125TH STREET LLC,2500,0,,,,,,,,,7,0,,0,0,25.0,100.0,0,0,,0,False,0,5,342000,342000,0,0,0,0,,,0.0,4.0,0.0,4.0,1,1019660141,,20901.0,996538.0,235515.0,40.8131015,-73.9556086,6a,,107N095,10707.0,,1019660095.0,11/01/2016,1,24v3,9.0,16.0,,,,,,,,,,,,,,1020901.0,10209011000.0
MN,1967,9,109.0,213.03,2003.0,5.0,7.0,10027.0,E037,26.0,1100.0,1.0,2B,429 WEST 126 STREET,,M1-5/R7-2,,,,,,MX-15,,,,False,V1,11,0,,423 COLUMBIA REALTY LLC,1200,0,,,,,,,,,7,1,,0,0,28.17,75.0,0,0,,0,True,5,5,198000,198000,0,0,0,0,,,0.0,3.44,5.0,6.5,1,1019670009,,21303.0,996859.0,235462.0,40.8129555,-73.9544491,6a,,107N095,10707.0,E-284,,,1,24v3,9.0,16.0,,,,,,,,,,,,,,1021303.0,10213032003.0
MN,1953,46,110.0,215.0,1002.0,5.0,9.0,10027.0,E037,28.0,8520.0,1.0,1A,ST NICHOLAS AVENUE,,R8,,,,,,,,,,False,V1,11,0,,319 W 126 LLC,1649,0,,,,,,,,,7,0,,0,0,16.71,98.96,0,0,,0,True,5,5,284850,284850,0,0,0,0,,,0.0,6.02,0.0,6.5,1,1019530046,,215.0,997676.0,234965.0,40.8115902,-73.9514986,6a,,107N097,10706.0,,,,1,24v3,10.0,11.0,,,,,,,,,,,,,,1021500.0,10215001002.0
MN,1451,106,108.0,134.0,5000.0,2.0,5.0,10021.0,E044,19.0,4200.0,1.0,3B,EAST 76 STREET,,R8B,,,,C2-5,,,,,,False,V1,11,0,,EAST EGG ASSOCIATES,253,0,,,,,,,,,7,0,,0,0,3.0,84.17,0,0,,0,False,8,5,2250,2250,0,0,0,0,,,0.0,4.0,0.0,4.0,1,1014510106,,134.0,996495.0,220313.0,40.7713761,-73.9557917,9a,,108S014,10511.0,,,,1,24v3,8.0,13.0,,,,,,,,,,,,,,1013400.0,10134005001.0
MN,1879,140,107.0,195.0,4000.0,3.0,7.0,10025.0,E076,24.0,2310.0,1.0,5B,WEST 108 STREET,,R8B,,,,,,,,,,False,V1,11,0,,SKEPPLE EDWIN,101,0,,,,,,,,,7,0,,0,0,0.4,100.92,0,0,,0,True,8,5,450,450,0,0,0,0,,,0.0,4.0,0.0,4.0,1,1018790140,,195.0,993750.0,231427.0,40.8018845,-73.9656863,5d,,107S044,10703.0,,,,1,24v3,7.0,16.0,,,,,,,,,,,,,,1019500.0,10195004000.0
MN,1914,146,110.0,224.0,1000.0,5.0,9.0,10027.0,L030,32.0,1200.0,1.0,3B,132 WEST 130 STREET,,R7-2,,,,,,,,,,False,V1,11,0,,"132 WEST 130TH, LLC",1749,0,,,,,,,,,7,0,,0,0,17.5,99.92,0,0,,0,False,5,5,22950,22950,0,0,0,0,Central Harlem West -- 130-132nd Street Historic District,,0.0,3.44,0.0,6.5,1,1019140146,,224.0,999590.0,234854.0,40.8112824,-73.9445845,6a,,107N100,10704.0,,,,1,24v3,10.0,11.0,,,,,,,,,,,,,,1022400.0,10224001000.0
MN,1941,27,110.0,228.0,3000.0,5.0,9.0,10030.0,L028,32.0,1000.0,1.0,3A,203 WEST 135 STREET,,R7-2,,,,C1-4,,,,,,False,V1,11,0,C,NYC HOUSING PRESERVATION AND DEVELOPMENT,2498,0,,,,,,,,,7,0,,0,0,25.0,99.92,0,0,,0,False,5,5,193950,193950,193950,0,0,0,,,0.0,3.44,0.0,6.5,1,1019410027,,228.0,999717.0,236496.0,40.815789,-73.944122,6a,,111S015,10705.0,,,,1,24v3,10.0,11.0,,,,,,,,,,,,t,,1022800.0,10228003000.0
MN,1943,25,110.0,201.02,1001.0,3.0,9.0,10026.0,L040,28.0,8520.0,1.0,1A,311 WEST 116 STREET,,R7A,,,,C1-4,,,,,,False,V1,11,0,,388 MANHATTAN AVE CORP             C/O Y UCO MANGERMENT INC.,2523,0,,,,,,,,,7,0,,0,0,25.0,100.92,0,0,,0,False,5,5,234450,234450,0,0,0,0,,,0.0,4.0,0.0,4.0,1,1019430025,,20102.0,996445.0,232555.0,40.8049772,-73.95595,6a,,107N070,10706.0,,,,1,24v3,10.0,11.0,,,,,,,,,,,,,,1020102.0,10201021001.0
MN,1865,41,109.0,197.01,1002.0,3.0,7.0,10025.0,E047,26.0,2320.0,1.0,1B,CATHEDRAL PARKWAY,,R7-2,,,,,,,,,,False,V1,11,0,,"AVB MORNINGSIDE PARK, LLC",7040,0,,,,,,,,,7,0,,0,0,157.11,51.0,0,0,,0,True,5,5,1138500,1138500,0,0,0,0,,,0.0,3.44,0.0,6.5,1,1018650041,,19701.0,994943.0,231514.0,40.8021219,-73.961377,5d,,17N 054,10703.0,,1018650040.0,02/12/2008,1,24v3,9.0,16.0,,,,,,,,,,,,,,1019701.0,10197011002.0
MN,2023,142,110.0,228.0,4000.0,5.0,9.0,10030.0,L028,32.0,1000.0,1.0,3A,WEST 138 STREET,,R7-2,,,,,,,,,,False,V1,11,0,,214 WEST 138TH STREE,1199,0,,,,,,,,,7,0,,0,0,12.0,99.92,0,0,,0,False,8,5,6300,6300,0,0,0,0,,,0.0,3.44,0.0,6.5,1,1020230142,,228.0,999905.0,237104.0,40.8174575,-73.9434413,6a,,111S025,10708.0,,,,1,24v3,10.0,11.0,,,,,,,,,,,,,,1022800.0,10228004000.0
MN,1944,40,110.0,201.02,1000.0,3.0,9.0,10026.0,L040,28.0,8520.0,1.0,1A,310 WEST 118 STREET,,R7A,,,,,,,,,,False,V1,11,0,,2173 EQUITIES LLC,2523,0,,,,,,,,,7,0,,0,0,25.0,100.92,0,0,,0,False,5,5,234450,234450,0,0,0,0,,,0.0,4.0,0.0,4.0,1,1019440040,,20102.0,996622.0,232873.0,40.8058498,-73.95531,6a,,107N070,10706.0,E-120,,,1,24v3,10.0,11.0,,,,,,,,,,,,,,1020102.0,10201021000.0
MN,1730,19,110.0,212.0,4002.0,5.0,9.0,10037.0,L030,32.0,1300.0,1.0,3B,WEST 134 STREET,,R7-2,,,,,,,,,,False,V1,11,0,X,CATHOLIC CHARITIES ETAL,5675,0,,,,,,,,,7,0,,0,0,167.0,214.83,0,0,,0,True,5,5,422550,422550,422550,0,0,0,,,0.0,3.44,0.0,6.5,1,1017300019,,212.0,1000947.0,235311.0,40.8125343,-73.9396812,6a,,111S008,10607.0,,,,1,24v3,10.0,11.0,,,,,,,,,,,,,,1021200.0,10212004000.0
MN,1807,122,111.0,192.0,1005.0,4.0,8.0,10035.0,E035,25.0,1700.0,1.0,2B,451 EAST 119 STREET,,R7A,R7-2,,,,,,,,,True,V1,11,0,,HOLY ROSARY CHURCH,3835,0,,,,,,,,,7,0,,0,0,38.0,100.92,0,0,,0,False,5,5,396450,396450,0,0,0,0,,,0.0,4.0,0.0,4.0,1,1018070122,,192.0,1003061.0,229787.0,40.7973682,-73.9320598,6b,,108N085,10611.0,,,,1,24v3,11.0,12.0,,1.0,,,,,,,,,,,,1019200.0,10192001004.0
MN,1720,2,110.0,200.0,1000.0,3.0,9.0,10027.0,L014,28.0,1500.0,1.0,1B,204 LENOX AVENUE,,R7-2,,,,C1-4,,,,,,False,V1,11,0,,"130 LENOX, INC.",1600,0,,,,,,,,,7,0,,0,0,20.0,80.0,0,0,,0,False,5,5,151200,151200,0,0,0,0,,,0.0,3.44,0.0,6.5,1,1017200002,,200.0,998836.0,232430.0,40.8046305,-73.9473136,6a,,107N076,10607.0,,,,1,24v3,10.0,11.0,,,,,,,,,,,,,,1020000.0,10200001000.0
MN,1791,46,111.0,242.0,3007.0,5.0,8.0,10035.0,E035,25.0,1700.0,1.0,3B,2321 3 AVENUE,,C6-3,,,,,,,,,,False,V9,11,0,C,NYC HOUSING PRESERVATION AND DEVELOPMENT,6983,0,,,,,,,,,7,0,,0,0,69.83,100.0,0,0,,0,False,3,5,750150,750150,750150,0,0,0,,,0.0,7.52,6.0,10.0,1,1017910046,,242.0,1002274.0,232346.0,40.8043936,-73.9348954,6b,True,108N091,10610.0,,1017910001.0,07/29/2015,1,24v3,11.0,12.0,,,,,,,,,,,,t,,1024200.0,10242003005.0
MN,1937,65,110.0,226.0,3003.0,5.0,9.0,10027.0,E037,32.0,1200.0,1.0,3A,FREDERICK DOUGLASS BOULEVARD,,R7-2,,,,C1-4,,,,,,False,V1,11,0,,2460 FDB LP,7765,0,,,,,,,,,7,0,,0,0,100.0,84.3,0,0,,0,False,0,5,79650,79650,0,0,0,0,,,0.0,3.44,0.0,6.5,1,1019370065,,226.0,998713.0,235948.0,40.8142866,-73.9477503,6a,,1,1.0,,1019370001.0,12/19/2022,1,24v3,10.0,11.0,,,,,,,,,,,,,,1022600.0,10226003003.0
MN,1730,7,110.0,212.0,3000.0,5.0,9.0,10037.0,L030,32.0,1300.0,1.0,3B,73 WEST 132 STREET,,R7-2,,,,,,,,,,False,V1,11,0,,"73-77 WEST 132ND STREET HOLDINGS, LLC",5620,0,,,,,,,,,7,1,,0,0,56.25,99.92,0,0,,0,False,5,5,499050,499050,0,0,0,0,,,0.0,3.44,0.0,6.5,1,1017300007,,212.0,1000478.0,235138.0,40.8120603,-73.941376,6a,,111S008,10607.0,,,,1,24v3,10.0,11.0,,,,,,,,,,,,,,1021200.0,10212003000.0
MN,1729,61,110.0,208.0,1000.0,5.0,9.0,10037.0,L030,32.0,1300.0,1.0,3B,64 WEST 132 STREET,,R7-2,,,,,,,,,,False,V1,11,0,,EAST 132ND ST LLC,1874,0,,,,,,,,,7,0,,0,0,18.75,99.92,0,0,,0,False,5,5,231300,231300,0,0,0,0,,,0.0,3.44,0.0,6.5,1,1017290061,,208.0,1000496.0,234948.0,40.8115388,-73.9413114,6a,,111S008,10607.0,,,,1,24v3,10.0,11.0,,,,,,,,,,,,,,1020800.0,10208001000.0
MN,1784,102,111.0,194.0,2001.0,4.0,8.0,10035.0,E035,25.0,1700.0,1.0,2B,3 AVENUE,,C4-6,,,,,,EHC,,,,False,V1,11,0,,19 CRESCENT CORP,25,0,,,,,,,,,7,0,,0,0,0.25,66.83,0,0,,0,False,8,5,1305,1305,0,0,0,0,,,0.0,10.0,3.4,10.0,1,1017840102,,194.0,1001389.0,230687.0,40.7998418,-73.9380963,6b,,108N075,10610.0,,1017840002.0,07/05/2013,1,24v3,11.0,12.0,,,,,,,,,,,,,,1019400.0,10194002001.0
MN,1795,116,111.0,188.0,1000.0,4.0,8.0,10035.0,E035,25.0,2100.0,1.0,2B,EAST 118 STREET,,R7A,,,,,,,,,,False,V1,11,0,,"FOUNDATION DR GEORGINA FALU, INC.",1682,0,,,,,,,,,7,0,,0,0,16.67,100.92,0,0,,0,False,5,5,189450,189450,0,0,0,0,,,0.0,4.0,0.0,4.0,1,1017950116,,188.0,1002152.0,229992.0,40.7979327,-73.9353423,6b,,108N076,10611.0,,,,1,24v3,11.0,12.0,1.0,1.0,,,,,,,,,,,,1018800.0,10188001000.0
MN,1795,11,111.0,188.0,1000.0,4.0,8.0,10035.0,E035,25.0,2100.0,1.0,2B,317 EAST 118 STREET,,R7A,,,,,,,,,,False,V1,11,0,X,PROJECT LINKAGE HOUSING DEVELOPMENT FUND  CORP,2523,0,,,,,,,,,7,0,,0,0,25.0,100.92,0,0,,0,False,5,5,273150,273150,273150,0,0,0,,,0.0,4.0,0.0,4.0,1,1017950011,,188.0,1002053.0,230047.0,40.7980839,-73.9356997,6b,,108N076,10611.0,,,,1,24v3,11.0,12.0,1.0,,,,,,,,,,,,,1018800.0,10188001000.0
MN,1795,3,111.0,188.0,1000.0,4.0,8.0,10035.0,E035,25.0,2100.0,1.0,2B,2306 2 AVENUE,,R9A,,,,C2-5,,EHC,TA,,,True,V1,11,0,,"FROM , AARON",2160,0,,,,,,,,,7,1,,0,0,27.0,80.0,0,0,,0,False,5,5,433350,433350,0,0,0,0,,,0.0,7.52,0.0,7.5,1,1017950003,,188.0,1001866.0,230169.0,40.7984191,-73.9363748,6b,,108N076,10611.0,E-422,,,1,24v3,11.0,12.0,,,,,,,,,,,,,,1018800.0,10188001000.0
MN,1786,35,111.0,194.0,3000.0,4.0,8.0,10035.0,E035,25.0,1700.0,1.0,3B,232 EAST 122 STREET,,R7A,,,,,,,,,,False,V1,11,0,,CLARKE PATRICK,1901,0,,,,,,,,,7,0,,0,0,18.83,100.92,0,0,,0,False,5,5,195300,195300,0,0,0,0,,,0.0,4.0,0.0,4.0,1,1017860035,,194.0,1001949.0,231121.0,40.801032,-73.9360725,6b,,108N083,10610.0,,,,1,24v3,11.0,12.0,,,,,,,,,,,,,,1019400.0,10194003000.0
MN,1796,2,111.0,194.0,2000.0,4.0,8.0,10035.0,E035,25.0,1700.0,1.0,2B,2324 2 AVENUE,,R9A,,,,C2-5,,EHC,TA,,,True,V1,11,0,,2324 2ND AVE LLC,1875,0,,,,,,,,,7,1,,0,0,25.0,75.0,0,0,,0,False,5,5,397350,397350,0,0,0,0,,,0.0,7.52,0.0,7.5,1,1017960002,,194.0,1001977.0,230374.0,40.7989816,-73.9359734,6b,,108N076,10611.0,E-422,,,1,24v3,11.0,12.0,,,,,,,,,,,,,,1019400.0,10194002000.0
MN,1784,26,111.0,194.0,2001.0,4.0,8.0,10035.0,E035,25.0,1700.0,1.0,2B,2333 2 AVENUE,,R9A,,,,C2-5,,EHC,TA,,,True,V1,11,0,X,PECORA GROUP DEVELOPMENT LLC,2071,0,,,,,,,,,7,0,,0,0,25.25,82.0,0,0,,0,False,5,5,314550,314550,314550,0,0,0,,,0.0,7.52,0.0,7.5,1,1017840026,,194.0,1001875.0,230548.0,40.7994594,-73.9363413,6b,,108N075,10610.0,E-422,,,1,24v3,11.0,12.0,,,,,,,,,,,,,,1019400.0,10194002001.0
MN,1788,19,111.0,194.0,4000.0,5.0,8.0,10035.0,E035,25.0,1700.0,1.0,3B,245 EAST 123 STREET,,R7B,,,,,,,,,,False,V1,11,0,,245 EAST 123RD STREET LLC,2725,0,,,,,,,,,7,0,,0,0,27.0,100.92,0,0,,0,False,5,5,174600,174600,0,0,0,0,,,0.0,3.0,0.0,3.0,1,1017880019,,194.0,1002246.0,231436.0,40.8018959,-73.9349989,6b,,108N083,10610.0,,,,1,24v3,11.0,12.0,,,,,,,,,,,,,,1019400.0,10194004000.0
MN,1784,28,111.0,194.0,2001.0,4.0,8.0,10035.0,E035,25.0,1700.0,1.0,2B,2337 2 AVENUE,,R9A,,,,C2-5,,EHC,TA,,,True,V1,11,0,X,PECORA GROUP DEVELOPMENT LLC,2064,0,,,,,,,,,7,0,,0,0,25.17,82.0,0,0,,0,False,3,5,314100,314100,314100,0,0,0,,,0.0,7.52,0.0,7.5,1,1017840028,,194.0,1001900.0,230593.0,40.7995828,-73.9362509,6b,,108N075,10610.0,E-422,,,1,24v3,11.0,12.0,,,,,,,,,,,,,,1019400.0,10194002001.0
MN,1784,27,111.0,194.0,2001.0,4.0,8.0,10035.0,E035,25.0,1700.0,1.0,2B,2335 2 AVENUE,,R9A,,,,C2-5,,EHC,TA,,,True,V1,11,0,X,PECORA GROUP DEVELOPMENT LLC,2071,0,,,,,,,,,7,0,,0,0,25.25,82.0,0,0,,0,False,5,5,314550,314550,314550,0,0,0,,,0.0,7.52,0.0,7.5,1,1017840027,,194.0,1001887.0,230570.0,40.7995197,-73.9362979,6b,,108N075,10610.0,E-422,,,1,24v3,11.0,12.0,,,,,,,,,,,,,,1019400.0,10194002001.0
MN,2024,10,110.0,230.0,3001.0,5.0,9.0,10030.0,L028,32.0,1000.0,1.0,4A,WEST 138 STREET,,R7-2,,,,,,,,,,False,V1,11,0,C,"COHEN REVOCABLE TRUST, LISA W",1199,0,,,,,,,,,7,0,,0,0,12.0,99.92,0,0,,0,False,8,5,13500,13500,13500,0,0,0,,,0.0,3.44,0.0,6.5,1,1020240010,,230.0,999707.0,237394.0,40.8182538,-73.944156,6a,,111S025,10708.0,,,,1,24v3,10.0,11.0,,,,,,,,,,,,,,1023000.0,10230003001.0
MN,2024,110,110.0,230.0,3001.0,5.0,9.0,10030.0,L028,32.0,1000.0,1.0,4A,WEST 138 STREET,,R7-2,,,,,,,,,,False,V1,11,0,,"251W138, LLC",1199,0,,,,,,,,,7,0,,0,0,12.0,99.92,0,0,,0,False,8,5,13500,13500,0,0,0,0,,,0.0,3.44,0.0,6.5,1,1020240110,,230.0,999717.0,237388.0,40.8182373,-73.9441199,6a,,111S025,10708.0,,,,1,24v3,10.0,11.0,,,,,,,,,,,,,,1023000.0,10230003001.0
MN,2023,154,110.0,228.0,4000.0,5.0,9.0,10030.0,L028,32.0,1000.0,1.0,3A,WEST 138 STREET,,R7-2,,,,,,,,,,False,V1,11,0,,"SHAW, EULALEE",1199,0,,,,,,,,,7,0,,0,0,12.0,99.92,0,0,,0,False,8,5,13500,13500,0,0,0,0,,,0.0,3.44,0.0,6.5,1,1020230154,,228.0,999641.0,237250.0,40.8178587,-73.9443948,6a,,111S025,10708.0,,,,1,24v3,10.0,11.0,,,,,,,,,,,,,,1022800.0,10228004000.0
MN,1901,156,110.0,218.0,1001.0,3.0,9.0,10026.0,E058,28.0,1900.0,1.0,1B,WEST 117 STREET,,R7-2,,,,,,,,,,False,V1,11,0,X,MALCOLM SHABAZZ GARDENS HOMEOWNERS ASSOC . INC.,1405,0,,,,,,,,,7,0,,0,0,13.92,100.92,0,0,,0,False,5,5,0,0,0,0,0,0,,,0.0,3.44,0.0,6.5,1,1019010156,,218.0,997715.0,231969.0,40.8033669,-73.9513637,6b,,17N 073,10704.0,,1019010053.0,03/15/2000,1,24v3,10.0,11.0,,,,,,,,,,,,,,1021800.0,10218001001.0
MN,1901,150,110.0,218.0,1001.0,3.0,9.0,10026.0,E058,28.0,1900.0,1.0,1B,WEST 117 STREET,,R7-2,,,,,,,,,,False,V1,11,0,X,MALCOLM SHABAZZ GARDENS HOMEOWNERS ASSOC . INC.,1497,0,,,,,,,,,7,0,,0,0,14.83,100.92,0,0,,0,False,5,5,0,0,0,0,0,0,,,0.0,3.44,0.0,6.5,1,1019010150,,218.0,997848.0,231895.0,40.8031636,-73.9508835,6b,,17N 073,10704.0,,,,1,24v3,10.0,11.0,,,,,,,,,,,,,,1021800.0,10218001001.0
MN,1824,21,110.0,218.0,2003.0,3.0,9.0,10026.0,E058,28.0,1900.0,1.0,1B,113 WEST 114 STREET,,R7-2,,,,,,,,,,False,V1,11,0,C,NYC HOUSING PRESERVATION AND DEVELOPMENT,2649,0,,,,,,,,,7,0,,0,0,26.25,100.92,0,0,,0,False,5,5,206100,206100,206100,0,0,0,,,0.0,3.44,0.0,6.5,1,1018240021,,218.0,997657.0,231239.0,40.8013634,-73.9515747,6b,,107N060,10701.0,,,,1,24v3,10.0,11.0,,,,,,,,,,,,t,,1021800.0,10218002003.0
MN,1724,117,110.0,208.0,3001.0,5.0,9.0,10027.0,L030,28.0,1300.0,1.0,1B,43 WEST 126 STREET,,R7-2,,,,,,,,,,False,V1,11,0,,"ANNETTE B. CARTER, AS TRUSTEE",2082,0,,,,,,,,,7,0,,0,0,20.83,99.92,0,0,,0,False,5,5,184050,184050,0,0,0,0,,,0.0,3.44,0.0,6.5,1,1017240117,,208.0,999941.0,233654.0,40.8079881,-73.9433193,6a,,107N090,10607.0,,,,1,24v3,10.0,11.0,,,,,,,,,,,,,,1020800.0,10208003001.0
MN,1728,9,110.0,208.0,1001.0,5.0,9.0,10037.0,L030,32.0,1300.0,1.0,3B,61 WEST 130 STREET,,R7-2,,,,,,,,,,False,V1,11,0,C,NYC HOUSING PRESERVATION AND DEVELOPMENT,1998,0,,,,,,,,,7,0,,0,0,20.0,99.92,0,0,,0,False,5,5,202500,202500,202500,0,0,0,,,0.0,3.44,0.0,6.5,1,1017280009,,208.0,1000264.0,234662.0,40.8107542,-73.9421502,6a,,111S008,10607.0,,,,1,24v3,10.0,11.0,,,,,,,,,,,,t,,1020800.0,10208001001.0
MN,1727,51,110.0,208.0,2000.0,5.0,9.0,10037.0,L030,32.0,1300.0,1.0,3B,28 WEST 130 STREET,,R7-2,,,,,,,,,,False,V1,11,0,,NINA JUSTINIANO,2498,0,,,,,,,,,7,0,,0,0,25.0,99.92,0,0,,0,False,5,5,182700,182700,0,0,2021,0,Individual Landmark,INDIVIDUAL LANDMARK,0.0,3.44,0.0,6.5,1,1017270051,,208.0,1000464.0,234371.0,40.8099552,-73.9414284,6a,,107N101,10607.0,,,,1,24v3,10.0,11.0,,,,,,,,,,,,,,1020800.0,10208002000.0
MN,1773,20,111.0,196.0,3005.0,5.0,8.0,10035.0,L014,25.0,1600.0,1.0,3B,EAST 125 STREET,,C4-4D,,,,,,125th,TA,,,True,V1,11,0,X,METROPOLITAN TRANSPORTATION AUTHORITY,36228,0,,,,,,,,,7,1,,0,0,220.1,179.6,0,0,,0,True,3,5,2288700,2288700,2288700,0,0,0,,,0.0,6.02,3.4,6.5,1,1017730020,,196.0,1001611.0,232147.0,40.8038487,-73.9372907,6b,,108N082,10609.0,E-201,1017730020.0,08/12/2021,1,24v3,11.0,11.0,,,,,,,,,,,,,,1019600.0,10196003005.0
MN,1907,5,110.0,222.0,2003.0,5.0,9.0,10027.0,L014,28.0,1500.0,1.0,1B,WEST 122 STREET,,R7-2,,,,C2-4,,,,,,False,V1,11,0,,"ABJ MILANO, LLC",1875,0,,,,,,,,,7,0,,0,0,18.58,100.92,0,0,,0,False,5,5,264150,264150,0,0,0,0,,,0.0,3.44,0.0,6.5,1,1019070005,,222.0,998355.0,233291.0,40.8069945,-73.9490492,6a,,107N087,10704.0,,,,1,24v3,10.0,11.0,,,,,,,,,,,,,,1022200.0,10222002003.0
MN,1806,46,111.0,178.0,1000.0,4.0,8.0,10035.0,E035,25.0,2100.0,1.0,2B,2316 1 AVENUE,,R7X,,,,C1-5,,,,,,False,V1,11,0,,2316 FIRST LLC,1413,0,,,,,,,,,7,0,,0,0,22.08,64.0,0,0,,0,False,3,5,219150,219150,0,0,0,0,,,0.0,5.0,0.0,5.0,1,1018060046,,178.0,1002577.0,229920.0,40.7977343,-73.9338075,6b,,108N077,10611.0,,,,1,24v3,11.0,12.0,1.0,1.0,,,,,,,,,,,,1017800.0,10178001000.0
MN,2030,49,110.0,232.0,4001.0,5.0,9.0,10039.0,E069,32.0,800.0,1.0,4A,WEST 145 STREET,,R7-2,,,,C2-4,,,,,,False,V1,11,0,,B WOLF PETROLEUM CP,37,0,,,,,,,,,7,0,,0,0,0.38,99.92,0,0,,0,False,8,5,1170,1170,0,0,0,0,,,0.0,3.44,0.0,6.5,1,1020300049,,232.0,1000656.0,238764.0,40.8220124,-73.9407241,6a,,111S041,10708.0,,,,1,24v3,10.0,11.0,,,,,,,,,,,,,,1023200.0,10232004001.0
MN,1666,105,111.0,188.0,3000.0,4.0,8.0,10029.0,L026,25.0,2100.0,1.0,2B,205 EAST 116 STREET,,R7D,C4-6,,,C1-5,,EHC,,,,True,V1,11,0,,DLRMD REALTY CO,3014,0,,,,,,,,,7,0,,0,0,30.0,100.92,0,0,,0,True,5,5,790650,790650,0,0,0,0,,,0.0,4.2,0.0,4.2,1,1016660105,,188.0,1001037.0,230010.0,40.7979843,-73.9393694,6b,,108N075,10604.0,E-422,,,1,24v3,11.0,12.0,,,,,,,,,,,,,,1018800.0,10188003001.0
MN,1666,5,111.0,188.0,3000.0,4.0,8.0,10029.0,L026,25.0,2100.0,1.0,2B,207 EAST 116 STREET,,R7D,,,,C1-5,,EHC,,,,False,V1,11,0,,DLRMD REALTY CO,3028,0,,,,,,,,,7,0,,0,0,30.0,100.92,0,0,,0,False,5,5,346950,346950,0,0,0,0,,,0.0,4.2,0.0,4.2,1,1016660005,,188.0,1001061.0,229997.0,40.7979486,-73.9392827,6b,,108N075,10604.0,E-422,,,1,24v3,11.0,12.0,,,,,,,,,,,,,,1018800.0,10188003001.0
MN,1643,129,111.0,182.0,3003.0,4.0,8.0,10029.0,L026,25.0,2000.0,1.0,2A,EAST 115 STREET,,R7B,,,,,,,,,,False,V1,11,0,,"PRUITT, KEVIN",329,0,,,,,,,,,7,0,,0,0,20.29,14.17,0,0,,0,True,6,5,2250,2250,0,0,0,0,,,0.0,3.0,0.0,3.0,1,1016430129,,182.0,1000555.0,229976.0,40.7978919,-73.9411103,6b,,108N073,10603.0,,,,1,24v3,11.0,12.0,,,,,,,,,,,,,,1018200.0,10182003004.0
MN,1947,145,110.0,257.0,2004.0,3.0,9.0,10027.0,L040,28.0,8520.0,1.0,1A,502 MANHATTAN AVENUE,,R7A,,,,,,,,,,False,V1,11,0,,510 MANHATTAN AFFORDABLE HOUSING LP,1781,0,,,,,,,,,7,0,,0,0,18.75,95.0,0,0,,0,False,5,5,150300,150300,0,0,0,0,,,0.0,4.0,0.0,4.0,1,1019470145,,257.0,996882.0,233624.0,40.8079107,-73.9543694,6a,,107N083,10706.0,,,,1,24v3,10.0,11.0,,,,,,,,,,,,,,1025700.0,10257002003.0
MN,1895,63,109.0,199.0,1000.0,3.0,7.0,10025.0,E047,26.0,2310.0,1.0,1A,WEST 114 STREET,,R8,,,,,,,,,,False,V1,11,0,,TRUSTEES OF COLUMBIA UNIVERSITY,2592,0,,,,,,,,,7,0,,0,0,25.92,100.0,0,0,,0,False,5,5,670500,670500,0,0,0,0,,,0.0,6.02,0.0,6.5,1,1018950063,,199.0,993779.0,233207.0,40.80677,-73.965579,5c,,107N063,10703.0,,,,1,24v3,9.0,16.0,,,,,,,,,,,,,,1019900.0,10199001000.0
MN,1608,58,111.0,168.0,3003.0,4.0,8.0,10029.0,E053,23.0,2810.0,1.0,1A,22 EAST 103 STREET,,R7-2,,,,C2-5,,,,,,False,V1,11,0,X,THE MOUNT SINAI HOSPITAL,2523,0,,,,,,,,,7,0,,0,0,25.0,100.92,0,0,,0,False,5,5,681300,681300,681300,0,2022,0,,,0.0,3.44,0.0,6.5,1,1016080058,,168.0,997717.0,227687.0,40.791614,-73.9513651,6b,,108N049,10602.0,,,,1,24v3,11.0,12.0,,,,,,,,,,,,,,1016800.0,10168003003.0
MN,1608,57,111.0,168.0,3003.0,4.0,8.0,10029.0,E053,23.0,2810.0,1.0,1A,24 EAST 103 STREET,,R7-2,,,,C2-5,,,,,,False,V1,11,0,X,THE MOUNT SINAI HOSPITAL,2523,0,,,,,,,,,7,0,,0,0,25.0,100.92,0,0,,0,False,5,5,681300,681300,681300,0,2023,0,,,0.0,3.44,0.0,6.5,1,1016080057,,168.0,997740.0,227674.0,40.7915783,-73.951282,6b,,108N049,10602.0,,,,1,24v3,11.0,12.0,,,,,,,,,,,,,,1016800.0,10168003003.0
MN,1822,59,110.0,216.0,3001.0,3.0,9.0,10026.0,E058,28.0,2400.0,1.0,1B,144 WEST 113 STREET,,R7-2,,,,,,,,,,False,V1,11,0,X,"GATEWAY PROPERTIES L.P.,",2044,0,,,,,,,,,7,0,,0,0,20.25,100.92,0,0,,0,False,5,5,0,0,0,0,0,0,,,0.0,3.44,0.0,6.5,1,1018220059,,216.0,997127.0,231052.0,40.8008509,-73.9534894,6b,,107N059,10701.0,,,,1,24v3,10.0,11.0,,,,,,,,,,,,,,1021600.0,10216003001.0
MN,1795,49,111.0,188.0,1000.0,4.0,8.0,10035.0,E035,25.0,2100.0,1.0,2B,308 EAST 119 STREET,,R7A,,,,,,,,,,False,V1,11,0,,308 EAST 119TH STREET LLC,2018,0,,,,,,,,,7,0,,0,0,20.0,100.92,0,0,,0,False,5,5,218700,218700,0,0,0,0,,,0.0,4.0,0.0,4.0,1,1017950049,,188.0,1001987.0,230200.0,40.798504,-73.9359377,6b,,108N076,10611.0,,,,1,24v3,11.0,12.0,,,,,,,,,,,,,,1018800.0,10188001000.0
MN,1785,29,111.0,194.0,3001.0,4.0,8.0,10035.0,E035,25.0,1700.0,1.0,2B,2357 2 AVENUE,,R9A,,,,C2-5,,EHC,,,,False,V1,11,0,X,ODYSSEY HOUSE INC,2013,0,,,,,,,,,7,0,,0,0,25.17,80.0,0,0,,0,False,3,5,532800,532800,532800,0,0,0,,,0.0,7.52,0.0,7.5,1,1017850029,,194.0,1002028.0,230822.0,40.8002111,-73.935788,6b,,108N083,10610.0,,,,1,24v3,11.0,12.0,,,,,,,,,,,,,,1019400.0,10194003001.0
MN,1953,47,110.0,215.0,1002.0,5.0,9.0,10027.0,E037,28.0,8520.0,1.0,1A,ST NICHOLAS AVENUE,,R8,,,,,,,,,,False,V1,11,0,,319 W 126 LLC,1377,0,,,,,,,,,7,0,,0,0,16.72,85.97,0,0,,0,True,5,5,241200,241200,0,0,0,0,,,0.0,6.02,0.0,6.5,1,1019530047,,215.0,997662.0,234953.0,40.8115573,-73.9515492,6a,,107N097,10706.0,,,,1,24v3,10.0,11.0,,,,,,,,,,,,,,1021500.0,10215001002.0
MN,1953,20,110.0,215.0,1002.0,5.0,9.0,10027.0,E037,28.0,8520.0,1.0,1A,322 ST NICHOLAS AVENUE,,R8,,,,,,,,,,False,V1,11,0,,319 W 126 LLC,1848,0,,,,,,,,,7,0,,0,0,30.37,75.24,0,0,,0,True,3,5,343800,343800,0,0,0,0,,,0.0,6.02,0.0,6.5,1,1019530020,,215.0,997605.0,234929.0,40.8114915,-73.9517551,6a,,107N097,10706.0,,,,1,24v3,10.0,11.0,,,,,,,,,,,,,,1021500.0,10215001002.0
MN,1709,111,111.0,178.0,2001.0,4.0,8.0,10029.0,L026,25.0,2100.0,1.0,2B,427 EAST 115 STREET,,R7B,,,,,,,,,,False,V1,11,0,,HOPE EAST OF FIFTH HOUSING DEVELOPMENT F UND CO INC,1113,0,,,,,,,,,7,0,,0,0,25.0,58.13,0,0,,0,True,5,5,94050,94050,47025,0,0,0,,,0.0,3.0,0.0,3.0,1,1017090111,,178.0,1002312.0,228927.0,40.7950093,-73.9347673,6b,,18N 077,10606.0,,1017090013.0,05/09/2000,1,24v3,11.0,12.0,,1.0,,,,,,,,,,,,1017800.0,10178002002.0
MN,1912,60,110.0,224.0,2000.0,5.0,9.0,10027.0,L030,32.0,1200.0,1.0,3B,166 WEST 128 STREET,,R7-2,,,,C1-4,,,,,,False,V1,11,0,,FAMOUS INDUSTRIES INC,3747,0,,,,,,,,,7,0,,0,0,37.5,99.92,0,0,,0,False,5,5,264150,264150,0,0,0,0,,,0.0,3.44,0.0,6.5,1,1019120060,,224.0,999050.0,234559.0,40.8104736,-73.9465359,6a,,107N088,10704.0,,,,1,24v3,10.0,11.0,,,,,,,,,,,,,,1022400.0,10224002000.0
MN,1912,62,110.0,224.0,2000.0,5.0,9.0,10027.0,L030,32.0,1200.0,1.0,3B,2157 ADAM C POWELL BLVD,,R7-2,,,,C1-4,,,,,,False,V1,11,0,,FAMOUS INDUSTRIES INC,1425,0,,,,,,,,,7,0,,0,0,19.0,75.0,0,0,,0,False,5,5,202950,202950,0,0,0,0,,,0.0,3.44,0.0,6.5,1,1019120062,,224.0,999005.0,234595.0,40.8105725,-73.9466984,6a,,107N088,10704.0,,,,1,24v3,10.0,11.0,,,,,,,,,,,,,,1022400.0,10224002000.0
MN,1599,69,110.0,190.0,1003.0,3.0,9.0,10026.0,E058,28.0,1900.0,1.0,1B,68 WEST 116 STREET,,C4-5X,,,,,,,,,,False,V1,11,0,C,NYC HOUSING PRESERVATION AND DEVELOPMENT,3028,0,,,,,,,,,7,0,,0,0,30.0,100.92,0,0,,0,False,5,5,656550,656550,656550,0,0,0,,,0.0,5.0,4.0,5.0,1,1015990069,,190.0,998252.0,231330.0,40.8016122,-73.9494254,6b,,107N062,10601.0,,,,1,24v3,10.0,11.0,,,,,,,,,,,,t,,1019000.0,10190002002.0
MN,1717,118,110.0,190.0,1000.0,3.0,9.0,10026.0,E058,28.0,1900.0,1.0,1B,WEST 118 STREET,,R7-2,,,,,,,,,,False,V1,11,0,X,MALCOLM SHABAZZ GARDENS HOMEOWNERS ASSOC . INC.,1345,0,,,,,,,,,7,0,,0,0,13.33,100.92,0,0,,0,False,5,5,0,0,0,0,0,0,,,0.0,3.44,0.0,6.5,1,1017170118,,190.0,998922.0,231782.0,40.8028518,-73.9470044,6b,,17N 075,10607.0,,,,1,24v3,10.0,11.0,,,,,,,,,,,,,,1019000.0,10190001001.0
MN,1901,138,110.0,218.0,1001.0,3.0,9.0,10026.0,E058,28.0,1900.0,1.0,1B,WEST 117 STREET,,R7-2,,,,,,,,,,False,V1,11,0,X,MALCOLM SHABAZZ GARDENS HOMEOWNERS ASSOC IATION INC,1497,0,,,,,,,,,7,0,,0,0,14.83,100.92,0,0,,0,False,5,5,0,0,0,0,0,0,,,0.0,3.44,0.0,6.5,1,1019010138,,218.0,998118.0,231746.0,40.8027543,-73.9499085,6b,,17N 073,10704.0,,,,1,24v3,10.0,11.0,,,,,,,,,,,,,,1021800.0,10218001001.0
MN,1789,146,111.0,242.0,3009.0,5.0,8.0,10035.0,E035,25.0,1700.0,1.0,3B,3 AVENUE,,C4-4D,C6-3,,,,,125th,,,,True,V1,11,0,,UNAVAILABLE OWNER,663,0,,,,,,,,,7,0,,0,0,25.0,26.0,0,0,,0,False,6,5,12600,12600,0,0,0,0,,,0.0,6.02,3.4,6.5,1,1017890146,,242.0,1002099.0,231891.0,40.8031451,-73.9355287,6b,,108N090,10610.0,,1017890046.0,05/02/2012,1,24v3,11.0,12.0,,,,,,,,,,,,,,1024200.0,10242003007.0
MN,1786,133,111.0,194.0,3000.0,4.0,8.0,10035.0,E035,25.0,1700.0,1.0,3B,236 EAST 122 STREET,,R7A,,,,,,,,,,False,V1,11,0,,CLARKE PATRICK,1875,0,,,,,,,,,7,0,,0,0,18.58,100.92,0,0,,0,False,5,5,194850,194850,0,0,0,0,,,0.0,4.0,0.0,4.0,1,1017860133,,194.0,1001982.0,231103.0,40.8009825,-73.9359534,6b,,108N083,10610.0,,,,1,24v3,11.0,12.0,,,,,,,,,,,,,,1019400.0,10194003000.0
MN,1914,22,110.0,224.0,1000.0,5.0,9.0,10027.0,L030,32.0,1200.0,1.0,3B,WEST 129 STREET,,R7-2,,,,,,,,,,False,V1,11,0,C,NYC DEPARTMENT OF CITYWIDE ADMINISTRATIVE SERVICES,1249,0,,,,,,,,,7,0,,0,0,12.5,99.92,0,0,,0,False,5,5,176850,176850,176850,0,0,0,,,0.0,3.44,0.0,6.5,1,1019140022,,224.0,999613.0,234724.0,40.8109256,-73.9445017,6a,,107N100,10704.0,,,,1,24v3,10.0,11.0,,,,,,,,,,,,t,,1022400.0,10224001000.0
MN,1915,52,110.0,226.0,2001.0,5.0,9.0,10027.0,L030,32.0,1200.0,1.0,3B,142 WEST 131 STREET,,R7-2,,,,,,,,,,False,V1,11,0,,WEST 131 LLC,3197,0,,,,,,,,,7,0,,0,0,32.0,99.92,0,0,,0,False,5,5,287100,287100,0,0,0,0,,,0.0,3.44,0.0,6.5,1,1019150052,,226.0,999594.0,235150.0,40.8120948,-73.9445694,6a,,111S007,10704.0,,,,1,24v3,10.0,11.0,,,,,,,,,,,,,,1022600.0,10226002001.0
MN,1756,16,111.0,206.0,1000.0,5.0,9.0,10037.0,L030,25.0,1600.0,1.0,3A,2086 MADISON AVENUE,,R7A,,,,C1-4,,,,,,False,V1,11,0,,MADISON AVE HSG DEVEL FUND CORP,1875,0,,,,,,,,,7,0,,0,0,25.0,75.0,0,0,,0,False,5,5,174150,174150,0,0,0,0,,,0.0,4.0,0.0,4.0,1,1017560016,,206.0,1001424.0,234333.0,40.809849,-73.9379606,6a,,111S009,10608.0,,,,1,24v3,11.0,11.0,,,,,,,,,,,,,,1020600.0,10206001000.0
MN,1786,34,111.0,194.0,3000.0,4.0,8.0,10035.0,E035,25.0,1700.0,1.0,3B,234 EAST 122 STREET,,R7A,,,,,,,,,,False,V1,11,0,,CLARKE PATRICK,1892,0,,,,,,,,,7,0,,0,0,18.75,100.92,0,0,,0,False,5,5,196650,196650,0,0,0,0,,,0.0,4.0,0.0,4.0,1,1017860034,,194.0,1001965.0,231112.0,40.8010072,-73.9360148,6b,,108N083,10610.0,,,,1,24v3,11.0,12.0,,,,,,,,,,,,,,1019400.0,10194003000.0
MN,1704,5,111.0,162.0,1000.0,4.0,8.0,10029.0,E091,23.0,2600.0,1.0,2B,F D R DRIVE,,M1-4,R7-2,,,,,,,,,True,V1,11,0,X,1199 HOUSING CORPORATION,12848,0,,,,,,,,,7,0,,0,0,66.0,201.83,0,0,,0,False,3,5,793350,793350,793350,0,0,0,,,0.0,0.0,2.0,6.5,1,1017040005,,162.0,1001693.0,227866.0,40.7920984,-73.9370056,6b,,108N060,10606.0,,,,1,24v3,11.0,12.0,1.0,1.0,,,,,,,,,,,,1016200.0,10162001000.0
MN,1927,48,110.0,220.0,5000.0,3.0,9.0,10027.0,L040,28.0,1500.0,1.0,1A,230 WEST 122 STREET,,R7A,,,,,,,,,,False,V1,11,0,,"NEP WEST 119TH STREET PROPERTIES, LLC",3431,0,,,,,,,,,7,0,,0,0,34.0,100.92,0,0,,0,False,5,5,281250,281250,0,0,0,0,,,0.0,4.0,0.0,4.0,1,1019270048,,220.0,997736.0,233454.0,40.8074428,-73.9512849,6a,,107N072,10705.0,,,,1,24v3,10.0,11.0,,,,,,,,,,,,,,1022000.0,10220005000.0
MN,1926,16,110.0,220.0,5001.0,3.0,9.0,10027.0,L040,28.0,1500.0,1.0,1A,227 WEST 120 STREET,,R7A,,,,,,,,,,False,V1,11,0,C,NYC DEPARTMENT OF EDUCATION,3364,0,,,,,,,,,7,0,,0,0,16.67,201.83,0,0,,0,False,5,5,275850,275850,275850,0,0,0,,,0.0,4.0,0.0,4.0,1,1019260016,,220.0,997573.0,233187.0,40.8067102,-73.9518742,6a,,107N072,10705.0,,,,1,24v3,10.0,11.0,,,,,,,,,,,,t,,1022000.0,10220005001.0
MN,1913,52,110.0,224.0,1001.0,5.0,9.0,10027.0,L030,32.0,1200.0,1.0,3B,WEST 129 STREET,,R7-2,,,,,,,,,,False,V1,11,0,C,NYC HOUSING PRESERVATION AND DEVELOPMENT,2548,0,,,,,,,,,7,0,,0,0,25.5,99.92,0,0,,0,False,5,5,198900,198900,198900,0,0,0,,,0.0,3.44,0.0,6.5,1,1019130052,,224.0,999347.0,234693.0,40.8108409,-73.9454627,6a,,107N100,10704.0,,,,1,24v3,10.0,11.0,,,,,,,,,,,,t,,1022400.0,10224001001.0
MN,1915,6,110.0,226.0,2001.0,5.0,9.0,10027.0,L030,32.0,1200.0,1.0,3B,WEST 130 STREET,,R7-2,,,,,,,,,,False,V1,11,0,X,FRIENDSHIP BAPTIST CH,12490,0,,,,,,,,,7,0,,0,0,125.0,450.0,0,0,,0,False,5,5,1064700,1064700,1064700,0,0,0,,,0.0,3.44,0.0,6.5,1,1019150006,,226.0,999438.0,235118.0,40.8120073,-73.945133,6a,,111S007,10704.0,,,,1,24v3,10.0,11.0,,,,,,,,,,,,,,1022600.0,10226002001.0
MN,1913,153,110.0,224.0,1001.0,5.0,9.0,10027.0,L030,32.0,1200.0,1.0,3B,146 WEST 129 STREET,,R7-2,,,,,,,,,,False,V1,11,0,,"DAVID, COHN",1249,0,,,,,,,,,7,0,,0,0,12.5,99.92,0,0,,0,False,5,5,86850,86850,0,0,0,0,,,0.0,3.44,0.0,6.5,1,1019130153,,224.0,999319.0,234709.0,40.8108849,-73.9455638,6a,,107N100,10704.0,,,,1,24v3,10.0,11.0,,,,,,,,,,,,,,1022400.0,10224001001.0
MN,1913,53,110.0,224.0,1001.0,5.0,9.0,10027.0,L030,32.0,1200.0,1.0,3B,144 WEST 129 STREET,,R7-2,,,,,,,,,,False,V1,11,0,,AMOS FINANCIAL LLC,1249,0,,,,,,,,,7,0,,0,0,12.5,99.92,0,0,,0,False,5,5,15300,15300,0,0,0,0,,,0.0,3.44,0.0,6.5,1,1019130053,,224.0,999331.0,234702.0,40.8108657,-73.9455205,6a,,107N100,10704.0,,,,1,24v3,10.0,11.0,,,,,,,,,,,,,,1022400.0,10224001001.0
MN,1751,126,111.0,206.0,2005.0,5.0,9.0,10035.0,L030,25.0,1600.0,1.0,3A,45 EAST 126 STREET,,R7-2,,,,,,,,,,False,V1,11,0,,HARLEM MULTI ONE LLC,1998,0,,,,,,,,,7,0,,0,0,20.0,99.92,0,0,,0,False,5,5,34650,34650,0,0,0,0,,,0.0,3.44,0.0,6.5,1,1017510126,,206.0,1001025.0,233053.0,40.8063366,-73.9394051,6a,,108N087,10608.0,,,,1,24v3,11.0,11.0,,,,,,,,,,,,,,1020600.0,10206002006.0
MN,1632,20,111.0,166.0,1000.0,4.0,8.0,10029.0,E053,23.0,2810.0,1.0,1A,1655 LEXINGTON AVENUE,,R7D,,,,C1-5,,EHC,,,,False,V1,11,0,X,HOPE COMMUNITY INC,3500,0,,,,,,,,,7,0,,0,0,50.0,70.0,0,0,,0,False,5,5,302400,302400,302400,0,0,0,,,0.0,4.2,0.0,4.2,1,1016320020,,166.0,998963.0,227477.0,40.7910356,-73.9468657,6b,,108N051,10603.0,E-422,1016320020.0,12/13/1993,1,24v3,11.0,12.0,1.0,,,,,,,,,,,,,1016600.0,10166001000.0
MN,1614,15,111.0,174.01,3002.0,4.0,9.0,10029.0,E091,23.0,2500.0,1.0,1A,1620 MADISON AVENUE,,R7-2,,,,C1-5,,,,,,False,V1,11,0,,1620 GROUP,2187,0,,,,,,,,,7,0,,0,0,25.0,87.5,0,0,,0,False,5,5,406350,406350,0,0,0,0,,,0.0,3.44,0.0,6.5,1,1016140015,,17401.0,998456.0,228988.0,40.7951838,-73.9486935,6b,,108N061,10602.0,,,,1,24v3,11.0,12.0,,,,,,,,,,,,,,1017401.0,10174013001.0
MN,1608,56,111.0,168.0,3003.0,4.0,8.0,10029.0,E053,23.0,2810.0,1.0,1A,1514 MADISON AVENUE,,R7-2,,,,C2-5,,,,,,False,V1,11,0,X,THE MOUNT SINAI HOSPITAL,2018,0,,,,,,,,,7,0,,0,0,20.0,100.92,0,0,,0,False,3,5,517500,517500,517500,0,2023,0,,,0.0,3.44,0.0,6.5,1,1016080056,,168.0,997761.0,227662.0,40.7915453,-73.9512062,6b,,108N049,10602.0,,,,1,24v3,11.0,12.0,,,,,,,,,,,,,,1016800.0,10168003003.0
MN,1612,101,111.0,174.01,2001.0,4.0,9.0,10029.0,E091,23.0,2500.0,1.0,1A,5 AVENUE,,R9,,,,,,PI,,,,False,V1,11,0,,"LAKEVIEW ACQUISITION CO., L.P.",12276,0,,,,,,,,,7,0,,0,0,135.71,90.46,0,0,,0,False,5,5,1440450,1440450,0,0,0,0,,,0.0,7.52,0.0,10.0,1,1016120101,,17401.0,998008.0,228644.0,40.7942403,-73.9503122,6b,,108N050,10602.0,,1016120001.0,12/18/2018,1,24v3,11.0,12.0,,,,,,,,,,,,,,1017401.0,10174012001.0
MN,1725,107,110.0,208.0,3000.0,5.0,9.0,10027.0,L030,32.0,1300.0,1.0,3B,73 WEST 127 STREET,,R7-2,,,,,,,,,,False,V1,11,0,X,HARLEM GROWN INC.,1665,0,,,,,,,,,7,0,,0,0,16.67,99.92,0,0,,0,False,5,5,234000,234000,234000,0,0,0,,,0.0,3.44,0.0,6.5,1,1017250107,,208.0,999847.0,234003.0,40.8089462,-73.9436581,6a,,107N090,10607.0,,,,1,24v3,10.0,11.0,,,,,,,,,,,,,,1020800.0,10208003000.0
MN,1724,2,110.0,208.0,3001.0,5.0,9.0,10027.0,L030,28.0,1300.0,1.0,1B,322 LENOX AVENUE,,R7-2,,,,C2-4,,,,,,False,V1,11,0,,ATOC INCORPORATED,2475,0,,,,,,,,,7,0,,0,0,33.0,75.0,0,0,,0,False,5,5,169200,169200,0,0,0,0,,,0.0,3.44,0.0,6.5,1,1017240002,,208.0,999612.0,233836.0,40.8084883,-73.9445074,6a,,107N090,10607.0,,,,1,24v3,10.0,11.0,,,,,,,,,,,,,,1020800.0,10208003001.0
MN,1724,71,110.0,208.0,3001.0,5.0,9.0,10027.0,L030,28.0,1300.0,1.0,1B,334 LENOX AVENUE,,R7-2,,,,C2-4,,,,,,False,V1,11,0,,"328 LENOX AVENUE REALTY CORP., INC.",1403,0,,,,,,,,,7,0,,0,0,16.5,85.0,0,0,,0,False,5,5,199800,199800,0,0,0,0,,,0.0,3.44,0.0,6.5,1,1017240071,,208.0,999661.0,233914.0,40.8087023,-73.9443302,6a,,107N090,10607.0,,,,1,24v3,10.0,11.0,,,,,,,,,,,,,,1020800.0,10208003001.0
MN,1726,41,110.0,208.0,2002.0,5.0,9.0,10027.0,L030,32.0,1300.0,1.0,3B,4 WEST 129 STREET,,R7-2,,,,,,,,,,False,V1,11,0,X,SHILOH CHURCH/CHRISTINC,7494,0,,,,,,,,,7,0,,0,0,75.0,99.92,0,0,,0,False,5,5,715950,715950,715950,0,0,0,,,0.0,3.44,0.0,6.5,1,1017260041,,208.0,1000537.0,234035.0,40.8090328,-73.9411655,6a,,107N101,10607.0,,,,1,24v3,10.0,11.0,,,,,,,,,,,,,,1020800.0,10208002002.0
MN,1726,31,110.0,208.0,2002.0,5.0,9.0,10027.0,L030,32.0,1300.0,1.0,3B,9 WEST 128 STREET,,R7-2,,,,,,,,,,False,V1,11,0,X,"SHILOH CHURCH OF CHRIST, DISCIPLES",1898,0,,,,,,,,,7,0,,0,0,19.0,99.92,0,0,,0,False,5,5,192600,192600,192600,0,0,0,,,0.0,3.44,0.0,6.5,1,1017260031,,208.0,1000479.0,233951.0,40.8088023,-73.9413752,6a,,107N101,10607.0,,,,1,24v3,10.0,11.0,,,,,,,,,,,,,,1020800.0,10208002002.0
MN,1773,27,111.0,196.0,3005.0,5.0,8.0,10035.0,L014,25.0,1600.0,1.0,3B,EAST 125 STREET,,C4-4D,,,,,,125th,TA,,,True,V1,11,0,,160 EAST 125TH OWNER LLC,42540,0,,,,,,,,,7,0,,0,0,240.6,201.1,0,0,,0,False,5,5,2686950,2686950,0,0,0,0,,,0.0,6.02,3.4,6.5,1,1017730027,,196.0,1001793.0,232057.0,40.8036013,-73.9366335,6b,,18N 082,10609.0,E-201,1017730020.0,08/12/2021,1,24v3,11.0,11.0,,,,,,,,,,,,,,1019600.0,10196003005.0
MN,1772,47,111.0,196.0,3004.0,5.0,8.0,10035.0,L014,25.0,1600.0,1.0,3B,162 EAST 124 STREET,,R7-2,,,,,,,,,,False,V1,11,0,,MAHONEY REALTY LLC,2153,0,,,,,,,,,7,1,,0,0,21.33,100.92,0,0,,0,False,5,5,190350,190350,0,0,0,0,,,0.0,3.44,0.0,6.5,1,1017720047,,196.0,1001569.0,231929.0,40.8032504,-73.937443,6b,,108N082,10609.0,,,,1,24v3,11.0,11.0,,,,,,,,,,,,,,1019600.0,10196003004.0
MN,1633,52,111.0,172.0,4002.0,4.0,8.0,10029.0,E091,23.0,2500.0,1.0,1A,152 EAST 106 STREET,,R7D,,,,C1-5,,EHC,,,,False,V1,11,0,,PENNSYLVANIA HOLDING LLC,2023,0,,,,,,,,,7,0,,0,0,25.0,80.92,0,0,,0,False,5,5,179100,179100,0,0,0,0,,,0.0,4.2,0.0,4.2,1,1016330052,,172.0,999143.0,227806.0,40.7919384,-73.9462149,6b,,108N052,10603.0,E-422,,,1,24v3,11.0,12.0,,,,,,,,,,,,,,1017200.0,10172004002.0
MN,1637,33,111.0,172.0,5000.0,4.0,8.0,10029.0,E091,23.0,2500.0,1.0,1A,3RD AVENUE,,R9,,,,C2-5,,EHC,,,,False,V1,11,0,,THIRD AVE NY REALTY LLC,7682,0,,,,,,,,,7,0,,0,0,80.86,95.0,0,0,,0,False,3,5,898650,898650,0,0,0,0,,,0.0,7.52,0.0,10.0,1,1016370033,,172.0,999909.0,228483.0,40.7937952,-73.943447,6b,,108N063,10603.0,,1016370033.0,06/21/2022,1,24v3,11.0,12.0,,,,,,,,,,,,,,1017200.0,10172005000.0
MN,1772,46,111.0,196.0,3004.0,5.0,8.0,10035.0,L014,25.0,1600.0,1.0,3B,164 EAST 124 STREET,,R7-2,,,,,,,,,,False,V1,11,0,,MAHONEY REALTY LLC,2153,0,,,,,,,,,7,1,,0,0,21.33,100.92,0,0,,0,False,5,5,190350,190350,0,0,0,0,,,0.0,3.44,0.0,6.5,1,1017720046,,196.0,1001587.0,231919.0,40.803223,-73.937378,6b,,108N082,10609.0,,,,1,24v3,11.0,11.0,,,,,,,,,,,,,,1019600.0,10196003004.0
MN,1772,140,111.0,196.0,3004.0,5.0,8.0,10035.0,L014,25.0,1600.0,1.0,3B,182 EAST 124 STREET,,C4-6,,,,,,EHC,,,,False,V1,11,0,,178 EAST 124TH STREET LLC,3232,0,,,,,,,,,7,0,,0,0,31.0,100.92,0,0,,0,True,5,5,279000,279000,0,0,0,0,,,0.0,10.0,3.4,10.0,1,1017720140,,196.0,1001731.0,231840.0,40.8030058,-73.936858,6b,,108N082,10609.0,E-422,,,1,24v3,11.0,11.0,,,,,,,,,,,,,,1019600.0,10196003004.0
MN,1944,30,110.0,201.02,1000.0,3.0,9.0,10026.0,L040,28.0,8520.0,1.0,1A,2173 FREDRICK DOUGLASS BL,,R8A,,,,C1-4,,,,,,False,V1,11,0,,2173 EQUITIES LLC,2567,0,,,,,,,,,7,1,,0,0,25.67,100.0,0,0,,0,False,5,5,327600,327600,0,0,0,0,,,0.0,6.02,0.0,6.5,1,1019440030,,20102.0,996688.0,232706.0,40.8053913,-73.9550719,6a,,107N070,10706.0,,,,1,24v3,10.0,11.0,,,,,,,,,,,,,,1020102.0,10201021000.0
MN,1680,2,111.0,170.0,5000.0,4.0,8.0,10029.0,E091,23.0,2600.0,1.0,1B,2 AVENUE,,R9A,,,,C2-5,,EHC,TA,,,True,V1,11,0,,UPPER EASTSIDE COMMUNITY DEVELOPMENT CORP,42,0,,,,,,,,,7,0,,0,0,0.5,100.0,0,0,,0,False,8,5,450,450,0,0,0,0,,,0.0,7.52,0.0,7.5,1,1016800002,,170.0,1000579.0,227826.0,40.7919907,-73.9410289,6b,,108N066,10605.0,,,,1,24v3,11.0,12.0,1.0,1.0,,,,,,,,,,,,1017000.0,10170005000.0
MN,1773,69,111.0,196.0,3002.0,5.0,9.0,10035.0,L014,25.0,1600.0,1.0,3B,1815 PARK AVENUE,,C6-4,,,,,,125th,TA,,,True,V1,11,0,X,METROPOLITAN TRANSPORTATION AUTHORITY MTA REAL ESTATE DEPARTMENT,6810,0,,,,,,,,,7,1,,0,0,75.67,90.0,0,0,,0,False,3,5,1633500,1633500,1633500,0,0,0,,,0.0,10.0,10.0,10.0,1,1017730069,,196.0,1001185.0,232457.0,40.8047004,-73.9388287,6a,,108N082,10609.0,E-201,,,1,24v3,11.0,11.0,,,,,,,,,,,,,,1019600.0,10196003002.0
MN,1773,72,111.0,196.0,3002.0,5.0,9.0,10035.0,L014,25.0,1600.0,1.0,3B,1811 PARK AVENUE,,C6-4,,,,,,125th,TA,,,True,V1,11,0,O,METROPOLITAN TRANSPORTATION AUTHORITY,2843,0,,,,,,,,,7,0,,0,0,31.58,90.0,0,0,,0,False,5,5,782550,782550,782550,0,0,0,,,0.0,10.0,10.0,10.0,1,1017730072,,196.0,1001158.0,232408.0,40.804566,-73.9389263,6a,,108N082,10609.0,E-201,,,1,24v3,11.0,11.0,,,,,,,,,,,,,,1019600.0,10196003002.0
MN,1773,4,111.0,196.0,3002.0,5.0,9.0,10035.0,L014,25.0,1600.0,1.0,3B,1807 PARK AVENUE,,C6-4,,,,,,125th,TA,,,True,V1,11,0,O,METROPOLITAN TRANSPORTATION AUTHORITY,2843,0,,,,,,,,,7,0,,0,0,31.58,90.0,0,0,,0,False,5,5,782550,782550,782550,0,0,0,,,0.0,10.0,10.0,10.0,1,1017730004,,196.0,1001142.0,232380.0,40.8044891,-73.9389842,6a,True,108N082,10609.0,E-201,,,1,24v3,11.0,11.0,,,,,,,,,,,,,,1019600.0,10196003002.0
MN,1770,31,111.0,196.0,2000.0,4.0,8.0,10035.0,L014,25.0,1600.0,1.0,3B,EAST 121 STREET,,R7B,,,,,,,,,,False,V1,11,0,,"GROGAN, TERENCE J",1905,0,,,,,,,,,7,0,,0,0,22.42,85.0,0,0,,0,False,5,5,162000,162000,0,0,0,0,,,0.0,3.0,0.0,3.0,1,1017700031,,196.0,1001288.0,231361.0,40.801692,-73.9384594,6b,,108N081,10609.0,,,,1,24v3,11.0,11.0,,,,,,,,,,,,,,1019600.0,10196002000.0
MN,1917,36,110.0,226.0,1002.0,5.0,9.0,10037.0,E059,32.0,1200.0,1.0,3B,463 LENOX AVENUE,,R7-2,,,,C2-4,,,,,,False,V1,11,0,,FAMOUS INDUSTRIES INC,1147,0,,,,,,,,,7,0,,0,0,17.92,64.0,0,0,,0,False,3,5,146700,146700,0,0,0,0,,,0.0,3.44,0.0,6.5,1,1019170036,,226.0,1000249.0,235429.0,40.8128595,-73.9422025,6a,,111S007,10704.0,,,,1,24v3,10.0,11.0,,,,,,,,,,,,,,1022600.0,10226001003.0
MN,1918,126,110.0,226.0,1000.0,5.0,9.0,10030.0,E059,32.0,1200.0,1.0,3B,WEST 133 STREET,,R7-2,,,,,,,,,,False,V4,11,0,C,FIRE DEPARTMENT OF NEW YORK,1665,0,,,,,,,,,7,0,,0,0,16.67,99.92,0,0,,0,False,5,5,234000,234000,234000,0,0,0,,,0.0,3.44,0.0,6.5,1,1019180126,,226.0,1000223.0,235577.0,40.8132657,-73.9422961,6a,,111S016,10704.0,,,,1,24v3,10.0,11.0,,,,,,,,,,,,t,,1022600.0,10226001000.0
MN,1918,54,110.0,226.0,1000.0,5.0,9.0,10030.0,E059,32.0,1200.0,1.0,3B,132 WEST 134 STREET,,R7-2,,,,,,,,,,False,V1,11,0,,132 W LLC,2998,0,,,,,,,,,7,0,,0,0,30.0,99.92,0,0,,0,False,5,5,118800,118800,0,0,2017,0,,,0.0,3.44,0.0,6.5,1,1019180054,,226.0,999917.0,235862.0,40.8140485,-73.9434009,6a,,111S016,10704.0,,,,1,24v3,10.0,11.0,,,,,,,,,,,,,,1022600.0,10226001000.0
MN,2007,16,110.0,230.0,2001.0,5.0,9.0,10030.0,E059,32.0,1000.0,1.0,3B,123 WEST 138 STREET,,R7-2,,,,,,,,,,False,V1,11,0,,THE LAMB'S CENTER FOR URBAN MINISTRY,2598,0,,,,,,,,,7,0,,0,0,26.0,99.92,0,0,,0,False,5,5,224550,224550,0,0,0,0,,,0.0,3.44,0.0,6.5,1,1020070016,,230.0,1000650.0,236871.0,40.8168166,-73.9407504,6a,,111S026,10708.0,,,,1,24v3,10.0,11.0,,,,,,,,,,,,,,1023000.0,10230002001.0
MN,1920,143,110.0,228.0,2000.0,5.0,9.0,10030.0,E059,32.0,1000.0,1.0,3B,122 WEST 136 STREET,,R7-2,,,,,,,,,,False,V1,11,0,X,WAY OF CROSS TABERNACLE,1499,0,,,,,,,,,7,0,,0,0,15.0,99.92,0,0,,0,False,5,5,211050,211050,211050,0,0,0,,,0.0,3.44,0.0,6.5,1,1019200143,,228.0,1000438.0,236217.0,40.815022,-73.9415179,6a,,111S016,10704.0,,,,1,24v3,10.0,11.0,,,,,,,,,,,,,,1022800.0,10228002000.0
MN,1772,48,111.0,196.0,3004.0,5.0,8.0,10035.0,L014,25.0,1600.0,1.0,3B,160 EAST 124 STREET,,R7-2,,,,,,,,,,False,V1,11,0,,MAHONEY REALTY LLC,2153,0,,,,,,,,,7,1,,0,0,21.33,100.92,0,0,,0,False,5,5,190350,190350,0,0,0,0,,,0.0,3.44,0.0,6.5,1,1017720048,,196.0,1001550.0,231940.0,40.8032807,-73.9375116,6b,,108N082,10609.0,,,,1,24v3,11.0,11.0,,,,,,,,,,,,,,1019600.0,10196003004.0
MN,1772,22,111.0,196.0,3004.0,5.0,8.0,10035.0,L014,25.0,1600.0,1.0,3B,151 EAST 123 STREET,,R7D,,,,C2-5,,EHC,,,,False,V1,11,0,C,NYC HOUSING PRESERVATION AND DEVELOPMENT,3532,0,,,,,,,,,7,0,,0,0,35.0,100.92,0,0,,0,False,5,5,370350,370350,370350,0,0,0,,,0.0,4.2,0.0,4.2,1,1017720022,,196.0,1001428.0,231888.0,40.8031382,-73.9379524,6b,,108N082,10609.0,,,,1,24v3,11.0,11.0,,,,,,,,,,,,t,,1019600.0,10196003004.0
MN,1752,16,111.0,206.0,1004.0,5.0,9.0,10035.0,L030,25.0,1600.0,1.0,3A,2000 MADISON AVENUE,,R7A,,,,,,,,,,False,V1,11,0,,USC 1994 MADISON LLC,3497,0,,,,,,,,,7,0,,0,0,99.92,35.0,0,0,,0,False,3,5,371700,371700,0,0,0,0,,,0.0,4.0,0.0,4.0,1,1017520016,,206.0,1000931.0,233400.0,40.8072892,-73.9397438,6a,,108N087,10608.0,,1017520016.0,01/29/2016,1,24v3,11.0,11.0,,,,,,,,,,,,,,1020600.0,10206001004.0
MN,1960,15,110.0,221.02,2004.0,5.0,9.0,10030.0,L028,32.0,8510.0,1.0,3A,2535 FREDRICK DOUGLASS BL,,R7-2,,,,C1-4,,,,,,False,V1,11,0,,EMPIRE DEVELOPMENT FUND 2 LLC,9992,0,,,,,,,,,7,1,,0,0,99.92,100.0,0,0,,0,False,3,5,1084500,1084500,0,0,2017,0,,,0.0,3.44,0.0,6.5,1,1019600015,,22102.0,999058.0,236977.0,40.8171104,-73.9465017,6a,,111S014,10706.0,,,,1,24v3,10.0,11.0,,,,,,,,,,,,,,1022102.0,10221022004.0
MN,2023,32,110.0,228.0,4000.0,5.0,9.0,10030.0,L028,32.0,1000.0,1.0,3A,7 AVENUE,,R7-2,,,,C1-4,,,,,,False,V1,11,0,,137TH STREET PROPERTIES LLC,1242,0,,,,,,,,,7,0,,0,0,12.0,100.0,0,0,,0,False,8,5,13500,13500,0,0,0,0,,,0.0,3.44,0.0,6.5,1,1020230032,,228.0,1000050.0,236961.0,40.8170647,-73.9429178,6a,,111S025,10708.0,,,,1,24v3,10.0,11.0,,,,,,,,,,,,,,1022800.0,10228004000.0
MN,2024,32,110.0,230.0,3001.0,5.0,9.0,10030.0,L028,32.0,1000.0,1.0,4A,7 AVENUE,,R7-2,,,,C1-4,,,,,,False,V1,11,0,,ACP MANOR LLC,971,0,,,,,,,,,7,0,,0,0,12.5,77.67,0,0,,0,False,8,5,12150,12150,0,0,0,0,,,0.0,3.44,0.0,6.5,1,1020240032,,230.0,1000184.0,237181.0,40.8176683,-73.9424332,6a,,111S025,10708.0,,,,1,24v3,10.0,11.0,,,,,,,,,,,,,,1023000.0,10230003001.0
MN,1727,69,110.0,208.0,2000.0,5.0,9.0,10027.0,L030,32.0,1300.0,1.0,3B,400 LENOX AVENUE,,R7-2,,,,C2-4,,,,,,False,V1,11,0,,PENTECOSTAL FAITH CHURCH,5525,0,,,,,,,,,7,0,,0,0,65.0,85.0,0,0,,0,False,5,5,552150,552150,0,0,0,0,,,0.0,3.44,0.0,6.5,1,1017270069,,208.0,1000052.0,234619.0,40.8106366,-73.9429161,6a,,17N 101,10607.0,,1017270069.0,11/15/2010,1,24v3,10.0,11.0,,,,,,,,,,,,,,1020800.0,10208002000.0
MN,1807,22,111.0,192.0,1005.0,4.0,8.0,10035.0,E035,25.0,1700.0,1.0,2B,363 PLEASANT AVENUE,,R7A,,,,,,,,,,False,V1,11,0,X,ROMAN CATHOLIC CHURCH,1569,0,,,,,,,,,7,0,,0,0,20.92,75.0,0,0,,0,False,3,5,194400,194400,194400,0,0,0,,,0.0,4.0,0.0,4.0,1,1018070022,,192.0,1003090.0,229724.0,40.7971952,-73.9319552,6b,,108N085,10611.0,,,,1,24v3,11.0,12.0,,,,,,,,,,,,,,1019200.0,10192001004.0
MN,1815,14,111.0,178.0,3001.0,4.0,8.0,10035.0,L026,25.0,2100.0,1.0,2B,523 EAST 118 STREET,,R7B,,,,,,,,,,False,V1,11,0,,"TIAGO PARKING HOLDINGS, LLC",2060,0,,,,,,,,,7,1,,0,0,20.42,100.92,0,0,,0,False,3,5,222300,222300,0,0,0,0,,,0.0,3.0,0.0,3.0,1,1018150014,,178.0,1003388.0,229308.0,40.7960528,-73.9308801,6b,,108N086,10611.0,,,,1,24v3,11.0,12.0,1.0,1.0,,,,,,,,,,,,1017800.0,10178003000.0
MN,1815,43,111.0,178.0,3001.0,4.0,8.0,10035.0,L026,25.0,2100.0,1.0,2B,516 EAST 119 STREET,,R7B,,,,,,,,,,False,V9,11,0,,KAVOLS LLC,2018,0,,,,,,,,,7,0,,0,0,20.0,100.92,0,0,,0,False,5,5,140850,140850,0,0,0,0,,,0.0,3.0,0.0,3.0,1,1018150043,,178.0,1003362.0,229439.0,40.7964124,-73.9309737,6b,,108N086,10611.0,,,,1,24v3,11.0,12.0,1.0,1.0,,,,,,,,,,,,1017800.0,10178003000.0
MN,1801,100,111.0,242.0,3010.0,4.0,8.0,10035.0,E035,25.0,1700.0,1.0,3B,EAST 124 STREET,,R7-2,,,,,,,,,,False,V1,11,0,O,NYC HOUSING AUTHORITY,14896,0,,,,,,,,,7,0,,0,0,27.08,550.0,0,0,,0,False,5,5,1323900,1323900,1323900,0,0,0,,,0.0,3.44,0.0,6.5,1,1018010100,,242.0,1002881.0,231312.0,40.8015543,-73.9327057,6b,,108N091,10611.0,,,,1,24v3,11.0,12.0,,,,,,,,,,,,,,1024200.0,10242003008.0
MN,1756,66,111.0,206.0,1000.0,5.0,9.0,10037.0,L030,25.0,1600.0,1.0,3A,EAST 132 STREET,,R7B,,,,,,,,,,False,V1,11,0,,RIVERTON REALTY LLC,3497,0,,,,,,,,,7,0,,0,0,35.0,99.92,0,0,,0,False,5,5,234900,234900,0,0,0,0,,,0.0,3.0,0.0,3.0,1,1017560066,,206.0,1001277.0,234516.0,40.8103516,-73.9384911,6a,,111S009,10608.0,,,,1,24v3,11.0,11.0,,,,,,,,,,,,,,1020600.0,10206001000.0
MN,1665,24,111.0,188.0,3001.0,4.0,8.0,10029.0,L026,25.0,2100.0,1.0,2B,2245 2 AVENUE,,R9A,,,,C2-5,,EHC,TA,,,True,V1,11,0,,NUEVO EL BARRIO PARA LA REHABILITACION,2603,0,,,,,,,,,7,1,,0,0,28.92,90.0,0,0,,0,False,5,5,512550,512550,0,0,0,0,,,0.0,7.52,0.0,7.5,1,1016650024,,188.0,1001292.0,229509.0,40.7966087,-73.9384496,6b,,108N067,10604.0,E-422,,,1,24v3,11.0,12.0,,,,,,,,,,,,,,1018800.0,10188003002.0
MN,1920,57,110.0,228.0,2000.0,5.0,9.0,10030.0,E059,32.0,1000.0,1.0,3B,168 WEST 136TH STREET,,R7-2,,,,,,,,,,False,V1,11,0,,HARLEM YIMBY LLC,4163,0,,,,,,,,,7,1,,0,0,41.67,99.92,0,0,,0,False,5,5,409950,409950,0,0,2021,2020,,,0.0,3.44,0.0,6.5,1,1019200057,,228.0,1000124.0,236390.0,40.8154974,-73.9426518,6a,,111S016,10704.0,,1019200057.0,04/18/2022,1,24v3,10.0,11.0,,,,,,,,,,,,,,1022800.0,10228002000.0
MN,1921,49,110.0,228.0,1001.0,5.0,9.0,10030.0,E059,32.0,1000.0,1.0,3B,136 WEST 137 STREET,,R7-2,,,,,,,,,,False,V1,11,0,C,NYC HOUSING PRESERVATION AND DEVELOPMENT,2498,0,,,,,,,,,7,0,,0,0,25.0,99.92,0,0,,0,False,5,5,220500,220500,220500,0,0,0,,,0.0,3.44,0.0,6.5,1,1019210049,,228.0,1000439.0,236511.0,40.8158289,-73.9415135,6a,,111S026,10704.0,,,,1,24v3,10.0,11.0,,,,,,,,,,,,t,,1022800.0,10228001001.0
MN,2044,4,110.0,259.0,2001.0,5.0,9.0,10030.0,E069,32.0,8510.0,1.0,4A,28 BRADHURST AVENUE,,R7-2,,,,,,,,,,False,V1,11,0,,GRFO 28 BRADHURST LLC,1639,0,,,,,,,,,7,0,,0,0,21.11,77.75,0,0,,0,True,5,5,219600,219600,0,0,0,0,,,0.0,3.44,0.0,6.5,1,1020440004,,259.0,999867.0,238838.0,40.8222169,-73.9435746,6a,,111S040,10709.0,,,,1,24v3,10.0,11.0,,,,,,,,,,,,,,1025900.0,10259002001.0
MN,2050,156,109.0,227.0,2000.0,6.0,9.0,10031.0,L023,30.0,720.0,1.0,3B,ST NICHOLAS AVENUE,,R7A,,,,,,,,,,False,V1,11,0,X,HARLEM ACADEMY,238,0,,,,,,,,,7,0,,0,0,2.42,119.5,0,0,,0,True,8,5,450,450,450,0,0,0,,,0.0,4.0,0.0,4.0,1,1020500156,,227.0,999216.0,238918.0,40.8224376,-73.9459265,6a,,111S039,10709.0,,,,1,24v3,9.0,17.0,,,,,,,,,,,,,,1022700.0,10227002000.0
MN,1753,141,111.0,206.0,2003.0,5.0,9.0,10035.0,L030,25.0,1600.0,1.0,3A,66 EAST 129 STREET,,R7B,,,,,,,,,,False,V1,11,0,X,CHILDREN'S ETAL DBA,1724,0,,,,,,,,,7,0,,0,0,17.25,99.92,0,0,,0,False,5,5,158850,158850,158850,0,0,0,,,0.0,3.0,0.0,3.0,1,1017530141,,206.0,1001461.0,233523.0,40.8076257,-73.937829,6a,,108N087,10608.0,,,,1,24v3,11.0,11.0,,,,,,,,,,,,,,1020600.0,10206002004.0
MN,1790,9,111.0,242.0,3006.0,5.0,8.0,10035.0,E035,25.0,1700.0,1.0,3B,EAST 125 STREET,,C6-3,,,,,,,,,,False,V1,11,0,C,NYC HOUSING PRESERVATION AND DEVELOPMENT,2698,0,,,,,,,,,7,0,,0,0,27.0,99.92,0,0,,0,False,0,5,216900,216900,216900,0,0,0,,,0.0,7.52,6.0,10.0,1,1017900009,,242.0,1002321.0,232036.0,40.8035426,-73.9347264,6b,,108N090,1.0,,1017900008.0,03/06/2019,1,24v3,11.0,12.0,,,,,,,,,,,,t,,1024200.0,10242003006.0
MN,2007,18,110.0,230.0,2001.0,5.0,9.0,10030.0,E059,32.0,1000.0,1.0,3B,119 WEST 138 STREET,,R7-2,,,,,,,,,,False,V1,11,0,,119 WEST 138TH STREET LLC,2598,0,,,,,,,,,7,0,,0,0,26.0,99.92,0,0,,0,False,5,5,224550,224550,0,0,0,0,,,0.0,3.44,0.0,6.5,1,1020070018,,230.0,1000695.0,236846.0,40.8167479,-73.9405878,6a,,111S026,10708.0,,,,1,24v3,10.0,11.0,,,,,,,,,,,,,,1023000.0,10230002001.0
MN,1715,49,111.0,178.0,3001.0,4.0,8.0,10035.0,L026,25.0,2100.0,1.0,2B,316 PLEASANT AVENUE,,R7A,,,,,,,,,,False,V1,11,0,,"DARABUNDIT , SIVADOL",2450,0,,,,,,,,,7,1,,0,0,25.0,98.0,0,0,,0,False,5,5,226800,226800,0,0,2012,0,,,0.0,4.0,0.0,4.0,1,1017150049,,178.0,1002947.0,229083.0,40.7954361,-73.9324735,6b,,108N078,10606.0,,,,1,24v3,11.0,12.0,1.0,,,,,,,,,,,,,1017800.0,10178003000.0
MN,2007,22,110.0,230.0,2001.0,5.0,9.0,10030.0,E059,32.0,1000.0,1.0,3B,113 WEST 138 STREET,,R7-2,,,,,,,,,,False,V1,11,0,,"ODELL CLARK PLACE,",2598,0,,,,,,,,,7,0,,0,0,26.0,99.92,0,0,,0,False,5,5,224550,224550,0,0,0,0,,,0.0,3.44,0.0,6.5,1,1020070022,,230.0,1000764.0,236808.0,40.8166435,-73.9403387,6a,,111S026,10708.0,,,,1,24v3,10.0,11.0,,,,,,,,,,,,,,1023000.0,10230002001.0
MN,2007,27,110.0,230.0,2001.0,5.0,9.0,10030.0,E059,32.0,1000.0,1.0,3B,103 WEST 138 STREET,,R7-2,,,,,,,,,,False,V1,11,0,,ABYSSINIAN DEVELOPMENT CORP,2498,0,,,,,,,,,7,0,,0,0,25.0,99.92,0,0,,0,False,5,5,216450,216450,0,0,0,0,,,0.0,3.44,0.0,6.5,1,1020070027,,230.0,1000883.0,236742.0,40.8164621,-73.9399089,6a,,111S026,10708.0,,,,1,24v3,10.0,11.0,,,,,,,,,,,,,,1023000.0,10230002001.0
MN,2007,17,110.0,230.0,2001.0,5.0,9.0,10030.0,E059,32.0,1000.0,1.0,3B,121 WEST 138 STREET,,R7-2,,,,,,,,,,False,V1,11,0,,THE LAMB'S CENTER FOR URBAN MINISTRY,2598,0,,,,,,,,,7,0,,0,0,26.0,99.92,0,0,,0,False,5,5,224550,224550,0,0,0,0,,,0.0,3.44,0.0,6.5,1,1020070017,,230.0,1000673.0,236859.0,40.8167836,-73.9406673,6a,,111S026,10708.0,,,,1,24v3,10.0,11.0,,,,,,,,,,,,,,1023000.0,10230002001.0
MN,1709,5,111.0,178.0,2001.0,4.0,8.0,10029.0,L026,25.0,2100.0,1.0,2B,408 EAST 116 STREET,,R7B,,,,,,,,,,False,V1,11,0,,408-10 E. 116TH STREET LLC,8805,0,,,,,,,,,7,0,,0,0,37.25,201.83,0,0,,0,True,4,5,688500,688500,0,0,0,0,,,0.0,3.0,0.0,3.0,1,1017090005,,178.0,1002204.0,229069.0,40.7953993,-73.935157,6b,,108N077,10606.0,,,,1,24v3,11.0,12.0,1.0,1.0,,,,,,,,,,,,1017800.0,10178002002.0
MN,1745,168,111.0,184.0,1001.0,5.0,9.0,10035.0,E058,25.0,2000.0,1.0,2A,4 EAST 119 STREET,,R7-2,,,,C1-4,,,,,,False,V1,11,0,,NEMA HOMES CORP.,1260,0,,,,,,,,,7,0,,0,0,25.0,50.42,0,0,,0,False,5,5,184050,184050,0,0,0,0,,,0.0,3.44,0.0,6.5,1,1017450168,,184.0,999567.0,231572.0,40.8022743,-73.9446751,6b,,108N072,10608.0,,,,1,24v3,11.0,12.0,,,,,,,,,,,,,,1018400.0,10184001000.0
MN,1795,2,111.0,188.0,1000.0,4.0,8.0,10035.0,E035,25.0,2100.0,1.0,2B,2304 2 AVENUE,,R9A,,,,C2-5,,EHC,TA,,,True,V1,11,0,,"FROM , AARON",2080,0,,,,,,,,,7,1,,0,0,26.0,80.0,0,0,,0,False,5,5,417600,417600,0,0,0,0,,,0.0,7.52,0.0,7.5,1,1017950002,,188.0,1001854.0,230146.0,40.798356,-73.9364182,6b,,108N076,10611.0,E-422,,,1,24v3,11.0,12.0,,,,,,,,,,,,,,1018800.0,10188001000.0
MN,1725,68,110.0,208.0,3000.0,5.0,9.0,10027.0,L030,32.0,1300.0,1.0,3B,WEST 128 STREET,,R7-2,,,,,,,,,,False,V1,11,0,,68 WEST 128TH STREET PARTNERS LLC,1749,0,,,,,,,,,7,0,,0,0,17.5,99.92,0,0,,0,False,5,5,245700,245700,0,0,0,0,,,0.0,3.44,0.0,6.5,1,1017250068,,208.0,999850.0,234115.0,40.8092536,-73.943647,6a,,107N090,10607.0,,,,1,24v3,10.0,11.0,,,,,,,,,,,,,,1020800.0,10208003000.0
MN,1725,8,110.0,208.0,3000.0,5.0,9.0,10027.0,L030,32.0,1300.0,1.0,3B,WEST 127 STREET,,R7-2,,,,,,,,,,False,V1,11,0,X,HARLEM GROWN INC.,1665,0,,,,,,,,,7,0,,0,0,16.67,99.92,0,0,,0,False,5,5,234000,234000,234000,0,0,0,,,0.0,3.44,0.0,6.5,1,1017250008,,208.0,999861.0,233995.0,40.8089242,-73.9436075,6a,,107N090,10607.0,,,,1,24v3,10.0,11.0,,,,,,,,,,,,,,1020800.0,10208003000.0
MN,1914,40,110.0,224.0,1000.0,5.0,9.0,10027.0,L030,32.0,1200.0,1.0,3B,WEST 130 STREET,,R7-2,,,,,,,,,,False,V1,11,0,C,NYC DEPARTMENT OF CITYWIDE ADMINISTRATIVE SERVICES,1665,0,,,,,,,,,7,0,,0,0,16.67,99.92,0,0,,0,False,5,5,234000,234000,234000,0,0,0,,,0.0,3.44,0.0,6.5,1,1019140040,,224.0,999738.0,234772.0,40.8110571,-73.9440501,6a,,107N100,10704.0,,,,1,24v3,10.0,11.0,,,,,,,,,,,,t,,1022400.0,10224001000.0
MN,1756,71,111.0,206.0,1000.0,5.0,9.0,10037.0,L030,25.0,1600.0,1.0,3A,5 AVENUE,,R7-2,,,,,,,,,,False,V1,11,0,,MADISON AVENUE HOUSING DEVELOPMENT FUND  CORPORATIN,2467,0,,,,,,,,,7,0,,0,0,24.92,99.0,0,0,,0,False,5,5,195750,195750,0,0,0,0,,,0.0,3.44,0.0,6.5,1,1017560071,,206.0,1001162.0,234563.0,40.8104808,-73.9389064,6a,,111S009,10608.0,,,,1,24v3,11.0,11.0,,,,,,,,,,,,,,1020600.0,10206001000.0
MN,1756,70,111.0,206.0,1000.0,5.0,9.0,10037.0,L030,25.0,1600.0,1.0,3A,2157 5 AVENUE,,R7-2,,,,,,,,,,False,V1,11,0,,MADISON AVENUE HOUSING DEVELOPMENT FUND  CORPORATIN,2475,0,,,,,,,,,7,0,,0,0,25.0,99.0,0,0,,0,False,5,5,196650,196650,0,0,0,0,,,0.0,3.44,0.0,6.5,1,1017560070,,206.0,1001174.0,234585.0,40.8105412,-73.938863,6a,,111S009,10608.0,,,,1,24v3,11.0,11.0,,,,,,,,,,,,,,1020600.0,10206001000.0
MN,1753,162,111.0,206.0,1003.0,5.0,9.0,10035.0,L030,25.0,1600.0,1.0,3A,20 EAST 129 STREET,,R7B,,,,,,,,,,False,V1,11,0,,20 E 129 LLC,1765,0,,,,,,,,,7,0,,0,0,17.67,99.92,0,0,,0,False,5,5,165600,165600,0,0,0,0,,,0.0,3.0,0.0,3.0,1,1017530162,,206.0,1000983.0,233788.0,40.808354,-73.939555,6a,,108N087,10608.0,,,,1,24v3,11.0,11.0,,,,,,,,,,,,,,1020600.0,10206001003.0
MN,1730,68,110.0,212.0,4002.0,5.0,9.0,10037.0,L030,32.0,1300.0,1.0,3B,480 LENOX AVENUE,,R7-2,,,,C1-4,,,,,,False,V1,11,0,,LENOX TRRC DVLPMNT ASSOC,32225,0,,,,,,,,,7,1,,0,0,355.08,85.0,0,0,,0,True,3,5,821250,821250,0,0,0,0,,,0.0,3.44,0.0,6.5,1,1017300068,,212.0,1000616.0,235628.0,40.813405,-73.9408762,6a,,111S008,10607.0,,,,1,24v3,10.0,11.0,,,,,,,,,,,,,,1021200.0,10212004000.0
MN,1754,33,111.0,206.0,2002.0,5.0,9.0,10035.0,L030,25.0,1600.0,1.0,3A,1900 PARK AVENUE,,M1-6/R9,,,,,,EHC,,,,False,V1,11,0,,1900 PARK LLC,8993,0,,,,,,,,,7,1,,0,0,99.92,90.0,0,0,,0,False,3,5,1765350,1765350,0,0,0,0,,,0.0,7.52,10.0,10.0,1,1017540033,,206.0,1001580.0,233637.0,40.8079384,-73.9373988,6a,,108N088,10608.0,E-422,,,1,24v3,11.0,11.0,,,,,,,,,,,,,,1020600.0,10206002003.0
MN,1722,27,110.0,200.0,2001.0,5.0,9.0,10027.0,L014,28.0,1500.0,1.0,1B,15 WEST 124 STREET,,R6A,,,,,,125th,,,,False,V1,11,0,,HARLEM LLC,7569,0,,,,,,,,,7,0,,0,0,75.0,100.92,0,0,,0,False,5,5,108900,108900,0,0,2020,0,,,0.0,3.0,0.0,3.0,1,1017220027,,200.0,999897.0,233036.0,40.806292,-73.9434797,6a,,107N089,10607.0,,,,1,24v3,10.0,11.0,,,,,,,,,,,,,,1020000.0,10200002001.0
MN,1722,24,110.0,200.0,2001.0,5.0,9.0,10027.0,L014,28.0,1500.0,1.0,1B,27 WEST 124 STREET,,R6A,,,,,,125th,,,,False,V1,11,0,,HANDYMDS MOST PURE HE,3784,0,,,,,,,,,7,0,,0,0,37.5,100.92,0,0,,0,False,5,5,263700,263700,0,0,0,0,,,0.0,3.0,0.0,3.0,1,1017220024,,200.0,999804.0,233087.0,40.8064321,-73.9438155,6a,,107N089,10607.0,,,,1,24v3,10.0,11.0,,,,,,,,,,,,,,1020000.0,10200002001.0
MN,1723,53,110.0,200.0,2000.0,5.0,9.0,10027.0,L014,28.0,1500.0,1.0,1B,38 WEST 126 STREET,,R6A,,,,,,125th,,,,False,V1,11,0,,38 WEST 126TH OWNER LLC,1998,0,,,,,,,,,7,0,,0,0,20.0,99.92,0,0,,0,False,5,5,153900,153900,0,0,0,0,,,0.0,3.0,0.0,3.0,1,1017230053,,200.0,999920.0,233484.0,40.8075216,-73.9433956,6a,,107N090,10607.0,E-201,,,1,24v3,10.0,11.0,,,,,,,,,,,,,,1020000.0,10200002000.0
MN,1722,26,110.0,200.0,2001.0,5.0,9.0,10027.0,L014,28.0,1500.0,1.0,1B,21 WEST 124 STREET,,R6A,,,,,,125th,,,,False,V1,11,0,,HARLEM LLC,2523,0,,,,,,,,,7,0,,0,0,25.0,100.92,0,0,,0,False,5,5,113400,113400,0,0,2020,0,,,0.0,3.0,0.0,3.0,1,1017220026,,200.0,999853.0,233060.0,40.8063579,-73.9436386,6a,,107N089,10607.0,,,,1,24v3,10.0,11.0,,,,,,,,,,,,,,1020000.0,10200002001.0
MN,1749,46,111.0,198.0,1003.0,5.0,9.0,10035.0,L014,25.0,1600.0,1.0,3B,62 EAST 125 STREET,,C4-4D,C4-7,,,,,125th,TA,,,True,V1,11,0,,BRUKHA ASSETS LLC,5046,0,,,,,,,,,7,1,,0,0,50.0,100.92,0,0,,0,False,5,5,466650,466650,0,0,0,0,,,0.0,6.02,3.4,6.5,1,1017490046,,198.0,1000808.0,232650.0,40.8052308,-73.94019,6a,,108N080,10608.0,,,,1,24v3,11.0,11.0,,,,,,,,,,,,,,1019800.0,10198001003.0
MN,1749,33,111.0,198.0,1003.0,5.0,9.0,10035.0,L014,25.0,1600.0,1.0,3B,1800 PARK AVENUE,,C4-7,,,,,,125th,TA,,,True,V1,11,0,,1800 FEE OWNER LLC,36281,0,,,,,,,,,7,0,,0,0,201.84,215.0,0,0,,0,True,3,5,8872650,8872650,0,0,0,0,,,0.0,10.0,10.0,10.0,1,1017490033,,198.0,1000918.0,232542.0,40.8049342,-73.9397929,6a,,108N080,10608.0,R-117,1017490033.0,11/27/2013,1,24v3,11.0,11.0,,,,,,,,,,,,,,1019800.0,10198001003.0
MN,1710,33,111.0,178.0,2000.0,4.0,8.0,10035.0,L026,25.0,2100.0,1.0,2B,442 EAST 117 STREET,,R7B,,,,,,,,,,False,V1,11,0,,MHANY 2004 HOUSING DEVELOPMENT FUND CORP ORATION,3722,0,,,,,,,,,7,1,,0,0,36.88,100.92,0,0,,0,False,5,5,258750,258750,0,0,0,0,,,0.0,3.0,0.0,3.0,1,1017100033,,178.0,1002653.0,229233.0,40.7958485,-73.9335349,6b,,108N077,10606.0,,,,1,24v3,11.0,12.0,,,,,,,,,,,,,,1017800.0,10178002000.0
MN,1708,125,111.0,178.0,3003.0,4.0,8.0,10029.0,L026,23.0,2100.0,1.0,2B,277 PLEASANT AVENUE,,R7A,,,,,,,,,,False,V1,11,0,,277-279 PLEASANT AVECP.,972,0,,,,,,,,,7,0,,0,0,13.13,74.0,0,0,,0,False,5,5,109800,109800,0,0,0,0,,,0.0,4.0,0.0,4.0,1,1017080125,,178.0,1002493.0,228643.0,40.7942294,-73.9341144,6b,,108N069,10606.0,,,,1,24v3,11.0,12.0,1.0,,,,,,,,,,,,,1017800.0,10178003006.0
MN,1636,25,111.0,172.0,5001.0,4.0,8.0,10029.0,E091,23.0,2500.0,1.0,1A,157 EAST 108 STREET,,R7A,,,,,,,,,,False,V1,11,0,,TEAM PROPERTIES LLC,1690,0,,,,,,,,,7,0,,0,0,16.75,100.92,0,0,,0,False,5,5,171900,171900,0,0,0,0,,,0.0,4.0,0.0,4.0,1,1016360025,,172.0,999553.0,228393.0,40.7935488,-73.9447329,6b,,108N063,10603.0,,,,1,24v3,11.0,12.0,1.0,1.0,,,,,,,,,,,,1017200.0,10172005001.0
MN,1634,158,111.0,172.0,3001.0,4.0,8.0,10029.0,E091,23.0,2500.0,1.0,1A,1710 LEXINGTON AVENUE,,R7D,,,,C1-5,,EHC,,,,False,V1,11,0,,"1710 LEXINGTON, INC.",2569,0,,,,,,,,,7,0,,0,0,34.25,75.0,0,0,,0,False,3,5,288450,288450,0,0,0,0,,,0.0,4.2,0.0,4.2,1,1016340158,,172.0,999177.0,228160.0,40.7929099,-73.9460914,6b,,108N052,10603.0,E-422,,,1,24v3,11.0,12.0,,,,,,,,,,,,,,1017200.0,10172003001.0
MN,1635,51,111.0,172.0,4000.0,4.0,8.0,10029.0,E091,23.0,2500.0,1.0,1A,1725 LEXINGTON AVENUE,,R7D,,,,C1-5,,EHC,,,,False,V1,11,0,,152-156 REALTY ASSOCS.,1084,0,,,,,,,,,7,0,,0,0,16.67,65.0,0,0,,0,False,5,5,128700,128700,0,0,0,0,,,0.0,4.2,0.0,4.2,1,1016350051,,172.0,999398.0,228267.0,40.7932032,-73.945293,6b,,108N052,10603.0,E-422,,,1,24v3,11.0,12.0,1.0,1.0,,,,,,,,,,,,1017200.0,10172004000.0
MN,1635,52,111.0,172.0,4000.0,4.0,8.0,10029.0,E091,23.0,2500.0,1.0,1A,1723 LEXINGTON AVENUE,,R7D,,,,C1-5,,EHC,,,,False,V1,11,0,,LEXINGTON AVE VENTURE LLC,1083,0,,,,,,,,,7,1,,0,0,16.67,65.0,0,0,,0,False,5,5,128700,128700,0,0,0,0,,,0.0,4.2,0.0,4.2,1,1016350052,,172.0,999390.0,228253.0,40.7931648,-73.9453219,6b,,108N052,10603.0,E-422,,,1,24v3,11.0,12.0,1.0,1.0,,,,,,,,,,,,1017200.0,10172004000.0
MN,1815,114,111.0,178.0,3001.0,4.0,8.0,10035.0,L026,25.0,2100.0,1.0,2B,525 EAST 118 STREET,,R7B,,,,,,,,,,False,V1,11,0,,"TIAGO PARKING HOLDINGS, LLC",2060,0,,,,,,,,,7,1,,0,0,20.42,100.92,0,0,,0,False,5,5,187200,187200,0,0,0,0,,,0.0,3.0,0.0,3.0,1,1018150114,,178.0,1003406.0,229298.0,40.7960253,-73.9308151,6b,,108N086,10611.0,,,,1,24v3,11.0,12.0,1.0,1.0,,,,,,,,,,,,1017800.0,10178003000.0
MN,1815,12,111.0,178.0,3001.0,4.0,8.0,10035.0,L026,25.0,2100.0,1.0,2B,519 EAST 118 STREET,,R7B,,,,,,,,,,False,V1,11,0,,"TIAGO PARKING HOLDINGS, LLC",2077,0,,,,,,,,,7,1,,0,0,20.58,100.92,0,0,,0,False,5,5,165600,165600,0,0,0,0,,,0.0,3.0,0.0,3.0,1,1018150012,,178.0,1003352.0,229327.0,40.796105,-73.9310101,6b,,108N086,10611.0,,,,1,24v3,11.0,12.0,1.0,1.0,,,,,,,,,,,,1017800.0,10178003000.0
MN,1790,30,111.0,242.0,3006.0,5.0,8.0,10035.0,E035,25.0,1700.0,1.0,3B,238 EAST 126 STREET,,C6-3,,,,,,,,,,False,V1,11,0,C,NYC HOUSING PRESERVATION AND DEVELOPMENT,2498,0,,,,,,,,,7,0,,0,0,25.0,99.92,0,0,,0,False,5,5,560250,560250,560250,0,0,0,,,0.0,7.52,6.0,10.0,1,1017900030,,242.0,1002592.0,232005.0,40.803457,-73.9337476,6b,,108N090,10610.0,,,,1,24v3,11.0,12.0,,,,,,,,,,,,t,,1024200.0,10242003006.0
MN,1784,45,111.0,194.0,2001.0,4.0,8.0,10035.0,E035,25.0,1700.0,1.0,2B,2201 3RD AVENUE,,C4-6,,,,,,EHC,,,,False,V1,11,0,,EAST 120TH HOLDINGS LLC,9300,0,,,,,,,,,7,0,,0,0,95.0,100.0,0,0,,0,True,3,5,900900,900900,0,0,0,0,,,0.0,10.0,3.4,10.0,1,1017840045,,194.0,1001423.0,230817.0,40.8001986,-73.9379732,6b,,108N075,10610.0,E-422,1017840045.0,03/09/2020,1,24v3,11.0,12.0,,,,,,,,,,,,,,1019400.0,10194002001.0
MN,1953,45,110.0,215.0,1002.0,5.0,9.0,10027.0,E037,28.0,8520.0,1.0,1A,328 ST NICHOLAS AVENUE,,R8,,,,,,,,,,False,V1,11,0,,319 W 126 LLC,1717,0,,,,,,,,,7,0,,0,0,17.62,98.86,0,0,,0,False,5,5,297450,297450,0,0,0,0,,,0.0,6.02,0.0,6.5,1,1019530045,,215.0,997689.0,234977.0,40.8116231,-73.9514516,6a,,107N097,10706.0,,,,1,24v3,10.0,11.0,,,,,,,,,,,,,,1021500.0,10215001002.0
MN,1954,136,110.0,215.0,1001.0,5.0,9.0,10027.0,E037,32.0,8520.0,1.0,3A,WEST 128 STREET,,R8A,,,,C2-4,,,,,,False,V1,11,0,,PROPERTY1 HOLDINGS LLC,1913,0,,,,,,,,,7,0,,0,0,25.5,75.0,0,0,,0,False,5,5,266850,266850,0,0,0,0,,,0.0,6.02,0.0,6.5,1,1019540136,,215.0,997996.0,235160.0,40.8121249,-73.9503422,6a,,107N097,10706.0,E-212,,,1,24v3,10.0,11.0,,,,,,,,,,,,,,1021500.0,10215001001.0
MN,1957,20,109.0,217.03,1002.0,5.0,9.0,10027.0,E080,26.0,900.0,1.0,2B,ST NICHOLAS AVENUE,,R7-2,,,,,,,,,,False,V5,11,0,X,NYS DORM AUTH,127584,0,,,,,,,,,7,0,,0,0,294.58,427.0,0,0,,0,True,5,5,10457100,10457100,10457100,0,0,0,,,0.0,3.44,0.0,6.5,1,1019570020,,21703.0,997718.0,236378.0,40.8154684,-73.951344,6a,,111S023,10706.0,,,,1,24v3,9.0,17.0,,,,,,,,,,,,,,1021703.0,10217031006.0
MN,1725,31,110.0,208.0,3000.0,5.0,9.0,10027.0,L030,32.0,1300.0,1.0,3B,9 WEST 127 STREET,,R7-2,,,,,,,,,,False,V1,11,0,,"BROWNE, KAREN V.",1998,0,,,,,,,,,7,0,,0,0,20.0,99.92,0,0,,0,False,5,5,202500,202500,0,0,0,0,,,0.0,3.44,0.0,6.5,1,1017250031,,208.0,1000359.0,233720.0,40.8081685,-73.9418092,6a,,107N090,10607.0,,,,1,24v3,10.0,11.0,,,,,,,,,,,,,,1020800.0,10208003000.0
MN,1772,4,111.0,196.0,3003.0,5.0,9.0,10035.0,L014,25.0,1600.0,1.0,3B,107 EAST 123 STREET,,R7-2,,,,,,,,,,False,V1,11,0,,107-111 EAST 123RD STREET HOUSING DEV FU ND CORP,8578,0,,,,,,,,,7,0,,0,0,85.0,100.92,0,0,,0,False,5,5,848700,848700,0,0,0,0,,,0.0,3.44,0.0,6.5,1,1017720004,,196.0,1001092.0,232075.0,40.8036521,-73.9391655,6b,,108N082,10609.0,,1017720004.0,10/25/2021,1,24v3,11.0,11.0,,,,,,,,,,,,,,1019600.0,10196003003.0
MN,1770,123,111.0,196.0,2000.0,4.0,8.0,10035.0,L014,25.0,1600.0,1.0,3B,EAST 121 STREET,,R7D,,,,C2-5,,EHC,,,,False,V1,11,0,,"KIRSH, HATTIE C",81,0,,,,,,,,,7,0,,0,0,0.4,81.0,0,0,,0,True,8,5,450,450,0,0,0,0,,,0.0,4.2,0.0,4.2,1,1017700123,,196.0,1001179.0,231419.0,40.8018514,-73.938853,6b,,108N081,10609.0,,,,1,24v3,11.0,11.0,,,,,,,,,,,,,,1019600.0,10196002000.0
MN,1750,46,111.0,198.0,1000.0,5.0,9.0,10035.0,L014,25.0,1600.0,1.0,3A,52 EAST 126 STREET,,R6A,,,,,,125th,,,,False,V1,11,0,X,OH 126TH ST. HOUSING DEVELOPMENT FUND CO RP.,3997,0,,,,,,,,,7,0,,0,0,40.0,99.92,0,0,,0,False,5,5,53100,53100,53100,0,0,0,,,0.0,3.0,0.0,3.0,1,1017500046,,198.0,1000962.0,232909.0,40.8059414,-73.939633,6a,,108N080,10608.0,,,,1,24v3,11.0,11.0,,,,,,,,,,,,,,1019800.0,10198001000.0
MN,1516,138,108.0,148.02,2001.0,2.0,5.0,10128.0,L013,19.0,3600.0,1.0,5A,3 AVENUE,,C1-9,R8B,,,,,,,,,True,V1,11,0,,CARNEGIE GREEN LLC,220,0,,,,,,,,,7,0,,0,0,22.0,10.0,0,0,,0,False,8,5,170100,170100,0,0,0,0,,,0.0,10.0,2.0,10.0,1,1015160138,,14802.0,997121.0,223541.0,40.7802352,-73.9535254,9a,,108S024,10514.0,,1015160038.0,08/24/2017,1,24v3,8.0,13.0,,,,,,,,,,,,,,1014802.0,10148022001.0
MN,1393,4,108.0,142.0,4001.0,2.0,4.0,10075.0,E022,19.0,3600.0,1.0,3A,971 5 AVENUE,,R10,,,,,,PI,,,,False,V1,11,0,X,REPUBLIC OF FRANCE,2000,0,,,,,,,,,7,0,,0,0,20.0,100.0,0,0,,0,False,5,5,992700,992700,992700,0,0,0,,,0.0,10.0,0.0,10.0,1,1013930004,,142.0,994299.0,222172.0,40.7764814,-73.9637171,8c,,108S009,10508.0,,,,1,24v3,8.0,13.0,,,,,,,,,,,,,,1014200.0,10142004001.0
MN,1940,5,110.0,228.0,3001.0,5.0,9.0,10030.0,L028,32.0,1000.0,1.0,3A,WEST 134 STREET,,R7-2,,,,,,,,,,False,V4,11,0,C,NYC POLICE DEPARTMENT,4696,0,,,,,,,,,7,0,,0,0,47.0,99.92,0,0,,0,False,5,5,332550,332550,332550,0,0,0,,,0.0,3.44,0.0,6.5,1,1019400005,,228.0,999099.0,236495.0,40.8157873,-73.9463546,6a,,111S015,10705.0,,,,1,24v3,10.0,11.0,,,,,,,,,,,,t,,1022800.0,10228003001.0
MN,1426,27,108.0,126.0,2000.0,2.0,5.0,10021.0,L016,19.0,4200.0,1.0,2A,252 EAST 72 STREET,,R10A,,,,C1-5,,TA,,,,False,V1,11,0,,259 EAST 72 OWNER LLC,4148,0,,,,,,,,,7,0,,0,0,40.58,102.17,0,0,,0,False,5,5,1244250,1244250,0,0,2019,0,,,0.0,10.0,0.0,10.0,1,1014260027,,126.0,995620.0,219350.0,40.7687341,-73.9589523,8c,,106E059,10510.0,,,,1,24v3,8.0,13.0,,,,,,,,,,,,,,1012602.0,10126022000.0
MN,1515,33,108.0,148.02,2002.0,2.0,4.0,10028.0,L013,19.0,3600.0,1.0,4B,1530 3 AVENUE,,C2-8A,,,,,,,,,,False,V1,11,0,,ZDJ E 86 LLC,5000,0,,,,,,,,,7,0,,0,0,50.0,100.0,0,0,,0,False,3,5,1750500,4537800,0,0,2024,0,,,0.0,10.0,2.0,10.0,1,1015150033,,14802.0,996944.0,223137.0,40.7791266,-73.9541653,9a,,108S023,10514.0,,,,1,24v3,8.0,13.0,,,,,,,,,,,,,,1014802.0,10148022003.0
MN,1393,68,108.0,142.0,4001.0,2.0,4.0,10075.0,E022,19.0,3600.0,1.0,3A,EAST 79 STREET,,R10,,,,,,PI,,,,False,V1,11,0,,79TH STREET PROPERTY HOLDINGS LLC,1532,0,,,,,,,,,7,0,,0,0,15.0,102.17,0,0,,0,False,5,5,756900,756900,0,0,0,0,,,0.0,10.0,0.0,10.0,1,1013930068,,142.0,994383.0,222197.0,40.7765499,-73.9634138,8c,,108S009,10508.0,,,,1,24v3,8.0,13.0,,,,,,,,,,,,,,1014200.0,10142004001.0
MN,1483,114,108.0,124.0,7001.0,2.0,5.0,10021.0,L016,19.0,4300.0,1.0,2B,FDR DRIVE,,R9,,,,,,,,,,False,V1,11,0,,NY SOCIETY FOR THE RELIEF OF THE RUPTURE D & CRIPPL,10,0,,,,,,,,,7,0,,0,0,3.5,3.0,0,0,,0,False,0,5,1170,1170,0,0,0,0,,,0.0,7.52,0.0,10.0,1,1014830114,,124.0,997520.0,218122.0,40.7653609,-73.9520954,9a,,1,1.0,,,,1,24v3,8.0,13.0,1.0,1.0,,,,,,,,,,,,1012400.0,10124007001.0
MN,1948,24,110.0,257.0,2001.0,3.0,9.0,10027.0,L040,28.0,8520.0,1.0,1A,311 WEST 121 STREET,,R7A,,,,,,,,,,False,V1,11,0,,JENCO 121 LLC,2523,0,,,,,,,,,7,0,,0,0,25.0,100.92,0,0,,0,False,5,5,212850,212850,0,0,0,0,,,0.0,4.0,0.0,4.0,1,1019480024,,257.0,997058.0,233711.0,40.8081492,-73.9537335,6a,,107N083,10706.0,,,,1,24v3,10.0,11.0,,,,,,,,,,,,,,1025700.0,10257002000.0
MN,1969,7,109.0,213.03,2000.0,5.0,7.0,10027.0,E037,26.0,1100.0,1.0,2B,478 WEST 130 STREET,,R7A,,,,,,,,,,False,V1,11,0,X,487 W 129TH ST PERMANENT HOUSING DEV FUN D CORP,9534,0,,,,,,,,,7,0,,0,0,95.42,99.92,0,0,,0,False,0,5,0,0,0,0,0,0,,,0.0,4.0,0.0,4.0,1,1019690007,,21303.0,997013.0,236284.0,40.8152125,-73.9538929,6a,,1,1.0,,1019690006.0,08/20/2024,1,24v3,9.0,16.0,,,,,,,,,,,,,,1021303.0,10213032000.0
MN,1952,61,109.0,209.01,1001.0,5.0,9.0,10027.0,E037,26.0,1400.0,1.0,2B,MORNINGSIDE AVENUE,,C4-4D,,,,,,125th,,,,False,V8,11,0,X,UNITED STATES POSTAL SERVICE,4992,0,,,,,,,,,7,0,,0,0,49.92,100.0,0,0,,0,False,3,5,1123650,1123650,1123650,0,0,0,,,0.0,6.02,3.4,6.5,1,1019520061,,20901.0,997174.0,235035.0,40.8117831,-73.9533119,6a,,107N097,10706.0,E-201,,,1,24v3,9.0,16.0,,,,,,,,,,,,,,1020901.0,10209011001.0
MN,2024,55,110.0,230.0,3001.0,5.0,9.0,10030.0,L028,32.0,1000.0,1.0,4A,WEST 139 STREET,,R7-2,,,,,,,,,,False,V1,11,0,,"TAFT, RICHARD",1199,0,,,,,,,,,7,0,,0,0,12.0,99.92,0,0,,0,False,8,5,13500,13500,0,0,0,0,,,0.0,3.44,0.0,6.5,1,1020240055,,230.0,999756.0,237482.0,40.8184953,-73.9439788,6a,,111S025,10708.0,,,,1,24v3,10.0,11.0,,,,,,,,,,,,,,1023000.0,10230003001.0
MN,1786,31,111.0,194.0,3000.0,4.0,8.0,10035.0,E035,25.0,1700.0,1.0,3B,242 EAST 122 STREET,,R7A,,,,,,,,,,False,V1,11,0,,PATRICK  CLARK,6694,0,,,,,,,,,7,0,,0,0,66.33,100.92,0,0,,0,False,5,5,682650,682650,0,0,0,0,,,0.0,4.0,0.0,4.0,1,1017860031,,194.0,1002051.0,231065.0,40.800878,-73.9357043,6b,,108N083,10610.0,,,,1,24v3,11.0,12.0,,,,,,,,,,,,,,1019400.0,10194003000.0
MN,1786,32,111.0,194.0,3000.0,4.0,8.0,10035.0,E035,25.0,1700.0,1.0,3B,240 EAST 122 STREET,,R7A,,,,,,,,,,False,V1,11,0,,CLARKE PATRICK,1900,0,,,,,,,,,7,0,,0,0,18.83,100.92,0,0,,0,False,5,5,195300,195300,0,0,0,0,,,0.0,4.0,0.0,4.0,1,1017860032,,194.0,1002014.0,231085.0,40.800933,-73.9358378,6b,,108N083,10610.0,,,,1,24v3,11.0,12.0,,,,,,,,,,,,,,1019400.0,10194003000.0
MN,1786,123,111.0,194.0,3000.0,4.0,8.0,10035.0,E035,25.0,1700.0,1.0,2B,2365 2 AVENUE,,R9A,,,,C2-5,,EHC,,,,False,V1,11,0,,2ND AVE. INVESTMENTS,1078,0,,,,,,,,,7,0,,0,0,20.0,53.92,0,0,,0,False,5,5,230400,230400,0,0,0,0,,,0.0,7.52,0.0,7.5,1,1017860123,,194.0,1002099.0,230926.0,40.8004964,-73.9355312,6b,,108N083,10610.0,E-422,,,1,24v3,11.0,12.0,,,,,,,,,,,,,,1019400.0,10194003000.0
MN,1786,22,111.0,194.0,3000.0,4.0,8.0,10035.0,E035,25.0,1700.0,1.0,2B,2 AVENUE,,R9A,,,,C2-5,,EHC,,,,False,V1,11,0,,2ND AVE. INVESTMENTS,1395,0,,,,,,,,,7,0,,0,0,25.92,53.92,0,0,,0,False,3,5,329400,329400,0,0,0,0,,,0.0,7.52,0.0,7.5,1,1017860022,,194.0,1002077.0,230887.0,40.8003894,-73.9356108,6b,,108N083,10610.0,E-422,,,1,24v3,11.0,12.0,,,,,,,,,,,,,,1019400.0,10194003000.0
MN,884,17,105.0,72.0,3002.0,2.0,2.0,10016.0,E016,13.0,5300.0,1.0,1B,120 LEXINGTON AVENUE,,C6-2A,,,,,,,,,,False,V1,11,0,,"120 LEXINGTON AVE CORP. C/O SKYLAND MANAGEMENT GROUP, LLC",1590,0,,,,,,,,,7,0,,0,0,20.25,78.5,0,0,,0,False,3,5,474750,474750,0,0,0,0,,,0.0,6.02,6.0,6.5,1,1008840017,,72.0,989062.0,209913.0,40.742838,-73.9826346,8d,,104 019,10307.0,,,,1,24v3,5.0,14.0,,,,,,,,,,,,,,1007200.0,10072003002.0
MN,1386,144,108.0,130.0,2002.0,2.0,4.0,10021.0,E039,19.0,4100.0,1.0,2A,EAST 72 STREET,,R8B,,,,,,,,,LH-1A,False,V1,11,0,,UNAVAILABLE OWNER,2,0,,,,,,,,,7,0,,0,0,10.0,0.17,0,0,,0,False,0,5,360,360,0,0,0,0,,,0.0,4.0,0.0,4.0,1,1013860144,,130.0,993945.0,220218.0,40.7711185,-73.9649981,8c,,106E049,10508.0,,1013861201.0,11/30/2018,1,24v3,8.0,13.0,,,,,,,,,,,,,,1013000.0,10130002002.0
MN,1681,24,111.0,180.0,2002.0,4.0,8.0,10029.0,E091,23.0,2100.0,1.0,1B,2123 1 AVENUE,,R8A,,,,C2-5,,,,,,False,V1,11,0,,SHAVSAX LLC,1875,0,,,,,,,,,7,0,,0,0,25.0,75.0,0,0,,0,False,5,5,260550,260550,0,0,0,0,,,0.0,6.02,0.0,6.5,1,1016810024,,180.0,1001194.0,227770.0,40.7918359,-73.938808,6b,,108N066,10605.0,,,,1,24v3,11.0,12.0,1.0,1.0,,,,,,,,,,,,1018000.0,10180001002.0
MN,1717,111,110.0,190.0,1000.0,3.0,9.0,10026.0,E058,28.0,1900.0,1.0,1B,WEST 118 STREET,,R7-2,,,,,,,,,,False,V1,11,0,X,MALCOLM SHABAZZ GARDENS HOMEOWNERS ASSOC . INC.,1345,0,,,,,,,,,7,0,,0,0,13.33,100.92,0,0,,0,False,5,5,0,0,0,0,0,0,,,0.0,3.44,0.0,6.5,1,1017170111,,190.0,998781.0,231860.0,40.8030661,-73.9475135,6b,,17N 075,10607.0,,,,1,24v3,10.0,11.0,,,,,,,,,,,,,,1019000.0,10190001001.0
MN,1940,1,110.0,228.0,3001.0,5.0,9.0,10030.0,L028,32.0,1000.0,1.0,3A,2510 FREDRICK DOUGLASS BL,,R7-2,,,,C1-4,,,,,,False,V1,11,0,C,NYC POLICE DEPARTMENT,6000,0,,,,,,,,,7,0,,0,0,60.0,100.0,0,0,,0,False,3,5,450450,450450,450450,0,0,0,,,0.0,3.44,0.0,6.5,1,1019400001,,228.0,999024.0,236513.0,40.8158369,-73.9466255,6a,,111S015,10705.0,,,,1,24v3,10.0,11.0,,,,,,,,,,,,t,,1022800.0,10228003001.0
MN,1845,40,107.0,193.0,1001.0,3.0,7.0,10025.0,E076,24.0,2320.0,1.0,5A,CATHEDRAL PARKWAY,,C1-9,,,,,,,,,,False,V1,11,0,,UNAVAILABLE OWNER,1043,0,,,,,,,,,7,0,,0,0,45.0,46.0,0,0,,0,True,3,5,900,900,0,0,0,0,,,0.0,10.0,2.0,10.0,1,1018450040,,193.0,995715.0,230868.0,40.8003478,-73.9585897,5d,,17S 055,10702.0,,,,1,24v3,7.0,16.0,,,,,,,,,,,,,,1019300.0,10193001000.0
MN,1847,13,110.0,197.02,1002.0,3.0,9.0,10026.0,E047,28.0,8520.0,1.0,1A,WEST 112 STREET,,R7A,,,,,,,,,,False,V1,11,0,C,NYC HOUSING PRESERVATION AND DEVELOPMENT,1682,0,,,,,,,,,7,0,,0,0,16.67,100.92,0,0,,0,False,5,5,303750,303750,303750,0,0,0,,,0.0,4.0,0.0,4.0,1,1018470013,,19702.0,995930.0,231597.0,40.8023484,-73.9578119,5d,,107N069,10702.0,,,,1,24v3,10.0,11.0,,,,,,,,,,,,t,,1019702.0,10197021002.0
MN,1928,44,110.0,222.0,1003.0,5.0,9.0,10027.0,L040,28.0,1500.0,1.0,1A,224 WEST 123 STREET,,R7A,,,,,,,,,,False,V1,11,0,,"ARIAS, MARIA E",1682,0,,,,,,,,,7,0,,0,0,16.67,100.92,0,0,,0,False,5,5,157050,157050,0,0,0,0,,,0.0,4.0,0.0,4.0,1,1019280044,,222.0,997954.0,233633.0,40.8079338,-73.950497,6a,,107N085,10705.0,,,,1,24v3,10.0,11.0,,,,,,,,,,,,,,1022200.0,10222001003.0
MN,1749,69,111.0,198.0,1002.0,5.0,9.0,10035.0,L014,25.0,1600.0,1.0,3B,2015 5 AVENUE,,C4-4A,,,,,,125th,TA,,,True,V1,11,0,,"507-515-517 W. 171 ST. ASSOCIATES, LLC",5914,0,,,,,,,,,7,0,,0,0,73.92,80.0,0,0,,0,False,3,5,761850,761850,0,0,0,0,,,0.0,4.0,4.0,4.0,1,1017490069,,198.0,1000269.0,232963.0,40.8060909,-73.9421362,6a,,108N080,10608.0,,,,1,24v3,11.0,11.0,,,,,,,,,,,,,,1019800.0,10198001002.0
MN,1667,34,111.0,188.0,4001.0,4.0,8.0,10035.0,L026,25.0,2100.0,1.0,2B,228 EAST 118 STREET,,R7A,,,,,,,,,,False,V1,11,0,,228 EAST 118TH STREET REALTY LLC,5551,0,,,,,,,,,7,1,,0,0,55.0,100.92,0,0,,0,False,5,5,643500,643500,0,0,0,0,,,0.0,4.0,0.0,4.0,1,1016670034,,188.0,1001434.0,230208.0,40.798527,-73.937935,6b,,108N075,10604.0,,1016670034.0,11/25/2015,1,24v3,11.0,12.0,,,,,,,,,,,,,,1018800.0,10188004001.0
MN,1373,200,106.0,86.01,1.0,,4.0,,,,,,,U THANT ISLAND,,,,,,,,,,,,,V8,11,0,X,UNAVAILABLE OWNER,22500,0,,,,,,,,,7,0,,0,0,200.0,100.0,0,0,,0,True,9,5,122850,122850,122850,0,0,0,,,0.0,0.0,0.0,0.0,1,1013730200,,8601.0,993978.0,211294.0,40.7466244,-73.9648919,8d,,16E 070,10507.0,,1013730002.0,01/02/2002,4,24v3,,,1.0,1.0,,,,,,,,,,,,1008601.0,10086010001.0
MN,1051,8,104.0,115.0,2002.0,2.0,3.0,10018.0,L021,10.0,4500.0,1.0,2A,429 WEST 41 STREET,,C6-4,,,,,,CL,,,,False,V7,11,0,X,PORT AUTHORITY OF NY AND NJ,10068,0,,,,,,,,,7,0,,0,0,400.0,25.17,0,0,,0,False,3,5,686700,686700,686700,0,2012,0,,,0.0,10.0,10.0,10.0,1,1010510008,,115.0,985611.0,215705.0,40.7587367,-73.9950873,8d,,105N041,10404.0,,,,1,24v3,4.0,15.0,,,,,,,,,,,,t,,1011500.0,10115002002.0
MN,1790,20,111.0,242.0,3006.0,5.0,8.0,10035.0,E035,25.0,1700.0,1.0,3B,249 EAST 125 STREET,,C6-3,,,,,,,,,,False,V1,11,0,C,NYC HOUSING PRESERVATION AND DEVELOPMENT,5296,0,,,,,,,,,7,0,,0,0,53.0,99.92,0,0,,0,False,5,5,1173150,1173150,1173150,0,0,0,,,0.0,7.52,6.0,10.0,1,1017900020,,242.0,1002531.0,231920.0,40.8032238,-73.9339682,6b,,108N090,10610.0,,,,1,24v3,11.0,12.0,,,,,,,,,,,,t,,1024200.0,10242003006.0
MN,1790,31,111.0,242.0,3006.0,5.0,8.0,10035.0,E035,25.0,1700.0,1.0,3B,236 EAST 126 STREET,,C6-3,,,,,,,,,,False,V9,11,0,,NYC ECONOMIC DEVELOPMENT CORPORATION,2498,0,,,,,,,,,7,0,,0,0,25.0,99.92,0,0,,0,False,5,5,560250,560250,0,0,0,0,,,0.0,7.52,6.0,10.0,1,1017900031,,242.0,1002571.0,232017.0,40.80349,-73.9338235,6b,,108N090,10610.0,,,,1,24v3,11.0,12.0,,,,,,,,,,,,t,,1024200.0,10242003006.0
MN,2005,24,109.0,219.0,1001.0,5.0,7.0,10027.0,E080,26.0,1100.0,1.0,2A,BROADWAY,,M1-1,,,,,,,,,,False,V9,11,0,C,NYC DEPARTMENT OF SMALL BUSINESS SERVICES,129750,0,,,,,,,,,7,0,,0,0,509.92,580.0,0,0,,0,True,9,5,466650,466650,466650,0,0,0,,,0.0,0.0,1.0,2.4,1,1020050024,,219.0,995212.0,238429.0,40.8211013,-73.9603941,5c,,111S001,10707.0,,,,4,24v3,9.0,16.0,1.0,1.0,,,,,,,,,,t,,1021900.0,10219001001.0
MN,1705,21,111.0,162.0,1000.0,4.0,8.0,10029.0,E091,23.0,2600.0,1.0,1B,F D R DRIVE,,R7-2,,,,,,,,,,False,V1,11,0,C,NYC DEPARTMENT OF SMALL BUSINESS SERVICES,196350,0,,,,,,,,,7,0,,0,0,836.33,276.0,0,0,,0,True,9,5,880200,880200,880200,0,0,0,,,0.0,3.44,0.0,6.5,1,1017050021,,162.0,1002645.0,227926.0,40.7922611,-73.9335674,6b,,108N070,10606.0,,,,1,24v3,11.0,12.0,1.0,1.0,,,,,,,,,,t,,1016200.0,10162001000.0
MN,2004,92,109.0,219.0,1001.0,5.0,7.0,10027.0,E080,26.0,1100.0,1.0,2A,MARGINAL STREET,,M1-1,,,,,,MMU,,,,False,V1,11,0,C,NYC DEPARTMENT OF SMALL BUSINESS SERVICES,158428,0,,,,,,,,,7,0,,0,0,382.5,428.92,0,0,,0,True,9,5,431550,431550,431550,0,0,0,,,0.0,0.0,1.0,2.4,1,1020040092,,219.0,995058.0,238135.0,40.8202945,-73.960951,5c,,111S001,10707.0,,,,1,24v3,9.0,16.0,1.0,1.0,,,,,,,,,,t,,1021900.0,10219001001.0
MN,2004,1,109.0,219.0,1005.0,5.0,7.0,10027.0,E047,26.0,1100.0,1.0,2A,MARGINAL STREET,,M1-1,,,,,,MMU,,,,False,V1,11,0,C,NYC DEPARTMENT OF SMALL BUSINESS SERVICES,96275,0,,,,,,,,,7,0,,0,0,292.0,310.0,0,0,,0,True,2,5,116550,116550,116550,0,0,0,,,0.0,0.0,1.0,2.4,1,1020040001,,219.0,994686.0,237495.0,40.8185384,-73.962296,5c,,107N105,10707.0,,,,1,24v3,9.0,16.0,1.0,1.0,,,,,,,,,,t,,1021900.0,10219001007.0
MN,1694,51,111.0,162.0,3.0,,8.0,,,,,,,F D R DRIVE,,R7-2,,,,,,,,,,False,V1,11,0,C,NYC DEPARTMENT OF SMALL BUSINESS SERVICES,63675,0,,,,,,,,,7,0,,0,0,287.0,243.0,0,0,,0,True,4,5,285300,285300,285300,0,0,0,,,0.0,3.44,0.0,6.5,1,1016940051,,162.0,1000924.0,225251.0,40.7849224,-73.9397893,6b,,108N055,10606.0,,,,1,24v3,,,1.0,1.0,,,,,,,,,,t,,1016200.0,10162000002.0
MN,1695,51,111.0,162.0,2.0,,8.0,,,,,,,F D R DRIVE,,R7-2,,,,,,,,,,False,V1,11,0,C,NYC DEPARTMENT OF SMALL BUSINESS SERVICES,59125,0,,,,,,,,,7,0,,0,0,262.75,300.0,0,0,,0,True,5,5,265050,265050,265050,0,0,0,,,0.0,3.44,0.0,6.5,1,1016950051,,162.0,1001100.0,225457.0,40.7854875,-73.9391533,6b,,199 999,10606.0,,,,1,24v3,,,1.0,1.0,,,,,,,,,,t,,1016200.0,10162000001.0
MN,1699,64,111.0,162.0,1.0,,8.0,,,,,,,F D R DRIVE,,R7-2,,,,,,,,,,False,V1,11,0,C,NYC DEPARTMENT OF SMALL BUSINESS SERVICES,61850,0,,,,,,,,,7,0,,0,0,286.42,246.0,0,0,,0,True,2,5,277200,277200,277200,0,0,0,,,0.0,3.44,0.0,6.5,1,1016990064,,162.0,1001620.0,226381.0,40.7880226,-73.9372731,6b,,108N059,10606.0,,,,1,24v3,,,1.0,1.0,,,,,,,,,,t,,1016200.0,10162000001.0
MN,1702,22,111.0,162.0,2000.0,4.0,8.0,10029.0,E091,23.0,2600.0,1.0,1B,F D R DRIVE,,R7-2,,,,,,,,,,False,V1,11,0,C,NYC DEPARTMENT OF SMALL BUSINESS SERVICES,80225,0,,,,,,,,,7,0,,0,0,261.83,304.0,0,0,,0,True,9,5,359550,359550,359550,0,0,0,,,0.0,3.44,0.0,6.5,1,1017020022,,162.0,1001966.0,227103.0,40.7900036,-73.9360217,6b,,199 999,10606.0,,,,1,24v3,11.0,12.0,1.0,1.0,,,,,,,,,,t,,1016200.0,10162002000.0
MN,2185,36,112.0,299.0,2013.0,6.0,10.0,10034.0,L036,34.0,110.0,1.0,4A,WEST 205 STREET,,R8,,,,C2-4,,IN,,,,False,V1,11,0,C,NYC DEPARTMENT OF SMALL BUSINESS SERVICES,36414,0,,,,,,,,,7,0,,0,0,163.25,199.83,0,0,,0,True,5,5,5216850,5216850,5216850,0,0,0,,,0.0,6.02,0.0,6.5,1,1021850036,,299.0,1007175.0,253211.0,40.8616506,-73.9171211,3a,,112 052,10804.0,E-459,,,1,24v3,12.0,17.0,1.0,1.0,,,,,,,,,,t,,1029900.0,10299003005.0
MN,2187,20,112.0,299.0,2009.0,6.0,10.0,10034.0,L036,34.0,110.0,1.0,4A,WEST 207 STREET,,R8,,,,C2-4,,IN,,,,False,V1,11,0,C,NYC DEPARTMENT OF SMALL BUSINESS SERVICES,9427,0,,,,,,,,,7,0,,0,0,189.0,42.0,0,0,,0,True,9,5,93600,93600,93600,0,0,0,,,0.0,6.02,0.0,6.5,1,1021870020,,299.0,1007511.0,253597.0,40.8627092,-73.9159051,3a,,112 060,10804.0,E-459,,,1,24v3,12.0,17.0,1.0,1.0,,,,,,,,,,t,,1029900.0,10299003000.0
MN,241,10,103.0,6.0,6002.0,1.0,1.0,10002.0,E015,7.0,7800.0,1.0,1B,260 SOUTH STREET,,M1-4,,,,,,,,,,False,V9,11,0,C,NYC DEPARTMENT OF SMALL BUSINESS SERVICES,292250,0,,,,,,,,,7,0,,0,0,691.92,425.42,0,0,,0,False,5,5,10183500,10183500,10183500,0,0,0,,,0.0,0.0,2.0,6.5,1,1002410010,,6.0,987030.0,197654.0,40.7091908,-73.9899727,12d,,101N108,10106.0,,,,1,24v3,3.0,14.0,1.0,1.0,,,,,,,,,,t,,1000600.0,10006006000.0
MN,2101,115,109.0,223.01,3002.0,6.0,7.0,10031.0,E080,30.0,900.0,1.0,2A,WEST 155 STREET,,M1-1,,,,,,,,,,False,V1,11,0,C,NYC DEPARTMENT OF PARKS AND RECREATION,8907,0,,,,,,,,,7,0,,0,0,19.0,285.0,0,0,,0,True,5,5,247050,247050,247050,0,0,0,,,0.0,0.0,1.0,2.4,1,1021010115,,22301.0,995895.0,238744.0,40.821965,-73.9579259,5c,,111S019,10710.0,,,,1,24v3,9.0,17.0,1.0,1.0,,,,,,,,,,t,,1022301.0,10223013002.0
MN,1171,13,107.0,159.0,2001.0,3.0,6.0,10023.0,L035,20.0,3900.0,1.0,1B,WEST 72 STREET,,R10,,,,,,,,,,False,V1,11,0,C,NYC DEPARTMENT OF PARKS AND RECREATION,115640,0,,,,,,,,,7,0,,0,0,157.0,1090.6,0,0,,0,True,5,5,12460950,12460950,12460950,0,0,0,,,0.0,10.0,0.0,10.0,1,1011710013,,159.0,987533.0,223349.0,40.779717,-73.9881458,8c,,16W 006,10407.0,,1011710130.0,04/19/2002,1,24v3,7.0,15.0,,1.0,,,,,,,,,,t,,1015900.0,10159002001.0
MN,1171,240,107.0,151.0,4000.0,3.0,6.0,10069.0,L035,20.0,3900.0,1.0,1B,RIVERSIDE BOULEVARD,,R10,,,,,,,,,,False,V1,11,0,X,CITY OF NEW YORK,38701,0,,,,,,,,,7,0,,0,0,65.42,396.32,0,0,,0,True,3,5,26,26,26,0,0,0,,,0.0,10.0,0.0,10.0,1,1011710240,,151.0,986818.0,221631.0,40.775003,-73.9907297,8c,,,,,1011710001.0,02/25/2021,1,24v3,7.0,15.0,1.0,,,,,,,,,,,t,,1015102.0,10151022000.0
MN,1171,260,107.0,151.0,4000.0,3.0,6.0,10023.0,L035,20.0,3900.0,1.0,1B,RIVERSIDE BOULEVARD,,C4-7,,,,,,,,,,False,V1,11,0,X,CITY OF NEW YORK,15840,0,,,,,,,,,7,0,,0,0,66.0,240.0,0,0,,0,True,0,5,11,11,11,0,0,0,,,0.0,10.0,10.0,10.0,1,1011710260,,151.0,987015.0,220923.0,40.7730593,-73.9900154,8c,,,,,1011710001.0,02/25/2021,1,24v3,7.0,15.0,,,,,,,,,,,,t,,1015102.0,10151022003.0
MN,1171,34,107.0,151.0,4000.0,3.0,6.0,10069.0,L035,20.0,3900.0,1.0,1B,JOE DIMAGGIO HIGHWAY,,R10,,,,C2-5,,,,,,False,V1,11,0,C,CITY OF NEW YORK,20400,0,,,,,,,,,7,0,,0,0,80.0,255.0,0,0,,0,False,5,5,450,450,450,0,0,0,,,0.0,10.0,0.0,10.0,1,1011710034,,151.0,987183.0,222142.0,40.7764042,-73.9894101,8c,,16W 006,10407.0,,1011710134.0,12/02/2005,1,24v3,7.0,15.0,,,,,,,,,,,,t,,1015102.0,10151021001.0
MN,1171,274,107.0,151.0,4000.0,3.0,6.0,10069.0,L035,20.0,3900.0,1.0,1B,RIVERSIDE BOULEVARD,,C4-7,R10,,,,,,,,,True,V1,11,0,X,CITY OF NEW YORK,33724,0,,,,,,,,,7,0,,0,0,98.84,426.24,0,0,,0,True,3,5,23,23,23,0,0,0,,,0.0,10.0,10.0,10.0,1,1011710274,,151.0,986969.0,221209.0,40.7738436,-73.9901844,8c,,,,,1011710001.0,02/25/2021,1,24v3,7.0,15.0,,,,,,,,,,,,t,,1015102.0,10151022003.0
MN,1171,136,107.0,151.0,4000.0,3.0,6.0,10069.0,L035,20.0,3900.0,1.0,1B,WEST END AVENUE,,R10,,,,,,,,,,False,V1,11,0,C,CITY OF NEW YORK,32504,0,,,,,,,,,7,0,,0,0,254.2,60.5,0,0,,0,True,4,5,900,900,900,0,0,0,,,0.0,10.0,0.0,10.0,1,1011710136,,151.0,987109.0,222031.0,40.7760996,-73.9896774,8c,,106W004,10407.0,,1011710001.0,08/23/2013,1,24v3,7.0,15.0,,,,,,,,,,,,t,,1015102.0,10151023000.0
MN,1171,250,107.0,151.0,4000.0,3.0,6.0,10069.0,L035,20.0,3900.0,1.0,1B,RIVERSIDE BOULEVARD,,R10,,,,,,,,,,False,V1,11,0,X,CITY OF NEW YORK,43561,0,,,,,,,,,7,0,,0,0,82.55,611.17,0,0,,0,True,3,5,29,29,29,0,0,0,,,0.0,10.0,0.0,10.0,1,1011710250,,151.0,986609.0,221417.0,40.7744148,-73.9914842,8c,,,,,1011710001.0,02/25/2021,1,24v3,7.0,15.0,1.0,1.0,,,,,,,,,,t,,1015102.0,10151022002.0
MN,708,50,104.0,99.0,1007.0,2.0,3.0,10018.0,E034,10.0,5500.0,1.0,2A,11 AVENUE,,C6-4,C6-2,,,,,HY,,,,True,V1,11,0,C,CITY OF NEW YORK,9938,0,,,,,,,,,7,0,,0,0,144.75,198.75,0,0,,0,False,0,5,1355850,1355850,1355850,0,0,0,,,0.0,10.0,10.0,10.0,1,1007080050,,99.0,984342.0,215030.0,40.7568841,-73.9996679,8d,,105S027,10302.0,E-137,1007080050.0,10/18/2019,1,24v3,4.0,15.0,,,,,,,,,,,,t,,1009903.0,10099032015.0
MN,1801,1,111.0,242.0,3010.0,4.0,8.0,10035.0,E035,25.0,1700.0,1.0,3B,2 AVENUE,,R7-2,,,,,,,,,,False,V1,11,0,O,MTA - BRIDGES AND TUNNELS,75750,0,,,,,,,,,7,0,,0,0,201.83,650.0,0,0,,0,True,3,5,7196400,7196400,7196400,0,0,0,,,0.0,3.44,0.0,6.5,1,1018010001,,242.0,1002879.0,231488.0,40.8020374,-73.9327124,6b,,108N091,10611.0,,,,1,24v3,11.0,12.0,,,,,,,,,,,,t,,1024200.0,10242003008.0
MN,1811,153,111.0,192.0,1008.0,4.0,8.0,10035.0,E035,25.0,1700.0,1.0,3B,1 AVENUE,,M1-1,,,,,,,,,,False,V1,11,0,O,MTA - BRIDGES AND TUNNELS,1129,0,,,,,,,,,7,0,,0,0,68.0,240.0,0,0,,0,True,5,5,164700,164700,164700,0,0,0,,,0.0,0.0,1.0,2.4,1,1018110153,,192.0,1003672.0,231059.0,40.8008582,-73.9298494,6b,,108N093,10611.0,,,,1,24v3,11.0,12.0,1.0,1.0,,,,,,,,,,t,,1019200.0,10192001001.0
MN,1811,50,111.0,192.0,1007.0,4.0,8.0,10035.0,E035,25.0,1700.0,1.0,3B,1 AVENUE,,R7-2,M1-1,,,,,,,,,True,V1,11,0,O,MTA - BRIDGES AND TUNNELS,81608,0,,,,,,,,,7,0,,0,0,3395.0,325.0,0,0,,0,True,5,5,7314750,7314750,7314750,0,0,0,,,0.0,3.44,0.0,6.5,1,1018110050,,192.0,1003777.0,230486.0,40.7992852,-73.9294718,6b,,108N093,10611.0,,,,1,24v3,11.0,12.0,1.0,1.0,,,,,,,,,,t,,1019200.0,10192001001.0
MN,1802,1,111.0,242.0,3012.0,5.0,8.0,10035.0,E035,25.0,1700.0,1.0,3B,2 AVENUE,,R7-2,M1-2,,,,,,,,,True,V1,11,0,O,MTA - BRIDGES AND TUNNELS,71500,0,,,,,,,,,7,0,,0,0,199.83,615.0,0,0,,0,True,3,5,6792750,6792750,6792750,0,0,0,,,0.0,3.44,0.0,6.5,1,1018020001,,242.0,1002976.0,231694.0,40.8026026,-73.9323615,6b,,108N091,10611.0,,,,1,24v3,11.0,12.0,1.0,1.0,,,,,,,,,,t,,1024200.0,10242003009.0
MN,943,10,106.0,78.0,6001.0,2.0,4.0,10016.0,E021,17.0,5000.0,1.0,2B,EAST 37 STREET,,C1-9,,,,,,,,,,False,V9,11,0,X,MTA - BRIDGES AND TUNNELS,8690,0,,,,,,,,,7,0,,0,0,47.0,197.5,0,0,,0,True,5,5,2413800,2413800,2413800,0,0,0,,,0.0,10.0,2.0,10.0,1,1009430010,,78.0,991609.0,211292.0,40.7466212,-73.9734415,8d,,104 024,10309.0,,,,1,24v3,6.0,13.0,,,,,,,,,,,,t,,1007800.0,10078006001.0
MN,942,1,106.0,78.0,6005.0,2.0,4.0,10016.0,L007,17.0,5000.0,1.0,2B,2 AVENUE,,R8,C1-9,,,,,,,,,True,V1,11,0,C,MTA - BRIDGES AND TUNNELS,128375,0,,,,,,,,,7,2,,0,0,197.5,650.0,0,0,,0,False,3,5,41753250,41753250,41753250,0,0,0,,,0.0,6.02,0.0,6.5,1,1009420001,,78.0,991580.0,211021.0,40.7458774,-73.9735465,8d,,104 024,10309.0,,,,1,24v3,6.0,13.0,,1.0,,,,,,,,,,t,,1007800.0,10078006002.0
MN,915,9,106.0,78.0,4001.0,2.0,4.0,10016.0,L007,17.0,5000.0,1.0,2B,EAST 34 STREET,,C1-9A,R8B,,,,,,,,,True,V1,11,0,X,MTA - BRIDGES AND TUNNELS,11109,0,,,,,,,,,7,0,,0,0,56.25,197.5,0,0,,0,True,4,5,3983850,3983850,3983850,0,0,0,,,0.0,10.0,2.0,10.0,1,1009150009,,78.0,990605.0,210972.0,40.7457437,-73.9770653,8d,,104 022,10308.0,,,,1,24v3,6.0,13.0,,,,,,,,,,,,t,,1007800.0,10078004001.0
MN,916,13,106.0,78.0,4000.0,2.0,4.0,10016.0,L007,17.0,5000.0,1.0,2B,EAST 35 STREET,,R8B,,,,,,,,,,False,V7,11,0,X,MTA - BRIDGES AND TUNNELS,10698,0,,,,,,,,,7,0,,0,0,54.17,197.5,0,0,,0,True,4,5,2741850,2741850,2741850,0,0,0,,,0.0,4.0,0.0,4.0,1,1009160013,,78.0,990748.0,211183.0,40.7463227,-73.976549,8d,,104 022,10308.0,,,,1,24v3,6.0,13.0,,,,,,,,,,,,t,,1007800.0,10078004000.0
MN,918,50,106.0,78.0,2002.0,2.0,4.0,10016.0,E021,17.0,5000.0,1.0,2B,EAST 38 STREET,,C1-9,,,,,,,,,,False,V9,11,0,X,MTA - BRIDGES AND TUNNELS,8799,0,,,,,,,,,7,0,,0,0,46.5,197.5,0,0,,0,True,4,5,2606400,2606400,2606400,0,0,0,,,0.0,10.0,2.0,10.0,1,1009180050,,78.0,991003.0,211639.0,40.7475741,-73.9756282,8d,,104 022,10308.0,,,,1,24v3,6.0,13.0,,,,,,,,,,,,t,,1007800.0,10078002001.0
MN,940,55,106.0,78.0,5002.0,2.0,4.0,10016.0,L007,17.0,5000.0,1.0,2A,EAST 35 STREET,,C1-9,C1-9A,R8,,,,,,,,True,V1,11,0,X,MTA - BRIDGES AND TUNNELS,9155,0,,,,,,,,,7,0,,0,0,51.67,197.5,0,0,,0,True,5,5,1441800,1441800,1441800,0,0,0,,,0.0,10.0,2.0,10.0,1,1009400055,,78.0,991184.0,210646.0,40.7448484,-73.974976,8d,,104 024,10309.0,,,,1,24v3,6.0,13.0,,,,,,,,,,,,t,,1007800.0,10078005002.0
MN,1957,2,109.0,217.03,1002.0,5.0,9.0,10027.0,E080,26.0,900.0,1.0,2B,ST NICHOLAS AVENUE,,R7-2,,,,,,,,,,False,V5,11,0,X,DORMITORY AUTHORITY OF THE STATE OF NEW YORK,3208,0,,,,,,,,,7,1,,0,0,50.0,64.17,0,0,,0,False,5,5,261000,261000,261000,0,0,0,,,0.0,3.44,0.0,6.5,1,1019570002,,21703.0,997940.0,236271.0,40.8151744,-73.9505422,6a,,111S004,10706.0,,,,1,24v3,9.0,17.0,,,,,,,,,,,,t,,1021703.0,10217031006.0
MN,1957,18,109.0,217.03,1002.0,5.0,9.0,10027.0,E080,26.0,900.0,1.0,2B,ST NICHOLAS AVENUE,,R7-2,,,,,,,,,,False,V5,11,0,X,DORMITORY AUTHORITY OF THE STATE OF NEW YORK,9943,0,,,,,,,,,7,0,,0,0,216.17,46.0,0,0,,0,False,5,5,808200,808200,808200,0,0,0,,,0.0,3.44,0.0,6.5,1,1019570018,,21703.0,997566.0,236507.0,40.8158227,-73.9518929,6a,,111S023,10706.0,,,,1,24v3,9.0,17.0,,,,,,,,,,,,t,,1021703.0,10217031006.0
MN,1957,16,109.0,217.03,1002.0,5.0,9.0,10027.0,E080,26.0,900.0,1.0,2B,ST NICHOLAS AVENUE,,R7-2,,,,,,,,,,False,V5,11,0,X,DORMITORY AUTHORITY OF THE STATE OF NEW YORK,3320,0,,,,,,,,,7,0,,0,0,46.0,72.17,0,0,,0,False,5,5,245250,245250,245250,0,0,0,,,0.0,3.44,0.0,6.5,1,1019570016,,21703.0,997492.0,236356.0,40.8154084,-73.9521605,6a,,111S023,10706.0,,,,1,24v3,9.0,17.0,,,,,,,,,,,,t,,1021703.0,10217031006.0
MN,1957,15,109.0,217.03,1002.0,5.0,9.0,10027.0,E080,26.0,900.0,1.0,2B,ST NICHOLAS AVENUE,,R7-2,,,,,,,,,,False,V5,11,0,X,DORMITORY AUTHORITY OF THE STATE OF NEW YORK,4424,0,,,,,,,,,7,0,,0,0,46.0,96.17,0,0,,0,False,5,5,359550,359550,359550,0,0,0,,,0.0,3.44,0.0,6.5,1,1019570015,,21703.0,997500.0,236279.0,40.815197,-73.9521318,6a,,111S023,10706.0,,,,1,24v3,9.0,17.0,,,,,,,,,,,,t,,1021703.0,10217031006.0
MN,1957,17,109.0,217.03,1002.0,5.0,9.0,10027.0,E080,26.0,900.0,1.0,2B,ST NICHOLAS AVENUE,,R7-2,,,,,,,,,,False,V5,11,0,X,DORMITORY AUTHORITY OF THE STATE OF NEW YORK,4424,0,,,,,,,,,7,0,,0,0,46.0,96.17,0,0,,0,False,5,5,359550,359550,359550,0,0,0,,,0.0,3.44,0.0,6.5,1,1019570017,,21703.0,997464.0,236448.0,40.8156609,-73.9522615,6a,,111S023,10706.0,,,,1,24v3,9.0,17.0,,,,,,,,,,,,t,,1021703.0,10217031006.0
MN,1957,3,109.0,217.03,1002.0,5.0,9.0,10027.0,E080,26.0,900.0,1.0,2B,ST NICHOLAS AVENUE,,R7-2,,,,,,,,,,False,V5,11,0,X,DORMITORY AUTHORITY OF THE STATE OF NEW YORK,3808,0,,,,,,,,,7,0,,0,0,50.0,76.17,0,0,,0,False,6,5,334800,334800,334800,0,0,0,,,0.0,3.44,0.0,6.5,1,1019570003,,21703.0,997828.0,236230.0,40.815062,-73.9509469,6a,,111S023,10706.0,,,,1,24v3,9.0,17.0,,,,,,,,,,,,t,,1021703.0,10217031006.0
MN,1940,13,110.0,228.0,3001.0,5.0,9.0,10030.0,L028,32.0,1000.0,1.0,3A,WEST 134 STREET,,R7-2,,,,,,,,,,False,V4,11,0,C,NYC POLICE DEPARTMENT,4496,0,,,,,,,,,7,0,,0,0,45.0,99.92,0,0,,0,False,5,5,365400,365400,365400,0,0,0,,,0.0,3.44,0.0,6.5,1,1019400013,,228.0,999260.0,236405.0,40.81554,-73.9457732,6a,,111S015,10705.0,,,,1,24v3,10.0,11.0,,,,,,,,,,,,t,,1022800.0,10228003001.0
MN,1918,53,110.0,226.0,1000.0,5.0,9.0,10030.0,E059,32.0,1200.0,1.0,3B,130 WEST 134 STREET,,R7-2,,,,,,,,,,False,V1,11,0,C,NYC HOUSING PRESERVATION AND DEVELOPMENT,2998,0,,,,,,,,,7,0,,0,0,30.0,99.92,0,0,,0,False,5,5,256950,256950,256950,0,0,0,,,0.0,3.44,0.0,6.5,1,1019180053,,226.0,999943.0,235848.0,40.81401,-73.943307,6a,,111S016,10704.0,,,,1,24v3,10.0,11.0,,,,,,,,,,,,t,,1022600.0,10226001000.0
MN,1824,20,110.0,218.0,2003.0,3.0,9.0,10026.0,E058,28.0,1900.0,1.0,1B,115 WEST 114 STREET,,R7-2,,,,,,,,,,False,V1,11,0,C,NYC HOUSING PRESERVATION AND DEVELOPMENT,2649,0,,,,,,,,,7,0,,0,0,26.25,100.92,0,0,,0,False,5,5,206100,206100,206100,0,0,0,,,0.0,3.44,0.0,6.5,1,1018240020,,218.0,997634.0,231251.0,40.8013964,-73.9516577,6b,,107N060,10701.0,,,,1,24v3,10.0,11.0,,,,,,,,,,,,t,,1021800.0,10218002003.0
MN,1771,1,111.0,196.0,1000.0,4.0,9.0,10035.0,L014,25.0,1600.0,1.0,3B,PARK AVENUE,,M1-6/R10,,,,,,EHC,,,,False,V1,11,0,C,NYC HOUSING PRESERVATION AND DEVELOPMENT,4583,0,,,,,,,,,7,0,,0,0,50.92,90.0,0,0,,0,False,3,5,959400,959400,959400,0,0,0,,,0.0,10.0,10.0,10.0,1,1017710001,,196.0,1000862.0,231874.0,40.8031008,-73.9399968,6b,,108N081,10609.0,,1017710001.0,08/15/2022,1,24v3,11.0,11.0,,,,,,,,,,,,t,,1019600.0,10196001000.0
MN,1790,27,111.0,242.0,3006.0,5.0,8.0,10035.0,E035,25.0,1700.0,1.0,3B,2455 2 AVENUE,,C6-3,,,,,,,,,,False,V1,11,0,C,NYC HOUSING PRESERVATION AND DEVELOPMENT,2625,0,,,,,,,,,7,0,,0,0,25.0,105.0,0,0,,0,False,5,5,585900,585900,585900,0,0,0,,,0.0,7.52,6.0,10.0,1,1017900027,,242.0,1002643.0,231962.0,40.8033388,-73.9335635,6b,,108N090,10610.0,,,,1,24v3,11.0,12.0,,,,,,,,,,,,t,,1024200.0,10242003006.0
MN,1790,26,111.0,242.0,3006.0,5.0,8.0,10035.0,E035,25.0,1700.0,1.0,3B,2453 2 AVENUE,,C6-3,,,,,,,,,,False,V1,11,0,C,NYC HOUSING PRESERVATION AND DEVELOPMENT,2625,0,,,,,,,,,7,0,,0,0,25.0,105.0,0,0,,0,False,5,5,585900,585900,585900,0,0,0,,,0.0,7.52,6.0,10.0,1,1017900026,,242.0,1002631.0,231939.0,40.8032757,-73.9336069,6b,,108N090,10610.0,,,,1,24v3,11.0,12.0,,,,,,,,,,,,t,,1024200.0,10242003006.0
MN,1790,29,111.0,242.0,3006.0,5.0,8.0,10035.0,E035,25.0,1700.0,1.0,3B,2459 2 AVENUE,,C6-3,,,,,,,,,,False,V1,11,0,C,NYC HOUSING PRESERVATION AND DEVELOPMENT,2616,0,,,,,,,,,7,0,,0,0,24.92,105.0,0,0,,0,False,3,5,616050,616050,616050,0,0,0,,,0.0,7.52,6.0,10.0,1,1017900029,,242.0,1002668.0,232007.0,40.8034623,-73.9334731,6b,,108N090,10610.0,,,,1,24v3,11.0,12.0,,,,,,,,,,,,t,,1024200.0,10242003006.0
MN,1911,26,110.0,224.0,2001.0,5.0,9.0,10027.0,L030,28.0,1200.0,1.0,1B,109 WEST 126 STREET,,R7-2,,,,,,,,,,False,V1,11,0,C,NYC HOUSING PRESERVATION AND DEVELOPMENT,1782,0,,,,,,,,,7,0,,0,0,17.83,99.92,0,0,,0,False,5,5,250650,250650,250650,0,0,0,,,0.0,3.44,0.0,6.5,1,1019110026,,224.0,999333.0,233991.0,40.8089142,-73.9455149,6a,,107N088,10704.0,,,,1,24v3,10.0,11.0,,,,,,,,,,,,t,,1022400.0,10224002001.0
MN,1754,68,111.0,206.0,1002.0,5.0,9.0,10037.0,L030,25.0,1600.0,1.0,3A,2 EAST 130 STREET,,R7B,,,,,,,,,,False,V1,11,0,C,NYC HOUSING PRESERVATION AND DEVELOPMENT,1665,0,,,,,,,,,7,0,,0,0,16.67,99.92,0,0,,0,False,5,5,154350,154350,154350,0,0,0,,,0.0,3.0,0.0,3.0,1,1017540068,,206.0,1000982.0,234085.0,40.8091692,-73.9395579,6a,,108N088,10608.0,,,,1,24v3,11.0,11.0,,,,,,,,,,,,t,,1020600.0,10206001002.0
MN,1824,19,110.0,218.0,2003.0,3.0,9.0,10026.0,E058,28.0,1900.0,1.0,1B,117 WEST 114 STREET,,R7-2,,,,,,,,,,False,V1,11,0,C,NYC HOUSING PRESERVATION AND DEVELOPMENT,2649,0,,,,,,,,,7,0,,0,0,26.25,100.92,0,0,,0,False,5,5,206100,206100,206100,0,0,0,,,0.0,3.44,0.0,6.5,1,1018240019,,218.0,997612.0,231264.0,40.8014321,-73.9517372,6b,,107N060,10701.0,,,,1,24v3,10.0,11.0,,,,,,,,,,,,t,,1021800.0,10218002003.0
MN,1635,43,111.0,172.0,4000.0,4.0,8.0,10029.0,E091,23.0,2500.0,1.0,1A,174 EAST 108 STREET,,R7A,,,,,,,,,,False,V1,11,0,C,NYC HOUSING PRESERVATION AND DEVELOPMENT,1716,0,,,,,,,,,7,1,,0,0,17.0,100.92,0,0,,0,False,5,5,176400,176400,176400,0,0,0,,,0.0,4.0,0.0,4.0,1,1016350043,,172.0,999611.0,228179.0,40.7929613,-73.9445239,6b,,108N052,10603.0,,,,1,24v3,11.0,12.0,1.0,1.0,,,,,,,,,,t,,1017200.0,10172004000.0
MN,2045,13,110.0,259.0,1004.0,5.0,9.0,10039.0,E069,32.0,8510.0,1.0,4A,2735 FREDRICK DOUGLASS BL,,C4-4D,,,,,,,,,,False,V1,11,0,C,NYC HOUSING PRESERVATION AND DEVELOPMENT,2813,0,,,,,,,,,7,0,,0,0,25.0,112.5,0,0,,0,False,5,5,598050,598050,598050,0,0,0,,,0.0,6.02,3.4,6.5,1,1020450013,,259.0,1000334.0,239296.0,40.8234731,-73.9418862,6a,,111N051,10709.0,,,,1,24v3,10.0,11.0,,,,,,,,,,,,t,,1025900.0,10259001004.0
MN,2045,89,110.0,259.0,1000.0,5.0,9.0,10039.0,E069,32.0,8510.0,1.0,4A,2803 FREDRICK DOUGLASS BL,,R7-2,,,,C1-4,,,,,,False,V1,11,0,C,NYC HOUSING PRESERVATION AND DEVELOPMENT,2000,0,,,,,,,,,7,0,,0,0,25.0,80.0,0,0,,0,False,3,5,215100,215100,215100,0,0,0,,,0.0,3.44,0.0,6.5,1,1020450089,,259.0,1000781.0,240070.0,40.8255967,-73.9402692,6a,,111N058,10709.0,,,,1,24v3,10.0,11.0,,,,,,,,,,,,t,,1025900.0,10259001000.0
MN,372,11,103.0,22.02,1000.0,1.0,2.0,10009.0,E028,9.0,7600.0,1.0,3A,276 EAST 3 STREET,,R7A,,,,C2-5,,,,,,False,V1,11,0,C,NYC HOUSING PRESERVATION AND DEVELOPMENT,2021,0,,,,,,,,,7,0,,0,0,23.25,86.92,0,0,,0,False,5,5,724050,724050,724050,0,0,0,,,0.0,4.0,0.0,4.0,1,1003720011,,2202.0,989687.0,202086.0,40.7213544,-73.9803854,12c,,102 014,10202.0,,,,1,24v3,3.0,14.0,,,,,,,,,,,,t,,1002202.0,10022021000.0
MN,2032,2,110.0,234.0,2001.0,5.0,9.0,10039.0,E069,32.0,800.0,1.0,4A,8 AVENUE,,R7-2,,,,C1-4,,,,,,False,V1,11,0,C,NYC HOUSING PRESERVATION AND DEVELOPMENT,2500,0,,,,,,,,,7,0,,0,0,25.0,100.0,0,0,,0,False,5,5,253350,253350,253350,0,0,0,,,0.0,3.44,0.0,6.5,1,1020320002,,234.0,1000578.0,239320.0,40.8235386,-73.9410045,6a,,111N052,10709.0,,,,1,24v3,10.0,11.0,,,,,,,,,,,,t,,1023400.0,10234002001.0
MN,1918,16,110.0,226.0,1000.0,5.0,9.0,10030.0,E059,32.0,1200.0,1.0,3B,131 WEST 133 STREET,,R7-2,,,,,,,,,,False,V1,11,0,C,NYC HOUSING PRESERVATION AND DEVELOPMENT,3324,0,,,,,,,,,7,0,,0,0,33.27,99.92,0,0,,0,False,5,5,285300,285300,285300,0,0,0,,,0.0,3.44,0.0,6.5,1,1019180016,,226.0,999996.0,235703.0,40.813612,-73.9431159,6a,,111S016,10704.0,,,,1,24v3,10.0,11.0,,,,,,,,,,,,t,,1022600.0,10226001000.0
MN,1681,15,111.0,180.0,2002.0,4.0,8.0,10029.0,E091,23.0,2100.0,1.0,1B,329 EAST 109 STREET,,R7A,,,,,,,,,,False,V1,11,0,C,NYC DEPARTMENT OF HEALTH AND MENTAL HYGIENE,2523,0,,,,,,,,,7,0,,0,0,25.0,100.92,0,0,,0,False,5,5,233550,233550,233550,0,0,0,,,0.0,4.0,0.0,4.0,1,1016810015,,180.0,1000980.0,227902.0,40.7921986,-73.9395805,6b,,108N066,10605.0,,,,1,24v3,11.0,12.0,,1.0,,,,,,,,,,t,,1018000.0,10180001002.0
MN,1819,30,111.0,240.0,1004.0,4.0,8.0,10035.0,E035,25.0,8400.0,1.0,,WARDS ISLAND,,M3-1,,,,,,,,,,False,V1,11,0,C,NYC DEPARTMENT OF ENVIRONMENTAL PROTECTION,62060,0,,,,,,,,,7,2,,0,0,150.0,535.98,0,0,,0,True,5,5,6481800,6481800,6481800,0,0,0,,,0.0,0.0,2.0,0.0,1,1018190030,,240.0,1005870.0,227458.0,40.7909693,-73.921922,6b,,199 999,10611.0,,,,1,24v3,11.0,12.0,,,,,,,,,,,,t,,1024000.0,10240003000.0
MN,1788,101,111.0,194.0,4000.0,5.0,8.0,10035.0,E035,25.0,1700.0,1.0,3B,3 AVENUE,,R7B,,,,,,,,,,False,V1,11,0,C,NYC DEPARTMENT OF CITYWIDE ADMINISTRATIVE SERVICES,2,0,,,,,,,,,7,0,,0,0,5.0,0.55,0,0,,0,True,8,5,1305,1305,1305,0,0,0,,,0.0,3.0,0.0,3.0,1,1017880101,,194.0,1001926.0,231612.0,40.8023797,-73.9361543,6b,,108N083,10610.0,,,,1,24v3,11.0,12.0,,,,,,,,,,,,t,,1019400.0,10194004000.0
MN,1921,124,110.0,228.0,1001.0,5.0,9.0,10030.0,E059,32.0,1000.0,1.0,3B,113 WEST 136 STREET,,R7-2,,,,,,,,,,False,V1,11,0,C,NYC DEPARTMENT OF CITYWIDE ADMINISTRATIVE SERVICES,1665,0,,,,,,,,,7,0,,0,0,16.67,99.92,0,0,,0,False,5,5,234000,234000,234000,0,0,0,,,0.0,3.44,0.0,6.5,1,1019210124,,228.0,1000569.0,236324.0,40.8153154,-73.9410443,6a,,111S026,10704.0,,,,1,24v3,10.0,11.0,,,,,,,,,,,,t,,1022800.0,10228001001.0
MN,1953,24,110.0,215.0,1002.0,5.0,9.0,10027.0,E037,28.0,8520.0,1.0,1A,317 WEST 126 STREET,,R7-2,,,,,,,,,,False,V1,11,0,C,NYC DEPARTMENT OF CITYWIDE ADMINISTRATIVE SERVICES,1665,0,,,,,,,,,7,0,,0,0,16.67,99.92,0,0,,0,False,5,5,234000,234000,234000,0,0,0,,,0.0,3.44,0.0,6.5,1,1019530024,,215.0,997706.0,234891.0,40.811387,-73.9513904,6a,,107N097,10706.0,,,,1,24v3,10.0,11.0,,,,,,,,,,,,t,,1021500.0,10215001002.0
MN,1909,11,110.0,222.0,2001.0,5.0,9.0,10027.0,L014,28.0,1500.0,1.0,1B,142 WEST 125 STREET,,C6-3,C4-4D,,,,,125th,,,,True,V1,11,0,C,NYC DEPARTMENT OF CITYWIDE ADMINISTRATIVE SERVICES,5248,0,,,,,,,,,7,0,,0,0,26.0,201.83,0,0,,0,False,4,5,1287000,1287000,1287000,0,0,0,,,0.0,7.52,6.0,10.0,1,1019090011,,222.0,998754.0,233728.0,40.8081933,-73.947607,6a,,107N087,10704.0,,,,1,24v3,10.0,11.0,,,,,,,,,,,,t,,1022200.0,10222002001.0
MN,1788,104,111.0,194.0,4000.0,5.0,8.0,10035.0,E035,25.0,1700.0,1.0,3B,3 AVENUE,,R7B,,,,,,,,,,False,V1,11,0,C,NYC DEPARTMENT OF CITYWIDE ADMINISTRATIVE SERVICES,2184,0,,,,,,,,,7,0,,0,0,12.58,5.0,0,0,,0,True,6,5,7200,7200,7200,0,0,0,,,0.0,3.0,0.0,3.0,1,1017880104,,194.0,1001948.0,231652.0,40.8024894,-73.9360747,6b,,108N083,10610.0,,,,1,24v3,11.0,12.0,,,,,,,,,,,,t,,1019400.0,10194004000.0
MN,1768,3,111.0,196.0,2004.0,4.0,9.0,10035.0,E035,25.0,1600.0,1.0,2A,PARK AVENUE,,R10,,,,C2-5,,EHC,,,,False,V1,11,0,C,NYC DEPARTMENT OF CITYWIDE ADMINISTRATIVE SERVICES,90,0,,,,,,,,,7,0,,0,0,1.17,90.0,0,0,,0,True,8,5,450,450,450,0,0,0,,,0.0,10.0,0.0,10.0,1,1017680003,,196.0,1000508.0,231232.0,40.8013394,-73.941277,6b,,108N074,10609.0,,,,1,24v3,11.0,11.0,,,,,,,,,,,,t,,1019600.0,10196002003.0
MN,2015,1,110.0,234.0,2002.0,5.0,9.0,10039.0,E059,32.0,800.0,1.0,4B,2521 ADAM C POWELL BLVD,,R7-2,,,,C2-4,,,,,,False,V1,11,0,C,NYC DEPARTMENT OF CITYWIDE ADMINISTRATIVE SERVICES,4040,0,,,,,,,,,7,2,,0,0,40.0,101.0,0,0,,0,False,3,5,314550,314550,314550,0,0,0,,,0.0,3.44,0.0,6.5,1,1020150001,,234.0,1001379.0,238855.0,40.8222607,-73.9381116,6a,,111N053,10708.0,,,,1,24v3,10.0,11.0,,,,,,,,,,,,t,,1023400.0,10234002003.0
MN,1688,34,111.0,188.0,2000.0,4.0,8.0,10035.0,L026,25.0,2100.0,1.0,2B,338 EAST 117 STREET,,R7B,,,,,,,,,,False,V1,11,0,C,NYC DEPARTMENT OF CITYWIDE ADMINISTRATIVE SERVICES,2523,0,,,,,,,,,7,0,,0,0,25.0,100.92,0,0,,0,False,5,5,175050,175050,175050,0,0,0,,,0.0,3.0,0.0,3.0,1,1016880034,,188.0,1002048.0,229569.0,40.7967719,-73.9357191,6b,,108N076,10605.0,,,,1,24v3,11.0,12.0,1.0,1.0,,,,,,,,,,t,,1018800.0,10188002000.0
MN,2169,59,112.0,279.0,2002.0,6.0,10.0,10040.0,L045,34.0,221.0,1.0,3A,WEST 190 STREET,,R7-2,,,,,,,,,,False,V1,11,0,C,NYC DEPARTMENT OF CITYWIDE ADMINISTRATIVE SERVICES,60,0,,,,,,,,,7,0,,0,0,3.0,20.0,0,0,,0,True,6,5,450,450,450,0,0,0,,,0.0,3.44,0.0,6.5,1,1021690059,,279.0,1003640.0,250951.0,40.8554561,-73.9299074,3a,,112 030,10803.0,,,,1,24v3,12.0,17.0,,,,,,,,,,,,t,,1027900.0,10279002002.0
MN,2176,2,112.0,265.0,2010.0,6.0,10.0,10033.0,E093,33.0,300.0,1.0,2B,FT WASHINGTON AVENUE,,R7-2,,,,,,,,,,False,V1,11,0,C,NYC DEPARTMENT OF CITYWIDE ADMINISTRATIVE SERVICES,202,0,,,,,,,,,7,0,,0,0,2.0,100.75,0,0,,0,True,8,5,2250,2250,2250,0,0,0,,,0.0,3.44,0.0,6.5,1,1021760002,,265.0,1001090.0,248224.0,40.8479765,-73.9391322,3b,,112 014,10803.0,,,,1,24v3,12.0,17.0,,,,,,,,,,,,t,,1026500.0,10265002014.0
MN,1660,29,111.0,180.0,3001.0,4.0,8.0,10029.0,E091,23.0,2100.0,1.0,2B,EAST 111 STREET,,R9A,,,,C2-5,,EHC,,,,False,V1,11,0,C,NYC DEPARTMENT OF CITYWIDE ADMINISTRATIVE SERVICES,75,0,,,,,,,,,7,0,,0,0,1.0,75.08,0,0,,0,False,8,5,450,450,450,0,0,0,,,0.0,7.52,0.0,7.5,1,1016600029,,180.0,1000675.0,228472.0,40.7937636,-73.9406806,6b,,108N065,10604.0,,,,1,24v3,11.0,12.0,,,,,,,,,,,,t,,1018000.0,10180002001.0
MN,2197,95,112.0,299.0,2000.0,6.0,10.0,10034.0,L036,34.0,110.0,1.0,4A,WEST 216 STREET,,M2-1,,,,,,,,,,False,V9,11,0,C,NYC DEPARTMENT OF CITYWIDE ADMINISTRATIVE SERVICES,420,0,,,,,,,,,7,0,,0,0,59.58,10.0,0,0,,0,True,2,5,450,450,450,0,0,0,,,0.0,0.0,2.0,0.0,1,1021970095,,299.0,1008764.0,255861.0,40.8689198,-73.9113668,3c,,112 068,10804.0,,,,1,24v3,12.0,17.0,,1.0,,,,,,,,,,t,,1029900.0,10299002000.0
MN,990,90,106.0,44.0,5004.0,2.0,4.0,10009.0,L011,13.0,6000.0,1.0,1A,F D R DRIVE,,M3-2,,,,,,,,,,False,V1,11,0,C,NYC DEPARTMENT OF PARKS AND RECREATION,10000,0,,,,,,,,,7,0,,0,0,212.92,90.0,0,0,,0,True,5,5,1045800,1045800,1045800,0,0,0,,,0.0,0.0,2.0,0.0,1,1009900090,,44.0,991789.0,205198.0,40.7298945,-73.9727988,12c,,102 055,10310.0,,,,1,24v3,6.0,14.0,1.0,1.0,,,,,,,,,,t,,1004400.0,10044002002.0
MN,323,101,103.0,10.02,3004.0,1.0,2.0,10002.0,L018,7.0,7600.0,1.0,3A,DELANCEY STREET,,R7-2,,,,,,,,,,False,V1,11,0,C,NYC DEPARTMENT OF CITYWIDE ADMINISTRATIVE SERVICES,66,0,,,,,,,,,7,0,,0,0,66.75,2.0,0,0,,0,True,5,5,900,900,900,0,0,0,,,0.0,3.44,0.0,6.5,1,1003230101,,1002.0,991020.0,200655.0,40.7174257,-73.9755779,12c,,102 038,10201.0,,,,1,24v3,3.0,14.0,1.0,1.0,,,,,,,,,,t,,1001002.0,10010025000.0
MN,2105,51,110.0,243.02,1.0,,9.0,,,,,,,HARLEM RIVER DRIVE,,R7-2,,,,,,,,,,False,V1,11,0,C,NYC DEPARTMENT OF CITYWIDE ADMINISTRATIVE SERVICES,301132,0,,,,,,,,,7,0,,0,0,752.83,400.0,0,0,,0,True,9,5,583200,583200,583200,0,0,0,,,0.0,3.44,0.0,6.5,1,1021050051,,24302.0,1002471.0,241952.0,40.8307589,-73.9341577,3b,,111N068,10801.0,,,,1,24v3,,,1.0,1.0,,,,,,,,,,t,,1024302.0,10243020001.0
MN,1069,43,104.0,117.0,1014.0,2.0,3.0,10018.0,E034,10.0,4500.0,1.0,2A,WEST 41 STREET,,C6-4,C2-8,,,,,HY,,,,True,V1,11,1,X,PORT AUTHORITY OF NY AND NJ,21950,0,,,,,,,,,7,0,,0,0,105.92,197.5,0,0,,0,True,5,0,6100200,6100200,6100200,0,0,0,,,0.0,10.0,10.0,10.0,1,1010690043,,117.0,985012.0,215830.0,40.7590799,-73.9972494,8d,,105N039,10405.0,,,,1,24v3,4.0,15.0,,,,,,,,,,,,t,,1011700.0,10117001003.0
MN,2152,1,112.0,261.0,5000.0,6.0,10.0,10033.0,L045,33.0,400.0,1.0,2A,260 AUDUBON AVENUE,,R7-2,,,,,,,,,,False,V1,11,0,X,PORT AUTHORITY OF NY AND NJ,74000,0,,,,,,,,,7,0,,0,0,200.0,370.0,0,0,,0,False,3,5,6645600,6645600,6645600,0,0,0,,,0.0,3.44,0.0,6.5,1,1021520001,,261.0,1002836.0,247798.0,40.8468038,-73.9328225,3b,,112 019,10803.0,,,,1,24v3,12.0,17.0,,,,,,,,,,,,t,,1026100.0,10261005000.0
MN,651,1,102.0,79.0,1003.0,2.0,3.0,10014.0,L005,6.0,6100.0,1.0,3B,427 GANSEVOORT STREET,,M3-2,,,,,,,,,,False,V1,11,0,X,NYS DEPARTMENT OF TRANSPORTATION,323300,0,,,,,,,,,7,0,,0,0,390.42,460.0,0,0,,0,True,5,5,13713300,13713300,13713300,0,0,0,,,0.0,0.0,2.0,0.0,1,1006510001,,79.0,981110.0,208878.0,40.7399979,-74.0113311,8b,,103 050,10210.0,,,,1,24v3,2.0,15.0,1.0,1.0,,,,,,,,,,t,,1007900.0,10079001004.0
MN,665,1,104.0,99.0,1000.0,2.0,3.0,10018.0,E034,10.0,5500.0,1.0,2B,331 12 AVENUE,,M2-3,,,,,,,,,,False,V9,11,0,X,NYS DEPARTMENT OF TRANSPORTATION,197075,0,,,,,,,,,7,1,,0,0,976.58,330.0,0,0,,0,True,9,5,961200,961200,961200,0,0,0,,,0.0,0.0,2.0,0.0,1,1006650001,,99.0,982432.0,215326.0,40.7576964,-74.0065622,8b,,105S065,10301.0,,,,1,24v3,4.0,15.0,1.0,1.0,,,,,,,,,,t,,1009903.0,10099032000.0
MN,665,73,104.0,99.0,1000.0,2.0,3.0,10018.0,E034,10.0,5500.0,1.0,2B,12 AVENUE,,M2-3,,,,,,,,,,False,V9,11,0,X,NYS DEPARTMENT OF TRANSPORTATION,176650,0,,,,,,,,,7,1,,0,0,247.5,700.0,0,0,,0,False,9,5,854100,854100,854100,0,0,0,,,0.0,0.0,2.0,0.0,1,1006650073,,99.0,982311.0,215081.0,40.7570239,-74.0069989,8b,,105S064,10301.0,,,,1,24v3,4.0,15.0,1.0,1.0,,,,,,,,,,t,,1009903.0,10099032000.0
MN,2177,313,112.0,265.0,2007.0,6.0,10.0,10032.0,E093,33.0,300.0,1.0,2B,RIVERSIDE DRIVE,,R8,R7-2,,,,,,,,,True,V1,11,0,C,NYC DEPARTMENT OF PARKS AND RECREATION,60375,0,,,,,,,,,7,0,,0,0,713.75,100.0,0,0,,0,True,5,5,9027900,9027900,9027900,0,0,0,,,0.0,6.02,0.0,6.5,1,1021770313,,265.0,1000074.0,248355.0,40.8483379,-73.9428042,3b,True,112 014,10803.0,,,,1,24v3,12.0,17.0,,,,,,,,,,,,t,,1026500.0,10265002007.0
MN,2178,600,112.0,287.0,1.0,6.0,10.0,10034.0,E095,34.0,222.0,1.0,4B,RIVERSIDE DRIVE,,R7-2,PARK,,,,,,,,,True,V9,11,0,C,NYC DEPARTMENT OF PARKS AND RECREATION,750000,0,,,,,,,,,7,1,,0,0,245.0,217.0,0,0,,0,True,2,5,12982050,12982050,12982050,0,0,0,,,0.0,3.44,0.0,6.5,1,1021780600,,287.0,1002536.0,254770.0,40.8659404,-73.9338879,3a,,112 013,10803.0,,,,1,24v3,12.0,17.0,1.0,1.0,,,,,,,,,,t,,1028700.0,10287000001.0
MN,2178,420,112.0,287.0,1000.0,6.0,10.0,10033.0,E095,34.0,222.0,1.0,3B,RIVERSIDE DRIVE,,R7-2,PARK,,,,,,,,,True,V9,11,0,C,NYC DEPARTMENT OF PARKS AND RECREATION,364,0,,,,,,,,,7,0,,0,0,30.0,20.0,0,0,,0,True,5,5,900,900,900,0,0,0,,,0.0,3.44,0.0,6.5,1,1021780420,,287.0,1002693.0,254665.0,40.8656519,-73.9333205,3a,,112 013,10803.0,,,,1,24v3,12.0,17.0,,,,,,,,,,,,t,,1028700.0,10287001000.0
MN,2180,369,112.0,281.0,1000.0,6.0,10.0,10040.0,E093,34.0,222.0,1.0,3B,OVERLOOK TERRACE,,R7-2,,,,C1-4,,,,,,False,V1,11,0,C,NYC TRANSIT AUTHORITY,1000,0,,,,,,,,,7,0,,0,0,10.0,100.0,0,0,,0,False,8,5,12150,12150,12150,0,0,0,,,0.0,3.44,0.0,6.5,1,1021800369,,281.0,1001873.0,250798.0,40.8550398,-73.9362953,3a,,112 022,10803.0,,,,1,24v3,12.0,17.0,,,,,,,,,,,,t,,1028100.0,10281001000.0
MN,2005,8,109.0,223.02,1004.0,5.0,7.0,10027.0,E080,30.0,900.0,1.0,2A,WEST 133 STREET,,M1-2,,,,,,MMU,,,,False,V1,11,0,C,NYC DEPARTMENT OF PARKS AND RECREATION,9246,0,,,,,,,,,7,0,,0,0,41.5,200.5,0,0,,0,True,3,5,599400,599400,599400,0,0,0,,,0.0,0.0,2.0,4.8,1,1020050008,,22302.0,995547.0,238228.0,40.8205492,-73.9591841,5c,,111S001,10707.0,,,,1,24v3,9.0,17.0,1.0,1.0,,,,,,,,,,t,,1022302.0,10223021000.0
MN,1789,15,111.0,242.0,3009.0,5.0,8.0,10035.0,E035,25.0,1700.0,1.0,3B,231 EAST 124 STREET,,C4-4D,,,,,,125th,,,,False,V1,11,0,C,NYC DEPARTMENT OF PARKS AND RECREATION,2018,0,,,,,,,,,7,0,,0,0,20.0,100.92,0,0,,0,False,5,5,436950,436950,436950,0,0,0,,,0.0,6.02,3.4,6.5,1,1017890015,,242.0,1002274.0,231720.0,40.8026754,-73.934897,6b,,108N090,10610.0,,,,1,24v3,11.0,12.0,,,,,,,,,,,,t,,1024200.0,10242003007.0
MN,1811,127,111.0,192.0,1008.0,4.0,8.0,10035.0,E035,25.0,1700.0,1.0,3B,1 AVENUE,,M1-1,R7-2,,,,,,,,,True,V1,11,0,C,NYC DEPARTMENT OF PARKS AND RECREATION,5625,0,,,,,,,,,7,0,,0,0,285.0,333.0,0,0,,0,True,5,5,396000,396000,396000,0,0,0,,,0.0,0.0,1.0,2.4,1,1018110127,,192.0,1003706.0,230891.0,40.800397,-73.929727,6b,,108N093,10611.0,,,,1,24v3,11.0,12.0,1.0,1.0,,,,,,,,,,t,,1019200.0,10192001001.0
MN,1788,38,111.0,194.0,4000.0,5.0,8.0,10035.0,E035,25.0,1700.0,1.0,3B,226 EAST 124 STREET,,R7B,,,,,,,,,,False,V1,11,0,O,NYC HOUSING AUTHORITY,3902,0,,,,,,,,,7,1,,0,0,38.67,100.92,0,0,,0,False,5,5,250200,250200,250200,0,0,0,,,0.0,3.0,0.0,3.0,1,1017880038,,194.0,1002169.0,231598.0,40.8023407,-73.9352766,6b,,108N083,10610.0,,,,1,24v3,11.0,12.0,,,,,,,,,,,,t,,1019400.0,10194004000.0
MN,1771,23,111.0,196.0,3006.0,4.0,8.0,10035.0,L014,25.0,1600.0,1.0,3B,159 EAST 122 STREET,,R7D,,,,C2-5,,EHC,,,,False,V1,11,0,C,NYC DEPARTMENT OF PARKS AND RECREATION,2523,0,,,,,,,,,7,0,,0,0,25.0,100.92,0,0,,0,False,5,5,243450,243450,243450,0,0,0,,,0.0,4.2,0.0,4.2,1,1017710023,,196.0,1001322.0,231650.0,40.8024851,-73.9383359,6b,,108N081,10609.0,,,,1,24v3,11.0,11.0,,,,,,,,,,,,t,,1019600.0,10196003006.0
MN,1789,14,111.0,242.0,3009.0,5.0,8.0,10035.0,E035,25.0,1700.0,1.0,3B,229 EAST 124 STREET,,C4-4D,,,,,,125th,,,,False,V1,11,0,C,NYC DEPARTMENT OF PARKS AND RECREATION,2018,0,,,,,,,,,7,0,,0,0,20.0,100.92,0,0,,0,False,5,5,436950,436950,436950,0,0,0,,,0.0,6.02,3.4,6.5,1,1017890014,,242.0,1002256.0,231730.0,40.8027029,-73.934962,6b,,108N090,10610.0,,,,1,24v3,11.0,12.0,,,,,,,,,,,,t,,1024200.0,10242003007.0
MN,1789,11,111.0,242.0,3009.0,5.0,8.0,10035.0,E035,25.0,1700.0,1.0,3B,223 EAST 124 STREET,,C4-4D,,,,,,125th,,,,False,V1,11,0,C,NYC DEPARTMENT OF PARKS AND RECREATION,3028,0,,,,,,,,,7,0,,0,0,30.0,100.92,0,0,,0,False,5,5,656100,656100,656100,0,0,0,,,0.0,6.02,3.4,6.5,1,1017890011,,242.0,1002200.0,231761.0,40.8027881,-73.9351642,6b,,108N090,10610.0,,,,1,24v3,11.0,12.0,,,,,,,,,,,,t,,1024200.0,10242003007.0
MN,1789,13,111.0,242.0,3009.0,5.0,8.0,10035.0,E035,25.0,1700.0,1.0,3B,227 EAST 124 STREET,,C4-4D,,,,,,125th,,,,False,V1,11,0,C,NYC DEPARTMENT OF PARKS AND RECREATION,2018,0,,,,,,,,,7,0,,0,0,20.0,100.92,0,0,,0,False,5,5,436950,436950,436950,0,0,0,,,0.0,6.02,3.4,6.5,1,1017890013,,242.0,1002239.0,231740.0,40.8027304,-73.9350234,6b,,108N090,10610.0,,,,1,24v3,11.0,12.0,,,,,,,,,,,,t,,1024200.0,10242003007.0
MN,1771,27,111.0,196.0,3006.0,4.0,8.0,10035.0,L014,25.0,1600.0,1.0,3B,167 EAST 122 STREET,,R7-2,,,,,,,,,,False,V1,11,0,C,NYC DEPARTMENT OF PARKS AND RECREATION,6700,0,,,,,,,,,7,0,,0,0,44.5,201.83,0,0,,0,True,5,5,643950,643950,643950,0,0,0,,,0.0,3.44,0.0,6.5,1,1017710027,,196.0,1001424.0,231630.0,40.8024301,-73.9379675,6b,,108N081,10609.0,,1017710027.0,10/17/2000,1,24v3,11.0,11.0,,,,,,,,,,,,t,,1019600.0,10196003006.0
MN,1771,25,111.0,196.0,3006.0,4.0,8.0,10035.0,L014,25.0,1600.0,1.0,3B,163 EAST 122 STREET,,R7-2,,,,,,,,,,False,V1,11,0,C,NYC DEPARTMENT OF PARKS AND RECREATION,4491,0,,,,,,,,,7,0,,0,0,44.5,100.92,0,0,,0,False,5,5,432450,432450,432450,0,0,0,,,0.0,3.44,0.0,6.5,1,1017710025,,196.0,1001373.0,231622.0,40.8024082,-73.9381517,6b,,108N081,10609.0,,,,1,24v3,11.0,11.0,,,,,,,,,,,,t,,1019600.0,10196003006.0
MN,1771,24,111.0,196.0,3006.0,4.0,8.0,10035.0,L014,25.0,1600.0,1.0,3B,161 EAST 122 STREET,,R7-2,R7D,,,C2-5,,EHC,,,,True,V1,11,0,C,NYC DEPARTMENT OF PARKS AND RECREATION,2523,0,,,,,,,,,7,0,,0,0,25.0,100.92,0,0,,0,False,5,5,243450,243450,243450,0,0,0,,,0.0,3.44,0.0,6.5,1,1017710024,,196.0,1001343.0,231638.0,40.8024522,-73.93826,6b,,108N081,10609.0,,,,1,24v3,11.0,11.0,,,,,,,,,,,,t,,1019600.0,10196003006.0
MN,1789,12,111.0,242.0,3009.0,5.0,8.0,10035.0,E035,25.0,1700.0,1.0,3B,225 EAST 124 STREET,,C4-4D,,,,,,125th,,,,False,V1,11,0,C,NYC DEPARTMENT OF PARKS AND RECREATION,2018,0,,,,,,,,,7,0,,0,0,20.0,100.92,0,0,,0,False,5,5,436950,436950,436950,0,0,0,,,0.0,6.02,3.4,6.5,1,1017890012,,242.0,1002221.0,231749.0,40.8027551,-73.9350884,6b,,108N090,10610.0,,,,1,24v3,11.0,12.0,,,,,,,,,,,,t,,1024200.0,10242003007.0
MN,289,50,103.0,16.0,1003.0,2.0,1.0,10002.0,E009,5.0,7400.0,1.0,1A,FORSYTH STREET,,C6-1G,,,,,,,,,,False,V9,11,0,C,NYC DEPARTMENT OF TRANSPORTATION,93360,0,,,,,,,,,7,1,,0,0,122.92,650.08,0,0,,0,True,3,5,55580850,55580850,55580850,1915,0,0,Individual Landmark,INDIVIDUAL LANDMARK,0.0,3.44,6.0,4.8,1,1002890050,,16.0,985658.0,199831.0,40.7151665,-73.994921,12d,True,101S030,10107.0,,,,1,24v3,3.0,14.0,,,,,,,,,,,,t,,1001600.0,10016001003.0
MN,405,29,103.0,34.0,2000.0,1.0,2.0,10009.0,L011,9.0,6200.0,1.0,4Q,544 EAST 12 STREET,,R7A,,,,C1-5,,,,,,False,V1,11,0,C,NYC DEPARTMENT OF PARKS AND RECREATION,1581,0,,,,,,,,,7,0,,0,0,25.0,63.25,0,0,,0,False,5,5,573300,573300,573300,0,0,0,,,0.0,4.0,0.0,4.0,1,1004050029,,34.0,989946.0,204546.0,40.7281063,-73.979449,12c,,102 029,10203.0,,,,1,24v3,3.0,14.0,,,,,,,,,,,,t,,1003400.0,10034002000.0
MN,1171,10,107.0,159.0,2001.0,3.0,6.0,10069.0,L035,20.0,3900.0,1.0,1B,WEST 72 STREET,,R10,,,,C2-5,,,,,,False,V1,11,0,C,NYC DEPARTMENT OF TRANSPORTATION,23000,0,,,,,,,,,7,0,,0,0,100.0,453.0,0,0,,0,True,5,5,900,900,900,0,0,0,,,0.0,10.0,0.0,10.0,1,1011710010,,159.0,987778.0,223636.0,40.7805047,-73.9872611,8c,,106W007,10407.0,,1011710010.0,04/19/2002,1,24v3,7.0,15.0,,1.0,,,,,,,,,,t,,1015900.0,10159002001.0
MN,1171,173,107.0,155.0,2001.0,3.0,6.0,10069.0,L035,20.0,3900.0,1.0,1B,RIVERSIDE BOULEVARD,,R10,,,,,,,,,,False,V1,11,0,C,NYC DEPARTMENT OF TRANSPORTATION,35147,0,,,,,,,,,7,0,,0,0,268.0,255.0,0,0,,0,True,4,5,450,450,450,0,0,0,,,0.0,10.0,0.0,10.0,1,1011710173,,155.0,987323.0,222501.0,40.7773896,-73.9889045,8c,,16W 003,10407.0,,1011710133.0,04/22/2013,1,24v3,7.0,15.0,,,,,,,,,,,,t,,1015502.0,10155022002.0
MN,1171,172,107.0,155.0,2000.0,3.0,6.0,10069.0,L035,20.0,3900.0,1.0,1B,RIVERSIDE BOULEVARD,,R10,,,,,,,,,,False,V1,11,0,C,NYC DEPARTMENT OF TRANSPORTATION,21033,0,,,,,,,,,7,0,,0,0,263.0,81.0,0,0,,0,True,4,5,450,450,450,0,0,0,,,0.0,10.0,0.0,10.0,1,1011710172,,155.0,987381.0,222626.0,40.7777326,-73.988695,8c,,16W 003,10407.0,,1011710132.0,04/23/2013,1,24v3,7.0,15.0,,,,,,,,,,,,t,,1015502.0,10155022001.0
MN,1171,163,107.0,151.0,4004.0,3.0,6.0,10069.0,L035,20.0,3900.0,1.0,1B,53 WEST END AVENUE,,C4-2F,C4-7,,,,,,,,,True,V1,11,0,C,NYC DEPARTMENT OF TRANSPORTATION,14800,0,,,,,,,,,7,0,,0,0,40.1,370.0,0,0,,0,True,5,5,450,450,450,0,0,0,,,0.0,6.02,3.4,6.5,1,1011710163,,151.0,987324.0,221623.0,40.7749797,-73.9889013,8c,,16W 004,10407.0,,1011710063.0,03/19/2007,1,24v3,7.0,15.0,,,,,,,,,,,,t,,1015102.0,10151022000.0
MN,120,9,101.0,29.0,4024.0,2.0,1.0,10038.0,E006,5.0,7700.0,1.0,3B,FRANKFORT STREET,,C6-4,,,,,,LM,,,,False,V9,11,0,C,NYC DEPARTMENT OF TRANSPORTATION,24624,0,,,,,,,,,7,0,,0,0,216.0,114.0,0,0,N,0,True,5,0,1054350,1054350,1054350,0,0,0,,INDIVIDUAL LANDMARK,0.0,10.0,10.0,10.0,1,1001200009,,29.0,983240.0,198492.0,40.7114913,-74.0036431,12b,,101S022,10104.0,,,,1,24v3,1.0,15.0,,,,,,,,,,,,t,,1001501.0,10015011001.0
MN,665,211,104.0,99.0,1000.0,2.0,3.0,10018.0,E034,10.0,5500.0,1.0,2B,12 AVENUE,,M2-3,,,,,,,,,,False,V1,11,0,X,NYC DEPARTMENT OF TRANSPORTATION,2518,0,,,,,,,,,7,0,,0,0,132.5,19.0,0,0,,0,True,2,5,139950,139950,139950,0,0,0,,,0.0,0.0,2.0,0.0,1,1006650211,,99.0,983305.0,215933.0,40.7593626,-74.0034111,8b,,15S 066,10301.0,,1006650011.0,03/20/2000,1,24v3,4.0,15.0,1.0,1.0,,,,,,,,,,t,,1009903.0,10099032000.0
MN,282,4,103.0,8.0,6007.0,2.0,1.0,10002.0,E009,5.0,7800.0,1.0,1A,HENRY STREET,,C6-1G,,,,,,,,,,False,V9,11,0,C,NYC DEPARTMENT OF TRANSPORTATION,26,0,,,,,,,,,7,0,,0,0,13.78,3.37,0,0,,0,True,5,5,1755,1755,1755,0,0,0,,,0.0,3.44,6.0,4.8,1,1002820004,,8.0,985988.0,199183.0,40.7133879,-73.9937307,12d,,101N054,10107.0,,,,1,24v3,3.0,14.0,,,,,,,,,,,,t,,1000800.0,10008006010.0
MN,1437,10,108.0,110.0,5001.0,2.0,5.0,10065.0,L016,19.0,4900.0,1.0,1B,323 EAST 62 STREET,,R8B,,,,,,,,,,False,V1,11,0,C,NYC DEPARTMENT OF TRANSPORTATION,10142,0,,,,,,,,,7,0,,0,0,51.0,200.83,0,0,,0,True,4,5,1988100,1988100,1988100,0,0,0,,,0.0,4.0,0.0,4.0,1,1014370010,,110.0,994837.0,217039.0,40.762392,-73.9617827,8c,,106E056,10511.0,,,,1,24v3,8.0,13.0,,,,,,,,,,,,t,,1011000.0,10110005001.0
MN,1639,1,111.0,172.0,1001.0,4.0,8.0,10029.0,L026,23.0,2500.0,1.0,2A,111 EAST 111 STREET,,R7-2,,,,C2-4,,,,,,False,V1,11,0,C,NYC DEPARTMENT OF EDUCATION,10147,0,,,,,,,,,7,0,,0,0,47.88,201.83,0,0,,0,True,3,5,880200,880200,880200,0,0,0,,,0.0,3.44,0.0,6.5,1,1016390001,,172.0,999469.0,229399.0,40.7963102,-73.945034,6b,,108N064,10603.0,,,,1,24v3,11.0,12.0,,,,,,,,,,,,t,,1017200.0,10172001001.0
MN,1639,17,111.0,172.0,1001.0,4.0,8.0,10029.0,L026,23.0,2500.0,1.0,2A,143 EAST 111 STREET,,R7D,,,,C1-5,,EHC,,,,False,V1,11,0,C,NYC DEPARTMENT OF EDUCATION,2882,0,,,,,,,,,7,0,,0,0,25.0,100.92,0,0,,0,True,3,5,323550,323550,323550,0,0,0,,,0.0,4.2,0.0,4.2,1,1016390017,,172.0,999765.0,229178.0,40.7957031,-73.9439655,6b,,108N064,10603.0,,,,1,24v3,11.0,12.0,,,,,,,,,,,,t,,1017200.0,10172001001.0
MN,2197,80,112.0,299.0,2000.0,6.0,10.0,10034.0,L036,34.0,110.0,1.0,4A,WEST 216 STREET,,M2-1,,,,,,,,,,False,V9,11,0,C,NYC DEPARTMENT OF GENERAL SERVICES,56275,0,,,,,,,,,7,0,,0,0,329.0,227.33,0,0,,0,True,2,5,2911950,2911950,2911950,0,0,0,,,0.0,0.0,2.0,0.0,1,1021970080,,299.0,1008792.0,256080.0,40.8695208,-73.9112648,3c,,112 068,10804.0,,,,1,24v3,12.0,17.0,1.0,1.0,,,,,,,,,,t,,1029900.0,10299002000.0
MN,1632,15,111.0,166.0,5000.0,4.0,8.0,10029.0,E053,23.0,2810.0,1.0,1A,1650 LEXINGTON AVENUE,,R7D,,,,C1-5,,EHC,,,,False,V5,11,0,C,NYC DEPARTMENT OF EDUCATION,11101,0,,,,,,,,,7,0,,0,0,201.83,55.0,0,0,,0,False,3,5,1062450,1062450,1062450,0,0,0,,,0.0,4.2,0.0,4.2,1,1016320015,,166.0,998869.0,227588.0,40.7913405,-73.9472049,6b,,108N051,10603.0,,,,1,24v3,11.0,12.0,,,,,,,,,,,,t,,1016600.0,10166005000.0
MN,1077,35,104.0,129.0,1007.0,2.0,3.0,10019.0,E054,18.0,4500.0,1.0,3B,10 AVENUE,,R8,,,,C2-5,,CL,,,,False,V1,11,0,,NYC DEPARTMENT OF ENVIRONMENTAL PROTECTION,25104,0,,,,,,,,,7,0,,0,0,200.83,200.83,0,0,,0,True,0,5,9984600,9984600,0,0,0,0,,,0.0,6.02,0.0,6.5,1,1010770035,,129.0,986239.0,217582.0,40.7638885,-73.9928199,8c,,1,1.0,,1010770029.0,01/22/2024,1,24v3,4.0,15.0,,,,,,,,,,,,t,,1012902.0,10129021002.0
MN,1828,56,110.0,216.0,4001.0,3.0,9.0,10026.0,E047,28.0,2400.0,1.0,1A,270 WEST 113 STREET,,R7A,,,,,,,,,,False,V1,11,0,C,NYC DEPARTMENT OF EDUCATION,1817,0,,,,,,,,,7,0,,0,0,18.0,100.92,0,0,,0,False,5,5,168750,168750,168750,0,0,0,,,0.0,4.0,0.0,4.0,1,1018280056,,216.0,996402.0,231454.0,40.8019553,-73.9561073,6b,,107N057,10701.0,,,,1,24v3,10.0,11.0,,,,,,,,,,,,t,,1021600.0,10216004001.0
MN,2029,26,110.0,232.0,3000.0,5.0,9.0,10030.0,E069,32.0,800.0,1.0,4A,WEST 143 STREET,,R7-2,,,,,,,,,,False,V1,11,0,C,NYC DEPARTMENT OF EDUCATION,2498,0,,,,,,,,,7,0,,0,0,25.0,99.92,0,0,,0,False,5,5,253350,253350,253350,0,0,0,,,0.0,3.44,0.0,6.5,1,1020290026,,232.0,1000701.0,238325.0,40.8208073,-73.9405625,6a,,111S041,10708.0,,,,1,24v3,10.0,11.0,,,,,,,,,,,,t,,1023200.0,10232003000.0
MN,415,1,103.0,18.0,4000.0,1.0,1.0,10002.0,L018,5.0,7400.0,1.0,2A,154 ELDRIDGE STREET,,C6-2A,,,,,,,,,,False,V9,11,0,C,NYC DEPARTMENT OF ENVIRONMENTAL PROTECTION,3201,0,,,,,,,,,7,0,,0,0,47.0,68.0,0,0,,0,False,3,5,1560150,1560150,1560150,0,0,0,,,0.0,6.02,6.0,6.5,1,1004150001,,18.0,986755.0,201472.0,40.7196704,-73.9909632,12c,,101N078,10204.0,,,,1,24v3,3.0,14.0,,,,,,,,,,,,t,,1001800.0,10018004000.0
MN,2215,653,207.0,309.0,1004.0,10.0,10.0,10463.0,E081,52.0,110.0,2.0,1A,HARLEM RIVER DRIVE,,C8-3,,,,,,,,,,False,V1,11,0,C,NYC DEPARTMENT OF ENVIRONMENTAL PROTECTION,3500,0,,,,,,,,,7,0,,0,0,100.0,35.0,0,0,,0,False,6,5,345600,345600,345600,0,0,0,,,0.0,0.0,2.0,6.5,1,1022150653,,309.0,1009377.0,257570.0,40.8736087,-73.9091441,1d,,112 081,10804.0,,,,1,24v3,7.0,17.0,,1.0,,,,,,,,,,t,,1030900.0,10309001000.0
MN,1919,38,110.0,228.0,2002.0,5.0,9.0,10030.0,E059,32.0,1000.0,1.0,3B,WEST 135 STREET,,R7-2,,,,C1-4,,,,,,False,V1,11,0,C,NYC DEPARTMENT OF EDUCATION,2498,0,,,,,,,,,7,0,,0,0,25.0,99.92,0,0,,0,False,5,5,220500,220500,220500,0,0,0,,,0.0,3.44,0.0,6.5,1,1019190038,,228.0,1000408.0,235887.0,40.8141163,-73.941627,6a,,111S016,10704.0,,,,1,24v3,10.0,11.0,,,,,,,,,,,,t,,1022800.0,10228002001.0
MN,1957,50,109.0,217.03,1003.0,6.0,9.0,10031.0,E080,26.0,900.0,1.0,2B,ST NICHOLAS AVENUE,,R7-2,,,,,,,,,,False,V5,11,0,X,DORMITORY AUTHORITY OF THE STATE OF NEW YORK,9067,0,,,,,,,,,7,1,,0,0,220.0,43.42,0,0,,0,True,5,5,865800,865800,865800,0,0,0,,,0.0,3.44,0.0,6.5,1,1019570050,,21703.0,998624.0,238409.0,40.8210415,-73.9480666,6a,,111S023,10706.0,,,,1,24v3,9.0,17.0,,,,,,,,,,,,t,,1021703.0,10217031003.0
MN,2048,35,110.0,221.02,1001.0,5.0,9.0,10030.0,L028,32.0,8510.0,1.0,4A,119 EDGECOMBE AVENUE,,R7-2,,,,,,,,,,False,V1,11,0,C,NYC DEPARTMENT OF CITYWIDE ADMINISTRATIVE SERVICES,2125,0,,,,,,,,,7,0,,0,0,25.0,85.0,0,0,,0,False,5,5,165600,165600,165600,0,0,0,,,0.0,3.44,0.0,6.5,1,1020480035,,22102.0,999278.0,238242.0,40.8205821,-73.945704,6a,,111S024,10709.0,,,,1,24v3,10.0,11.0,,,,,,,,,,,,t,,1022102.0,10221021001.0
MN,1918,27,110.0,226.0,1000.0,5.0,9.0,10030.0,E059,32.0,1200.0,1.0,3B,WEST 133 STREET,,R7-2,,,,,,,,,,False,V4,11,0,C,FIRE DEPARTMENT OF NEW YORK,1665,0,,,,,,,,,7,0,,0,0,16.67,99.92,0,0,,0,False,5,5,234000,234000,234000,0,0,0,,,0.0,3.44,0.0,6.5,1,1019180027,,226.0,1000237.0,235569.0,40.8132437,-73.9422455,6a,,111S016,10704.0,,,,1,24v3,10.0,11.0,,,,,,,,,,,,t,,1022600.0,10226001000.0
MN,707,56,104.0,99.0,1039.0,2.0,3.0,10018.0,E034,10.0,5500.0,1.0,2A,542 WEST 36 STREET,,C6-4,,,,,,HY,,,,False,V1,11,0,X,NYS CONVENTION CENTER DEVELOPMENT CORPORATION,2043,0,,,,,,,,,7,2,,0,0,99.38,26.25,0,0,,0,False,3,5,770400,770400,770400,0,0,0,,,0.0,10.0,10.0,10.0,1,1007070056,,99.0,984192.0,214882.0,40.7564779,-74.0002094,8d,,105S027,10302.0,E-137,1007070056.0,03/07/2012,1,24v3,4.0,15.0,,,,,,,,,,,,t,,1009903.0,10099032016.0
MN,1790,12,111.0,242.0,3006.0,5.0,8.0,10035.0,E035,25.0,1700.0,1.0,3B,225 EAST 125 STREET,,C6-3,,,,,,,,,,False,V1,11,0,,NYC ECONOMIC DEVELOPMENT CORPORATION,1665,0,,,,,,,,,7,1,,0,0,16.67,99.92,0,0,,0,False,5,5,340650,340650,0,0,0,0,,,0.0,7.52,6.0,10.0,1,1017900012,,242.0,1002341.0,232025.0,40.8035124,-73.9346542,6b,,108N090,10610.0,,,,1,24v3,11.0,12.0,,,,,,,,,,,,t,,1024200.0,10242003006.0
MN,1772,26,111.0,196.0,3004.0,5.0,8.0,10035.0,L014,25.0,1600.0,1.0,3B,161 EAST 123 STREET,,R7-2,,,,,,,,,,False,V1,11,0,C,NYC DEPARTMENT OF SANITATION,2632,0,,,,,,,,,7,0,,0,0,26.08,100.92,0,0,,0,False,5,5,225900,225900,225900,0,0,0,,,0.0,3.44,0.0,6.5,1,1017720026,,196.0,1001523.0,231836.0,40.8029953,-73.9376094,6b,,108N082,10609.0,E-712,,,1,24v3,11.0,11.0,,,,,,,,,,,,t,,1019600.0,10196003004.0
MN,1772,28,111.0,196.0,3004.0,5.0,8.0,10035.0,L014,25.0,1600.0,1.0,3B,163 EAST 123 STREET,,R7-2,,,,,,,,,,False,V1,11,0,C,NYC DEPARTMENT OF SANITATION,2809,0,,,,,,,,,7,0,,0,0,27.83,100.92,0,0,,0,False,5,5,240750,240750,240750,0,0,0,,,0.0,3.44,0.0,6.5,1,1017720028,,196.0,1001547.0,231823.0,40.8029595,-73.9375227,6b,,108N082,10609.0,,,,1,24v3,11.0,11.0,,,,,,,,,,,,t,,1019600.0,10196003004.0
MN,1788,46,111.0,194.0,4000.0,5.0,8.0,10035.0,E035,25.0,1700.0,1.0,3B,204 EAST 124 STREET,,R7B,,,,,,,,,,False,V1,11,0,C,NYC ADMINISTRATION FOR CHILDRENS SERVICES,2800,0,,,,,,,,,7,0,,0,0,27.75,100.92,0,0,,0,False,5,5,179550,179550,179550,0,0,0,,,0.0,3.0,0.0,3.0,1,1017880046,,194.0,1001987.0,231699.0,40.8026183,-73.9359337,6b,,108N083,10610.0,,,,1,24v3,11.0,12.0,,,,,,,,,,,,t,,1019400.0,10194004000.0
MN,917,34,106.0,78.0,2005.0,2.0,4.0,10016.0,L007,17.0,5000.0,1.0,2B,675 2 AVENUE,,C1-9,,,,,,,,,,False,V7,11,0,C,MTA - BRIDGES AND TUNNELS,50075,0,,,,,,,,,7,1,,0,0,84.25,435.0,0,0,,0,True,3,5,6113700,6113700,6113700,0,0,0,,,0.0,10.0,2.0,10.0,1,1009170034,,78.0,991009.0,211380.0,40.7468632,-73.9756068,8d,,104 022,10308.0,,1009170034.0,12/20/1986,1,24v3,6.0,13.0,,,,,,,,,,,,t,,1007800.0,10078002003.0
MN,2250,32,112.0,303.0,3000.0,6.0,10.0,10034.0,E095,34.0,110.0,1.0,4B,WEST 214 STREET,,R7A,,,,,,,,,,False,V1,11,0,C,NYC DEPARTMENT OF PARKS AND RECREATION,1650,0,,,,,,,,,7,0,,0,0,91.5,40.0,0,0,,0,True,5,5,185400,185400,185400,0,0,0,,,0.0,4.0,0.0,4.0,1,1022500032,,303.0,1006538.0,256837.0,40.8716045,-73.9194119,1b,,112 074,10804.0,,,,1,24v3,12.0,17.0,,,,,,,,,,,,t,,1030300.0,10303003000.0
MN,297,24,103.0,16.0,5000.0,2.0,1.0,10002.0,E015,7.0,7400.0,1.0,2B,11 ESSEX STREET,,C6-2,,,,,,,,,,False,V1,11,0,,11 ESSEX STREET REALTY LLC,2188,0,,,,,,,,,7,0,,0,0,25.0,87.5,0,0,,0,False,5,5,332100,332100,0,0,0,0,,,0.0,6.02,6.0,6.5,1,1002970024,,16.0,986936.0,199801.0,40.7150839,-73.9903109,12d,,101N051,10107.0,,,,1,24v3,3.0,14.0,,,,,,,,,,,,,,1001600.0,10016005000.0
MN,2007,24,110.0,230.0,2001.0,5.0,9.0,10030.0,E059,32.0,1000.0,1.0,3B,109 WEST 138 STREET,,R7-2,,,,,,,,,,False,V1,11,0,,ABYSSINIAN DEVELOPMENT CORP,2598,0,,,,,,,,,7,0,,0,0,26.0,99.92,0,0,,0,False,5,5,224550,224550,0,0,0,0,,,0.0,3.44,0.0,6.5,1,1020070024,,230.0,1000814.0,236780.0,40.8165665,-73.9401581,6a,,111S026,10708.0,,,,1,24v3,10.0,11.0,,,,,,,,,,,,,,1023000.0,10230002001.0
MN,2126,14,112.0,253.0,4004.0,6.0,10.0,10032.0,E067,33.0,400.0,1.0,1A,550 WEST 170 STREET,,R7-2,,,,,,,,,,False,V1,11,0,C,NYC DEPARTMENT OF PARKS AND RECREATION,28527,0,,,,,,,,,7,2,,0,0,176.58,175.08,0,0,,0,True,3,5,2684250,2684250,2684250,0,2017,0,,,0.0,3.44,0.0,6.5,1,1021260014,,253.0,1001376.0,245871.0,40.8415177,-73.9381045,3b,,111N093,10801.0,,,,1,24v3,12.0,17.0,,,,,,,,,,,,t,,1025300.0,10253004004.0
MN,1790,25,111.0,242.0,3006.0,5.0,8.0,10035.0,E035,25.0,1700.0,1.0,3B,2 AVENUE,,C6-3,,,,,,,,,,False,V1,11,0,C,NYC HOUSING PRESERVATION AND DEVELOPMENT,1850,0,,,,,,,,,7,0,,0,0,25.0,74.0,0,0,,0,False,5,5,425250,425250,425250,0,0,0,,,0.0,7.52,6.0,10.0,1,1017900025,,242.0,1002632.0,231910.0,40.8031961,-73.9336034,6b,,108N090,10610.0,,,,1,24v3,11.0,12.0,,,,,,,,,,,,t,,1024200.0,10242003006.0
MN,389,55,103.0,26.02,2002.0,1.0,2.0,10009.0,L011,9.0,6700.0,1.0,3A,611 EAST 6 STREET,,R8B,,,,,,,,,,False,V1,11,0,,611 EAST 6TH STREET LLC,2271,0,,,,,,,,,7,0,,0,0,25.0,90.83,0,0,,0,False,5,5,573300,573300,0,0,0,0,,,0.0,4.0,0.0,4.0,1,1003890055,,2602.0,989582.0,203180.0,40.7243572,-73.9807634,12c,,102 022,10203.0,,,,1,24v3,3.0,14.0,,,,,,,,,,,,,,1002602.0,10026022000.0
MN,277,48,103.0,8.0,2000.0,2.0,1.0,10038.0,E009,5.0,7800.0,1.0,1A,25 CATHERINE STREET,,R7-2,,,,C1-5,,,,,,False,V1,11,0,,20 HENRY STREET REALTY INC,1418,0,,,,,,,,,7,1,,0,0,18.0,79.83,0,0,,0,True,3,5,99000,99000,0,0,0,0,,,0.0,3.44,0.0,6.5,1,1002770048,,8.0,985114.0,198938.0,40.7127155,-73.9968834,12d,,101S029,10107.0,,,,1,24v3,3.0,14.0,,,,,,,,,,,,,,1000800.0,10008002000.0
MN,1772,51,111.0,196.0,3004.0,5.0,8.0,10035.0,L014,25.0,1600.0,1.0,3B,EAST 124 STREET,,R7D,,,,C2-5,,EHC,,,,False,V1,11,0,,152 E 124 ST CORP,2153,0,,,,,,,,,7,0,,0,0,21.33,100.92,0,0,,0,False,5,5,231300,231300,0,0,0,0,,,0.0,4.2,0.0,4.2,1,1017720051,,196.0,1001475.0,231981.0,40.8033934,-73.9377824,6b,,108N082,10609.0,,,,1,24v3,11.0,11.0,,,,,,,,,,,,,,1019600.0,10196003004.0
MN,535,20,102.0,55.01,1001.0,2.0,2.0,10012.0,L009,6.0,5700.0,1.0,2A,251 MERCER STREET,,R7-2,,,,,,,,,,False,V1,11,0,X,NEW YORK UNIVERSITY,4393,0,,,,,,,,,7,0,,0,0,209.2,21.0,0,0,,0,False,3,5,1841850,1841850,1841850,0,0,0,,,0.0,3.44,0.0,6.5,1,1005350020,,5501.0,985512.0,204713.0,40.7285665,-73.9954467,12c,,103 008,10207.0,,,,1,24v3,2.0,15.0,,,,,,,,,,,,,,1005501.0,10055011001.0
MN,1957,25,109.0,217.03,1002.0,5.0,9.0,10027.0,E080,26.0,900.0,1.0,2B,CONVENT AVENUE,,R7-2,,,,,,,,,,False,V5,11,0,X,DORMITORY AUTHORITY OF THE STATE OF NEW YORK,9382,0,,,,,,,,,7,0,,0,0,72.17,130.0,0,0,,0,False,5,5,893250,893250,893250,0,0,0,,,0.0,3.44,0.0,6.5,1,1019570025,,21703.0,997803.0,237100.0,40.81745,-73.9510355,6a,,111S023,10706.0,,,,1,24v3,9.0,17.0,,,,,,,,,,,,t,,1021703.0,10217031006.0
MN,1716,28,111.0,178.0,1.0,,8.0,,,,,,,561 EAST 117 STREET,,M2-2,,,,,,,,,,False,V1,11,0,C,NYC DEPARTMENT OF SMALL BUSINESS SERVICES,45822,0,,,,,,,,,7,0,,0,0,261.84,175.0,0,0,,0,False,2,5,99000,99000,99000,0,0,0,,,0.0,0.0,5.0,0.0,1,1017160028,,178.0,1003733.0,228884.0,40.7948882,-73.9296353,6b,,108N078,10606.0,,,,1,24v3,,,1.0,1.0,,,,,,,,,,t,,1017800.0,10178000001.0
MN,1713,38,111.0,178.0,1.0,,8.0,,,,,,,PLEASANT AVENUE,,R7-2,,,,,,,,,,False,V1,11,0,C,NYC DEPARTMENT OF SMALL BUSINESS SERVICES,120525,0,,,,,,,,,7,0,,0,0,601.0,246.0,0,0,,0,True,2,5,540000,540000,540000,0,0,0,,,0.0,3.44,0.0,6.5,1,1017130038,,178.0,1003190.0,228383.0,40.7935143,-73.9315978,6b,,108N070,10606.0,,,,1,24v3,,,1.0,1.0,,,,,,,,,,t,,1017800.0,10178000001.0
MN,1318,44,106.0,90.0,1001.0,2.0,4.0,10017.0,E021,17.0,5000.0,1.0,2B,210 EAST 45 STREET,,C5-3,,,,,,MiD,,,,False,V1,11,0,,SLG 711 FEE,1672,0,,,,,,,,,7,0,,0,0,16.67,100.42,0,0,,0,False,5,5,1564200,1564200,0,0,0,0,,,0.0,10.0,15.0,15.0,1,1013180044,,90.0,991865.0,213332.0,40.7522203,-73.9725153,8d,,104 034,10506.0,E-408,,,1,24v3,6.0,13.0,,,,,,,,,,,,,,1009000.0,10090007001.0
MN,2178,3,112.0,275.0,1.0,,10.0,,,,,,,RIVERSIDE DRIVE,,R7-2,PARK,,,,,,,,,True,V1,11,1,C,NYC DEPARTMENT OF PARKS AND RECREATION,1901250,0,,,,,,,,,7,0,,0,0,900.0,100.0,0,0,,0,True,2,0,52611300,52611300,52611300,1880,0,0,Individual Landmark,INDIVIDUAL LANDMARK,0.0,3.44,0.0,6.5,1,1021780003,,275.0,1000116.0,250452.0,40.8540935,-73.9426475,3a,True,112 013,10803.0,,,,1,24v3,,,1.0,1.0,,,,,,,,,,t,,1027500.0,10275000001.0
MN,1110,1,107.0,159.0,2.0,,6.0,,,,,,,BODY OF WATER,,M2-3,,,,,,,,,,False,V1,11,0,X,NYS OFFICE OF GENERAL SERVICES,22772335,0,,,,,,,,,7,0,,0,0,0.0,0.0,0,0,,0,True,9,5,0,0,0,0,0,0,,,0.0,0.0,2.0,0.0,1,1011100001,,159.0,986129.0,224054.0,40.7816525,-73.9932152,5d,True,106W073,10405.0,,1011100001.0,05/23/2011,1,24v3,,,1.0,1.0,,,,,,,,,,t,,1015900.0,10159000001.0
MN,2189,50,112.0,299.0,1.0,,10.0,,,,,,,WEST 208 STREET,,M1-1,,,,,,,,,,False,V9,11,0,C,NYC DEPARTMENT OF CITYWIDE ADMINISTRATIVE SERVICES,68257,0,,,,,,,,,7,0,,0,0,470.75,201.17,0,0,,0,True,9,5,943200,943200,943200,0,0,0,,,0.0,0.0,1.0,2.4,1,1021890050,,299.0,1007704.0,254122.0,40.8641496,-73.9152055,3a,,112 061,10804.0,,,,1,24v3,,,1.0,1.0,,,,,,,,,,t,,1029900.0,10299000001.0
MN,656,13,102.0,37.0,1.0,,3.0,,,,,,,PIER 36,,M2-3,,,,,,HRP,,,,False,V1,11,0,X,NYS DEPARTMENT OF TRANSPORTATION,331450,0,,,,,,,,,7,0,,0,0,331.0,980.0,0,0,,0,True,2,5,2076750,2076750,2076750,0,0,0,,,0.0,0.0,2.0,0.0,1,1006560013,,37.0,980555.0,204269.0,40.7273471,-74.0133313,12a,,101S098,10210.0,,,,4,24v3,,,1.0,1.0,,,,,,,,,,t,,1003700.0,10037000001.0
MN,665,67,104.0,99.0,2.0,,3.0,,,,,,,12 AVENUE,,M2-3,,,,,,,,,,False,V9,11,0,X,NYS DEPARTMENT OF TRANSPORTATION,123200,0,,,,,,,,,7,0,,0,0,237.33,512.0,0,0,,0,True,9,5,600750,600750,600750,0,0,0,,,0.0,0.0,2.0,0.0,1,1006650067,,99.0,981783.0,213742.0,40.7533486,-74.0089042,8b,,105S063,10301.0,,,,1,24v3,,,1.0,1.0,,,,,,,,,,t,,1009902.0,10099020001.0
MN,665,68,104.0,99.0,2.0,,3.0,,,,,,,12 AVENUE,,M2-3,,,,,,,,,,False,V9,11,0,X,NYS DEPARTMENT OF TRANSPORTATION,145425,0,,,,,,,,,7,0,,0,0,292.0,596.58,0,0,,0,False,9,5,703350,703350,703350,0,0,0,,,0.0,0.0,2.0,0.0,1,1006650068,,99.0,981847.0,213995.0,40.754043,-74.0086733,8b,,105S063,10301.0,,,,1,24v3,,,1.0,1.0,,,,,,,,,,t,,1009902.0,10099020001.0
MN,1691,6,111.0,162.0,3.0,,8.0,,,,,,,F D R DRIVE,,R7-2,,,,,,,,,,False,V1,11,0,C,NYC DEPARTMENT OF SMALL BUSINESS SERVICES,171650,0,,,,,,,,,7,0,,0,0,570.17,300.0,0,0,,0,True,5,5,766800,766800,766800,0,0,0,,,0.0,3.44,0.0,6.5,1,1016910006,,162.0,1000360.0,224814.0,40.783724,-73.941827,6b,,108S042,10606.0,,,,1,24v3,,,1.0,1.0,,,,,,,,,,t,,1016200.0,10162000002.0
MN,1693,30,111.0,162.0,3.0,,8.0,,,,,,,F D R DRIVE,,R7-2,,,,,,,,,,False,V1,11,0,C,NYC DEPARTMENT OF SMALL BUSINESS SERVICES,74850,0,,,,,,,,,7,0,,0,0,297.58,312.0,0,0,,0,True,9,5,335250,335250,335250,0,0,0,,,0.0,3.44,0.0,6.5,1,1016930030,,162.0,1000700.0,225075.0,40.7844397,-73.9405986,6b,,108N055,10606.0,,,,1,24v3,,,1.0,1.0,,,,,,,,,,t,,1016200.0,10162000002.0
MN,1690,10,111.0,162.0,3.0,,8.0,,,,,,,F D R DRIVE,,R7-2,,,,,,,,,,False,V1,11,0,C,NYC DEPARTMENT OF SMALL BUSINESS SERVICES,89800,0,,,,,,,,,7,0,,0,0,283.42,300.0,0,0,,0,True,5,5,383850,383850,383850,0,0,0,,,0.0,3.44,0.0,6.5,1,1016900010,,162.0,1000070.0,224523.0,40.7829258,-73.9428749,6b,,108S042,10606.0,,,,1,24v3,,,1.0,1.0,,,,,,,,,,t,,1016200.0,10162000002.0
MN,1704,2,111.0,162.0,1.0,,8.0,,,,,,,1 AVENUE,,R7-2,,,,,,,,,,False,V1,11,0,C,NYC DEPARTMENT OF SMALL BUSINESS SERVICES,73303,0,,,,,,,,,7,0,,0,0,272.0,268.0,0,0,,0,False,9,5,325800,325800,325800,0,0,0,,,0.0,3.44,0.0,6.5,1,1017040002,,162.0,1002252.0,227541.0,40.7912052,-73.9349877,6b,,108N060,10606.0,,,,1,24v3,,,1.0,1.0,,,,,,,,,,t,,1016200.0,10162000001.0
MN,1703,128,111.0,162.0,1.0,,8.0,,,,,,,F D R DRIVE,,R7-2,,,,,,,,,,False,V1,11,0,C,NYC DEPARTMENT OF SMALL BUSINESS SERVICES,80900,0,,,,,,,,,7,0,,0,0,262.92,270.0,0,0,,0,True,2,5,362700,362700,362700,0,0,0,,,0.0,3.44,0.0,6.5,1,1017030128,,162.0,1002091.0,227333.0,40.7906346,-73.9355697,6b,,18N 060,10606.0,,,,1,24v3,,,1.0,1.0,,,,,,,,,,t,,1016200.0,10162000001.0
MN,651,9,102.0,79.0,2.0,,3.0,,,,,,,PIER 50,,M2-3,,,,,,,,,,False,V9,11,0,X,NYS DEPARTMENT OF TRANSPORTATION,278925,0,,,,,,,,,7,0,,0,0,374.92,727.0,0,0,,0,True,2,5,1806300,1806300,1806300,0,0,0,,,0.0,0.0,2.0,0.0,1,1006510009,,79.0,980951.0,207885.0,40.7372723,-74.0119043,12a,True,103 049,10210.0,,,,1,24v3,,,1.0,1.0,,,,,,,,,,t,,1007900.0,10079000002.0
MN,651,17,102.0,79.0,2.0,,3.0,,,,,,,PIER 52,,M2-3,,,,,,,,,,False,V9,11,0,X,NYS DEPARTMENT OF TRANSPORTATION,141950,0,,,,,,,,,7,0,,0,0,209.0,678.0,0,0,,0,True,2,5,1072800,1072800,1072800,0,0,0,,,0.0,0.0,2.0,0.0,1,1006510017,,79.0,980957.0,208533.0,40.7390509,-74.011883,8b,,103 049,10210.0,,,,1,24v3,,,1.0,1.0,,,,,,,,,,t,,1007900.0,10079000002.0
MN,2140,400,112.0,247.0,1.0,,10.0,,,,,,,12 AVENUE,,R8,,,,,,,,,,False,V1,11,0,C,NYC DEPARTMENT OF SMALL BUSINESS SERVICES,777914,0,,,,,,,,,7,0,,0,0,900.0,100.0,0,0,,0,True,5,5,609750,609750,609750,0,0,0,,,0.0,6.02,0.0,6.5,1,1021400400,,247.0,998339.0,246053.0,40.8420226,-73.9490802,3b,,111N088,10802.0,,,,1,24v3,,,1.0,1.0,,,,,,,,,,t,,1024700.0,10247000001.0
MN,1786,23,111.0,194.0,3000.0,4.0,8.0,10035.0,E035,25.0,1700.0,1.0,2B,2 AVENUE,,R9A,,,,C2-5,,EHC,,,,False,V1,11,0,,2ND AVE. INVESTMENTS,1078,0,,,,,,,,,7,0,,0,0,20.0,53.92,0,0,,0,False,5,5,230400,230400,0,0,0,0,,,0.0,7.52,0.0,7.5,1,1017860023,,194.0,1002089.0,230908.0,40.800447,-73.9355674,6b,,108N083,10610.0,E-422,,,1,24v3,11.0,12.0,,,,,,,,,,,,,,1019400.0,10194003000.0
MN,1786,33,111.0,194.0,3000.0,4.0,8.0,10035.0,E035,25.0,1700.0,1.0,3B,238 EAST 122 STREET,,R7A,,,,,,,,,,False,V1,11,0,,"CLARKE, PATRICK D.",1884,0,,,,,,,,,7,0,,0,0,18.67,100.92,0,0,,0,False,5,5,195300,195300,0,0,0,0,,,0.0,4.0,0.0,4.0,1,1017860033,,194.0,1001998.0,231094.0,40.8009577,-73.9358956,6b,,108N083,10610.0,,,,1,24v3,11.0,12.0,,,,,,,,,,,,,,1019400.0,10194003000.0
MN,651,48,102.0,75.0,1.0,,3.0,,,,,,,PIER 48,,M2-3,,,,,,,,,,False,V9,11,0,X,NYS DEPARTMENT OF TRANSPORTATION,299125,0,,,,,,,,,7,0,,0,0,377.33,754.0,0,0,,0,True,2,5,1912500,1912500,1912500,0,0,0,,,0.0,0.0,2.0,0.0,1,1006510048,,75.0,980869.0,207149.0,40.7352521,-74.0121999,12a,,103 048,10210.0,,,,1,24v3,,,1.0,1.0,,,,,,,,,,t,,1007500.0,10075000001.0
MN,1696,51,111.0,162.0,1.0,,8.0,,,,,,,F D R DRIVE,,R7-2,,,,,,,,,,False,V1,11,0,C,NYC DEPARTMENT OF SMALL BUSINESS SERVICES,152875,0,,,,,,,,,7,0,,0,0,789.0,207.0,0,0,,0,True,5,5,685350,685350,685350,0,0,0,,,0.0,3.44,0.0,6.5,1,1016960051,,162.0,1001366.0,225891.0,40.7866782,-73.9381916,6b,,108N056,10606.0,,,,1,24v3,,,1.0,1.0,,,,,,,,,,t,,1016200.0,10162000001.0
MN,1715,53,111.0,178.0,1.0,,8.0,,,,,,,F D R DRIVE,,M2-2,,,,,,,,,,False,V1,11,0,C,NYC DEPARTMENT OF SMALL BUSINESS SERVICES,51800,0,,,,,,,,,7,0,,0,0,308.83,198.0,0,0,N,0,True,9,0,313200,313200,313200,0,0,0,,,0.0,0.0,5.0,0.0,1,1017150053,,178.0,1003554.0,228665.0,40.7942875,-73.9302824,6b,,108N078,10606.0,,,,1,24v3,,,1.0,1.0,,,,,,,,,,t,,1017800.0,10178000001.0
MN,1911,22,110.0,224.0,2001.0,5.0,9.0,10027.0,L030,28.0,1200.0,1.0,1B,121 WEST 126 STREET,,R7-2,,,,,,,,,,False,V1,11,0,,121 WEST 126 HOLDING LLC,1782,0,,,,,,,,,7,0,,0,0,17.83,99.92,0,0,,0,False,5,5,250650,250650,0,0,0,0,,,0.0,3.44,0.0,6.5,1,1019110022,,224.0,999239.0,234043.0,40.8090571,-73.9458543,6a,,107N088,10704.0,,,,1,24v3,10.0,11.0,,,,,,,,,,,,,,1022400.0,10224002001.0
MN,2188,20,112.0,299.0,1.0,,10.0,,,,,,,WEST 207 STREET,,R8,,,,C2-4,,IN,,,,False,V1,11,0,,WEST FORDHAM STREET RESIDENTS ASSOC,19111,0,,,,,,,,,7,0,,0,0,100.68,191.11,0,0,,0,False,0,5,163350,163350,0,0,0,0,,,0.0,6.02,0.0,6.5,1,1021880020,,299.0,1007675.0,253872.0,40.8634638,-73.9153119,3a,,,,,1021880001.0,04/24/2023,1,24v3,,,1.0,1.0,,,,,,,,,,,,1029900.0,10299000001.0
MN,1726,123,110.0,208.0,2002.0,5.0,9.0,10027.0,L030,32.0,1300.0,1.0,3B,WEST 128 STREET,,R7-2,,,,,,,,,,False,V1,11,0,,TWO MANHATTAN LLC.,1249,0,,,,,,,,,7,0,,0,0,12.5,99.92,0,0,,0,False,5,5,176850,176850,0,0,0,0,,,0.0,3.44,0.0,6.5,1,1017260123,,208.0,1000318.0,234039.0,40.8090442,-73.9419566,6a,,107N101,10607.0,,,,1,24v3,10.0,11.0,,,,,,,,,,,,,,1020800.0,10208002002.0
MN,1929,23,110.0,222.0,1002.0,5.0,9.0,10027.0,L040,28.0,1500.0,1.0,1A,217 WEST 123 STREET,,R7A,R8,,,,,,,,,True,V1,11,0,,217 WEST 123 LLC,2523,0,,,,,,,,,7,1,,0,0,25.0,100.92,0,0,,0,False,5,5,212850,212850,0,0,0,0,,,0.0,4.0,0.0,4.0,1,1019290023,,222.0,998077.0,233744.0,40.8082383,-73.9500525,6a,,107N085,10705.0,,,,1,24v3,10.0,11.0,,,,,,,,,,,,,,1022200.0,10222001002.0
MN,2156,45,112.0,269.0,2000.0,6.0,10.0,10033.0,L045,34.0,210.0,1.0,3A,13 WASHINGTON TERRACE,,R7-2,,,,,,,,,,False,V1,11,0,,OBC CORP.,1109,0,,,,,,,,,7,0,,0,0,17.75,62.5,0,0,,0,False,5,5,158400,158400,0,0,0,0,,,0.0,3.44,0.0,6.5,1,1021560045,,269.0,1003760.0,249353.0,40.8510698,-73.9294783,3a,,112 025,10803.0,,,,1,24v3,12.0,17.0,,,,,,,,,,,,,,1026900.0,10269002001.0
MN,1599,44,110.0,190.0,1003.0,3.0,9.0,10026.0,E058,28.0,1900.0,1.0,1B,18 WEST 116 STREET,,C4-5X,,,,,,,,,,False,V1,11,0,,"CARTHAGE NEXUS CANADA, L.P.",7064,0,,,,,,,,,7,0,,0,0,70.0,100.92,0,0,,0,False,5,5,639000,639000,0,0,0,0,,,0.0,5.0,4.0,5.0,1,1015990044,,190.0,998777.0,231039.0,40.8008127,-73.9475297,6b,,107N062,10601.0,,,,1,24v3,10.0,11.0,,,,,,,,,,,,,,1019000.0,10190002002.0
MN,1395,120,108.0,114.02,1002.0,2.0,4.0,10022.0,E039,19.0,4800.0,1.0,1A,143 EAST 60 STREET,,C5-2,,,,,,,,,,False,V1,11,0,,PARKVIEW TOWER OWNER LLC,1608,0,,,,,,,,,7,0,,0,0,20.0,80.42,0,0,,0,False,5,5,1292400,1292400,0,0,0,0,,,0.0,10.0,10.0,10.0,1,1013950120,,11402.0,993287.0,217231.0,40.7629207,-73.9673777,8c,,106E045,10509.0,,,,1,24v3,8.0,13.0,,,,,,,,,,,,,,1011402.0,10114021002.0
MN,1344,138,106.0,98.0,6001.0,2.0,4.0,10022.0,E008,17.0,5000.0,1.0,3A,EAST 52 STREET,,R8B,,,,,,,,,,False,V1,11,0,,REDROCK REALTY ASSOCIATES LLC,22,0,,,,,,,,,7,0,,0,0,0.3,88.0,0,0,,0,False,8,5,1170,1170,0,0,0,0,,,0.0,4.0,0.0,4.0,1,1013440138,,98.0,993541.0,214497.0,40.7554163,-73.9664646,8d,,104 052,10506.0,,,,1,24v3,6.0,13.0,,,,,,,,,,,,,,1009800.0,10098006001.0
MN,64,20,101.0,15.02,1009.0,2.0,1.0,10038.0,E004,1.0,7700.0,1.0,1B,8 MAIDEN LANE,,C5-5,,,,,,LM,,,,False,V1,11,0,,"10-12 MLANE, LLC",1890,0,,,,,,,,,7,1,,0,0,21.0,90.0,0,0,,0,True,5,5,1578150,1578150,0,0,0,0,,,0.0,10.0,15.0,15.0,1,1000640020,,1502.0,981596.0,197725.0,40.7093858,-74.0095729,12b,,101S011,10102.0,,,,1,24v3,1.0,15.0,,,,,,,,,,,,,,1001502.0,10015021002.0
MN,1916,16,110.0,226.0,2000.0,5.0,9.0,10027.0,E059,32.0,1200.0,1.0,3B,WEST 131 STREET,,R7-2,,,,,,,,,,False,V1,11,0,,137 WEST 131 STREET LLC,1599,0,,,,,,,,,7,0,,0,0,16.0,99.92,0,0,,0,False,5,5,150750,150750,0,0,0,0,,,0.0,3.44,0.0,6.5,1,1019160016,,226.0,999744.0,235248.0,40.8123636,-73.9440273,6a,,111S007,10704.0,,,,1,24v3,10.0,11.0,,,,,,,,,,,,,,1022600.0,10226002000.0
MN,1815,7,111.0,178.0,3001.0,4.0,8.0,10035.0,L026,25.0,2100.0,1.0,2B,EAST 118 STREET,,R7B,,,,,,,,,,False,V1,11,0,,LOS TAMARINDOS LLC,1682,0,,,,,,,,,7,0,,0,0,16.67,100.92,0,0,,0,False,5,5,117000,117000,0,0,0,0,,,0.0,3.0,0.0,3.0,1,1018150007,,178.0,1003241.0,229389.0,40.7962754,-73.9314108,6b,,108N086,10611.0,,,,1,24v3,11.0,12.0,1.0,1.0,,,,,,,,,,,,1017800.0,10178003000.0
MN,1790,28,111.0,242.0,3006.0,5.0,8.0,10035.0,E035,25.0,1700.0,1.0,3B,2 AVENUE,,C6-3,,,,,,,,,,False,V1,11,0,C,NYC HOUSING PRESERVATION AND DEVELOPMENT,2625,0,,,,,,,,,7,0,,0,0,25.0,105.0,0,0,,0,False,5,5,573300,573300,573300,0,0,0,,,0.0,7.52,6.0,10.0,1,1017900028,,242.0,1002656.0,231984.0,40.8033992,-73.9335165,6b,,108N090,10610.0,,,,1,24v3,11.0,12.0,,,,,,,,,,,,t,,1024200.0,10242003006.0
MN,346,39,103.0,14.02,1004.0,2.0,1.0,10002.0,L018,7.0,7400.0,1.0,2B,DELANCEY STREET,,R8,,,,C2-5,,,,,,False,V1,11,0,C,NYC HOUSING PRESERVATION AND DEVELOPMENT,15485,0,,,,,,,,,7,2,,0,0,70.3,220.67,0,0,,0,False,3,5,95400,95400,95400,0,0,0,,,0.0,6.02,0.0,6.5,1,1003460039,,1402.0,987821.0,200327.0,40.7165273,-73.9871182,12c,,101N080,10201.0,,1003460040.0,07/31/2015,1,24v3,3.0,14.0,,,,,,,,,,,,t,,1001402.0,10014021008.0
